0	3	-3.235511	1	21	fufmseetuosdesuoiamr|leomdedentleiecifiectlniiiipcitzediirig|demtliniilemeuie|eemeeientfpierm|uniedetdehtiisindeeepudi|siimtfntaceeentiihideedi|futeeuiea|sunmietlesix|lniefmdisdiftmilemeuie|lipoonymetneetlinteeiesueelondi|dedrdieetfmumdece|iirdideeeiecieetyeditomdesinpsutyheeeieitsubtarnuiedetndeeetlipardieeiesiien|ouhiedesomamr|uosiedehomamr|liniilemenuie|iirdearumutretfntlerlieicin|iismdet|diplelinoiemerindieetdeilitdimteireeuiedirceetmhiismde	03=f,19=u,13=m,02=s,5=e,6=t,9=o,4=d,3=i,01=a,15=r,2=l,11=n,14=c,16=p,09=z,1=g,04=h,18=x,08=y,8=b
0	6	-3.242851	2	20	euneurepilnoeziecooueaus|portitialpuiqueuuiqlcruuudquleoituusuf|tirlmauuprinui|iiriiuialeuduisr|nauitiltietluuematiiidntu|emurleualeatiiialuuetutiitu|eunliinuief|ecoaruilpemy|crieurtuezueulruprinui|mdooaegrilaiilmaliiuiecoiibatu|titstuiileurnrtiqi|uustutiiiuiquiilegitulortiemadecolegetiiiuiulecogleaianuitilatiiilmdeaituiiuiemuia|onetuitiebreaus|noemitietoreaus|mauuprianui|uustieainrnlsileualpsmiuqua|uuecutil|tudpmaouirisuatuiiltiumlturliusiinuitusqiilretuuecuti	0=e,3=u,19=n,13=r,25=p,5=i,6=l,9=o,24=z,21=c,11=a,15=s,4=t,14=q,16=d,1=f,23=m,18=y,8=g,29=b
0	7	-3.438809	1	24	gugnolleusoalousiynm|fsnalalrefilcigilcexniiikcieblaiimiq|alnedriifnluil|llnllilregkilmn|urilalealteiioiralllkuai|oiinegreyclllreiitiallai|guelluily|ournilefoiw|xnlgnaioaigenifnluil|dkssrpnlerlledrelliloullzrai|alamaillegnunalcl|iimaialllilcilleplaiesnaloirkoueptlllilieouheymruilalerallledkymailliloiilr|sutilalosnynm|usoilaltsnynm|driifnlruil|iimalymunuemlegrefmdlicir|iionale|aikfdrsilnlmiraillealideainelimlluilaimcllentiional	03=g,19=u,13=n,02=o,5=l,6=e,9=s,4=a,3=i,01=y,15=m,25=f,11=r,14=c,21=x,16=k,09=b,1=q,23=d,04=t,18=w,08=p,29=z,8=h
0	9	-3.247272	4	21	heshemliinessdaidessmeeui|lisefiaieenliteamrieanleerreneacqiareiu|aiecluerlietest|iietiteenhenteieb|eseetainaionrdueaiiienesab|drecheengeaiiieenrofiiab|hesniiestg|deseeerinlidup|leethefmlamcerlietest|lunsseeyetneeiinlueniitdesiilseeab|aiaeiatinheusefieai|reiafiiiteatinyiacsefidueendesnyoiiitcdespngeieeestaineeaiiinlungeiatitdriee|sesotaidsemeeui|essdtaiosemeeui|luerlieteeest|reiaigeieseusneiinheenlieiltuaue|rdefin|aunliluesteteiueatinaizcauciuiiiestauieaiinemardefi	03=h,1=e,9=s,30=m,2=l,5=i,6=n,02=d,4=a,31=u,34=f,35=t,33=r,36=c,09=q,3=b,04=o,01=g,8=p,08=y,32=z
0	10	-3.481824	5	22	etmetysiildmesniesdmyati|simoninialsiufyriflsarrhfgeminrct|niolstopioidu|iioiiualetluco|daunilnienlrestfiiihdnq|esroletheaniiialrenxiinq|etmliiduez|esdaoulsiestb|sauetxysnygopioidu|stlmmaeboilaiilsthiiuesdiismanq|nincnuilettmonifi|rcnxiiiufuilebingmoniestalesdlebeniiiugesdbleaiadunilaniiilstleainuiuesria|mdenuniesmoeati|dmesunienmoeati|stopioiadu|rcnieaidodlcilethsicsutntz|resonil|ntlsistduoictfuilnipgntgitiiiduntifiiloenresoni	0=e,31=t,9=m,30=y,2=s,5=i,6=l,19=d,4=n,11=a,13=o,35=u,14=f,33=r,16=h,36=g,15=c,32=p,3=q,34=x,1=z,8=b
0	11	-3.366773	4	27	psperiiascrtirscflai|micetitilamiesfoisamloogskwitoua|tieamaebieise|iieiielapgeue|sletiatinaorasiiigstq|roeapladsiiilaonziitq|psaiised|rsleeamiray|mlepetfmtfkebieise|maacclheialiiamagiiersiimcltq|tituteiapesetisi|outziiieseiahitkcetiralarsahniiiekrsyadulsetialtiiiamaaduteieroil|csnetircedeu|scretincedeu|maebieilse|outidusesauiaplamiumeatax|oretia|taamimaseeiuaseiatibktakiaiiisetaisiiaenoreti	03=p,19=s,13=e,02=r,5=i,6=a,9=c,4=t,30=f,11=l,31=a,2=m,35=e,14=s,33=o,16=g,36=k,09=w,15=u,32=b,04=n,3=q,01=d,34=z,8=y,08=h,1=x
0	12	-3.236837	4	20	alsalomeuissageayssoiile|msidereiiumtirofeiruyiffiuircaserfiel|reicniifmitist|eeitetiiualutieiq|isiitreurearufaniireeeiuisrq|anlcaliuaiireeeiiufardeerq|alsueeistai|aysiiifeumanip|yitaldogocifmitist|niussiiapituiieeuniiueetayseebiirq|rerierteuallsideire|fierdeeetirteuapercsideaniiiuaysuapareeetcayspuaiieiiistreuiireeeuniuaiiertetantii|sisartreabioiile|issanerearsioiile|niifmitiiist|fiereaiieisilsuieeualiumienelrli|faydeu|rlumniistitielirteurezcrlceleeeistrleireeuiorfayde	0=a,31=l,9=s,30=o,25=m,5=e,6=u,1=i,24=g,21=y,34=d,4=r,35=t,33=f,36=c,23=n,3=q,8=p,29=b,32=z
0	13	-3.208793	4	25	dildicrneilltentillciisn|rlioneniieruiecanieexiaaieiemwneains|enimpiiariuilu|nniunuiiedieuiniq|iliiueneenyeatsiennnieileq|taimdiiefiennniieayonneq|dilenniluf|tiliiianertsh|xiudiocbcmiariuilu|pielliiziueiinnepiiennutilnnkiieq|eneineunedislionien|aineonnnuieuneznemliontsiietilezynnnumtilhefiniiilueneiiennnepiefineunutanii|lilyuentliciisn|illtuenyliciisn|piiariuiiilu|ainenfinilisleinnediierinpnsesi|atione|eserpiiluiuinsieuneengmesmnsnnniluesnienneiceation	03=d,1=i,9=l,30=c,25=r,5=n,6=e,02=t,4=e,31=s,34=o,35=u,33=a,21=x,36=m,09=w,23=p,3=q,04=y,01=f,8=h,24=b,08=z,29=k,32=g
0	14	-3.454412	5	27	leslephicmslkilosspeei|hsauiuiechafptifcoatecfnlsiutse|uiacrethaima|iiaiiaeclecasa|meauicuiluctlreuiiigmux|lrenlegleuiiiectlubiiux|lesciimalq|loseaachlrz|oailebpkpnawiaima|rgsseldaiceiicreciialosiiyeux|uiusuaicleesauifi|tsubiiiafaicldiunsauilregloscldluiiianlosdcleiemauiceuiiicrgleiuaialrae|smluauilyaleei|mslriuilusaleei|rethaiema|tsuileimamcsicleghsrieueq|tlobic|uechresaaisefaicuiwnuenieiiimaueifiicalutlobi	0=l,31=e,9=s,30=p,25=h,5=i,6=c,19=m,24=k,21=o,11=e,13=a,4=u,35=a,14=f,33=t,36=n,15=s,23=r,16=g,3=x,34=b,1=q,18=z,32=w,8=d,29=y
0	15	-3.127120	4	31	rnraeiitnlesienlhesi|rlasisietruchtictwatstcapistis|siatdetrainu|iiaiiuetrouia|neusitsinttesciiionsq|etatretmciiiettnxiisq|rntiinum|eneautresg|wairashkhaabiainu|dollefaiteiitdetiiueniizesq|sisisuitranasici|tisxiiiucuitfisalasiesetentfniiiuaengtmienusitesiiitdomisuiuetie|lnnusielamai|nleusinlamai|detraienu|tisiminantiitretridisssy|teasit|sstrdeluaiiscuitsibassaisiiinussiciitanteasi	03=r,19=n,13=a,02=e,5=i,6=t,9=l,4=s,30=h,11=e,31=s,25=r,35=u,14=c,33=t,21=w,36=a,09=p,15=i,23=d,16=o,04=n,3=q,01=m,34=x,8=g,24=k,32=b,08=f,29=z,1=y
0	18	-3.199156	2	20	euaeutesiilapescesapuerun|siptccrlsiuioueuuiolsruuuumoulepidunuq|ctlsuruusitiaui|iitiiuirleumuint|aruiclcexuuesurciimad|esuutleurlerciirluuedcid|eualiiauieq|esartuilsiesub|sruieutdesdeultusitiaui|sumppreftilriilsurliiuiesaiisprd|ckidiileutatcoi|uundciiuiouiilefidlptcesurmesalefeciiuiulesaflerirauiclrciilsumeridiiuiesuuir|paedicespterun|apesuiceyterun|suruusitiraui|uunceriatalnileurlsinsuiuour|uuestcl|dmsisurpuitinurdiilcusuldtliuniiauidnoiilteduestc	0=e,3=u,19=a,13=t,2=s,5=i,6=l,9=p,45=c,11=r,15=n,14=o,16=m,43=d,1=q,46=x,18=b,8=f,41=k,49=y
0	19	-3.382079	1	23	fsfureeasornrsoiduc|meounnlameiehifiehamliiiiphiaweticiq|nuamiliimeuesie|eeueeielafpiecu|slienanbaiirilneepst|riiuafladheeelaiibinet|fsaeesied|rsluieamerik|mliefutrtfauimeuesie|mipoolguealeeamilaeeierseemolt|nxeteeafusunhe|iictneeiehieeagetaounrilprsagbeeeieiarsyadclsienalneeamipdcteeieriiel|osbienrouduc|sorienbouduc|miliimeuelsie|iicndcsusaceaflamecmieihil|iiruna|tpmemiloieuecilteeanimiatuaeiceesietcheeaubiirun	03=f,19=s,13=u,02=r,5=e,6=a,9=o,45=n,3=i,01=d,15=c,2=m,11=l,14=h,16=p,09=w,43=t,1=q,04=b,18=k,08=g,41=x,8=y
0	21	-3.023304	0	20	tentelciisenncacennldelei|rnelaaeesrlieutliezbelllleseusqiuleile|aelsmeellrelienli|iieliilieesteslieiel|eneeliasaosllcleeaiiesenu|cllelsteesdeaiieesllolaiu|tensiienlid|ceneeellisrcley|belitelucutsellrelienli|mesnneefeliseeiismeesiiliceniigeeu|akiuiistelenelaea|lleiuaiilieuiisfiusnelacleeescensfoiiililscenysdeieeenliaseeaiismesdeiuiiliclliee|nenoliacneldelei|enncliaoneldelei|meellrelieeenli|lleiadeienelenseiisteesreimileuee|llcelas|uesrmeenlielieileeuiisalmsuelsileiiienliueieaiselollcela	03=t,1=e,9=n,3=l,02=c,5=i,6=s,45=a,01=d,25=r,43=u,46=z,21=b,09=q,23=m,04=o,8=y,08=f,29=g,41=k
0	22	-3.337557	2	24	elbelcekiubtezienttlealo|ktcddauklislellisunclllysluetimlolf|dcurallkcibli|iiciiliauelylioc|balidudewlleradiiybm|erlcuelaueadiiaullemdim|elbuiiblief|entacliukerq|ncielcmezleluclkcibli|ryttaegciuaiiurauiilientiipam|dximiiuelcbcdsi|llomdiilisliiuegimutcderayentuegediililuentgueaiabliduadiiuryeaimiilierlia|tbemidepcealo|bteridehcealo|rallkciabli|llodeaibcbuoiuelaukorilsla|llenldu|mykratliciolamiiudlrumcuiloiiblimosiiucemlenld	0=e,3=l,19=b,13=c,25=k,5=i,6=u,9=t,24=z,21=n,11=a,15=o,45=d,14=s,16=y,43=m,1=f,23=r,46=w,18=q,8=g,29=p,41=x,49=h
0	23	-3.358266	1	26	ndnaoiiedrotodrlyas|gratteeglislnlisezalllcslewiulslx|taehellgaidli|iiaiilieenclisa|delitetfelloletiicdu|ollaeneeysiiieellfltiu|ndeiidliy|odealiegolq|zainauounealgaidli|hcrremaieeiieheeiiliodiipeu|tkiuiienadatsi|llsutiilisliiemiueratolecodemfiiilileodbeysedliteetiiehcysuiiliollie|rdflitorayas|drolitfrayas|hellgaiedli|llstysdadesieneegshilsle|lloate|ucgherliaisleuiietlheuaeilsiidliussiieaflloat	03=n,19=d,13=a,02=o,5=i,6=e,9=r,45=t,3=l,01=y,15=s,25=g,11=e,14=s,21=z,16=c,09=w,43=u,1=x,23=h,04=f,18=q,08=m,29=p,41=k,8=b
0	24	-3.057411	1	20	arlaroueesillaumauilloiire|uelidemiisuetinaceixuiiccisinsalenrer|mipuricueitilt|eeitetiisarstieib|iliitmsmaxcaurimeeisiln|auciparisaiimeeiiscanmen|arlseeiltai|auiliiicesueaurf|uiitardounapicueitilt|urslliiafitsiieesuriseetauileeuliin|mgeneesarrlideim|cienmeetineesafenslideauriisauilsafameetpauilfsaiieiiiltmsiimeesursaiieneetauceii|lilanemaulioiire|illautmayioiire|uricueitiiilt|ciemaiieilirlsieesarisueieutrnii|cauides|nisueuriltitierineesmkpnipereeeiltnieimesionouide	0=a,31=r,9=l,30=o,2=u,5=e,6=s,1=i,45=m,34=d,35=t,43=n,33=c,46=x,36=p,3=b,8=f,41=g,49=y,32=k
0	25	-3.433776	1	24	tiltigouuailleceillgiiru|ouliquciiaousintsifoiippiainawunrur|cikoripouisils|uuisusiiatiasiuix|iliiscachapericuuiailn|epiktiiabicuuiiaphquun|tilauuilsb|eiliiipuaouery|oiistiqgontaipouisils|oralliimisaiiuuaoriauuseiluuoliin|czunuuatirliquic|piuncuusinuuamunaliqueriiaeilamhuuuskeilyabiuiiilscaiicuuaorabiunuusepuii|lilhsceligiiru|illeschligiiru|oripouisiiils|piucbiuilirlaiuuatiiaouiuosrnii|peiqua|niaouorilsisiurinuuacdknikuruuuilsniuicuaigngoiqu	03=t,1=i,9=l,30=g,2=o,5=u,6=a,02=e,45=c,31=r,34=q,35=s,43=n,46=f,33=p,09=w,36=k,3=x,04=h,01=b,8=y,08=m,41=z,32=d
0	26	-3.453332	1	25	aeraebuiiltraunautrbcei|uironncluiedbpidlucppxdmariseie|nolueoyioite|iioiieclaelefo|tcenlnawpauediiixts|aupolaexacniiclpasnis|aerliiteaq|autcoeluiaueh|uceaezbusamoyioite|uelrrcahoilciiluexiieautiiurcs|nkisiilaeerondi|pfsniiedeilahislronaueclautlahaniiemauthlacictenlcniiluelacisiieaupic|rtasinauroacei|trauenagoacei|ueoyioicte|pfnacitotlfilaexuifueesc|pauonl|sxuiueteoifedeilnymsolieiiitesfdiiloasbuon	0=a,31=e,9=r,30=b,2=u,5=i,6=l,19=t,45=n,11=c,13=o,35=e,14=d,33=p,16=x,36=m,43=s,32=y,15=f,46=w,1=q,8=h,34=z,41=k,49=g
0	27	-3.401498	0	27	bmbraiiemaasamaqlni|tiarssletiesqdisetlddksfziunin|sretnryirime|iiriielebkeor|mlesescedansiiikmu|adreblepsiiiledcgiiu|bmeiimep|amlreetianh|tlebruauberyirime|tneaalxrieliietnkiieamiitalu|swiuiiebrmrssi|dousiieseiexiuearsanleamexciiiefamhepolmeselsiietnepouiieadil|amcesaarpro|maaescarpro|tnryirilme|dospomrmeoiebletiotenul|darse|uktitnmerionseiesyfureiniiimeuosiiercdars	03=b,19=m,13=r,02=a,5=i,6=e,9=a,45=s,30=q,11=l,31=n,2=t,35=e,14=s,33=d,16=k,36=f,09=z,43=u,32=y,15=o,04=c,01=p,34=g,8=h,08=x,41=w
0	28	-3.221113	1	24	atuatofesiuuageapuuoiite|fuidemiisfniraceixpiccisirsauertet|mihliicfiniun|eeineniisatsnieiq|iuiinmsmaxcaliimeeisiur|althatisaiimeeiiscarmer|atuseeiunai|apuiiicesfaliy|pinatdogohicfiniun|lisuuiiayinsiieesliiseenapueebiir|mwereesattuideim|ciermeenireesayersuidealiiisapusayameenhapuysaiieiiiunmsiimeeslisaiiereenalnii|uiuaremabioiite|iuualemazioiite|liicfiniiiun|ciemaiieiuitusieesatisfieletrii|capdes|risfliiuninietireesmkhriheteeeiunrieimesioropde	0=a,31=t,9=u,30=o,25=f,5=e,6=s,1=i,24=g,21=p,34=d,45=m,35=n,43=r,33=c,46=x,36=h,23=l,3=q,8=y,29=b,41=w,49=z,32=k
0	29	-3.076788	1	28	aurauasieurrcscurrauuoi|srumisuueseulaeuxdunnueuleziloio|sunpuunsueure|iiueieuueaueeuiuy|uruuesestencousiiueurl|cnunauuequsiiuuentmiil|aureiiureq|curuuuniescog|dueaumabanunsueure|puerruufueeuuiiepuueiiecuriihuul|swiliieauorumius|nuilsiieuliiefilerumicouuecureftiiiencurgequiuuureseuusiiepuequiliiecniuu|rurtescruauuoi|urrcestruauuoi|puunsueuuure|nuisquiuruoreuiieauuesuipioluu|ncumie|luespuureueuiouliiesknlunioiiiureluiusieualadmi	03=a,1=u,9=r,30=a,25=s,5=i,6=e,02=c,45=s,31=o,34=m,35=e,43=l,46=x,21=d,33=n,09=z,36=n,23=p,3=y,04=t,01=q,8=g,24=b,08=f,29=h,41=w,32=k
0	30	-3.049007	1	30	etnetaciennezieannaiti|cnulliectoadioeaudteoyenistit|lueridcuint|iiuiitieetetfu|nitlelekderiliimns|ertyetmeiliiiedeslis|etneiinteh|eaniutecerp|auietbazayuxiuint|rmnniesuieiiierieiiteaniigis|lwisiieettnuloi|dfsliitotieesisenulerimeaneeseliityeanseeiiintleiliiermeiisiiterti|nnesilegueiti|nnerilequeiti|ridcuiint|dfleiinunefieetmcfritsi|deabie|smcrintuiftotielxysueitiiintsfoiieuesaabi	0=e,31=t,9=n,30=a,25=c,5=i,6=e,19=n,24=z,21=a,11=i,13=u,45=l,35=t,14=o,33=d,36=y,43=s,23=r,15=f,46=k,16=m,1=h,18=p,34=b,32=x,8=s,29=g,41=w,49=q
0	31	-3.090753	0	30	tltuaiielaasalafrni|daussredemfiimehuinemyzinnin|suebriduile|iiuiieretceou|lresesteianmiiicln|aiuetresmiiireitxiin|tleiiles|alrueedang|huitunanteupiuile|bcaarquieriiebreiiealiiwrn|skiniietulusmi|ionsiiemeieqineausanrealeqtiiieyalgesorlesersiiebcsoniieaiir|altesaausuo|laaestausuo|briduirle|iossoluleoietredobinnr|iause|ncdbraeuionmeiespynueiniiilenomiieutiaus	03=t,19=l,13=u,02=a,5=i,6=e,9=a,45=s,30=f,11=r,31=n,25=d,35=e,14=m,33=i,21=h,36=y,09=z,43=n,23=b,16=c,15=o,04=t,01=s,34=x,8=g,32=p,08=q,29=w,41=k
0	33	-3.138282	8	22	xilxiemauillmrcnilledieib|nzierstiunotrexetruniieeeeiuireukseeioi|rteuneiieentetleb|aieaetiuxiuette|iliiesprcrueemeiiratuilre|meeieuxiiudiratiueegerare|xiluaileci|miliiieepncneif|niieceieremrexuieentetleb|neiulliiyiepiiauneiiuaecnilanliire|rsiseauxieiliertrb|eeiseraotreauyseuliercneiiiumiluygaooumilfuditiilespiirapneiudiseaecneeti|lilgescnliedieib|illmescrliedieib|neiieentetiileb|eeisciitlieiluiauxiiuntheoireii|eemierp|reiunheiiletetoiireauroneureieuoiatleseitrauiegeemierb	03=x,1=i,9=l,3=e,02=m,55=a,6=u,4=r,50=c,2=n,01=d,5=b,59=z,54=s,51=t,53=o,09=k,56=p,04=g,8=f,08=y,52=h
0	34	-3.520592	8	24	eipeidearlpteaubaptiesio|awducnmaynuieiinulasiiiimhiletciioik|unilaisiianintiq|rdrinmeiminni|psicfubuliieaisurnlpui|eaiidleislesurnmiieuiurui|eiplrpibk|eapsdifabaiz|asibiduieauieildianintiq|aimttsexdfsrlaislribapratsui|ucouirleidpdunuq|iiouiurynuirlexciltdubaismeaplexeuryyleapxlesnsticfsurfaimesciribaiink|tpeuicbatdesio|pteaicbutdesio|aisiianinstiq|iioubsntdplofeislangiyhis|iieaduf|uimagistininysuirluyailuidlyorpiciohrldeuiieaduq	0=e,3=i,19=p,13=d,2=a,55=r,6=l,9=t,4=u,50=b,11=s,15=o,59=w,54=c,51=n,16=m,53=y,14=h,1=k,5=q,56=f,18=z,8=x,52=g
0	35	-3.186519	8	29	btbastatlsnoutlican|uqanperudenibienaueiiiirhiawpiinif|neiauieiiueielig|tatierbrieei|teipsnonaiisienteatni|siiaabeachteriikintni|btattiof|steaisuouix|ueioianisnibaaiueielig|uirllemasetauieatiouttuleni|npnnitabataneng|iinnintdenitampialanouierstamktddastyacnetipsentsuircnnitiouiief|ltkipoulacan|tlsiponlacan|uieiiueieelig|iinnoeelatansbeauezidhie|iisans|niruzielieiedenitanduianiaadnttipinhtaakiisang	03=b,19=t,13=a,02=s,55=t,6=a,9=l,4=n,50=o,2=u,3=i,01=c,15=n,59=q,54=p,51=e,16=r,53=d,11=e,14=h,09=w,1=f,5=g,56=s,04=k,18=x,08=m,8=y,52=z
0	36	-3.300933	8	20	teilteietpaillthudlletiieib|pliesmrinperseteersndieeeeinisentlmeeici|srenfiieepierleb|oieoerinteinerre|iliiemasusneetfiisornilse|tfeienteiintiisorineetsesose|teilnoileui|tdliiieeaptfik|dieueiesethetenieepierleb|finlliitkieaiionfiinoeudlogiise|smimeonteieiliesrsb|eeimesocrseontkmenliesufiiintdlntktsoccntdlkntiiriilemaiisoafintiimeoeuferi|liltsemugietiieib|illtfmuslietiieib|fiieepieriileb|eeimuiirlieilnionteiinpiyeciseii|eetdesa|seinpfiilererciiseonscfnseienciorlemeirsonietseetdesb	0=t,3=e,1=i,9=l,25=p,56=a,24=h,50=u,21=d,5=b,4=s,54=m,51=r,6=n,53=c,23=f,55=o,8=k,29=g,52=y
0	37	-3.409261	8	24	xitxiumreittmalkttupiuiy|ntiuaosienusauxusaekiuuuuieiauegouuidi|asuehiiuuniustuy|riurusiexieussu|itiiuocalaeuumuiiarseitau|muuiuexiiepiarsieuuquarau|xiterituli|mitiiiuucnmuib|kiuluiuaumauxeiuuniustuy|hiettiiziuciirehiierulktrfiiau|aoiourexiuitiuasay|uuiouardsaurezouetiualhiiiemitezqrddemitbepisiituociiarchiepiourulhusi|titquolfiupiuiy|ittmuolatiupiuiy|hiiuuniusiituy|uuioliistiuiteirexiieniwudiauii|uumiuac|auienhiitususdiiaureadheauiuedirstuouisareiuquumiuay	03=x,1=i,9=t,3=u,02=m,55=r,6=e,4=a,50=l,21=k,01=p,5=y,25=n,54=o,51=s,09=g,53=d,23=h,56=c,04=q,8=b,08=z,29=f,52=w
0	38	-3.482740	8	26	sedselscodrskfprresteh|crlimanceaieseeaiepleeenxeesrmeeheb|iaeeuteeclareq|slseanseneaae|dtemoifieeesutisaedie|suelesetestisaneesieisie|sedesdefb|sprtleocsuz|plfelieskeseeleclareq|unrrtsylotseutesefprswtie|imhieseseldliaiq|eehieisgaiesesymeerlifutnspresysisggespryestatremotisounstmesefueab|rdsiemfwlsteh|drsumfirlsteh|uteeclatreq|eehiftarldehosetechugxet|eespeio|iencutreaeagtieseigueieleghsdemehxselsieespeiq	0=s,3=e,19=d,13=l,25=c,56=o,9=r,24=k,50=f,21=p,11=t,15=h,4=i,54=m,51=a,16=n,6=e,14=x,1=b,23=u,5=q,55=s,18=z,8=y,29=w,53=g
0	39	-3.208579	8	30	cmcntlimstesysseann|asnerupaeueeceueiyneeepheixreenef|eueitieeanuseq|lnleupcpeuue|mierdeseieeteieluimee|teeniciiahlupeegeelee|cmilmesf|tminedatez|ynseneeteecineanuseq|tpssibndilitiilesyslwiee|erneelicnmneueq|eeneeeloueelibreisnestiptmibglooitmkianimerdieldtpaneelesteuf|smgerswnann|mstersesnann|tieeanuiseq|eenesiusnmindciiantohei|eetned|eepatiseueuoieelieotieenionlmerenhlingeetneq	03=c,19=m,13=n,02=t,55=l,6=i,9=s,4=e,50=s,21=y,3=e,01=a,15=n,25=a,54=r,51=u,16=p,14=h,09=x,1=f,23=t,11=i,5=q,56=d,04=g,18=z,08=b,29=w,53=o,8=k
0	43	-3.089401	8	35	msmesaistsurestranq|eweuhouenourtouieattuylkhtcn|uolenefoisi|aeaiaimuice|saiuluruitsnyaoisud|steimaixyaoutzgaud|msiasix|ssaeiiereno|eaimeureurlefoisi|enittadelaaienuaissaetaud|uhcuilmeseuouq|tcuganouildhlteurenaissidzannissoixcasiulaualenixcuinretob|tsziuretexec|stsiurutexec|enefoiasi|tcuraotesiclmaieopinunb|tseul|uniepnsieonauilunelunlncasiunouaieztseuq	03=m,19=s,13=e,02=s,55=a,6=i,9=t,4=u,50=r,2=e,30=r,11=a,31=n,5=q,59=w,54=h,51=o,16=u,53=n,33=t,14=y,36=l,09=k,15=c,32=f,35=i,56=l,3=d,01=x,04=z,34=g,8=o,08=d,1=b,52=p
0	47	-3.200408	7	37	asaioersloengllkimq|clienumcrckduergidmrcphndum|euplidciulr|eieriramrui|siretenerdomceurses|odirairaceumdydees|asresra|osiirrcomb|ginmdkzkpiwursr|lmllioitierlirerosefies|enuertaisieueq|duedetuertonplienlimosroyettrosbrauisretieetlmauertnlri|lsyrenfiaiu|sloreneliaiu|lidciuilr|dueniulisrutaircultcmx|doiet|emrclilriutiertetlremptuesremueeriydoieq	03=a,19=s,13=i,02=o,55=e,6=r,9=l,4=e,50=n,21=g,30=k,11=i,31=m,5=q,25=c,54=n,51=u,16=m,35=r,14=c,33=d,36=p,09=h,15=u,23=l,56=t,3=s,01=a,04=y,34=d,8=b,24=z,32=w,08=o,29=f,53=t,1=x
0	48	-3.226061	6	21	enilenineactilleaseaillneiiniy|azinssiitafurennuhaiinnnnitirtelonnifi|sintaniinnaunulny|cincnuitenitnuun|iliinomsehnneaniiscitilr|eanninteniiteiisciitnnerson|eniltcilndi|eailiiinnmadanip|aiindninrearentinnaunulny|anitlliiepinmiictaniitcndailcaliir|swoncteninilinsis|nnionscnurctepontlinseaniiiteailtepescnfteailpteiiuiilnomiisctaniteiioncndannui|lilerodalineiiniy|illeanodbineiiniy|aniinnaunuiilny|nniodiiulinilticteniitauxnfirii|nneainst|ritaxniilnunufiirctsnantrintficulnoniusminerneains	0=e,3=n,1=i,9=l,2=a,55=c,6=t,45=s,5=y,59=z,53=f,51=u,43=r,46=h,54=o,56=m,50=d,8=p,41=w,49=b,52=x
0	49	-3.208676	6	26	resreicntessclcessimeiep|dzeilleetdyseriskdeeiiiieteetbaiieye|leitdieeiidsissip|neinisetretissi|eseeiaglotiicieelnetese|ciieitreetmelneetiioilai|restnesiue|ceseeeiigdudieq|deeiuieiecerteiidsissip|dietsseefeigeentdieetniudesndseee|lwaintreieseilel|iieailnisentfaitseilcieeetcestfonyytcesqtmeseesiageelntdietmeainiudiise|sesoiaudseimeiep|essciauxeimeiep|dieeiidsiseesip|iieaueesseiestentreetdshiyeeee|iiceilt|eetdhieesisisyeeentliditeeityenssiaieslgeioiiceil	03=r,1=e,9=s,3=i,02=c,55=n,6=t,45=l,01=m,5=p,2=d,59=z,53=y,51=s,43=e,46=k,09=b,54=a,56=g,04=o,50=u,8=q,08=f,41=w,49=x,52=h
0	50	-3.103318	7	28	teltentimelctiutilcetrea|iknuureignateenbireeeespeetcdeeaef|uneiereeinenceq|mnmenstesenne|lredoutbeetierumsla|tieeneteretrumreeetaude|telemlesf|tilrneoisiez|iresenatiateeneinenceq|iesccrtynormeieremesilmicra|uwdemetenlnupq|eeaaumenametydeecnutierstiletytumegetilyetrnrcedorumeiestrdemesieenf|cltadsicntrea|lctiedsxntrea|iereeinenrceq|eeautrncnleaotereinhegper|eetinue|asihercenengrameueieeanegamledeapmentaetinu	0=t,3=e,19=l,13=n,2=i,55=m,6=e,9=c,45=u,11=r,15=a,59=k,53=g,51=n,43=a,46=b,16=s,14=p,54=d,1=f,5=q,56=o,50=s,18=z,8=y,41=w,49=x,52=h
0	51	-2.814146	7	33	oioameiidmrmidelau|lzarruilstroetflueeeenseigneeueq|raileueeltetdep|eaeetnonette|iuentrcieemeurenir|meeaiouilsetneecerne|oiieieaq|miuaetlalex|lueaearmroiaeltetdep|lenddubatueileuieealieldur|rwneeioaiarsp|eeurreetreibneidarmeunmiibcessimikiluuientureilenlureealeetq|dicenaldalau|idmenayalau|leueeltetudep|eeurluiaiiutouilthesseu|eemari|rnlheudetetsureireleiraisueieneuseiaceemar	03=o,19=i,13=a,02=m,55=e,6=i,9=d,45=r,3=e,01=l,15=u,2=l,59=z,11=u,53=s,51=t,43=r,46=f,16=n,14=s,09=g,54=n,1=q,5=p,56=t,04=c,50=a,18=x,08=b,41=w,8=k,49=y,52=h
0	52	-3.378792	6	24	enireninedyirrezfurrneiinip|drinssiildnctenncquinnnnilitleronnigi|sinlmiinndincrnp|ainancilenilnccn|iriinoyseqnnemiisailirt|emninleniileiisaiilnnetson|enirlairnfi|euriiinnydemib|uinfninteznenlinndincrnp|milrriiebinyiialmiilanfurahiit|swonaleninirinsis|nnionsanctalebonlrinsemiiileurlebesangleurbleiiciirnoyiisalmileiionanfmnci|riretofhineiinip|irremofkineiinip|miinndinciirnp|nniofiicrinirlialeniildixngitii|nneunsl|tildmiirncncgiitalsnmltinlgiacrnonicsyinetneuns	0=e,3=n,1=i,9=r,25=d,56=y,24=z,50=f,21=u,5=p,45=s,6=l,51=c,43=t,46=q,54=o,53=g,23=m,55=a,8=b,29=h,41=w,49=k,52=x
0	53	-3.086313	6	28	fiufieloniuulsliuuedieia|tuiessiintenefenxqieeeeinienbreeimi|sienaiieetienuea|oieoeninfinenne|iuiierssgneeleiisoiniue|leeienfiindisoiineegesre|fiunoiueci|liuiiieestleik|qieceieelefnieetienuea|ainuuiipiesiionaiinoecquoyiie|swreonfieiuiesis|eeiresoeneonprenuiesleiiinliunpgommnliukndiniiuersiisonaindireoecaeni|uiugercyiedieia|iuulerchiedieia|aiieetieniiuea|eeirciinuieiunionfiintizemieii|eeliesn|eintaiiuenenmiieonseaneienmionuereinssiegeelies	03=f,1=i,9=u,3=e,02=l,55=o,6=n,45=s,01=d,5=a,25=t,51=n,43=e,46=x,21=q,09=b,54=r,53=m,23=a,56=s,04=g,50=c,8=k,08=p,29=y,41=w,49=h,52=z
0	54	-3.178518	7	30	ueiuesunfiruxaprreuies|nrsnnienetaueetkpseeelyeeurdeeseg|nsetieenstreq|cscetluelette|iiedfnukeeutinclia|uteseueieuincieeeuande|ueiecieag|uprisefnuth|psaesauxeueesenstreq|tlrriuosficetieceaprcbia|nwdeceuesisnyq|eesancetaceuodeersnutilupreuouncemeuproeuitiredfincetluideceatetg|riuadabsuies|irutdazsuies|tieenstireq|eesnuitrsiesfueienstmyei|eeupene|alntiretetmiaceneteasemsciedesycesuaeupen	0=u,3=e,19=i,13=s,25=n,56=f,9=r,24=x,50=a,21=p,11=i,15=s,45=n,6=e,51=t,43=a,46=k,16=l,14=y,54=d,1=g,23=t,5=q,55=c,18=h,8=o,29=b,41=w,53=m,49=z
0	55	-3.009238	7	34	mrmuouerloiorlinua|tluiieetintminhyuiiiariefsiiaic|iuedeiitunlib|uuuinamainni|reissioeiioieiuart|oiiuemeenrunaiioiisi|mreurilc|oreuistoiq|yuliutotmeuitunlib|dallezuseuedeeuilyluxet|iwsiuemuruirb|iiatiuintuezsieluioieaorezouppeorgenaerisseiuedanatuildinc|lroislxunua|rloislkunua|deiitunelib|iiainarureasmeetadprie|iiouie|tatdelininpetueiidetuepaurisiarueuoiioui	03=m,19=r,13=u,02=o,55=u,6=e,9=l,45=i,3=i,01=n,15=a,25=t,11=e,51=n,43=t,46=h,21=y,16=a,14=r,09=f,54=s,1=c,23=d,5=b,56=s,04=o,50=l,18=q,08=z,29=x,41=w,53=p,8=g,49=k
0	56	-3.039153	6	28	aunauonseinnantaninnoiiuq|nkimceiengeralexniillieireancligi|tianuilnesins|sisgeieauesieh|iniistetaxlanuitsieinr|anliaauieaiitsiielartch|aunesinsai|aniniiilpnfnud|niisaumonraailnesins|nuenniiadiseiisenuiessaninsnniir|twcspauunimet|licmsgerseadcanimfnuiieanineadatssaanindeaiieiinsteiitsenueaiicsgfnlei|ninarcfnnioiiuq|innanstayioiiuq|nuilnesiiins|licfiieniuneiseauienezsurii|lanimp|rienzuinsisigiirsetbariagisensrietpioronimq	0=a,31=u,9=n,30=o,2=n,55=s,6=e,1=i,45=t,5=q,59=k,34=m,54=c,51=e,53=g,43=r,33=l,46=x,36=a,35=s,3=h,56=p,50=f,8=d,41=w,49=y,52=z,32=b
0	57	-2.945327	5	32	dildiprneillusuillpiiag|rkiomcierscudeiwriiaaieiuezmaisi|siiraiarceile|niesciedieeicq|iliiesesteauaisnieilu|uaiidiienisniieatonu|dilenilen|uiliiiarrfray|riiedioprudeiarceile|raelliitieeiineraieneuilnrliiu|shmerdialiocs|aimonscunetmiliofraiieuilettnsseuilyeniciileseiisneraenimesfraci|liltesulipiiag|illuestlipiiag|raiarceiiile|aimfiiclialeinediiercbeauii|auior|uierbaileieisiiunesxiuiisincleuicsripupriog	03=d,1=i,9=l,30=p,2=r,55=n,6=e,02=u,45=s,31=a,5=g,59=k,34=o,54=m,51=c,53=s,43=u,35=e,46=w,33=a,09=z,36=i,3=q,04=t,01=n,56=r,50=f,8=y,08=t,41=h,52=b,32=x
0	58	-3.014047	7	34	ulrultinteruiauiertily|igeaaitiouruouxiioolapurcoml|aetileduses|nensitultsme|eisatauxouilanuter|uioetulluianitouracq|ulrtnesuz|uieiestihiln|iisulktirupeduses|iltrriunesintillnsuienirir|awcssullreaay|omransassuncpreauilituietunuanspuientuiuirsatiantiltuicsohiouz|reurchireuily|eruisaufeuily|iledusies|omauiureetmsulliubslri|ouieat|rlibleseuoirntadpretomnesrmanteurtiea	0=u,31=l,9=r,30=t,2=i,55=n,6=t,19=e,45=a,11=i,5=y,59=g,13=e,53=o,51=u,43=r,33=o,46=x,16=l,14=a,36=p,54=c,15=m,32=d,35=s,3=q,1=z,50=h,8=n,34=k,56=s,41=w,49=f,52=b
0	59	-2.873504	3	36	dndiurenoulunobisq|rwillierscadeteriaadtmkyaus|liersixcene|rireieddeui|nielelleaustrcena|uaiediettrcdalgra|dnernet|uniieerprsf|riediauadeixcene|rseooioinirersdreunrroia|lzyendiniltq|aualretenoymoilusieuneolrsseunfetuineleilrersetuareuach|onleluoitiu|nouelloitiu|rsixceine|aultunineundierccesai|auile|adrcsneicsiarelxmaiesurneautreilauil	03=d,19=n,13=i,02=u,55=r,6=e,9=o,45=l,30=b,11=i,31=s,5=q,2=r,59=w,53=s,51=c,43=a,35=e,14=t,33=a,16=d,36=m,09=k,54=y,15=u,32=x,04=l,01=t,34=g,50=p,8=f,08=o,56=n,41=z,1=h,52=c
0	60	-3.077744	6	31	ianiamlyennikconnmeeap|lneruietltesinigoennetestinunede|aeereenletent|setdietiatteif|eneetataignireeasetens|iraeiaetieeaseetnisauf|iantsentie|ioneeenylireq|oetiarmkmeenletent|retnneeiqetteestreetstionshees|awutyiaaneria|neursdisstiquenercreeetiontiqiasteionqtieeieentateeastretieeutdcrtee|nenisuchemeeap|ennirucbemeeap|reenleteeent|neuceeineantestiaetleztasee|niory|setlreentetedeesstaxeseedesintseiayemsmorp	0=i,31=a,9=n,30=m,25=l,56=y,1=e,24=k,50=c,21=o,5=p,34=r,54=u,51=i,6=t,35=t,43=s,33=n,46=g,53=d,45=a,36=e,23=r,55=s,3=f,8=q,29=h,41=w,49=b,52=z,32=x
0	61	-2.859072	5	35	dildiuntillusuilluiior|nliciaieneildeikfinnieilexinimi|siopiinnieile|siemaiedieeiay|iliiesestenuoissieill|uniodiiedissiientcsl|dilesiled|uiliiintnuoz|fiedicuquoinnieile|pielliirieeiisepiieseuilsgiil|swietdiolicas|niicsmalseriolicapiiieuilertsmmeuilzediaiileseiissepiediiemapeii|liltesuliuiior|illuestliuiior|piinnieiiile|niiaiialioleisediieniheolii|nuict|lienpiileieimiilsesboliomisaleliastiulufcr	03=d,1=i,9=l,30=u,25=n,56=t,02=u,45=s,31=o,5=r,34=c,54=i,51=a,6=e,35=e,43=l,46=k,21=f,33=n,09=x,53=m,36=o,23=p,55=s,3=y,04=t,01=d,8=z,24=q,08=r,29=g,41=w,50=a,52=h,32=b
0	62	-3.132883	8	37	utsutotfnsuperssoetd|tsalleatilonmyrantalousunct|laarentamsi|iaiieautaica|neilaluynureligns|urtoutguelieanusluh|utsainiuq|urseaiaturb|raetkopooadmini|rgsseumafeiareaiiursixes|lwuifuttsalld|ncsliilifumuosaluregursaumuliioursmauemesilaeliargueuicerie|snusuexauetd|nsuruezauetd|rentamesi|ncluemsanacfutgtcrcltq|nurkf|sgtresiamcesialdosaacciniscliaausorkd	0=u,31=t,9=s,30=o,25=t,56=f,19=n,24=p,50=e,21=r,11=e,5=d,13=a,45=l,6=a,35=i,14=l,33=n,51=m,46=y,36=o,54=u,15=c,23=r,55=i,16=g,43=s,3=h,1=q,18=b,34=k,32=d,8=m,29=x,41=w,53=c,49=z
0	63	-3.000776	4	39	dedineseaneneacusq|aaieeusanucomhxiossurgkois|eisduoaiman|eienusdlnii|eunesetsonsuemset|noisdusluemlotpet|deseenl|neuinsansm|xiwspcycripmnen|dlaauoiruesdusenneefut|ezknrdieieuq|oiteenunrokraiensusnesoteccsnemsliuenesueesdllitennomb|aetnenailii|eannetailii|duoaimuan|oielieiesirdusaidcusb|onies|tladuanimcuteseprtiscieentiuesitonie	03=d,19=e,13=i,02=n,55=e,6=s,9=a,45=e,30=c,11=u,31=s,5=q,25=a,35=n,14=u,33=o,51=m,46=h,21=x,36=r,09=g,54=k,15=i,23=d,16=l,04=t,43=t,01=l,34=p,8=m,50=w,24=y,32=p,08=o,56=r,29=f,41=z,53=c,1=b
0	65	-3.035224	1	20	mlamleniifaanuinlaaesleli|tialeuiuilloieiluemeiluolleeeelfuecaiueeliel|uileoelleetileilaei|iileiieillcelpilile|lalleiuixirpenelluiiilfaue|neelecellclluiiillpereuiiue|mladilaeis|nlallleeioinelh|tlleimleuenuemfeetileilaei|telzallyleifliioelldieinlaiitallue|uiuliueiicelelaleuilui|eeliueuiiieilueiichiuezleuinelllctlachriiieiectlahcllilllaeiuifluiiioelclliueiieineeill|alareiuinalesleli|laaneiuiralesleli|telleetileilllaei|eeliuislilalelafiicelloiliteieluell|eenleuig|ueloitellaeileiliellueiixietexeledeliiilaeiueliluiifereenleui	03=m,1=l,9=a,3=e,02=n,5=i,61=f,4=u,01=s,2=t,62=o,60=c,63=p,64=x,04=r,65=d,8=h,69=z,08=y,6=g
0	66	-3.281615	3	23	oitoisoueepccoudeoutcionir|uecsdedenfeiemioiiemfniiiihmiacediirib|desfiniiuesetie|eeseeienaihiers|tniedegeodwiouindeeehtdi|ouiisainandeeenwiodideedi|oityetieob|outnsiefeouik|unieoisdioudioipiiuesetie|uihccnolseprefinyeieouteeucndi|dedrdieeaistsdeme|iirdideeeiemieealedixsdeouinhoutalodeeeieiautlanentiedepmeeefihonedieeieouiien|ctodiedeoucsonir|tcouiedeodcsonir|uiniiuesentie|iirdeonetstpeeainferuieimin|iiousdeq|dihueuincieserindieegeiuigisyireetiedirmeepiodiiousde	0=o,3=i,19=t,13=s,2=u,5=e,61=p,9=c,4=d,11=n,15=r,62=f,14=m,16=h,60=a,1=b,64=g,63=w,65=y,18=k,8=l,69=x,6=q
0	67	-3.126889	2	27	ouosleesaalteluaiesr|deastetenceiepioiepcniiiifpiaaetiirik|tesciniideseuie|eeseeienaifiers|unietexemwilinteeefuti|liisainanteeenwimiteeti|ouzeuiee|lunsiecelig|dnieostiltiosiideseuie|difaanysesrecinzeielueedanti|tetrtieeaisustepe|iirtiteeeiepieeabetihstelinfluabmeeeieiadubanenuietespeeecifertieeieliien|aumietelasesr|ualietemasesr|diniidesenuie|iirteerususeeaincerdieipin|iilsteq|tifdedinaieserintieexeidixiszireeuietirpeesimiilste	03=o,19=u,13=s,02=l,5=e,61=s,9=a,4=t,3=i,01=e,15=r,2=d,11=n,62=c,14=p,16=f,60=a,1=k,64=x,04=m,63=w,65=z,18=g,08=y,8=b,69=h,6=q
0	68	-3.176982	1	20	nlianlilnyeraangenoaalniilie|yailueueiiseleiulnlleiusiillllirultaeullieli|ueilsliillyileiale|eeileeleiitlibeieil|iaiileuefenublndiiueeeiraul|ndliltliitiiueeeiiblnulueeul|nliazeialeni|noaiiillesendic|oilenlilulnglnlrllyileiale|dixaiincilerieesliizelenoaeepiiul|ueuieuleetliliailueiue|llieulueeeleiuleetceulxiluendiiitoatcnueeeleltoactiieiiialeueriueeeslitiieuleelendleii|aianuleuenpilniilie|iaandeuenuailniilie|diillyileiiiale|llieueniieiailiareetliiseiedeliulii|llnoluem|ulisediialeileieliiuleefeldflilzlieeeialeulieiueerlnullnolue	0=n,3=l,1=i,9=a,25=y,5=e,61=r,24=g,21=o,4=u,62=s,60=t,63=b,64=f,23=d,65=z,8=c,69=x,29=p,6=m
0	69	-3.124525	1	23	oiuoilceenuucreciuulmilie|kuilrereiiteleirloleirtiillllinrlauerllieli|reiltliillkileiule|eeileeleiialigeieil|iuiileredesglcliireeeinurl|cllilaliiaiireeeiiglslreerl|oiuzeiulem|ciuiiilletecliy|qileoilrlcrlonllkileiule|fixuiibilenieetliizeleciueepiirl|rerierleealiliuilreire|llierlreeeleirleeayerlxilrecliiiaquayseeelelaquyaiieiiiulerenireeetliaiierleeleclleii|uiuslerecuilmilie|iuucleresuilmilie|fiillkileiiiule|llieremieiuiliuneealiiteiefelirlii|llcilreh|rlitefiiuleileieliirleedelfdlilzlieeeiulerlieireenlsllcilre	03=o,1=i,9=u,3=l,02=c,5=e,61=n,4=r,01=m,25=k,62=t,60=a,63=g,64=d,04=s,65=z,8=y,21=q,23=f,69=x,08=b,29=p,6=h
0	70	-3.141692	3	27	sinsiusbeallsdesollissir|blutetespeiemisiiempsiiiikmicletiiriq|teupisiibuenie|eeueeiescikieru|nsietexesthisesteeeknti|seiuciscsteeeshistiteeti|singeniesq|solsuiepesey|ouesiutisdisiaiibuenie|ekllssauearepisgeiesoleefsti|tetrtieeciunuteme|iirtiteeeiemieecaetiwutesesksolcasteeeieicolacsesnieteameeepikssetieeieseies|lnstietesfussir|nlseetestlussir|esiibuesnie|iirtessenunaeecispereeimis|iisoitez|tikbeslieueristieexeiexiugireenietirmeeaistiisoite	0=s,3=i,19=n,13=u,25=b,5=e,61=a,9=l,24=d,21=o,11=s,15=r,4=t,62=p,14=m,16=k,60=c,1=q,64=x,63=h,23=e,65=g,18=y,8=a,29=f,69=w,6=z
0	71	-2.953985	2	30	dtduseeteesnesteiaur|oeunenenseiemidiemsniiiigmiaeeniiriz|neusiniiouetie|eeueeienaigieru|tnienecelhisinneeegtni|siiuainanneeenhilineeni|dtpetiea|stnuiesesix|yuedunisnidtiiouetie|igeenquetresinpeiesteeknni|nenrnieeaiutuneme|iirnineeeiemieeabeniwunesingstableeeieiayebanentienetmeeesigarnieeiesiien|etlieneseuaur|tesieneleuaur|iniiouentie|iirneartutteeainserieimin|iisunef|nigoineieuerinnieeceiiciupireetienirmeetiliisune	03=d,19=t,13=u,02=s,5=e,61=t,9=e,4=n,3=i,01=a,15=r,25=o,11=n,62=s,14=m,16=g,60=a,1=z,64=c,04=l,63=h,65=p,18=x,21=y,23=i,08=q,29=k,8=b,69=w,6=f
0	72	-3.291596	5	23	aunauoliifnnalsialennoeeui|linexisieeditesoriesdeerrefsmanisreiu|siemluerlietent|iietiteecupieieq|eneetsihiaspoluesiiiefnsq|alremaueceesiiieeposxiisq|aunbientae|aleneeeridialuy|leetauxolsomerlietent|luwneeayetfeiiduebitaleniilneesq|siseisticuunexiesi|reisxiiitesticyismnexialueeclencyasiiitmalenyceeieeentsifesiiiduceeistitalriee|nenastsialneoeeui|ennaltsiasneoeeui|luerlieteeent|reisiaeeieneunfiicuedieiltusue|ralexig|sudiluenteteiuestihikmsumiuiiientsuiesiifosralexi	0=a,31=u,9=n,30=o,2=l,5=i,61=f,4=s,1=e,34=x,62=d,35=t,33=r,36=m,60=c,63=p,3=q,64=h,65=b,8=y,69=w,6=g,32=k
0	73	-3.188886	5	28	gengemaiionnusiuennmeeci|ainerisieelisesmtiesleetteosexisteic|sieeacetaiesens|iiesiseencyieieq|eneessibidymacesiiieonsq|uteegeeneesiiieeymsriisq|genkiensh|ueneeetiliuca|aeesgermasmeetaiesens|acwneezesoeiilcekisueniianeesq|siseissinccneriesi|teisriiisessinaiseneriuceenaennadiiiseuenaneeieeenssioesiiilcneeissisutiee|nendssiunemeeci|ennussidnemeeci|acetaieseeens|teisiheienecnoiincelieiascsce|tuerif|scliacenseseicessibipesceiciiienssciesiiomstueri	03=g,1=e,9=n,30=m,2=a,5=i,61=o,02=u,4=s,31=c,34=r,62=l,35=s,33=t,36=e,09=x,60=n,63=y,3=q,64=b,04=d,65=k,01=h,8=a,69=w,08=z,6=f,32=p
0	74	-3.104899	6	29	eeteeoniifttenuienatosei|nitluiuisminaoyiamsyydasetiuyce|uilmelhilian|iiliinstebicl|asnuigieuboneaiiidaup|enyltedesuiiisboukiiup|eetxianeq|enaslnmiener|nsneekonuoslhilian|newtserlifcimediinenaiintsup|uiucuniteetluiai|ycukiiinanitriustluienestnatreuiiinsenartsisanuifaiiimetsiuninenyis|taeunuientlesei|atennuieutlesei|nelhilisan|ycuiesialafiitednicnneueq|yenluiz|uemineanliceanigihsuesieiiianueiaiifouyenlui	0=e,31=e,9=t,30=o,2=n,5=i,61=f,4=u,19=a,11=s,13=l,62=m,35=n,14=a,33=y,16=d,36=s,15=c,32=h,60=t,63=b,64=g,3=p,34=k,65=x,1=q,8=r,69=w,6=z
0	75	-3.030283	5	34	yayuniiliineinairlsi|riiueieilsiuaroiasloogatfieons|eiussupiuiau|iiuiiulestinu|alueihictrrsaiiigaem|nouesgoaiiiltreqiiem|yaziauo|naluusinsd|rluyuerrertupiuiau|rswilkuilnissgiiunaiirilem|eieneuiessiueiai|oneqiiiuauiedietiueinsleraedciiiutnadelilaueilaiiisselieuiunoil|iacueiniuoun|ainueiciuoun|rsupiuilau|oneionaualiiesgrinrusesb|onueix|essirsauuinsauihiptestisiiiauesiaiilreonuei	03=y,19=a,13=u,02=n,5=i,61=l,9=i,4=e,30=r,11=l,31=s,2=r,62=s,35=u,14=a,33=o,16=g,36=t,09=f,15=n,32=p,60=e,63=t,64=h,04=c,3=m,01=o,34=q,65=z,8=d,69=w,08=k,1=b,6=x
0	76	-3.179691	5	27	rsarsokesaargeryaaoiise|kaideueiiteniuoleiutiillisueraeulies|ueieciilkinian|eeineniiasfeieip|iaiinueberufociiueeeisaup|rcsersiaiiueeeiifoudeeup|rsaheianri|ryaiiiletercim|yinrsdogoeilkinian|ciwaiirminsieetsihenryaeexiiup|ueuieuneassaideiue|lieudeeeniuneameueaiderciiiayaamrueeeneryamaiieiiianuesiueeetsaiieunenrcnii|aiarunuerxioiise|iaarceueruaioiise|ciilkiniiian|lieueriieiaisaseeasiteiecesusi|lrydeq|usteciianiniesiunebezeuseeseeeianuseiueesoulryde	0=r,31=s,9=a,30=o,25=k,5=e,61=s,24=g,21=y,1=i,34=d,4=u,62=t,35=n,33=l,36=e,23=c,60=a,63=f,3=p,64=b,65=h,8=m,69=w,29=x,6=q,32=z
0	77	-2.947629	5	32	uiauiedesaarneriaaeiiue|daiteneiitenineceintiiccisnigencieu|neiifiicdinian|eeineniiaumeieio|iaiinnepermefiineeeisano|rciiuiiaiineeeiimenteeno|uialeians|riaiiiceterub|kinuiteheiicdinian|fizaiiwinsieetuilenriaeexiino|nenienneauuaiteine|cienteeeninneabeniaiteruiiakaabreeeniriabaiieiiiannesineeetuaiiennenrceii|aiarnneraieiiue|iaarnneraieiiue|fiicdiniiian|cienesieiaiuaseeauiteiefeunui|criteq|nutefiianinieuinnepeyinuieueeeiannueineesencrite	03=u,1=i,9=a,30=e,25=d,5=e,61=s,02=r,4=n,31=u,34=t,62=t,35=n,33=c,36=i,09=g,23=f,60=a,63=m,3=o,64=p,04=r,65=l,01=s,8=b,21=k,24=h,69=z,08=w,29=x,6=q,32=y
0	78	-3.036438	6	33	ircirayinccimiirccauri|ycueieiutilsanistunnosticiendr|eiutrupiuill|iiuiiluerfidu|luleihiiefaaueiiiolez|iartiroiueiiiufaesiiez|ircwilliq|ircuultiiax|ruiirsamatupiuill|aoccuibuinditroiilirciikuez|eiedelierrcueisi|ndesiiilsliebietcueiiauoircebieiiiltircbeuiulleinsiiitreuielilialu|clieleiikuiuri|lciaieiiecuiuri|aunyuiull|ndeiiuilulniieroydairerq|nirsig|ertiaucluidrslihiptertiriiillerisiinaenirsi	0=i,31=r,9=c,30=a,25=y,5=i,61=n,24=m,21=r,11=u,13=u,4=e,62=t,35=l,14=s,33=n,16=o,36=t,15=d,32=p,19=l,60=e,63=f,64=h,23=a,3=z,34=s,65=w,1=q,18=x,8=b,29=k,6=g
0	79	-2.992201	5	37	hehcniitaaneinearisi|caceieiilinoraioliaadouzieass|eiclscticien|iiciinilsuisc|eineimiourmieiiideer|naclsdpoiiiiuregiier|hebienp|neicnlinsd|ycihcerfructicien|mdaaixcitsilsdiinneiikier|eiesenilssaceioi|asegiiinonildieuaceinsilyaldoiiinunedliiieneitoiiilsliieninnaii|aeoneinacpcs|eanneioacpcs|miacciien|aseipsecetiilsdcsmisesq|anceiw|eslimiancissonimituesuisiiienesioiitreancei	03=h,19=e,13=c,02=n,5=i,61=t,9=a,4=e,30=r,11=i,31=s,25=c,62=l,35=n,14=o,33=a,16=d,36=u,09=z,15=s,32=t,60=l,63=u,64=m,04=o,23=m,3=r,01=p,34=g,65=b,8=d,21=y,24=f,08=x,29=k,1=q,6=w
0	80	-3.040455	1	20	aliualilameeruuamsamiuulaiilie|meuilssiiteleinalleikmiillllirnouenlieli|siltliillmeileiule|eeileeleiioligeieil|iuiilesdeakllamliiseeirun|amlliloliioiiseeiiglansen|aliuceiuleai|amiuiiilleteamlib|miilealilnamnalrllmeileiule|mlifuiiabilerieetliiceleamiueemuiin|sqeneeoliliuilsis|llienseeleineeobenfilsamliiiomiuobaseelelomiuboiieiiiulesriseetlioiieneeleamlleii|uiuanesamuilaiilie|iuuamlesapilaiilie|mliillmeileiiiule|lliesaiieiuiliureeoliiteiemlelinii|llamilsh|nitemliiuleileieliineedelmldlilclieeeiulenieiserlanlamils	0=a,3=l,1=i,9=u,2=m,5=e,61=r,45=s,62=t,43=n,46=k,60=o,63=g,64=d,65=c,8=b,69=f,41=q,49=p,6=h
0	81	-3.132443	1	23	dildinaeecllasaillnfinie|uelinssiimeneirdneixuiinnnnicrtlernieni|sinmniinnueineilne|eeineeneiitnigeiein|iliinespeognaniiseeiclr|annintniitiiseeiignonser|dilheilnef|ailiiinnemeaniy|uiinedinrardcnnueineilne|unibliikinecieemniiheneaileeuliir|szereetninilinsis|nnierseeneireetyerbinsaniiituiltyoeeenentuilytiieiiilnesciseemnitiiereeneanneii|lilonesalinfinie|illanesolinfinie|uniinnueineiiilne|nniesfieilinilceetniimeieunenirii|nnainsq|rimeuniilneineieniireepenunpninhnieeeilnerieisecnonnains	03=d,1=i,9=l,3=n,02=a,5=e,61=c,45=s,01=f,2=u,62=m,43=r,46=x,60=t,63=g,64=p,04=o,65=h,8=y,69=b,08=k,41=z,6=q
0	82	-3.061046	3	27	eiteiueseeappeslestpierin|sepullrgeiedieiiedgriiiiadiopeminiq|lugiriiseuetie|eeueeieroiaienu|trielfeexiiesirleeatm|esiiuoirorleeryiemlem|eitcetieeq|estruiegeesih|srieeiumesmeiaiiseuetie|siappresueanegirceieesteesprm|lwemeeoiutulde|iinmleeiedieeosembulesiraestoseleeieiostsorertieladeeegiaeremeeieesiier|ptemelespuerin|tpesielekuerin|siriiseuertie|iinleretutaeeoirgensieidir|iiesulz|masesirpieuenirmeefeisifiucineetiemndeeaiemiesul	0=e,3=i,19=t,13=u,2=s,5=e,61=a,9=p,45=l,11=r,15=n,62=g,14=d,16=a,60=o,43=m,1=q,64=f,46=x,63=y,65=c,18=h,8=s,41=w,69=b,49=k,6=z
0	83	-3.111365	2	29	xtxaceeteecncteipar|neeannsmeiedixiedmsiiiisdiaeeuiriq|namisiineaetie|eeaeeiesaisiera|tsienoelficisneestu|ciiaaisasneesfilineu|xthetiep|ctsaiemecik|nsiexaucuxtiineaetie|niseesgaetremisheiecteenesu|nweueeaiatande|iiruneeiedieeabeuzancissctableeeieiantbasestientdeeemisprueeieciies|etlienceapar|tecienleapar|nisiineaestie|iirnprtatteeaismernieidis|iicany|usneniseieaerisueeoeinioiahireetieurdeetiliican	03=x,19=t,13=a,02=c,5=e,61=t,9=e,45=n,3=i,01=p,15=r,2=n,11=s,62=m,14=d,16=s,60=a,43=u,1=q,64=o,04=l,63=f,65=h,18=k,08=g,41=w,8=b,69=z,6=y
0	84	-3.215650	1	24	crilcrircoedllcfecallrciirie|olirssiinereiucrreikairrrridutleurieri|sirnriirroireilre|eeireereiitribeieir|iliiresmeckrrcpiiseeidlu|cprirtriitiiseeiibrcuseu|crilyeilreci|caliiirrenecpih|airecrirucfrcrdrroireilre|piqliichiredieenriiyerecaleexiiu|szeueetririlirsis|rrieuseereiueetheuqirscpiiitalthcseerertalhtiieiiilresdiseenritiieueerecpreii|lilcuescxirciirie|illcpescgirciirie|piirroireiiilre|rriesciieilirildeetriineieperiuii|rrcarsw|uinepiilreireieriiueemerpmriryrieeeilreuieisedrcurcars	0=c,3=r,1=i,9=l,25=o,5=e,61=d,24=f,21=a,45=s,62=n,43=u,46=k,60=t,63=b,64=m,23=p,65=y,8=h,69=q,29=x,41=z,49=g,6=w
0	85	-3.042244	1	26	peupereiiauueseeuurlerei|yuersseecirienpriezferrrreantuinreire|sercreerryerieuri|iieriirieetrebieier|eueeriskiobrereesiieaun|errertreeteesiieebrorsin|peudieuril|eeueeerricieres|feripernenparryerieuri|megueexeriaeiicreedirieeuiiheen|swiniitrereuerses|rreinsiirieniitsingersereeetfutsoiiirirtfusteeieeeurisaesiicreteeiniirierriee|ueuoriseuerlerei|euuerisouerlerei|meerryerieeeuri|rreisleieuereuaiitreecieimirenee|rreersq|necimeeurierieireeniikirmkrerdreiiieurineiesiarorreers	03=p,1=e,9=u,3=r,02=e,5=i,61=a,45=s,01=l,25=y,62=c,43=n,46=z,21=f,60=t,63=b,64=k,04=o,65=d,8=s,23=m,69=g,08=x,29=h,41=w,6=q
0	86	-3.003002	3	31	eiieileaucssemuerssietit|asleetsuiudieiiudstiiiindiasuritiz|elsitiialuiiu|uuluuiutainiutl|itiuequebiienteuunir|enilaitateuuthiereur|eiiouiiuez|erstliusueny|rlueilremieiciialuiiu|nnsstepluctusitouiuersuuxtr|ewuruuaililedu|iitreuuiudiuuapurgleentnersapeeuuiuiarspatutiiuecduuusineturuuiueniut|sierueexletit|isenueefletit|ntiialutiiu|iiteetuilicuuaitsutnuidit|iieriek|rnantsiulutitruuquinqiloituuiiurtduucierierie	0=e,3=i,19=i,13=l,25=a,5=u,61=c,9=s,24=m,21=r,11=t,15=t,45=e,62=s,14=d,16=n,60=a,43=r,1=z,64=q,46=b,23=n,63=h,65=o,18=y,8=p,29=x,41=w,69=g,49=f,6=k
0	87	-3.014353	2	32	nrnemiisiimnmriades|giennrpiaitanaitpraaaautauiieasaq|neparaageirai|iieiiairuauaise|rraincilyamarniiure|maaeuarurniiryalanie|nrtiraid|mrreaipimaf|xeineemensaageirai|auiirbeissipartiaimriihre|nkieiiuaerenti|aaseniiaitaiiuoiezenmarumruoliiiaiauxiourirrainstiiipaudseiiaimaair|irlainmiedes|rimainliedes|araageirrai|aasndsrersiiuarpisaiatar|aamenw|eugariaieisareiiciaacaetasiiraiestiisalaamen	03=n,19=r,13=e,02=m,5=i,61=s,9=i,45=n,3=a,01=d,15=s,25=g,11=r,62=p,14=t,16=u,60=u,43=e,1=q,64=c,04=l,63=y,65=t,18=f,21=x,23=a,08=b,29=h,41=k,8=o,69=z,6=w
0	88	-3.088822	2	27	eaneauriionnerderennueeai|rinemideepisesetiezreetteoslnisaia|decraetriesens|iiesiseelafieiey|eneesdaiezteraediieons|erteceaeleediieefusdis|eanxiensee|ereneeetipierab|reeseamursecetriesens|rawneeebesoeiipaexisereniirnees|dkisiilaanemied|teisdiisesiilbiswemieraeelrenlbediiscerenbleeieeensdoediipaleeisiisertiee|nenesiderneueeai|ennersdeheueeai|raetrieseeens|teideeeieneanoiilaepieirsasee|teremiq|sepiraenseseiaesiiaigcseciaiiiensseiediousuremi	0=e,31=a,9=n,30=u,2=r,5=i,61=o,45=d,1=e,34=m,62=p,35=s,43=s,33=t,46=z,60=l,36=c,63=f,3=y,64=a,65=x,8=b,69=w,41=k,49=h,6=q,32=g
0	89	-2.955124	2	30	sensecliidnnisiennceeui|linemiseeriteestebleennedetnieuiu|sealuenlietent|iietiteetuaieieh|eneetsyioacluesiiedne|ineaseeteesiieeacesie|sengientf|ieneeeniriiup|leetsemclesdnlietent|luwneexetdeiiruegitieniilneee|szieiituunemies|neiesiiteeiitpiewemiiueetlentpoiiitaienpteeieeentsdesiiruteeieiitiniee|nenotsineceeui|ennitsoneceeui|luenlieteeent|neisfeieneundiituerieiltueee|niemik|eeriluenteteiueeiiyiqaeeaiuiiienteeiesidceclemi	03=s,1=e,9=n,30=c,2=l,5=i,61=d,02=i,45=s,31=u,34=m,62=r,35=t,43=e,46=b,33=n,60=t,36=a,63=a,3=h,64=y,04=o,65=g,01=f,8=p,69=w,08=x,41=z,6=k,32=q
0	90	-3.010087	2	32	luclueieetcclislinceaue|iecissanetreyernayyprolcerueu|sinuiseient|eeieetaauhedi|natsmelzyliureeepnr|liyiauplaseeaherser|lucqentlw|linaitneliuu|iatlubeirloiseient|iugcaluietdenupeetlineeicar|sfereeauucisre|ydrseetrteauergisliuaainaulseetolinuaaeantstreeenuaaereetliyea|cnlreslicilaue|nclitslxilaue|iuiseieant|ydslaeninteeaupieditura|yliisk|rpieiuntiedurtemesoriqueeentrdreetereiis	0=l,31=u,9=c,30=e,2=i,5=e,61=t,45=s,19=n,11=a,13=i,62=n,35=t,14=r,33=y,16=p,36=o,43=r,32=s,60=a,63=h,15=d,64=m,46=z,65=q,1=w,8=u,34=b,69=g,41=f,49=x,6=k
0	91	-3.053318	1	33	sasuliitoolslaonlei|ciousslmiuaniiamliiraybieeie|sumeuxiuiau|iiuiiulrefinu|alusgihfnceaiiirae|liurerdaiiilfnesie|saziaud|laluumilet|clusuelesticiuiau|cepolkuitnimeriiulaiicole|swieiireeousai|inesiiuauirtiepuslelrcarthiiiuylatrlilaustaiiimerlieiiuliil|oahusloudun|aolushoudun|ceuxiuilau|insdnauatiirercincueel|ilusq|erciceauuineauigixyeuzeiiiauenaiitnencus	03=s,19=a,13=u,02=l,5=i,61=t,9=o,45=s,30=n,11=l,31=e,2=c,62=m,35=u,14=a,33=i,16=r,36=y,09=b,43=e,32=x,60=r,63=f,15=n,64=g,04=h,01=d,65=z,8=t,69=p,08=k,41=w,6=q
0	92	-2.862732	2	31	erlerofeillepeetlloiire|fliceriiteniueneiatinniiualeurer|rissiinfiniln|eeineniiarkeieid|iliinrgeeanesiireeiilu|esrseriaiireeiikoureu|erlheilnei|etliiineteesim|tinercoposinfiniln|sibliieminiieetrihenetleexiiu|rweueearrliceir|nieureeniueeameubiceesiiiatlamereensetlmaiieiiilnriireetraiieueenesnii|lileuerexioiire|illesereyioiire|siinfiniiiln|niereiieilirlieeariteieseruii|netceq|uitesiilninieriueegezsuisereeeilnuieireiouotce	0=e,31=r,9=l,30=o,25=f,5=e,61=i,24=p,21=t,1=i,34=c,45=r,62=t,35=n,43=u,33=n,46=a,60=a,36=s,23=s,63=k,3=d,64=g,65=h,8=m,69=b,29=x,41=w,49=y,6=q,32=z
0	93	-2.939549	2	34	setserlintteleettreeui|lteuileedireasrebgettenantiauiu|lesmeetleretr|iierireenuoieief|eteerlkioormeeliienta|etesseeneeliieeoralia|setpietra|eeteeetidieui|gerseurwrsetleretr|mexteeherneiiduepireetiiceea|lziaiinuuteuiel|teialiireaiiniiaxeuieueengtnioiiirseetineeieeetrlneliiduneeiaiiretiee|tetorletereeui|etterlotereeui|meetlereeetr|teilaeieteutniinuedieimiuaee|teeuiq|aedimeetrereiueaiikiysaesiuiiietraeielinrargui	03=s,1=e,9=t,30=r,25=l,5=i,61=n,02=e,45=l,31=u,34=u,62=d,35=r,43=a,46=b,21=g,33=t,60=n,36=s,23=m,63=o,3=f,64=k,04=o,65=p,01=a,8=i,24=w,69=x,08=h,29=c,41=z,6=q,32=y
0	94	-2.961328	2	37	sinsictionnswisonnceii|tnunnemiercsirmesslrcsniaiii|numiupiuile|iiuiieedixiuu|leenbiskssteniilla|sticsilseniiexcania|sinmilesh|soneuemistq|ouisircwccupiuile|tlnnesauiouimiliiesoniidea|nziaiidiinunri|suaniiereidaiayunstelsondasniiecsonadeielenoriiimideiaiiestee|nlsainsduseii|lnstinsfuseii|testuiele|sunseiluloiidiltutiiae|ssorig|altteneuiuireibipcaumiiiileauriiocacori	0=s,31=i,9=n,30=c,25=t,5=i,61=o,24=w,21=o,11=e,13=u,45=n,62=m,35=e,14=r,33=s,16=l,36=c,43=a,32=p,19=l,60=d,63=x,15=u,64=b,46=k,23=t,65=m,1=h,18=q,34=r,8=a,29=d,41=z,69=y,49=f,6=g
0	95	-3.024586	1	37	dldeliioiilsllicnai|niessntiercuirtnuumrcgiaaia|setaemieile|iieiiensabiue|lnespirbconsiimla|luesamdriiinbcasia|dlxiled|llneetilat|heidealadouneile|omiinzeiouitamiielliifna|skiaiisaaiesri|uuasiiereistiayeslanshistriiieclltsninlesoriiitasniaiieluin|ilresliedeu|lilesriedeu|onuneinle|uusduleloiisamnuoiaan|ulesq|amnonieeiuareipimcaexaiiileauriiocachwi	03=d,19=l,13=e,02=l,5=i,61=o,9=i,45=s,30=c,11=n,31=a,25=n,62=t,35=e,14=r,33=u,16=m,36=c,09=g,43=a,32=m,60=s,63=b,15=u,64=p,04=r,23=o,01=d,65=x,8=t,21=h,08=z,29=f,41=k,69=y,6=q,34=w
0	96	-3.314318	8	23	nelinelentagiintrotliienllels|twlermuldpureneeurdlleeeelgrecimeelpl|ruedelleetueuies|aleaeulcelhuue|lillemyrorhentellraugire|nteelecellcllraulhenrerare|nelixuieol|ntlillleeytotelf|tlleoelerentrenegeetueuies|telzillnfleylladellxpotliatillre|rmlmeacelelilerurs|eelmerapureacfmezlerotelllctlicfnrappctlifcllulliemyllraytelcllmeaeoteeul|ilinremotilenllels|liintemorilenllels|telleetueullies|eelmolluileligacelldubeplrell|eentlery|reldbellieueupllreakptekelexelauiemeluragenreentlers	0=n,3=e,1=l,9=i,2=t,55=a,61=g,4=r,50=o,5=s,59=w,54=m,51=u,62=d,53=p,60=c,63=h,56=y,65=x,8=f,69=z,52=b,64=k
0	97	-3.151159	8	27	xinxiucronncemainnuhiuil|awiueesitaseuxusetiiuuuuioeusneuuiai|esutuiiuuasusnul|riurusisuifssu|iniiuedemefucuiiersoneu|cuuiusuiisiiersifuguereu|xinpsnumi|ciniiiuudamauiy|aiiumuiueuceuxouuasusnul|auikniiziudiirtuiipamainraniieu|eeieursuiuiniuesel|uuieueraseursyeukiuemauiiisainsygraasainysiisiinuediierdauisiieurumauusi|ninguemaniuhiuil|inncuemeniuhiuil|auiiuuasusiinul|uuiemiisniuinorsuiitsquaieuii|uuciued|euitquiinususaiieurbaaubuiupuirsnueuiserouguuciuel	03=x,1=i,9=n,3=u,02=c,55=r,61=o,4=e,50=m,2=a,01=h,5=l,59=w,54=e,51=s,62=t,53=a,60=s,63=f,56=d,04=g,65=p,8=y,69=k,08=z,52=q,64=b
0	98	-3.082197	8	30	rinricrenattreesentiruit|eqcemloeileiriileguiiiiopistmiitif|eligiuiieliltib|ncnilorioilli|nuimdesexireiuenlatei|reiicsiusuenloiireienei|rinkltisf|renucideseiz|euisiceireeiriaiieliltib|eiotturacdungiukisennetuei|emteinsicnceleb|iiteienileinsamihceseiuorensareniisenasulutimduendeioruminiseiilf|tnreimsetcruit|ntreimsetcruit|eiuiielilutib|iitesultcnansiuglyiipiu|iireced|eioeyiutililiueinwieiwickitnnimitpnaireiireceb	0=r,3=i,19=n,13=c,2=e,55=n,61=a,9=t,4=e,50=s,11=u,15=t,59=q,54=m,51=l,16=o,53=i,62=g,14=p,60=s,1=f,5=b,56=d,63=x,65=k,18=z,8=a,69=h,52=y,64=w
0	99	-2.922354	8	34	fdfuoetiiorandiiruo|nwurleunmerifierstiiiiupiailiioin|reisitiineieiic|eueieufuieei|dtilsraryioitreetiri|oiiuaitatreeuiilireri|fdkeiian|odtuisnaniz|ntiaiurioriftiineieiic|niuiitgustesitkmandenitri|rlorieaiudurerc|iioriremerieabliquranituodablemmandbatetiilstresniurorieianiien|idlilaniuruo|dioilariuruo|nitiineietiic|iiorateiudteaitseximpit|iiours|riunxitiieiemtriehmnihiukioediliopetiliiourc	03=f,19=d,13=u,02=o,55=e,61=t,9=i,4=r,50=a,2=n,3=i,01=r,15=o,59=w,54=l,51=e,16=u,53=m,62=s,11=t,14=p,60=a,1=n,5=c,56=s,63=y,04=l,65=k,18=z,08=g,8=b,69=q,52=x,64=h
0	100	-3.310437	8	26	nilenilinbcleenwsteeinllilm|belieurlopreiniireolliiiilheiaeuiilpl|erioilliiblireim|slisirlailxrri|lelliucesexinfllesrheei|nfiliaillallesrlxineiesei|nileyreisl|ntellliicbnfld|tlisilieinwinihiiblireim|flzellndlicllsoillypstesqllei|euluisaililelierem|iiluiespreisaduizliesflllateadnesppatedallrlleiucllescflalluisisfirl|eleneiusqlinllilm|leenfuseelinllilm|flliiblirlleim|iilusllrelilehsaillorgipleill|iintiec|eilogilleirirplleiskpfkiliyilsreiuilreshineiintiem	0=n,3=i,1=l,9=e,25=b,56=c,24=w,50=s,21=t,5=m,4=e,54=u,51=r,62=o,53=p,61=h,60=a,55=s,63=x,23=f,65=y,8=d,69=z,29=q,52=g,64=k
0	101	-3.030579	8	29	klakliusmaauenzaaibliln|qalieorlacreikirealliiiilmeieaoiilcl|eriailliiqlirain|slisirleilgrri|lalliotenegiuillesrmaei|uiilieillellesrlgitiesei|klafrainl|ulallliitquils|zlinilieiueikmiiqlirain|plxallwlitllsaillfcnzasyllei|eoloiseililalieren|iiloiescreisesoixlienplllezaestsccezasellrllaiotllestplelloisinpirl|alationylibliln|laauionealibliln|plliiqlirllain|iilonllralilamseillardicleill|iiuliet|eiladillairirclleishcphilifilsraioilresmitiiulien	03=k,1=l,9=a,3=i,02=u,55=s,61=m,4=e,50=n,21=z,01=b,5=n,25=q,54=o,51=r,62=a,53=c,60=e,63=g,56=t,04=t,65=f,8=s,23=p,69=x,08=w,29=y,52=d,64=h
0	102	-3.032968	8	33	uenuelunonluxcelleuied|nllirstnesieueesimieeeetperlreedeb|isemeieenlslef|uluestuetesse|nieroiciheusiiustlie|uselreiriiusteeuieiuie|uenyslecb|uelileonusq|elcelieuxeueteenlslef|stlliualoiumeiyaceluziie|irdieurelnlisif|eedieiuasieurareklicsituelrauiuaarelarisileroiiuostuireuecsesb|lnuierczluied|nlusrcilluied|sieenlsilef|eedicisllntureimsweapei|eeueeio|ietnsilesesaiieugasgelyeduneredputeuieeueeif	0=u,3=e,19=n,13=l,25=n,56=o,9=l,24=x,50=c,21=e,11=i,15=d,4=i,54=r,51=s,16=t,62=m,14=p,60=r,1=b,5=f,55=u,63=h,23=s,61=t,65=y,18=q,8=a,53=a,29=z,69=k,52=w,64=g
0	103	-3.061057	8	36	fcfiunhoouespooiuil|doientaditeifitetliiiiamiaoniiliq|etitiliiditoir|ninitafaitti|clincesexiuilenthoei|uiiiailalentaiidienei|fcstoisq|ucliicduiz|pisiieiueifhiiditoir|oaoolbiclntilsesponylei|enleinaiicieter|iileieneteinarniwiesolaucardneeaporaltloinclencoauleinisoitq|ocdinsyiuil|couinseoiuil|oliiditloir|iilesltoichnailttkiemil|iiuiec|eiadoloititeleingeogiisilncinilmnhidiiuier	03=f,19=c,13=i,02=u,55=n,61=h,9=o,4=e,50=s,21=p,3=i,01=u,15=l,25=d,54=n,51=t,16=a,62=t,11=l,14=m,60=a,1=q,5=r,56=c,63=x,04=d,65=s,18=z,23=o,08=b,53=e,29=y,8=r,69=w,52=k,64=g
0	111	-2.857429	8	44	oionsureeseldeemies|oeneatmorumstetissmuncaste|etnaisonter|unurinehttp|iiredelehmaieutreep|ssnnemauutmsifuep|oixtera|siinrtlaq|dnlefmwmnnktrir|ameeicndiutemursiuyiep|eaterdoninetes|stefulterdcanenelaimsinpiullndepnitieredieudamaterllari|eiirelynant|iesreleenant|aisontier|stelitenirunemotaluez|ssned|eetbeirntlierdelagenltuireeteurmessnes	03=o,19=i,13=n,02=s,55=u,61=r,9=e,4=e,50=l,21=d,30=m,11=i,31=e,5=s,25=o,54=a,51=t,16=m,35=r,14=u,33=s,62=t,36=n,09=c,15=t,23=a,60=n,63=h,3=p,56=d,01=a,04=i,34=f,65=x,18=q,24=w,32=k,08=c,29=y,53=l,8=p,1=z,52=b,64=g
0	112	-3.058699	7	28	neiuneientsduuntentiuueniieip|twieeeiicrnoneengtiieeeeidolumeeiri|eieceiieetnenuep|siesenileiknne|iuiiemsengeenteiiesiduo|nteeieleiiliiesiikenoeme|neiufnueai|ntiuiiieestateia|tiieaeieontonedeetnenuep|teixuiinaiesiisceiifratiustuiio|ezmesleieiuieeie|eeimeesenoslamexieenteiiiltiulaneserltiualiiniiuemsiiesceiliimeseateeni|uiunomatuieniieip|iuuntemayieniieip|teiieetneniiuep|eeimaiinuieiudsleiicnherioii|eentieeq|oicheiiuenenriiosbrtebeiefeisnuemeinesienoentiee	0=n,3=e,1=i,9=u,2=t,55=s,61=d,45=e,5=p,59=w,62=c,53=r,51=n,43=o,46=g,60=l,54=m,63=k,56=s,65=f,50=a,8=a,69=x,41=z,49=y,52=h,6=q,64=b
0	113	-2.923339	7	32	dladliurraaueulaaiblils|txlieellcauidiuhtlliiiilrieaoiilal|elicilliituiuais|rliriuleilpuui|lallionetpiuillerlrai|uiilieillellerllpitieoi|dlayuainl|ulallliintntils|tlliniliiuidriituiuais|tilfallklinllrcillyantlartalli|ewoireililaliele|iiloieriuiresoiflieuillletlaestraaetlasellullaionllercilelloirintiiul|alationtaliblils|laauionqliblils|tilliituiullais|iilonllualilarreillcuzialill|iiulieg|ilczillaiuiuallirmatimiliyilruaioiluenlitiiulie	03=d,1=l,9=a,3=i,02=u,55=r,61=r,45=e,01=b,5=s,2=t,59=x,62=c,53=a,51=u,43=i,46=h,60=e,54=o,63=p,56=n,04=t,65=y,50=n,8=s,69=f,08=k,41=w,49=q,52=z,6=g,64=m
0	114	-2.918835	8	35	lislinleroaaleelesailuir|ehneeuotlaliilpeuiiiistiianiirim|enoiuiielilaig|rnrilslisilli|suindelpiileiuerssa|leiiniiuiueruyilaeni|lisclaidm|lesunidedeix|euidinalealioiielilaig|eisaaulunduroiuctdesreaua|ewniriinsnetg|iiraerilariuniqneleiuslesiuleritiesuiuluaindueroislunirideiilm|aslandeanluir|saleindknluir|eiuiieliluaig|iirelulansoriiuolfittiu|iilenez|asefiuaililtuarbteibincirrsinirtroilailene	0=l,3=i,19=s,13=n,2=e,55=r,61=o,9=a,45=e,11=u,15=r,59=h,62=o,53=t,51=l,43=a,46=p,16=s,14=t,60=i,54=n,1=m,5=g,56=d,63=y,65=c,50=d,18=x,8=u,41=w,69=q,49=k,52=f,6=z,64=b
0	115	-2.928893	8	39	tlteuiassusulsirec|ofessedcnetinqoeiiiiayilsoiicip|sedieiioninsid|ieiinatainni|leionshriuiesiale|uiielielesierihisoi|tlmnsiup|uleeinouoik|oeiuieeuetaiioninsid|oiassezeneidiemcuoliosee|swoiilielesyd|iicesiineilpoixesuieaullphicclolplenesionesidiarceiiuoiinp|slhiouoserec|lsuiougerec|oieiioninesid|iicsrclelailiednmicyie|iiuesb|eaomiesininceeitcoitiemicilioicyiaihiiues	03=t,19=l,13=e,02=u,55=i,61=a,9=s,45=s,3=i,01=r,15=c,2=o,59=f,11=e,62=d,53=c,51=n,43=e,46=q,16=a,14=y,60=l,54=o,1=p,5=d,56=n,04=h,63=r,65=m,50=u,18=k,08=z,41=w,8=p,69=x,49=g,52=m,6=b,64=t
0	116	-3.016132	7	31	ueilueieutailluxsilleuiiein|tlierriidaseueespiieeeeiteclmeeiai|riedeiieetieslen|rieresiceifsse|iliiemarupeeuniirritle|uneieceiiciirriifeuerme|ueilbslesi|uiliiieeatunio|iieseieeuxeueteetieslen|nihliiuoieaiirdeiibasilryiie|rkmerceieilierir|eeimerresercomehieruniiicilcourreacilociisiilemaiirrdeiciimeresnesi|liluemsyieuiiein|illunmswieuiiein|niieetiesiilen|eeimsiislieiltrceiidszeaieii|eeuierq|eidzeiilesesaiiergangeiebeirslemeisraieueeuier	0=u,3=e,1=i,9=l,25=t,56=a,24=x,50=s,21=i,5=n,45=r,62=d,53=a,51=s,43=e,46=p,61=t,60=c,54=m,55=r,63=f,23=n,65=b,8=o,69=h,29=y,41=k,49=w,52=z,6=q,64=g
0	117	-3.007267	7	34	beubeniiouuitieuundenep|yuentteeglalbnawsennnneoluuennele|tengneennyenaunp|ieninaeunenaan|eueenestannineetieoul|innenuneeueetieennanten|beufaunte|ieueeennsyiner|sentnenlilbonnyenaunp|cehueexenseeigneefltsuimeel|tkeniuneneuentet|nneentinaliurenhentineeeusuuraillusurueeaeeuneseetigneueeenintcnae|ueuanetmendenep|euuinetzendenep|ceennyenaeeunp|nneeteeaueneuoiuneegarnlelee|nnientq|legrneeunanaleeliolconenfneiauneneatsenannient	03=b,1=e,9=u,3=n,02=i,55=i,61=o,45=t,01=d,5=p,25=y,62=g,53=l,51=a,43=l,46=w,21=s,60=u,54=e,63=n,56=s,04=a,65=f,50=t,8=r,23=c,69=h,08=x,29=m,41=k,49=z,52=r,6=q,64=o
0	118	-2.915453	8	38	iemieuitamiihcniieiuer|tiurructnlieengnueeesdesileerep|ruceueetuniep|eueensiesenne|muelarigeeiauresml|iaeuseusureuxeilrle|iemoniecp|iniuueatiab|nuceuliheiemeetuniep|asiiuiouaueceuotcniedul|rwleeseumurdp|eerlreenlesolezuriausinisoireetsniosunuielaurecesiuleeecaenp|imillcduiuer|miialcquiuer|aueetunuiep|eerriuniummeseucnyetdeu|eeinerf|lstauienentulektakeuoeremelerdemeileiner	0=i,3=e,19=m,13=u,25=t,56=a,9=i,24=h,50=c,21=n,11=u,15=r,45=r,62=c,53=t,51=n,43=l,46=g,16=s,14=d,60=s,54=l,1=p,5=p,55=e,23=a,63=x,65=o,18=b,61=m,8=o,29=d,41=w,69=z,49=q,52=y,6=f,64=k
0	119	-2.762910	8	41	onoeeonssetensideu|fsettermsmoiskseiiitaiisaiiuic|terieiifessiu|oeoistotissi|neialtcpieietotnm|eiieiieietoepicitai|onassirc|eneeilfeih|seriememoniifessiu|dtssezeleorieamrssolem|tbaioiienetau|iiumtoismoipaixeteietenipcommisspiesesialetoritdumoirdisc|snciarledeu|nseiargedeu|deiifesesiu|iiutdunennoiierswimaie|iieetq|mtfdesisismemoymdyieaiuoniaiuaoniciieet	03=o,19=n,13=e,02=e,55=o,61=n,9=s,45=t,3=i,01=d,15=u,25=f,11=e,62=r,53=m,51=s,43=m,46=k,21=s,16=t,14=a,60=i,54=a,1=c,5=u,56=l,04=c,63=p,65=a,50=r,18=h,23=d,08=z,29=l,41=b,8=p,69=x,49=g,52=w,6=q,64=y
0	120	-3.054918	6	33	ilsilanctssinninissaiilf|nqilrtisutuiatxniiaaituosraiui|nirnlianteise|cieutiolktty|isiiendexainlincitsu|inairilioiinciikaunry|ilsbtseii|inisiiiamnenlp|niieillanuirianteise|nlwsiiipieticslibueniscnsiiu|nzremillsiltn|airlcutucoprrsilenliionisopincerinispoiitiisentincsloiireuenati|sisiurensiaiilf|issinenihiaiilf|nlianteiiise|aireiitsilstcolistgeluii|ainilm|uisgliseieiuiiucdunruiruictseuitnmiauanilf	0=i,31=l,9=s,30=a,2=n,55=c,61=t,45=n,1=i,5=f,59=q,34=l,54=r,51=t,62=s,53=u,43=u,33=a,46=x,60=o,36=r,35=e,63=k,3=y,64=d,50=e,65=b,56=m,8=p,69=w,41=z,49=h,52=g
0	121	-2.985579	6	36	melmeruucllcicellreesp|uketniertiemlefueeaaecenlnaete|iesuseauilell|ueltiensbiiq|eleelixofacseiuecle|caesmeeneeiueebreinq|melzilly|celeeeaduousa|ueelmetruemcauilell|uswleedelceurseztoueluuleee|ihnldmesletii|aentutieunansletouseenuelnaouttnuelaneeieelliceiursneenltouaie|leloliclereesp|ellcliolereesp|useauileeell|aenoeeileslcunseriglseee|acetd|eergselleleteeeuxtuseesteuilleeiidereruetp	03=m,1=e,9=l,30=r,2=u,55=u,61=c,02=c,45=i,31=s,5=p,59=k,34=t,54=n,51=i,62=r,53=t,43=e,35=l,46=f,33=a,60=n,36=s,63=b,3=q,64=x,50=o,65=z,01=y,56=d,8=a,69=w,08=d,41=h,04=o,52=g
0	123	-2.866634	5	45	oeoiranllrtreldeix|uwittemcisouemeaalensdami|timiiniueu|aiauerigiib|eeutfcharieainls|rairiloeailaayas|oepiluo|reeiumcuit|ueuoisrsonauiueu|uiklesireamilaureaules|tzduroieitex|amstaueursdnlitrieruertaaccruetreielutnearuireduccuait|leautrlioim|elrutalioim|uiiniueeu|amtomeienariluipuise|aritq|slupieuiicesafcunsipiailusmeandsduit	03=o,19=e,13=i,02=r,55=a,61=n,9=l,45=t,30=d,11=e,31=i,5=x,2=u,59=w,62=m,53=c,51=i,43=s,35=u,14=e,33=a,16=l,36=n,09=s,54=d,15=m,32=n,60=r,63=g,3=b,64=f,50=c,46=h,01=o,04=a,34=y,65=p,8=t,69=k,08=s,56=r,41=z,1=t,52=p,6=q
0	124	-3.119720	6	36	liulirfdeuulycouureeid|fuenaceusceltchoettegetuatese|aeoleetfereur|serscetipccz|eueeraichtlleeasegue|lliolieteeaseepreaaz|liuncurle|loueeetdflleb|oerlinryroetfereur|lequeelbergesuienscousmeee|awardliiuenca|teansscestbaouencleeetoutblasroloubteeceeurageasuiteearsclree|ueuleacmereeid|euullackereeid|leetfereeeur|teaceecueiugstieucxrieee|tlond|eeuxieurereseeesisliiosescureecadererond	0=l,31=i,9=u,30=r,25=f,56=d,1=e,24=y,50=c,21=o,5=d,34=n,54=a,51=c,62=u,53=s,43=e,33=t,46=h,61=g,60=t,45=a,36=o,23=l,35=r,55=s,63=p,3=z,64=i,65=n,8=b,69=q,29=m,41=w,49=k,52=x
0	125	-3.047004	6	39	renrecldenneneennceetd|lnesaieasieruepoellereinalese|neumeelleuenu|teusieitxiig|eneeuncmpletenterne|eleureeieenteexcenag|renfinuz|eeneeeldletp|oeureschcuelleuenu|mewneekeuretatefsmontbeee|nqaudretnesin|leastsietipaunesmmeeeionipotssionpieeieenunrentatieeausmmuee|nenouneneceetd|enneunoneceetd|meelleueeenu|leameeinetnrtiteaiyuteee|leesd|eeaytenueueseeetcsmctusetinueeindececosd	03=r,1=e,9=n,30=c,25=l,56=d,02=e,45=n,31=t,5=d,34=s,54=a,51=i,62=a,53=s,43=e,35=u,46=p,21=o,33=l,61=r,60=i,36=u,23=m,55=t,63=x,3=g,64=c,50=m,65=f,01=z,8=p,24=h,69=w,08=k,29=b,41=q,04=o,52=y
0	127	-2.799454	7	47	gugiauallataulaeih|llittensingesnemmesbrumoi|tiniidieue|uiueelixiiq|ueetotpmaisuialn|amilietsuiemmcun|guwilet|aueientdy|niticarabidieue|dellepireunieueauuken|tzuergiuitsh|montueserpublitaielnllcmusslnlcleieletasurdetonueamis|lumetalitio|ulaetmlitio|demliiele|mottouiuaulielodssis|maitf|neldeleiisenuosdoibsouuenosuaananch	03=g,19=u,13=i,02=a,55=u,61=a,9=l,45=t,30=a,11=e,31=i,5=h,25=l,62=n,53=s,51=i,43=n,35=e,14=s,33=m,16=e,36=b,09=r,54=u,15=o,32=d,60=l,63=x,3=q,64=o,50=t,46=p,01=t,04=m,34=c,65=w,23=d,18=y,21=n,24=r,08=p,56=r,29=k,41=z,8=c,1=s,6=f
0	131	-3.147215	1	21	plpuceetlacreclaisuo|deaurerentdeiemipiemtdniiiikmityeriioih|reutdiniideuelie|eeueeientpkieou|lnieretreftiicinreeeklri|ciiutpntsmeeentiifireeri|plteelies|clnuietdeciq|dniepuricriptuideuelie|dikaanguetneetdinteeiecleedanri|rerorieetpulureme|iiorireeeiemieetgeritaurecinkcltgfeeeieitclbtsonlieretnreeetdiksorieeieciien|alfierecausuo|lacierefausuo|diniideuenlie|iioresolultoetpntdeodieimin|iicuret|rikdedinaieueoinrieetreiditriuteioeelieriomeetufiicure	03=p,19=l,13=u,02=c,5=e,6=t,9=a,4=r,3=i,01=s,15=o,2=d,11=n,14=m,16=k,09=y,1=h,04=f,18=q,08=g,8=b
0	134	-3.232644	2	20	eufeurecilfteziesttuenum|ctraiainlcuidueuuidlsruuuyduletiauumux|airlonuucrifui|iiriiuinleuyuimr|fnuiailaiealuueonaiiiyfau|eourleunlenaiiinluueauaiiau|eufliifuiex|estnruilceob|srieurauezueulrucrifui|oyttnegrilniilonliiuiestiipnau|aiamauiileurfraidi|uumauaiiiuiduiilegiaultraieonyestlegeaiiiuiulestgleninfuiailnaiiiloyeniauiiuieouin|tfeauiaieprenum|fteoiaieatrenum|onuucrinfui|uumaienifrflmileunlcmoiudun|uuesuail|auycontuirimunauiilaiuolaurliumiifuiaumdiilreauuesuai	0=e,3=u,19=f,13=r,25=c,5=i,6=l,9=t,24=z,21=s,11=n,15=m,4=a,14=d,16=y,1=x,23=o,18=b,8=g,29=p
0	135	-3.464349	1	24	dtdiceentfcrectflgio|pfirereunplemldlemnwilllamlnyerllolk|reinsullpietle|eeieeleundaleoi|tulerenrehnllclureeeatrl|cllindungmeeeunllhlreerl|dtneetleg|ctuilenpclx|wiedirlcrldnilpietle|saffubienueensuneelecteequrl|rerorleenditireme|llorlreeelemleenberlnfirecluactnbheeelelnctzngoutlerenureeensagorleeleclleu|fthlerecfigio|tfclerehfigio|sullpieutle|lloregotitnoendunposelmlu|llciren|rlapsufleieolurleenrelsnrlineloeetlerlomeenihllcire	03=d,19=t,13=i,02=c,5=e,6=n,9=f,4=r,3=l,01=g,15=o,25=p,11=u,14=m,21=w,16=a,09=y,1=k,23=s,04=h,18=x,08=b,29=q,8=z
0	137	-3.218348	4	21	gesgepniiaesscuicesspeeti|nisediuieeanireuplieuaneelleaeuoyiuleit|uieontelnieresr|iierireeageareiem|eseeruiauifalcteuiiieaesum|cleogeeaheuiiieealfdiium|gesaiiesrh|ceseeelianictq|neergedpnupoelnieresr|ntasseeberaeeiianteaiircesiinseeum|uiueiuriagetsedieui|leiudiiireuriabiuosedicteeacesabfiiirocesqaheieeesruiaeeuiiiantaheiurircliee|sesfruicsepeeti|esscruifsepeeti|ntelniereeesr|leiuiheiesetsaeiiageeanieinrtute|lcedia|utanintesrereiteuriauixoutoitiiiesrutieuiiaepulcedi	03=g,1=e,9=s,30=p,2=n,5=i,6=a,02=c,4=u,31=t,34=d,35=r,33=l,36=o,09=y,3=m,04=f,01=h,8=q,08=b,32=x
0	138	-3.496956	5	22	aucauoniirdcansiandcotui|niclsisitrniefomifrntmmpfkacismgu|silrnulhilide|iiliietrauregl|dtesirsiasrmanufiiipdsq|anmlraupatsiiitrmasxiisq|aucriideab|andtlernianuy|nteauxonsoklhilide|nurcctaylirtiirnupiieandiinctsq|sisgseirauuclsifi|mgsxiiiefeirayiskclsianutrandrayasiiiekandyratitdesirtsiiirnuratiseieanmit|cdasesianclatui|dcanesiasclatui|nulhilitde|mgsiatidldrgiraupnigneusub|manlsir|surninudeligufeirsihksukiuiiidesuifiirlasmanlsi	0=a,31=u,9=c,30=o,2=n,5=i,6=r,19=d,4=s,11=t,13=l,35=e,14=f,33=m,16=p,36=k,15=g,32=h,3=q,34=x,1=b,8=y
0	139	-3.308034	4	27	msmuniiescnrinscksai|ticuririsetiedkoidetsoobdfwiroaa|riuetaugiuise|iiuiiesembeau|sserieriheonadiiibsrp|nouemseldiiiseohqiirp|mseiisel|nssueetinay|tsemurktrkfugiuise|taeccsxuiesiietabiiensiitcsrp|rirareiemusuridi|oarqiiiedeiexirfcurinasensexhiiiefnsyelasseriesriiietaelareienois|csherinculua|scnerihculua|taugiuisse|oarilasuseaiemsetiatearaz|onurie|raetitaseuiaadeierigfrafiaiiiseraidiieuhonuri	03=m,19=s,13=u,02=n,5=i,6=e,9=c,4=r,30=k,11=s,31=a,2=t,35=e,14=d,33=o,16=b,36=f,09=w,15=a,32=g,04=h,3=p,01=l,34=q,8=y,08=x,1=z
0	140	-3.364849	4	20	stostdfleioosklsmoodiitl|foiulaliiefriadnliaeminnieiacsolanilt|alicpiinfirior|llirlriiesterilig|ioiiralealsaenspiialllieioag|sptcstiesiiallliiensaullag|stoelliorsi|smoiiinlefspiy|mirstudkdcinfirior|pieooiisyireiillepiiellrsmollqiiag|alailarlesttoiulial|nilaulllriarlesylacoiulspiiiesmoesysalllrcsmoyesiiliiioraleiialllepiesiilarlrsprii|oiosaralsqidiitl|ioosplalsaoidiitl|piinfiriiior|nilalsiilioitoeillestiefilpltati|nsmule|atefpiioririltiarlealxcatcltlllioratlialleidansmul	0=s,31=t,9=o,30=d,25=f,5=l,6=e,1=i,24=k,21=m,34=u,4=a,35=r,33=n,36=c,23=p,3=g,8=y,29=q,32=x
0	141	-3.248481	4	25	tiatioceriaaeneeiaaoiise|caideneiircuinoleinrwillirinfzenlies|neifpiilciuiau|eeiueuiirtiruieiq|iaiiunernemrlesineeeirianq|eliftiirbineeeiirlmdeenq|tiareeiaub|eiaiiilercesy|wiutidogofilciuiau|piraaiikiuriieerpiireeueiaeexiinq|nenienuertisaideine|liendeeeuinuerkenfaideesiireiarkmeeeufeiayrbieiiiauneriineeerpirbienueueleii|aiamuneeaioiise|iaaeunemaioiise|piilciuiiiau|lienebieiaisarieertiirciepesnsi|leider|nsrcpiiauiuiesinuernehfnsfeseeeiaunseineerionleide	03=t,1=i,9=a,30=o,25=c,5=e,6=r,02=e,4=n,31=s,34=d,35=u,33=l,21=w,36=f,09=z,23=p,3=q,04=m,01=b,8=y,24=g,08=k,29=x,32=h
0	142	-3.362398	5	27	aucauariemcaziayccasui|rceliliserstaditeyeduetfacildou|lieensdreims|iieiisseauesoe|msslielialedansliiipmlk|anufaupasliiisedalbiilk|auceiimsaq|aycseseranw|yeiaubazafexieims|npccsaheiesiienseiisayciigslk|lilolsieauuceliti|dolbiiistsieahilfcelianspayceahaliiisfaycheasismsliesliiienpasilsisanss|cmalsliageasui|mcanilialceasui|nsdreisms|doliasimemeoieauproniuluq|daybie|luernscseioutsielixflufiuiiimsluitiieealdaybi	0=a,31=u,9=c,30=a,25=r,5=i,6=e,19=m,24=z,21=y,11=s,13=e,4=l,35=s,14=t,33=d,36=f,15=o,23=n,16=p,3=k,34=b,1=q,18=w,32=x,8=h,29=g
0	143	-3.126589	4	31	znzaeiienteuientpini|mtauiuiiemldpridewarnedskiuron|uiaetirmainl|iiaiiliezaloa|niluieuicerendiiianuf|eraeziesdiiiierchiiuf|zneiinls|enialemeng|waizaupbpsayiainl|tattiraieiiietieiileniixiuf|uiuouliezanauidi|rouhiiildlieriustauienieenerciiilsengesoinluieiuiiietasoulilerii|tncluietasao|nteluictasao|tirmaiinl|rouisonaneoieziemotinunq|reauie|unemtitlaiondlieuiysunsiniiinlunidiieacreaui	03=z,19=n,13=a,02=e,5=i,6=e,9=t,4=u,30=p,11=i,31=n,25=m,35=l,14=d,33=r,21=w,36=s,09=k,15=o,23=t,16=a,04=c,3=f,01=s,34=h,8=g,24=b,32=y,08=r,29=x,1=q
0	146	-3.148114	2	20	euteuaesiirtmeslestmuenud|simallnrsiuioueuuiorsnuuuufouremicuduq|larsunuusiaitui|iiaiiuinreufuida|tnuilrlexuuesunliiftc|esuuareunrenliinruueclic|eutriituieq|estnauirsiesub|snuieuacesceurausiaitui|sufmmnepairniirsunriiuiestiismnc|lgiciireuataloi|uudcliiuiouiirepicrmalesunfestrepeliiuiurestprenintuilrnliirsufeniciiuiesuuin|mtecilesmaenud|tmesuileyaenud|sunuusiaintui|uudlenitatrdireunrsidsuiuoun|uuesalr|cfsisunmuiaidunciirlusurcariudiituicdoiiraecuesal	0=e,3=u,19=t,13=a,2=s,5=i,6=r,9=m,45=l,11=n,15=d,14=o,16=f,43=c,1=q,46=x,18=b,8=p,41=g,49=y
0	147	-3.468335	1	23	hnhaollensouonsimar|tlsauudetlilfihilfetdiiiikfieblciriq|uaetidiitlalnil|llallildehkilra|ndilueuyeiioidullknc|oiiaehdemfllldeiiyiulc|hnellnilm|ondailetloix|tdilhacocheaitlalnil|tikssdpaledlletidellilonlltsdc|uglcllehanaufl|iircullilfilleplcesauoidkonepylllilieonzemrdniluedulletikmrclliloiild|snyiluosamar|nsoiluysamar|tidiitlaldnil|iirumrnanerlehdetlrtilifid|iioaue|cktltidsilalridclleuitiecaelirllnilcrflleayiioau	03=h,19=n,13=a,02=o,5=l,6=e,9=s,45=u,3=i,01=m,15=r,2=t,11=d,14=f,16=k,09=b,43=c,1=q,04=y,18=x,08=p,41=g,8=z
0	149	-3.115530	0	20	ditdiuanneittacaittumiuin|ltiucciielunirdunibfiuuuuieireynruinui|ciuesiiuuliunitun|nniunnuniiedieuniniu|itiiuncecoeuuauiicnnieitr|auuiuediiemicnniieuuoucnr|ditennitunm|aitiiiuunelauih|fiundiurardeiuuliunitun|siettiipiuneiinnesiiennunaitnnkiir|cqnrnnediuitiucic|uuinrcnnunirnnepnretiucauiiieaiteponnnunueaitheminiiitunceiicnnesieminrnnunauunii|titouncatiumiuin|ittauncotiumiuin|siiuuliuniiitun|uuincminitiuiteinnediielinsnuirii|uuaiuce|rielsiituniuninuiirnnecuseriuenuinnnitunrinicneiuouuaiuc	03=d,1=i,9=t,3=u,02=a,5=n,6=e,45=c,01=m,25=l,43=r,46=b,21=f,09=y,23=s,04=o,8=h,08=p,29=k,41=q
0	150	-3.401477	2	24	eufeudesitfoeyiemoouenuc|sodllntsuipueuuiptmduuugputeoirucuq|ldtanuusdifui|iidiiuinteuguicd|fnuiltlexuueanliigfr|eaudteuntenliintuuerlir|euftiifuieq|emonduitseah|mdieudreyueutdusdifui|agoonebditniitantiiuiemoiiknr|lwiriiteudfdlpi|uucrliiuipuiitebirtodleangemotebeliiuiutemobteninfuiltnliitageniriiuieauin|oferilekdenuc|foeailezdenuc|anuusdinfui|uuclenifdftciteuntscaiupun|uuemult|rgsanouidicunriitluatrdtiuciifuircpiitderuemul	0=e,3=u,19=f,13=d,25=s,5=i,6=t,9=o,24=y,21=m,11=n,15=c,45=l,14=p,16=g,43=r,1=q,23=a,46=x,18=h,8=b,29=k,41=w,49=z
0	151	-3.275126	1	26	scslniiachnencheolr|ghleesageimeseimableeetmeafiderex|elayseeglicei|iiliieisasteirl|cseieaeuaeeneseiitcd|neelassaomiiisaeeueeid|scaiiceio|ncsleiagneq|blisldndsaleglicei|ythhspliasiiaysaiieinciizsd|ewidiiaslclemi|eerdeiieimeiiapidahlenestncapuiiieieanckaorsceieaseiiaytordiieineeis|hcueienhlolr|chneieuhlolr|yseegliscei|eereorclcariassagryiemes|eenlea|dtgysheiliresdiiaeeyadlaieriiceidrmiialueenle	03=s,19=c,13=l,02=n,5=i,6=a,9=h,45=e,3=e,01=o,15=r,25=g,11=s,14=m,21=b,16=t,09=f,43=d,1=x,23=y,04=u,18=q,08=p,29=z,41=w,8=k
0	152	-3.071720	1	20	aunauoseelinnasmasinnoiiue|senidemiilsetiraceixsiiccilirlanerueu|mipsuicseitint|eeitetiilaultieib|iniitmlmaxcasuimeeilinr|ascipauilaiimeeiilcarmer|aunleeintai|asiniiicelseasuf|siitaudosrapicseitint|sulnniiafitliieelsuileetasineesniir|mhereelauunideim|ciermeetireelaferlnideasuiilasinlafameetpasinflaiieiiintmliimeelsulaiiereetasceii|ninaremasnioiiue|innastmagioiiue|suicseitiiint|ciemaiieiniunlieelauilseiesturii|casidel|rilsesuintitieuireelmypripeueeeintrieimelioroside	0=a,31=u,9=n,30=o,2=s,5=e,6=l,1=i,45=m,34=d,35=t,43=r,33=c,46=x,36=p,3=b,8=f,41=h,49=g,32=y
0	153	-3.300352	1	24	fioficreetioolslioociiae|reoidesiitreuinfuixriippitintzenaea|sikraipreiuiou|eeiueuiitfituieiw|ioiiustsytplaiseeition|lpikfiitbiseeiitpydeen|fioteeioub|lioiiipetrelaq|riiufidcrnftipreiuiou|ratooiimiutiieetraiteeulioeeroiin|sgeneetfiaoideis|pienseeuineetmentoidelaiitliotmyeeeuklioqtbieiiioustiiseetratbieneeulpeii|oioyusloiciiae|ioolusyoiciiae|raipreiuiiiou|piesbieioiaotieetfiitreieruanii|plidet|nitreraiouiuieaineetshknikeaeeeiounieiseticncride	03=f,1=i,9=o,30=c,2=r,5=e,6=t,02=l,45=s,31=a,34=d,35=u,43=n,46=x,33=p,09=z,36=k,3=w,04=y,01=b,8=q,08=m,41=g,32=h
0	154	-3.392089	1	25	ecsecfreetaserierasfdce|resuiidtrelyfgeytrdgghypesencec|iutrcuxeueal|eeueeldtectlou|adlitiekgercyeeehan|ergutechedieedtgenien|ecsteealez|eradultreercm|rdlecbfrnepuxeueal|rctssdemuetdeetrcheeleraeersdn|iweneeteccsuiye|gonieelyletementsuiercdteratemeieelperamtededalitdieetrctedeneelerged|saeneiersuedce|aserliequedce|rcuxeuedal|goiedeauatoetechreorlcnd|geruit|nhrercalueocyletixpnuteceeealnoyeetuenfrui	0=e,31=c,9=s,30=f,2=r,5=e,6=t,19=a,45=i,11=d,13=u,35=l,14=y,33=g,16=h,36=p,43=n,32=x,15=o,46=k,1=z,8=m,34=b,41=w,49=q
0	155	-3.332794	0	27	xrxluiierouturoyssi|niolttseniedyaidensaabdzqicsis|tlenslhilire|iiliiesexbeal|rsetetmeausdiiibrc|ualexsepdiiiseamkiic|xreiirep|ursleeniusg|nsexlcucxelhilire|nseoosfliesiiensbiieuriinosc|twiciiexlrltdi|aactiiedeieficeoltusseurefmiiiezurgepasretestiiensepaciieuais|ormetuolpla|rouetmolpla|nslhilisre|aatparlreaiexsenianescs|aulte|cbninsreliasdeiethzcleisiiirecadiielmault	03=x,19=r,13=l,02=u,5=i,6=e,9=o,45=t,30=y,11=s,31=s,2=n,35=e,14=d,33=a,16=b,36=z,09=q,43=c,32=h,15=a,04=m,01=p,34=k,8=g,08=f,41=w
0	156	-3.450524	1	24	csucsabeniuucdecouuaiise|buiyetiinblircgeizoigginirncuerses|timpiigbiliul|eeileliincsnlieiq|iuiiltntczgcpiiteeiniur|cpsmcsinciiteeiingcrter|csuneeiulci|couiiigenbcpih|oilcsyadamigbiliul|pinuuiichilniieenpiineelcoueefiir|twereencssuiyeit|gierteelireenchernuiyecpiiincounchcteelmcouhnciieiiiultniiteenpinciiereelcplii|uiucretcfiaiise|iuucpetcxiaiise|piigbiliiiul|gietciieiuisunieencsinbiepesrii|gcoyen|rinbpiiuliliesireentkmrimeseeeiulrieiteniaraoye	0=c,31=s,9=u,30=a,25=b,5=e,6=n,1=i,24=d,21=o,34=y,45=t,35=l,43=r,33=g,46=z,36=m,23=p,3=q,8=h,29=f,41=w,49=x,32=k
0	157	-3.044108	1	28	ditdinsleittrarittniiol|sticlaiieseiadeiwmissieiaexlaolo|ainfiissieite|llieleiiedieeilik|itiieaeauesroiallieita|rsindiiebialliiesuclla|ditelliteb|ritiiislesroy|miedicnhnnissieite|fiettiipieeiillefiielleritllqiia|azlalledioticlia|silaalleialleplaeticlroiieritepulllenrityebiliiiteaeiiallefiebilallerslii|titueartiniiol|ittreautiniiol|fiissieiiite|silabilitioteillediiesilfloaii|sricle|aiesfiiteieiloialleagnainlollliteailialeinanmcl	03=d,1=i,9=t,30=n,25=s,5=l,6=e,02=r,45=a,31=o,34=c,35=e,43=a,46=w,21=m,33=s,09=x,36=n,23=f,3=k,04=u,01=b,8=y,24=h,08=p,29=q,41=z,32=g
0	158	-3.055601	1	30	ietieesiumtipiisttenei|stallnusabetibusateubritineie|lauontsaima|iiaiianuieuada|mnaluliztionliifmn|ioeriefinliinutinlin|ietuiimaix|istnaausioq|saiiegeperayiaima|ofttnicaiuniiuonuiiaistiiknn|lwiniiuieetalbi|tdnliiabaiuicinutalionfistuiciliiaristcuininmalunliiuofininiiaioan|tminilikainei|mtioilihainei|ontsainma|tdlinimamudiuiefsdoienn|tisgiu|nfsontaaidebaiulyrnauieiiimandbiiuainesgi	0=i,31=e,9=t,30=e,25=s,5=i,6=u,19=m,24=p,21=s,11=n,13=a,45=l,35=a,14=b,33=t,36=r,43=n,23=o,15=d,46=z,16=f,1=x,18=q,34=g,32=y,8=c,29=k,41=w,49=h
0	159	-3.180162	0	30	lsleoiitsgonosgfeui|sgennetsacftictzetutcphinuiu|netmetseisa|iieiiaetlkaie|seantnattouciiiksn|otetletdciiiettaxiin|lstiisad|oseeatsouq|zeilenonlteyieisa|mkggereiteiitmetiiaosiiben|nwiniitlesenci|tinniiacaitrintgenouetostraiiiaposqtdiesanteniitmkdiniiaotie|gsaanogedei|sgoanagedei|metseiesa|tindisestiitletsimiune|toent|nksmegaeiiucaitnypnetiuiiisaniciiteatoen	03=l,19=s,13=e,02=o,5=i,6=t,9=g,45=n,30=f,11=e,31=u,25=s,35=a,14=c,33=t,21=z,36=p,09=h,43=n,23=m,16=k,15=i,04=a,01=d,34=x,8=q,32=y,08=r,29=b,41=w
0	161	-3.159577	8	22	qilqiefauillfrcnillebieip|nzierdtiunstreqetruniieeeeiuireuxdeeisi|rteuneiieentetlep|aieaetiuqiuette|iliiedorcrueefeiiratuilre|feeieuqiiubiratiueemerare|qiluaileci|filiiieeoncneih|niieceierefrequieentetlep|neiulliiyieoiiauneiiuaecnilanliire|rdideauqieiliertrp|eeiderastreauydeuliercneiiiufiluymassufilhubitiiledoiiraoneiubideaecneeti|lilmedcnliebieip|illfedcrliebieip|neiieentetiilep|eeidciitlieiluiauqiiuntgesireii|eefiero|reiungeiiletetsiireaursneureieusiatledeitrauiemeefierp	03=q,1=i,9=l,3=e,02=f,55=a,6=u,4=r,50=c,2=n,01=b,5=p,59=z,54=d,51=t,53=s,09=x,56=o,04=m,8=h,08=y,52=g
0	162	-3.558729	8	24	lidliclasedrlaumadriloig|awcupnyatnuiliinueaoiiiiyzielrpiigiq|unieaioiianinrif|scsinyliyinni|doipbumueiilaiousnedui|laiicelioelousnyiiluiusui|lidesdimq|ladocibamaik|aoimicuilauiliecianinrif|aiyrrolhcboseaioesimadsaroui|upguiselicdcunuf|iiguiustnuiselhpiercumaioyladelhlustteladhelonoripbousbaiylopisimaiinq|rdluipmarcloig|drlaipmurcloig|aioiianinorif|iigumonrcdegblioeanxitzio|iilacub|uiyaxiorinintouiseutaieuicetgsdipigzsecluiilacuf	0=l,3=i,19=d,13=c,2=a,55=s,6=e,9=r,4=u,50=m,11=o,15=g,59=w,54=p,51=n,16=y,53=t,14=z,1=q,5=f,56=b,18=k,8=h,52=x
0	163	-3.263787	8	29	fdfutendatansdaitur|szuaosescsaifisansliiiieminkoiiriq|asinsiliissisaig|eueisefeissi|dlioyananiitilaesndai|tiiunflntmeseiihiaeai|fdnedinq|tdluiysnsix|sliniuaitaifnuissisaig|sieaalpuylensilneinsdesalai|aoraienfuduasag|iiraiaecsaienpoinauansiletdnpheccntdwntrldioylaeysietraieinsiisq|adhionsautur|dationaautur|siliissislaig|iiranlsaudnryflnssbicmil|iituay|aiesbilaisisclaienacsinaiuncredioirmenuhiituag	03=f,19=d,13=u,02=t,55=e,6=n,9=a,4=a,50=n,2=s,3=i,01=t,15=r,59=z,54=o,51=s,16=e,53=c,11=l,14=m,09=k,1=q,5=g,56=y,04=h,18=x,08=p,8=w,52=b
0	164	-3.275171	8	20	ueinueieupfinnuyconneuiieig|pnierdtiapetreueetraoieeeeiaireaundeeimi|rtealiieepietneg|siesetiaueiaette|iniiedfrcraeeuliirstainre|uleieaueiiauiirstiaeeurersre|ueinasineci|uoniiieefpulix|oieceiereuyeueaieepietneg|lianniiuxiefiisaliiaseconsbiire|rdidesaueieiniertrg|eeidersmtresauxdeaniercliiiauonauxursmmauonxauiitiinedfiirsfliauiidesecleti|ninuredcbieuiieig|innuldcrnieuiieig|liieepietiineg|eeidciitnieinaisaueiiapiwemireii|eeuoerf|reiapliinetetmiiresarmlareieamistnedeitrsaieureeuoerg	0=u,3=e,1=i,9=n,25=p,56=f,24=y,50=c,21=o,5=g,4=r,54=d,51=t,6=a,53=m,23=l,55=s,8=x,29=b,52=w
0	165	-3.438020	8	24	detdeilorettluncttigeiep|fteiuaserfisuidisurceiiiiereuirwaiieme|usirbeeiifeistip|oeioiserderissi|eteeiayunuriilieeuosretui|liieirdeergeuoseriikiuoui|detroetine|leteeeiiyflieq|ceinieiuiluidreiifeistip|bertteeheiyeeorbeeroinctozeeui|uaeaiordeieteiusup|iieaiuomsuiorhairteiunbeeerletrhkommrletqrgeseetiayeeuoybergeaioinbise|tetkianzeigeiep|ettlianuteigeiep|beeiifeiseetip|iieaneesteietreordeerfeximeuiee|iileiuy|uierfbeetisismeeuiorumbruieirmeostiaiesuoreikiileiup	03=d,1=e,9=t,3=i,02=l,55=o,6=r,4=u,50=n,21=c,01=g,5=p,25=f,54=a,51=s,09=w,53=m,23=b,56=y,04=k,8=q,08=h,29=z,52=x
0	166	-3.540309	8	26	lemlealcpmtlkdftteluex|ctairsncesieleesiefaeeenheeltreexeq|iseeoueecastez|sasesnlenesse|muerpidieeelouissemie|loeaeleueluissneelieisie|lemesmedq|lftuaepclow|fadeaielkeleeaecastez|onttulbapuseouesedftsyuie|irxieseleamaisiz|eexieisgsieselbreetaidounlftelblisggelftbelusuterpuisponluresedoesq|tmlierdyaluex|mtlorditaluex|oueecasutez|eexidustamexpleuecxogheu|eelfeip|iencoutesesguieseigoeieaegxsmerexhsealieelfeiz	0=l,3=e,19=m,13=a,25=c,56=p,9=t,24=k,50=d,21=f,11=u,15=x,4=i,54=r,51=s,16=n,6=e,14=h,1=q,23=o,5=z,55=s,18=w,8=b,29=y,53=g
0	167	-3.190294	8	30	bnbelaunrlsiprrinet|mresosamissibissupeiiiayiukoiitiq|ssiudeiimesrig|aeaisabaissi|neiocsisuiiliesasunsi|liieubeunyasaiixisasi|bnuaniiq|lneeicmliw|peiiesilsibueimesrig|darrefeceaudeuaiiprahesi|sotsiaubenesssg|iitsisatssiaufoiuresidealnufxattulnzunteniocesacdantsiaiidisq|rnxioihenet|nrlioisrenet|deiimeserig|iitsiesrenutcbeumtdtyie|iilesc|siamderisistesiaustdusieuttanioityauexiilesg	03=b,19=n,13=e,02=l,55=a,6=u,9=r,4=s,50=i,21=p,3=i,01=n,15=t,25=m,54=o,51=s,16=a,14=y,09=k,1=q,23=d,11=e,5=g,56=c,04=x,18=w,08=f,29=h,53=t,8=z
0	171	-3.071526	8	35	cocluriosueduosfinq|uwleheauseefleeiuillagokhltn|eeounlbenon|rlrniicantl|oinetedeilungreioez|ulliciiagrealxprez|coirona|uoilniuduny|uinclefuefolbenon|unissidltiriunarnuorusiez|ehtentcloleeeq|lteprseentdhosleduniiuoidxrssiuoyiationetiertuniatensdulem|soxneduslalt|osunedeslalt|unlbenion|ltediesloittciiuernnenm|lulet|eniurnonlesientesuoenostroneneerilxluleq	03=c,19=o,13=l,02=u,55=r,6=i,9=s,4=e,50=d,2=u,30=f,11=i,31=n,5=q,59=w,54=h,51=e,16=a,53=s,33=l,14=g,36=o,09=k,15=t,32=b,35=n,56=t,3=z,01=a,04=x,34=p,8=y,08=d,1=m,52=r
0	175	-3.064600	7	37	gngerlantrilkttouad|rteimcoremopciakepaamswmpta|icsduprecte|leleuagoete|nueisiliapramlcaniq|rpeaguanmlcopubliq|gnalnen|rnueearray|kelabohosexcene|dottucesuladualernlfuiq|imtiesgeneicid|ptibliciescmsteilduornaculiiarnyantuneisuilsdontieildeu|tnueilfenet|ntreilitenet|duprecute|ptiluctenatsguartdimaz|preis|iaarduteeciuiesiidaiasitlneiacilaeupreid	03=g,19=n,13=e,02=r,55=l,6=a,9=t,4=i,50=l,21=k,30=o,11=u,31=a,5=d,25=r,54=m,51=c,16=o,35=e,14=m,33=p,36=s,09=w,15=t,23=d,56=s,3=q,01=n,04=u,34=b,8=y,24=h,32=x,08=c,29=f,53=i,1=z
0	176	-3.162797	6	21	seilseiestonillstrstillesiieig|tzierriintpcuseechtiieeeeiniunslmeeipi|rienteiieetcecleg|oieoecinseinecce|iliiemarsheesteiiroinilu|steeienseiinsiiroiineesurme|seilnoiledi|stiliiieeatdteiy|tiiedeieustusenieetcecleg|teinlliisyieaiionteiinoedtilotliiu|rkmeonseieilierir|eeimeroecuonsymenliersteiiinstilnsysroepnstilynsiiciilemaiironteinsiimeoedteeci|lilsumdtliesiieig|illstemdwiesiieig|teiieetceciileg|eeimdiiclieilnionseiintcbepiuii|eestiern|uintbeiilececpiiuonretenuienpioclemeicraiesuestier	0=s,3=e,1=i,9=l,2=t,55=o,6=n,45=r,5=g,59=z,53=p,51=c,43=u,46=h,54=m,56=a,50=d,8=y,41=k,49=w,52=b
0	177	-3.141843	6	26	silsiemdeillmamillefieib|ckieaaiiecousseuxciieeeeieisezneeioi|aieeceiieecueuleb|diedeuiesieeuue|iliientageeemeiiadieils|meeieesiiefiadiieeegeane|siledileri|miliiieetcrceiw|ciiereiesmsseieecueuleb|ceielliipietiideceiiedercildcliis|aqnedesieilieaia|eeineadeusdepneelieameiiiemilepgdooemilwefiuiilentiiadeceiefinederceeui|lilgenrcliefieib|illmenryiefieib|ceiieecueuiileb|eeinriiulieileidesiiecuheoisii|eemieae|siecheiileueuoiisdeaeceesieeoiduleneiuatiegeemiea	03=s,1=i,9=l,3=e,02=m,55=d,6=e,45=a,01=f,5=b,2=c,59=k,53=o,51=u,43=s,46=x,09=z,54=n,56=t,04=g,50=r,8=w,08=p,41=q,49=y,52=h
0	178	-3.189382	7	28	iemiesiuanmeiuciumeeired|uksccrnustoieetpureeeelhenieneedeq|csnuereeuteteex|asaetlielette|mrengcipeeiuercalmo|iueesniernircarneeiocne|iemnameaq|iumrseguauez|ureaesoiuoienseuteteex|ueleerifsgranuernaeaumauero|cwneaniesmschx|eedocaetoanifnenesciuerliumnificaesniumfnirtreengrcanuelirneaeaueetq|emionauesired|meiuenaysired|uereeutetreex|eedcirtesmndgiernutbesher|eeiuscn|olubereetetsroanceuenosnsdamenedhansioeiusc	0=i,3=e,19=m,13=s,2=u,55=a,6=n,9=e,45=c,11=r,15=d,59=k,53=s,51=t,43=o,46=p,16=l,14=h,54=n,1=q,5=x,56=g,50=a,18=z,8=f,41=w,49=y,52=b
0	179	-2.961647	7	33	alaucelliciclieaur|nxuiiulnstraetynueeeemdelhneereb|iulneueentetiep|eueetmamette|luensigleeceuiemlr|ceeulauladetmeegeine|alleletb|cluuesntnef|nueteurcraluentetiep|nemiiuousuelneuleetnleniur|iwneelauluidp|eerrieetreloneliuiceumcllogesslclzlarulensuielnemarreetneetb|ilgentniuaur|licentquaur|neueentetuiep|eeriarlullrsaulntkesdeu|eecuil|rmnkeuietetsurelienelrulsrelenerdelugeecui	03=a,19=l,13=u,02=c,55=e,6=l,9=i,45=i,3=e,01=a,15=r,2=n,59=x,11=u,53=s,51=t,43=r,46=y,16=m,14=d,09=h,54=n,1=b,5=p,56=s,04=g,50=t,18=f,08=o,41=w,8=z,49=q,52=k
0	180	-3.402566	6	24	eliselilenfissezbkssleiilig|nsilrriiunlctellcxkilllliuituesallipi|rilumiillnilcslg|oilolciueliulccl|isiilafrexllemiiroiuist|emlilueliiueiiroiiulletral|elisuoislbi|eksiiillfnemid|kilbliltezleluillnilcslg|miussiiedilfiioumiiuolbksohiit|rwalouelilisilrir|llialrolctouedalusilremiiiueksuederolpueksdueiiciislafiiroumiueiialolbmlci|sisetabhileiilig|issemabyileiilig|miillnilciislg|lliabiicsilisuioueliiuniqlpitii|lleklru|tiunmiislclcpiitourlmutilupiocslalicrfiletleklr	0=e,3=l,1=i,9=s,25=n,56=f,24=z,50=b,21=k,5=g,45=r,6=u,51=c,43=t,46=x,54=a,53=p,23=m,55=o,8=d,29=h,41=w,49=y,52=q
0	181	-3.047625	6	28	tiltiedrailldudillebieis|mlieuuiiamenetenxwieeeeiaieagneeioi|uieaciieemienles|riereniatiaenne|iliienaupaeedeiiuriaile|deeieatiiabiuriiaeepeune|tilarilesi|diliiieeamdeih|wieseieedetaieemienles|cialliiyieaiiraciiareswlrqiie|uzneratieilieuiu|eeineureneraynealieudeiiiadilayprooadilhabiniilenaiiuraciabineresceni|lilpensqiebieis|illdenskiebieis|ciieemieniiles|eeinsiinlieilairatiiamifeoieii|eedieua|eiamciilenenoiierauecaeieaoirnleneinuaiepeedieu	03=t,1=i,9=l,3=e,02=d,55=r,6=a,45=u,01=b,5=s,25=m,51=n,43=e,46=x,21=w,09=g,54=n,53=o,23=c,56=a,04=p,50=s,8=h,08=y,29=q,41=z,49=k,52=f
0	182	-3.129348	7	30	lidliilbadnlwtonnilein|bnisseebisaliiskoiiiicpielnriiniq|sieueiibisnih|titisclicissi|deiraslkiiluestcda|luiielieelesteeiilasri|lidetditq|loneiiabluz|oitiialwilieiibisnih|ucnnelgiaeteueetitontfea|sxriteliidisph|iinastisatelgrienislueclonelglstimelongeleseniraesteucleritituisq|ndlartfilein|dnlurtyilein|ueiibisenih|iinslesnidenalieebnumpie|iiloise|acbuenisismeatesiueaiemntdirinpteilailois	0=l,3=i,19=d,13=i,25=b,56=a,9=n,24=w,50=t,21=o,11=e,15=n,45=s,6=e,51=s,43=a,46=k,16=c,14=p,54=r,1=q,23=u,5=h,55=t,18=z,8=g,29=f,41=x,53=m,49=y
0	183	-3.066730	7	34	ycyilsacrlelcreniu|nrieeianeuryeuzkieeeateamseeueo|eialieeniureq|siseuayaeuue|ciesdegaeeleiesacr|leeiayiantsuaeegeese|ycasceto|lciiednlex|kiteirlryaieniureq|larribidisaliasetkrspir|ewsesayicietq|eeureseursabsearieleialcabgsooalchanuicesdiesalanursetleuo|rcgestpiniu|crlestfiniu|lieeniuireq|eeuenucicaudyianulotei|eeliea|ranlireueuoirsaeelariaousceseutsaigeelie	03=y,19=c,13=i,02=l,55=s,6=a,9=r,45=e,3=e,01=n,15=u,25=n,11=i,51=u,43=r,46=z,21=k,16=a,14=t,09=m,54=s,1=o,23=l,5=q,56=d,04=g,50=t,18=x,08=b,29=p,41=w,53=o,8=h,49=f
0	184	-3.044852	6	28	ernermaetinneaceainnmiirq|akisaoitanoselobaiillitistenalini|cigarilaouinu|eiunoitertuioz|iniiuctcebleariceitins|ealigeriteiiceiitlescaz|ernteinuei|eainiiilfayard|aiiuersmasegilaouinu|artnniiediutiietariteueaineaniis|cwauferrnisoc|liasenosetedagnisyariiteaintedeceugeaindteiioiinuctiicetarteiiaunyaloi|ninesayanimiirq|inneauceximiirq|arilaouiiinu|liayiionirntieteritaopursii|leaisf|sitaprinuiuiniisetchgsignieonusiocfimsmaisq	0=e,31=r,9=n,30=m,2=a,55=e,6=t,1=i,45=c,5=q,59=k,34=s,54=a,51=o,53=n,43=s,33=l,46=b,36=g,35=u,3=z,56=f,50=y,8=d,41=w,49=x,52=p,32=h
0	185	-2.963204	5	32	rilriousailltntilloiisq|uzieuaiauraireiwuiinniaiiapuniri|nicusinuaeile|sieraiariaeiay|iliienandantsinsiaili|tnicriiabinsiiandesi|rilasileb|tiliiintumush|uiierieouirainuaeile|usalliifieaiisausiasetilsuliii|nkuetrisliean|niuesraisafucliemusiiatilafdsrratilhabiaiilenaiinsausabiuermunai|lildentlioiisq|illtendlioiisq|usinuaeiiile|niumiialislaisariiauagesiii|ntiet|iiaugsileieiriiisanxciicrisaleiiantioiouieq	03=r,1=i,9=l,30=o,2=u,55=s,6=a,02=t,45=n,31=s,5=q,59=z,34=e,54=u,51=a,53=r,43=i,35=e,46=w,33=n,09=p,36=c,3=y,04=d,01=b,56=t,50=m,8=h,08=f,41=k,52=g,32=x
0	186	-3.003498	7	34	eireioutloreuneuoroiic|uzennilumarelafuillknterylai|neluiesauou|tetuileiluae|oiunlnefleuintalor|euleleikeintillernyq|eirltoueb|euoieulupuis|uiueiwouretesauou|uilrrieseditluiktueuoturir|nxyudeiirennc|larntunudesytreneuiileuolesentuteuosleiairunlintluileiyumpulab|roerypureeiic|oreuunegeeiic|uiesauiou|laneiareoladeikuahuiri|leuenl|rkuhioueamirtlnstrelmatourantleerouen	0=e,31=i,9=r,30=o,2=u,55=t,6=l,19=o,45=n,11=i,5=c,59=z,13=e,53=m,51=a,43=r,33=l,46=f,16=k,14=n,36=t,54=y,15=a,32=s,35=u,3=q,1=b,50=p,8=s,34=w,56=d,41=x,49=g,52=h
0	187	-2.963191	3	36	rlreuuellusullyich|nkessienpatrioeniaafobgmarc|seencedaili|ueuiierfire|liisesteaucouaelt|uaeerienouafatout|rleulin|ulieienqncx|niiretutreedaili|ncellicesiuencfuiulunlit|swmisrelesoh|artsuioiscmblesucieulectuppeulxenriliseisuencenrtuiuaaz|lltisulener|lluistlener|ncedaiili|arsnrlelersrienadicti|auese|tfndclieapituesdbteeprulitroueetaues	03=r,19=l,13=e,02=u,55=u,6=e,9=l,45=s,30=y,11=i,31=c,5=h,2=n,59=k,53=p,51=a,43=t,35=i,14=o,33=a,16=f,36=b,09=g,54=m,15=r,32=d,04=t,01=n,34=o,50=q,8=x,08=c,56=s,41=w,1=z,52=d
0	188	-3.127087	6	31	ensenoiaisseyprssoiinq|isisutilicirettxrittilirlesutini|dibaiitiicisc|eicntilenlcitz|isiicdldexteaiideilisr|eanbenileiideiilterduz|ensleiscei|ersiiitaieaim|ricensoyobitiicisc|ailssiiemicliielaiilecersegiir|dwucaennsistd|tiusentrelemubsispaiiilerslemedecbersmleiitiiscdliidelaileiiucnpacii|siserupgioiinq|isseauphioiinq|aiitiiciiisc|tiupiitsinslieleniliifcnrii|tersa|riliaiisciciniireldkbribnietscritdaiororsq	0=e,31=n,9=s,30=o,25=i,56=a,1=i,24=y,50=p,21=r,5=q,34=s,54=u,51=t,6=l,35=c,43=r,33=t,46=x,53=n,45=d,36=b,23=a,55=e,3=z,8=m,29=g,41=w,49=h,52=f,32=k
0	189	-3.052354	5	35	uieuiuidieetetieeuiioy|ieilclisiniruniwtissisirsdcsiri|eiaoiisiinien|ainrlisuisnilz|ieiinesensstoieaisier|tsiauiisbieaiissnlar|uiesaienb|tieiiisditok|tinuiluquaisiinien|oiseeiiminsiiasoiisantieafiir|egcnduioeille|siclarlrasmcaeilhoiiistiesmnarrstieksbiliienesiieasoisbicnrhonii|eienneteiuiioy|ieetneneiuiioy|oiisiiniiien|sichiileioesiasuiisiixnorii|stild|risioiieniniriirasepariarialenrilediurutly	03=u,1=i,9=e,30=u,25=i,56=d,02=t,45=e,31=o,5=y,34=l,54=c,51=l,6=s,35=n,43=r,46=w,21=t,33=s,09=d,53=r,36=a,23=o,55=a,3=z,04=n,01=b,8=k,24=q,08=m,29=f,41=g,50=h,52=x,32=p
0	190	-3.251378	8	37	auiauosdrianfmiiouuo|siessulsecoingmeiulcraibipu|selauisenie|teteulaulepe|rueslsagiaausttrm|aaurautaustuliamsbk|auiltreaq|amiueelsaax|mefuhonoreynere|atiiualedutlaulteamitdum|swbedauuiesco|ipmstecedalbriesaautamilalasteramillaunuieslustlataubecfaeu|irambfdeauuo|riaabfzeauuo|auisenuie|ipsaunierlpdautspaccuq|iamhd|mtsauieencumtlsyrmelcptrempctleamomho	0=a,31=u,9=i,30=o,25=s,56=d,19=r,24=n,50=f,21=m,11=u,5=o,13=e,45=s,6=l,35=e,14=c,33=i,51=n,46=g,36=r,54=b,15=p,23=a,55=t,16=t,43=m,3=k,1=q,18=x,34=h,32=y,8=l,29=d,41=w,53=c,49=z
0	191	-2.892314	4	39	lnlieaindesendoesh|ldisseilucontprinsicrgknes|siidenlitdu|aiaueilauei|neusisoinescatinm|eniileitcatanomam|lnianut|eneiuilesb|riwsmoyoriptunu|daddeziceaideiauenafem|sxkuclinisch|nemsaucuczkrdiseseienizoauuienbiteenusiesaidatemauentq|dnouseditie|ndeusoditie|denlitedu|nesteniniecleileducsq|neisi|maldeduituemaisprmiiueanumecaiioneis	03=l,19=n,13=i,02=e,55=a,6=i,9=d,45=s,30=o,11=e,31=s,5=h,25=l,35=u,14=c,33=n,51=t,46=p,21=r,36=r,09=g,54=k,15=e,23=d,16=a,04=o,43=m,01=t,34=m,8=b,50=w,24=y,32=p,08=z,56=c,29=f,41=x,53=u,1=q
0	193	-3.136744	1	20	guaguiseetaasresuaaiouiue|deauirereuuleieurigieurluuiiiiutrinaeriiueiu|reuiliuuiideuieuaie|eeuieeieuuniupeueui|uauuierexempisiuureeeutari|siiuiniuunuureeeuupimireeri|guaheuaieo|suauuuiielesiuc|duuieguirisrigtiideuieuaie|diufauukuietueeliuuheiesuaeedauuri|reruerieeniuiuauireure|iiuerireeeieurieencerifuiresiuuunduancmeeeieinduacnuueuuuaieretureeeliunuuerieeiesiieuu|auamieresauiouiue|uaasieremauiouiue|diuuiideuieuuuaie|iiuereoueuauiuateeniuuleuedieiuriuu|iisuireq|riulediuuaieuieueiuurieexeidixiuihiueeeuaieriueureetimiisuire	03=g,1=u,9=a,3=i,02=s,5=e,61=t,4=r,01=o,2=d,62=l,60=n,63=p,64=x,04=m,65=h,8=c,69=f,08=k,6=q
0	194	-3.230864	3	23	nesneantiipmmntlintsmenuer|timaliliuxieideneeidxueeeefdecmileereq|liaxeueetiaisei|iiaiieiucefeira|sueiliginlyenteuliiifsle|nteeaceuculiiiuyenleliile|neshiseinq|ntsuaeixintez|tueinealentlenepeetiaisei|tefmmunoaiprixeuhieintsiitmule|lilrleiiceasalidi|eerleliiieideiicoilebalinteufntsconliiieiectsocuiuseilipdiiixefnuileiieinteeiu|msnleilintmanuer|smnteilinlmanuer|teueetiaiusei|eerlinuisaspiiceuxirteiedeu|eentalik|leftiteumeiaireuleiigietegeaheriiseilerdiipenleentali	0=n,3=e,19=s,13=a,2=t,5=i,61=p,9=m,4=l,11=u,15=r,62=x,14=d,16=f,60=c,1=q,64=g,63=y,65=h,18=z,8=o,69=b,6=k
0	195	-3.200572	2	27	pspatiioeetlitseemas|riealilinaieidepeidaneeeegdeueileesex|liaaeneeriaisei|iiaiieinuegeisa|sneilificqetenliiigsle|teeauenunliiinqeceliile|pshiseim|tsnaeiaitez|rneipaletlepoeeriaisei|regeenyaiosiaenhieitsiirenle|lilsleiiueasalidi|eesleliiieideiiubilewalitengtsubciiieieursbuninseiliodiiiaegmsleiieiteein|esceiliteamas|seteiliceamas|reneeriainsei|eeslimssasoiiuenaisreieden|eetalik|legrireneeiaisenleiifierefeahesiiseilesdiioeceetali	03=p,19=s,13=a,02=t,5=i,61=o,9=e,4=l,3=e,01=m,15=s,2=r,11=n,62=a,14=d,16=g,60=u,1=x,64=f,04=c,63=q,65=h,18=z,08=y,8=b,69=w,6=k
0	196	-3.085278	1	20	nelanelentimaangindaaenlleli|talesisillcieilseneeilsclleeeelmseuaiseeliel|silecelleetleilaei|iileiieilluelyilile|lalleisirinsyenpllsiiilmase|npeleuellullsiiillyensesiise|nelafilaeinl|ndallleeicinplo|dleinelesengenemeetleilaei|plzallnoleimliicellfieindaiibllse|sisliseiiuelelalesilsi|eelisesiiieilseiiuoisezlesinpllludauonsiiieieudaoullilllaeisimlsiiicelulliseiieinpeill|alanseisinblenlleli|laanpisinsalenlleli|plleetleilllaei|eelisinllilalelamiiuellcilipielsell|eendesix|selcipllaeileiliellseiirieprelefeliiilaeiselilsiimenseendesi	0=n,3=e,1=l,9=a,25=t,5=i,61=m,24=g,21=d,4=s,62=c,60=u,63=y,64=r,23=p,65=f,8=o,69=z,29=b,6=x
0	197	-3.140491	1	23	rnurnimeesuumtemnuuionine|gunitetenndeientirientdnniiiinstiauetiinein|tenidinniignienuie|eenieeiennainceneni|nunnietefelciminnteeensuti|miiniainnannteeennciliteeti|rnuyenuieo|mnunnniiedeminb|qniernitimtirsiignienuie|pnxunnkniesneedinnyeiemnueehnnti|tetnetieeaininunitente|iinetiteeeientieeabetixniteminnnaquableeeieiaqubannennnuietesnteeedinannetieeiemiienn|unulietemunionine|nuumietelunionine|pnniigniennnuie|iineteonenuninuseeainndenepeintinn|iimnitez|tindepnnuienieneinntieefeipfiniyineeenuietinenteesiliimnite	03=r,1=n,9=u,3=i,02=m,5=e,61=s,4=t,01=o,25=g,62=d,60=a,63=c,64=f,04=l,65=y,8=b,21=q,23=p,69=x,08=k,29=h,6=z
0	198	-3.131426	3	27	siusirscepeesfesseeisnil|certetendeiemisiiemdniiiiamiaeetiiliq|terdiniicreuie|eereeienaiaielr|unietexesthisonteeeauti|soirainanteeenhistiteeti|siugeuiesq|ssenriedesoy|sresirtisfisipiicreuie|oaeensbrepledingeiesseeeknti|tetltieeairurteme|iiltiteeeiemieeabetiwrtesonasseabsteeeieiasebanenuietepmeeediasnetieeiesoien|eustieteskrsnil|uesoetestersnil|oniicrenuie|iiltesneurupeeaindeloeimin|iissitez|tiaconeierelintieexeioxirgileeuietilmeepistiissite	0=s,3=i,19=u,13=r,25=c,5=e,61=p,9=e,24=f,21=s,11=n,15=l,4=t,62=d,14=m,16=a,60=a,1=q,64=x,63=h,23=o,65=g,18=y,8=b,29=k,69=w,6=z
0	199	-3.082093	2	30	kskineesddnrensdicia|edireretueiemikiemutiiiilmitderiiaib|reiuitiieiesie|eeieeiettilieai|stierepenfinitreeelsri|niiititttreeetfinireeri|ksyesiec|nstiieueniz|wiekirinriksiieiesie|glddthiesaeuityeienseextri|rerarieetiisireme|iiarireeeiemieetaerioirenitlnstaneeeieitwdattetsieresmeeeuilcarieeieniiet|dsnierendicia|sdnierendicia|gtiieietsie|iiarecasisseetitueageimit|iinireq|rilegtdieieaitrieepeigpiiyiaeesieriameesiniinire	03=k,19=s,13=i,02=n,5=e,61=s,9=d,4=r,3=i,01=c,15=a,25=e,11=t,62=u,14=m,16=l,60=t,1=b,64=p,04=n,63=f,65=y,18=z,21=w,23=g,08=h,29=x,8=a,69=o,6=q
0	200	-3.287608	5	23	alsaluriiossarniaressueeli|risefinieeditenupiendeeppeonmasinpeil|niemrleprietest|iietiteeclzieiey|eseetniqianzurleniiieosny|arpemaleceeniiieezunfiiny|alsgiestae|areseeepidiarlh|reetalfurnumeprietest|rlwseeahetoeiidlegitaresiirseeny|nineinticllsefieni|peinfiiitentichinmsefiarleecreschaniiitmareshceeieeestnioeniiidlceeintitarpiee|sesantniarseueeli|essartnianseueeli|rleprieteeest|peiniaeeieselsoiicledieirtlnle|parefix|nldirlesteteilentiqikmnlmiliiiestnlieniiounparefi	0=a,31=l,9=s,30=u,2=r,5=i,61=o,4=n,1=e,34=f,62=d,35=t,33=p,36=m,60=c,63=z,3=y,64=q,65=g,8=h,69=w,6=x,32=k
0	201	-3.011086	5	28	piapioneemaasnesiaaoiile|neaideneiiteuinoseintiissimnefensiel|neienlisneiuiau|eeiueuiialceieiq|iaiiuneberconlineeeimanq|ssiepiiaiineeeiicondeenq|piageiaux|siaiiisetesly|niiupidonnoeisneiuiau|nlwaiikiumieetligeusiaeenaiinq|nenienueallaideine|siendeeeuinueayeneaidesliianiaayreeeuesiayaiieiiiaunemineeetlaiienueusseii|aiarunesaioiile|iaasuneraioiile|nlisneiuiiiau|sienexieiailameealiteienulnli|ssideh|nltenliauiuielinuebezenleeleeeiaunleineemonsside	03=p,1=i,9=a,30=o,2=n,5=e,61=m,02=s,4=n,31=l,34=d,62=t,35=u,33=s,36=e,09=f,60=a,63=c,3=q,64=b,04=r,65=g,01=x,8=y,69=w,08=k,6=h,32=z
0	202	-3.291425	6	29	eeneepriitnneroiersnplei|rinuoioilfistpaitflaactdenioame|oiufeuniuiss|iiuiislaeximu|slsoihieoxpretiiicsoy|erauaeceloiiilxpoziioy|eenbisseq|erslusfiereg|rlseezpropduniuiss|rewnleguitmifeciisersiirnloy|oiomosiaeenuoiti|amoziiistsiagiodnuoierelarsageoiiisdersgalilssoittiiifealiosiserail|nseosoiernuelei|snersoieonuelei|reuniuilss|amoielisustiiaecrimrseoeq|aeruoik|oefiressuimetsihindoedieiiissoeitiitpoaeruoi	0=e,31=e,9=n,30=p,2=r,5=i,61=t,4=o,19=s,11=l,13=u,62=f,35=s,14=t,33=a,16=c,36=d,15=m,32=n,60=a,63=x,64=h,3=y,34=z,65=b,1=q,8=g,69=w,6=k
0	203	-3.031088	5	34	fdflniioiineindictsi|riileieitsieucniustnntuabienls|eilsslmilide|iiliietasuill|dteeioihucrsuiiitdep|nnlastruiiitucexiiep|fdzider|ndtlesinsy|rteflecrecalmilide|rswitkliolisstiiendiiritep|eieleeiassileiui|nlexiiieueiayieaileinstardayhiiieandyatitdeeiouiiissatieeiennit|idheeinilrll|dineeihilrll|rslmilitde|nleirldldoiiastrilresesq|nnleig|essirsdelilsueioimaesaisiiideesiuiiocennlei	03=f,19=d,13=l,02=n,5=i,61=o,9=i,4=e,30=c,11=t,31=s,2=r,62=s,35=e,14=u,33=n,16=t,36=a,09=b,15=l,32=m,60=a,63=u,64=o,04=h,3=p,01=r,34=x,65=z,8=y,69=w,08=k,1=q,6=g
0	204	-3.180803	5	27	alealogereeayeameeoiile|geideneiicetinoseinciissirnuaeensiel|neiusiisgitiet|eeitetiialpeieiq|ieiitneheanposiineeeirenq|aslualiaiineeeiipondeenq|alexeietai|ameiiiseceasib|mitaldoyouisgitiet|sizeiiabitrieeclixetameeefiinq|nenientealleideine|siendeeetinteabenueideasiiiameabaneeetuamebaiieiiietnerineeeclaiientetastii|eieantneafioiile|ieeaseneaneioiile|siisgitiiiet|sieneaiieieilereealiceieselnli|samdew|nlcesiietitielintehekunlueleeeietnleineeronsamde	0=a,31=l,9=e,30=o,25=g,5=e,61=r,24=y,21=m,1=i,34=d,4=n,62=c,35=t,33=s,36=u,23=s,60=a,63=p,3=q,64=h,65=x,8=b,69=z,29=f,6=w,32=k
0	205	-2.924134	5	32	fiefinaeueetuetieeniile|aeireueiiteniunseiutiissiuuipeusiel|ueiisiisainien|eeineniialceieio|ieiinuedemcnsiiueeeiueuo|tsiifiiaiiueeeiicnureeuo|fiegeienb|tieiiisetetlr|yinfirnkniisainien|sizeiihinuieetligentieeexiiuo|ueuieunealleireiue|sieureeeniuneareuieiretliiayearmeeenitieraiieiiienueuiueeetlaiieunentseii|eiemnueteiniile|ieetnuemeiniile|siisainiiien|sieuebieieileueealiteieseluli|stireq|ultesiieninieliunedewiulieleeeienuleiueeunustire	03=f,1=i,9=e,30=n,25=a,5=e,61=u,02=t,4=u,31=l,34=r,62=t,35=n,33=s,36=i,09=p,23=s,60=a,63=c,3=o,64=d,04=m,65=g,01=b,8=r,21=y,24=k,69=z,08=h,29=x,6=q,32=w
0	206	-3.086695	6	33	ensenayinssezietssaini|ysuuiuiieilsaliseilltsmesiulan|uiuenuhiuiol|iiuiilicnpiau|oiluifieupariuiiitour|ernmenteiuiiiipaudiiur|enskioleg|etsiuleierw|tuiendazamuhiuiol|rtssiebuinaientiiletsiiqiur|uiuaulicnnsuuisi|laudiiilslicbiumsuuieritetscbeuiiilmetsbciiioluinsiiienciiulilerli|soeuluiequeini|oseriuieusueini|rilyuiiol|lauieiiouoniicntyarinung|letdix|uneirisluianslifihmunminiiiolunisiinauletdi	0=e,31=n,9=s,30=a,25=y,5=i,61=n,24=z,21=t,11=i,13=u,4=u,62=e,35=l,14=s,33=l,16=t,36=m,15=a,32=h,19=o,60=c,63=p,64=f,23=r,3=r,34=d,65=k,1=g,18=w,8=b,29=q,6=x
0	207	-3.019454	5	37	xuxatiimlltnituloiei|dlaniniidielosildissalsoinsue|niadeafiaiue|iiaiieineriua|uieniwirrominiiiaunq|tsaneacliiiironbiinq|xuhiuec|tuiaeditet|kaixanoposafiaiue|mallicaimuideaiietuiiginq|ninuneineelanili|sunbiiieleintinslaniteinklntriiiestutniiiuenimliiideniineietsii|lurenitlacau|ultenirlacau|misdaiiue|sunicuuaumiineadumienez|staniy|nedimileaiueleiwifsnesieiiiueneiliimonstani	03=x,19=u,13=a,02=t,5=i,61=m,9=l,4=n,30=o,11=i,31=e,25=d,62=d,35=e,14=l,33=s,16=a,36=s,09=o,15=u,32=f,60=n,63=r,64=w,04=r,23=m,3=q,01=c,34=b,65=h,8=t,21=k,24=p,08=c,29=g,1=z,6=y
0	208	-3.001461	1	20	alioalilaueetooausauioolaiilie|ueoilssiiceleiralleifuiillllitrnoerlieli|silcliillueileiole|eeileeleiinligeieil|ioiilesdeafllauliiseeitor|aullilnliiniiseeiiglarser|aliozeioleai|auioiiilleceaulim|uiilealilrauraltllueileiole|uliyoiiamiletieecliizeleauioeeuoiir|spereenlilioilsis|llierseeleireenmeryilsauliiinuionmaseelelnuiomniieiiiolestiseecliniiereeleaulleii|oioaresauoilaiilie|iooaulesabilaiilie|uliillueileiiiole|lliesaiieioilioteenliiceieulelirii|llauilsh|riceuliioleileieliireedeluldlilzlieeeiolerieisetlarlauils	0=a,3=l,1=i,9=o,2=u,5=e,61=t,45=s,62=c,43=r,46=f,60=n,63=g,64=d,65=z,8=m,69=y,41=p,49=b,6=h
0	209	-3.168586	1	23	dildinaeeollaraillnfinie|pelinrriiceneiudneiqpiinnnnioutleunieni|rincniinnpeineilne|eeineeneiitnigeiein|iliinermesgnaniireeiolu|annintniitiireeiignsnreu|dilheilnef|ailiiinneceaniy|piinedinuaudonnpeineilne|pnixliibineoieecniiheneaileepliiu|rzeueetninilinrir|nnieureeneiueetyeuxinraniiitpiltyseeenentpilytiieiiilneroireecnitiieueeneanneii|lilsneralinfinie|illanerslinfinie|pniinnpeineiiilne|nnierfieiliniloeetniiceiepneniuii|nnainrk|uicepniilneineieniiueemenpnmninhnieeeilneuieireonsnnainr	03=d,1=i,9=l,3=n,02=a,5=e,61=o,45=r,01=f,2=p,62=c,43=u,46=q,60=t,63=g,64=m,04=s,65=h,8=y,69=x,08=b,41=z,6=k
0	210	-3.071451	3	27	eiteiaeneeoccenuentcielis|necauuldeiemieiiemdliiiismiacerisiq|uadiliineaetie|eeaeeielaisiesa|tlieupeehiienilueestr|eniiaailalueelfieruer|eityetieeq|entlaiedeenik|nlieeiarenreioiineaetie|niscclegaeosedilyeieenteenclr|uwereeaiataume|iisrueeiemieeagerbauenilsentageueeieiantgaleltieuomeeediselereeieeniiel|ctereuencaelis|tcenieuezaelis|niliineaeltie|iisueletatoeeaildesnieimil|iienaux|rsnenilcieaesilreepeinipiayiseetiersmeeoierienau	0=e,3=i,19=t,13=a,2=n,5=e,61=o,9=c,45=u,11=l,15=s,62=d,14=m,16=s,60=a,43=r,1=q,64=p,46=h,63=f,65=y,18=k,8=g,41=w,69=b,49=z,6=x
0	211	-3.137586	2	29	pspeullottunustimen|cltennerliltipiltreiiiiatidtlainih|nerieiiclelsil|llellilediailne|seilnflsgiuienllasa|uiiediedenllegisinla|pszlsilm|useeilrluiq|ceilpeauapoiiclelsil|ciattebelonlriezlilusllctea|nwlalldiesentl|iinanlliltilldylaxenuieausdyslllilidcsydelesilnotlllriamnalliluiile|tssilnutemen|stuilnstemen|cieiiclelesil|iinnmnsesolldierlncilitie|iiuenk|aaclcietilelnieallflicifiezinllsilantlloisiiuen	03=p,19=s,13=e,02=u,5=l,61=o,9=t,45=n,3=i,01=m,15=n,2=c,11=e,62=r,14=t,16=a,60=d,43=a,1=h,64=f,04=s,63=g,65=z,18=q,08=b,41=w,8=y,69=x,6=k
0	212	-3.236359	1	24	siuosiuisfetoosmescooisuuiue|fouinnuuleieursiieubcuiiiiutraoeriueiu|nuiliuuiifuieuoie|eeuieeieuuaiuyeueui|uouuienxesbiisduuneeutor|sdiuiaiuuauuneeuuyisrner|siuozeuoiesu|scouuuiielesdup|cuiesiuirsmisitiifuieuoie|dugouuspuietueeliuuzeiescoeequur|nwereeaiuiuouinun|iiuerneeieureeaperguinsduuuacoapsneeieiacopauueuuuoientuneeliuauuereeiesdieuu|ouosrensquisuuiue|uoosdenshuisuuiue|duuiifuieuuuoie|iiuensuueuouiuoteeaiuuleuedeiuruu|iiscink|ruleduuoieuieueiuureexeidxiuiziueeeuoierueunetisriscin	0=s,3=i,1=u,9=o,25=f,5=e,61=t,24=m,21=c,45=n,62=l,43=r,46=b,60=a,63=y,64=x,23=d,65=z,8=p,69=g,29=q,41=w,49=h,6=k
0	213	-3.007169	1	26	ciucileeesuueseiuulmilie|ouilssiiteleincleiqpillllisnauenlieli|siltliilloileiule|eeileeleiialibeieil|iuiilesherbleliiseeisun|ellilaliiaiiseeiiblrlsen|ciuzeiulem|eiuiiilleteelig|pilecilnencslloileiule|difuiikilesieetliizeleeiueexiin|sweneealiliuilsis|llienseeleineeagenfilseliiiapuagreeelelapugaiieiiiulessiseetliaiieneeleelleii|uiurleseuilmilie|iuuelesruilmilie|diilloileiiiule|lliesmieiuiliuseealiiteiedelinii|lleilsy|nitediiuleileieliineeheldhlilzlieeeiulenieiseslrlleils	03=c,1=i,9=u,3=l,02=e,5=e,61=s,45=s,01=m,25=o,62=t,43=n,46=q,21=p,60=a,63=b,64=h,04=r,65=z,8=g,23=d,69=f,08=k,29=x,41=w,6=y
0	214	-2.953502	3	31	nerneansimiingintiienlec|siaeeldieineneeindleeeeonesiiuecew|eadeleesairei|iiaiieilseoeica|rleierinheentleiioru|nteaselsleiilzenueiu|nerpireinw|ntilaeidintq|taineaungenemeesairei|toiilnaaimcidelpieintiiiflu|ekiuiisearaeni|eecueiieineiisaiuyaentlontisaneiieiestiaslilreiemniiideonliuiieinteil|irnuienfanlec|rintienbanlec|tleesailrei|eecenlirarmiiseldictienel|eenteex|uostlieiaiceluiirietreapeciireiucniimenuentee	0=n,3=e,19=r,13=a,25=s,5=i,61=m,9=i,24=g,21=t,11=l,15=c,45=e,62=d,14=n,16=o,60=s,43=u,1=w,64=r,46=h,23=t,63=z,65=p,18=q,8=a,29=f,41=k,69=y,49=b,6=x
0	215	-2.941434	2	32	nsnuseepiisnssiieur|oiunnlteieriniertliiiitriaieuirig|nutiliiouesie|eeueeielaitieru|sliendebaisilneetsu|siiuailalneelaibineu|nshesiee|ssluietesix|yuenuusunpiiouesie|mtiilquepretilheiesseezlu|nweueeaiusunre|iiruneeierieeaceukunsiltssacbeeeieiayicalelsienpreeetiterueeiesiiel|isbiensiueur|sisienbiueur|mliiouelsie|iirnersuspeeailtermeiril|iisunf|utomliieuerilueedeimdiuhireesieurreepibiisun	03=n,19=s,13=u,02=s,5=e,61=p,9=i,45=n,3=i,01=e,15=r,25=o,11=l,62=t,14=r,16=t,60=a,43=u,1=g,64=d,04=b,63=a,65=h,18=x,21=y,23=m,08=q,29=z,41=w,8=c,69=k,6=f
0	216	-3.006104	2	27	eslesateeolletretillaiise|teligeriixeuineseiktiissionalenses|rictsisteiuilu|eeiueuiiasmeieiw|iliiurdeeksetsireeioln|etsicesiaiireeiimanren|eslheiluei|etiliiisexeetsy|tiiuesgatnecisteiuilu|tsbliieyiuoieexsiheuetileetliin|rqeneeassligeir|sienreeuineeayenbigeetsiiatilayereeucetilyaiieiiiluroireexsaiieneeuetseii|lileneretliaiise|illeturefiaiise|tsisteiuiiilu|siereiieilisloeeasixeietusnii|setigez|nixetsiluiuiesineedepcniceseeeilunieireoanatige	0=e,31=s,9=l,30=a,2=t,5=e,61=o,45=r,1=i,34=g,62=x,35=u,43=n,33=s,46=k,60=a,36=c,63=m,3=w,64=d,65=h,8=y,69=b,41=q,49=f,6=z,32=p
0	217	-3.167897	2	30	siasimalltaaniniaamiinl|alaisliiicluiesuifaiippiteealenln|iidanipaliuiau|lliuluiienklilig|iaiiuioltkmaniillitae|npidsiieiiilliikmeile|siayliaux|niaiiiplclnnr|aiiusismaestpaliuiau|anbaiiwiutillcniyluniallaaiie|iqlellennaislii|pileilluiellerlebislnniieaiaertllludniareiiliiiauitiillcneiilellunplii|aiatuinaimiinl|iaanuitaimiinl|anipaliuiiiau|pilixiliainatlleniclilauneii|pnislh|eiclaniauiuilniellolzdeidlnllliaueiliiltmemaisl	03=s,1=i,9=a,30=m,2=a,5=l,61=t,02=n,45=i,31=n,34=s,62=c,35=u,43=e,46=f,33=p,60=e,36=d,63=k,3=g,64=o,04=t,65=y,01=x,8=r,69=b,08=w,41=q,6=h,32=z
0	218	-2.908940	2	32	etuetoneeduuenuentuoste|neuiuusseiropersspparceuentet|uistimeieti|eeieeisathefi|tsiugeexpentreeeatn|enpiataesueeshonuen|eturetieq|entsiiseentl|nsietbonnecimeieti|ntkuseliedfestaeeienteenusn|uweneeattuiure|pfnueeiriealenkiuentsantaleueeicentlasestiudreeestaseneeienpes|uteneuenuieste|tueniuezieste|ntimeiesti|pfuesetitdeeatanefnitns|peniuy|nanenttiieftriegemcnirteeetinfreedononiu	0=e,31=t,9=u,30=o,2=n,5=e,61=d,45=u,19=t,11=s,13=i,62=s,35=i,14=r,33=p,16=a,36=c,43=n,32=m,60=a,63=h,15=f,64=g,46=x,65=r,1=q,8=l,34=b,69=k,41=w,49=z,6=y
0	219	-3.073334	1	33	zazeiiilrrisiaroeti|uiressepinuoaiupeaanucxiltit|septemieian|iieiinestfire|aenshiyfoutuiiinal|iaestnduiiiefolsil|zakiand|iaeenpiitt|uenzelilzlauieian|utbregeilriptniiniaiiurel|swiliisttresui|arlsiinunistilbesitesuastyiiinciatseieansluiiiptseiliiniaie|raynsireder|arinsyreder|utemieiean|arsdraealiistnuiruntle|aiesq|lnuiutaneirtunihimclektiiianlruiiloloues	03=z,19=a,13=e,02=i,5=i,61=l,9=r,45=s,30=o,11=e,31=t,2=u,62=p,35=n,14=u,33=a,16=n,36=c,09=x,43=l,32=m,60=s,63=f,15=r,64=h,04=y,01=d,65=k,8=t,69=b,08=g,41=w,6=q
0	220	-2.929376	2	31	euleunoeilleaeeallniiue|oligeriitesiremeiyaimmiirnlerueu|ritsiimoisils|eeisesiinuheieik|iliisrzeeymesiireeiilr|esuteuiniireeiihnrrer|euldeilsei|ealiiimeteesic|aiseugnantimoisils|sibliiecisiieetuidesealeepiir|rwereenuuligeir|mierreesireencerbigeesiiinalncereestealcniieiiilsriireetuniiereesessii|lilererepiniiue|illeserefiniiue|siimoisiiils|miereiieiliulieenuiteieseurii|meageq|ritesiilsisieuireezextriteueeeilsrieireinrnage	0=e,31=u,9=l,30=n,25=o,5=e,61=i,24=a,21=a,1=i,34=g,45=r,62=t,35=s,43=r,33=m,46=y,60=n,36=t,23=s,63=h,3=k,64=z,65=d,8=c,69=b,29=p,41=w,49=f,6=q,32=x
0	221	-2.815343	2	34	eiaeiolelaaisiiaaoiiue|lairesiiteniueniwtissilunaeuueu|sirpiislinian|eeineniinuceieik|iaiinsdemcopiiseeilau|isireiiniiseeiicouseu|eiageiano|iiaiiiseteiua|tineiroborislinian|pizaiihinlieetuigeniiaeexiiu|syeueenuuaireis|sieuseeniueenaeuzireiuiintanameeenriiaaniieiiiansliseetuniieueeniseii|aiamnsiaioiiue|iaainsmaioiiue|piisliniiian|siesoieiaiualeenuiteiepeuuii|siireq|uitepiianinieuiueedefruireueeeianuieiselouotre	03=e,1=i,9=a,30=o,25=l,5=e,61=l,02=i,45=s,31=u,34=r,62=t,35=n,43=u,46=w,21=t,33=s,60=n,36=r,23=p,63=c,3=k,64=d,04=m,65=g,01=o,8=a,24=b,69=z,08=h,29=x,41=y,6=q,32=f
0	222	-2.947658	2	37	etuetadimuueziepuuaeti|dulssecinoatiocettroueuiltit|slctlmilian|iiliinestbiol|aensciexteresiiral|ertuetreesiiebalsil|etuyianeg|epuelncierk|pliethazaulmilian|rruueenlimoictriinepuiidel|swiliisttulsoi|tolsiinonisnililsererepusnesiinuepunseieansmoiiictseiliinerne|uaelisedleeti|auerisefleeti|retdliean|toseeialamiistrdoritle|tephiq|lrdreunliotonicimullytiiianlooiimalaphi	0=e,31=t,9=u,30=a,25=d,5=i,61=m,24=z,21=p,11=e,13=l,45=s,62=c,35=n,14=o,33=t,16=r,36=u,43=l,32=m,19=a,60=s,63=b,15=o,64=c,46=x,23=r,65=y,1=g,18=k,34=h,8=n,29=d,41=w,69=i,49=f,6=q
0	223	-3.071029	1	37	tltuiiiossirilsneei|rsurrediamnnimdennumpkileie|rudeuxiuila|iiuiiaemefiau|leartisfnheriiull|inumeubmiiiefnlril|tlzilab|ileuadiiec|cuituliltonruila|husseguioaideuiiailiidel|rwiliimeesurmi|nalriiamaimcilqurieemcsmcsiiiapilcmeielaromiiidemeiliiainie|slsarisubua|lsiarssubua|henruiela|narbaluloiimeurahiele|niury|lurhesauiaemaitixpluzeiiilalamiionlncoi	03=t,19=l,13=u,02=i,5=i,61=o,9=s,45=r,30=n,11=e,31=e,25=r,62=d,35=a,14=m,33=n,16=u,36=p,09=k,43=l,32=x,60=m,63=f,15=a,64=t,04=s,23=h,01=b,65=z,8=c,21=c,08=g,29=d,41=w,69=q,6=y,34=o
0	224	-3.223559	8	23	seilseiestabllstrctillesiieim|twierduikoureseeurkiieeeeibrenldeeioi|ruekeiieetueulem|aieaeuineiyuue|iliiedfrcryesteiiraublre|steeieneiiniirauiyesrerare|seilxuleci|stiliiieeftcteig|tiieceierestresebeetueulem|teipliisgiefiiakeiixoctilatliire|rdideaneieilierurm|eeideraoureangdepiercteiiintilngsraoontilgniiuiiledfiirafteiniideaecteeui|lilsredctliesiieim|illstedcrliesiieim|teiieetueuiilem|eeidciiulieilbaneiikuzeoireii|eestierf|reikzeiileueuoiireahoteheiexeiauledeiurabesreestierm	0=s,3=e,1=i,9=l,2=t,55=a,61=b,4=r,50=c,5=m,59=w,54=d,51=u,62=k,53=o,60=n,63=y,56=f,65=x,8=g,69=p,52=z,64=h
0	225	-3.170841	8	27	hlahlidusaadentlaaiolilz|tqliearlesreihireelliiiilseicaaiilsl|erieilliitriraiz|uliuirlcilkrri|lalliafenekidilleursaei|diilicillclleurlkimieuei|hlayrainl|dlallliiftntilp|tllinilieideihsiitriraiz|tilxallwlifllueillysntlautallei|ealaiucililalierez|iilaieusreiucpaixlientilllctlacpmussctlapcllrllaiaflleuftilcllaiuintiirl|alamiantaliolilz|laadianealiolilz|tilliitrirllaiz|iilanllralilasucillergisleill|iidlief|eilegillairirslleiubstibiliyiluraiailreusimiidliez	03=h,1=l,9=a,3=i,02=d,55=u,61=s,4=e,50=n,2=t,01=o,5=z,59=q,54=a,51=r,62=e,53=s,60=c,63=k,56=f,04=m,65=y,8=p,69=x,08=w,52=g,64=b
0	226	-3.006931	8	30	linlisleuottlearentileim|ezsansaetsailiisaxeiiiiabiitniimiq|asixieiiesistig|usuisaliaissi|neindarayileieausotai|leiisiieieausaiilaiauai|lincstirq|lenesidereih|eeirisaileailioiiesistig|eiattelksdeuxiectrenueteai|anmaiuiisnsasag|iimaiautsaiuikniwsareiealeniklauttienkiesetindeaudeialeniuireiisq|tnlainretsleim|ntleinratsleim|eieiiesisetig|iimarestsnouiiexspitbie|iilesad|aiaepietisisteaiufteifiscimuninimbuoilaiilesag	0=l,3=i,19=n,13=s,2=e,55=u,61=o,9=t,4=a,50=r,11=e,15=m,59=z,54=n,51=s,16=a,53=t,62=x,14=b,60=i,1=q,5=g,56=d,63=y,65=c,18=h,8=k,69=w,52=p,64=f
0	227	-2.995017	8	34	ftfiunattuulettibio|eziulemereuifieursiiiimniatliioiq|ueirisiieeietio|niniemfmieei|tsilsuluyiuisuneatui|uiiiaisasunemiiwiunui|ftcetilq|utsiiseleix|esiliiuiuuifaiieeietio|eimttshissnriscrletnetsui|ulouinaiitiueuo|iiouiunreuinaplikiuleismutapwnrraetpasestilssunseimbouinileiieq|ttwilletibio|ttuillutibio|eisiieeiestio|iioulsetitanaisregirnis|iiuius|uimegistieiersuindreidiiciontilionnaiwiiuiuo	03=f,19=t,13=i,02=u,55=n,61=a,9=t,4=u,50=l,2=e,3=i,01=b,15=o,59=z,54=l,51=e,16=m,53=r,62=r,11=s,14=n,60=a,1=q,5=o,56=s,63=y,04=w,65=c,18=x,08=h,8=p,69=k,52=g,64=d
0	228	-3.300953	8	26	seiuseiestsiuusycouuesiieiq|tuielrnidanleseenldiieeeeiglemureeiai|lnedeiieetienueq|eieeenimeiwnne|iuiierslclwespiilengule|speiemeiimiileniweslelele|seiufnueci|souiiieestspib|oieceielesyesegeetienueq|pikuiisbiesiiedeiifacouexiile|lrireemeieiuielnlq|eeireleanleembrekielcpiiimoumbsleaamoubmiiniiuersiilespimiireeecpeni|uiuslercxiesiieiq|iuusprcluiesiieiq|piieetieniiueq|eeirciinuieiugemeiidnzeaileii|eesoels|leidzeiiuenenaiileehapheiefeienuereinlegesleesoelq	0=s,3=e,1=i,9=u,25=t,56=s,24=y,50=c,21=o,5=q,4=l,54=r,51=n,62=d,53=a,61=g,60=m,55=e,63=w,23=p,65=f,8=b,69=k,29=x,52=z,64=h
0	229	-3.134408	8	29	xlexliutneeuengeeimlils|felieoclasceixicealliiiilneiaeoiilsl|eciailliifliceis|tliticlailzcci|lellioreneziuilletcneei|uiiliaillalletclzipietei|xlekceinl|ulellliirfuild|glinilieiueixniifliceis|tlbellylirlltaillksngethllei|eoloitaililelieces|iiloietsceitadoiblientlllageadptssagedallclleiorlletrtlalloitinticl|elepionhlimlils|leeuioneelimlils|tlliifliclleis|iilonllcelilentaillacqisleill|iiulier|eilaqilleicicslleitwstwilikiltceioilcetnipiiulies	03=x,1=l,9=e,3=i,02=u,55=t,61=n,4=e,50=n,21=g,01=m,5=s,25=f,54=o,51=c,62=a,53=s,60=a,63=z,56=r,04=p,65=k,8=d,23=t,69=b,08=y,29=h,52=q,64=w
0	230	-3.071163	8	33	tenteetlanitwtliietres|lieidunleuieteeuifreeeenpecideesex|iuefereeleuies|rereunteneuue|nredaitizeturiruaiie|tueecercriruneetieirie|tenmuietx|tlireealtuq|leteeietweteaeeleuies|uniirtbearrfermotlirkrie|idsierceeneiuis|eesieirouiercbdeheiturntlicbtirooclibcruriedarirauntrderetueux|intiedtketres|nitudtiietres|ureeleuries|eesitruienarcerfugeoper|eetleia|ienlurieueuorieryouyeemesrnedespraetieetleis	0=t,3=e,19=n,13=e,25=l,56=a,9=i,24=w,50=t,21=l,11=r,15=s,4=i,54=d,51=u,16=n,62=f,14=p,60=c,1=x,5=s,55=r,63=z,23=u,61=a,65=m,18=q,8=b,53=o,29=k,69=h,52=g,64=y
0	231	-2.962395	8	36	ftferaussrlayssipec|rselnsorislifislneiiiiotilsniiciq|lsinieiiressiu|aeaisofoissi|teinclalwirielasusli|riielielelasoiigilali|ftzssiaq|rteeicrrik|yeaielirlifuiiressiu|dossexeceanieziaysadeli|lnclialietelslu|iiclilaislialonimeladeortlogaiilysolesesincelacdopcliaiadisq|stginadepec|tsrinalsepec|deiiresesiu|iiclaessetualienshiitie|iirelc|liordesisisieliabidbiezicatinictauigiirelu	03=f,19=t,13=e,02=r,55=a,61=u,9=s,4=l,50=a,21=y,3=i,01=p,15=c,25=r,54=n,51=s,16=o,62=n,11=e,14=t,60=l,1=q,5=u,56=c,63=w,04=g,65=z,18=k,23=d,08=x,53=i,29=d,8=o,69=m,52=h,64=b
0	239	-2.825652	8	44	kaklnstiinespiiulad|dilesindutueiecleentixsera|eiialedliiu|slsulmatiip|alueresetualesitiep|nelmanotsineonsep|kawiiuo|nallucsag|plsanuquilziuau|aniilclrlscansunasylep|esreurklaleied|erenseieurcsiilesalnnamhoseempihmliliuerlesranoreuesaul|iaouesylolr|ainueseilolr|aledliliu|eresliilatsmandraetaf|enler|eacbaaulieleureeamaiersaueaiestueenled	03=k,19=a,13=l,02=n,55=s,61=t,9=i,4=e,50=s,21=p,30=u,11=l,31=a,5=d,25=d,54=s,51=i,16=n,35=u,14=t,33=e,62=c,36=i,09=x,15=r,23=a,60=m,63=t,3=p,56=r,01=o,04=o,34=n,65=w,18=g,24=q,32=z,08=c,29=y,53=e,8=h,1=f,52=b,64=m
0	240	-3.072028	7	28	uesiueseulngiiulaulsiieussesq|lxseaasscatoueetmlsseeeesgoeideesas|asecesseeltetieq|nsenetseesbtte|sissednaumeeulessansgio|uleeseeessessanssbeuoade|uesiptiers|ulsissseenlrless|lssereseoulouegeeltetieq|leskissussenssncessparlsinlisso|awdeneesesiseasa|eesdeanetonesdekseaulessselsiesuaneaelsisesstssiednssancesessdenerleets|isiuodrliseussesq|siiuledryseussesq|lesseeltetssieq|eesdrsstisesigneessctheasoss|eeulseaf|oschessietetassonzalezesepesntiedestanseuoeulsea	0=u,3=e,1=s,9=i,2=l,55=n,61=g,45=a,5=q,59=x,62=c,53=a,51=t,43=o,46=m,60=e,54=d,63=b,56=n,65=p,50=r,8=s,69=k,41=w,49=y,52=h,6=f,64=z
0	241	-2.929351	7	32	xlixletaniitatliieblels|iwleaalluunexenmilleeeelnecireelul|aleuelleeinenies|aleaenlcelonne|lillersatoetellaalnie|teelecellcllaalloeteare|xlignierl|tlillleesirielh|illereleetexneeinenies|ielzillflesllauellguriliaiille|akreacelelileala|eelreaaeneachrezleatelllcilichtauucilihcllnlliersllaauelcllreaerieenl|iliterriileblels|liiterryleblels|ielleeinenllies|eelrrllnilelinacellunpeulell|eetleaq|elupellienenulleaduiedelegelanierelnasleteetlea	03=x,1=l,9=i,3=e,02=t,55=a,61=n,45=a,01=b,5=s,2=i,59=w,62=u,53=u,51=n,43=e,46=m,60=c,54=r,63=o,56=s,04=t,65=g,50=r,8=h,69=z,08=f,41=k,49=y,52=p,6=q,64=d
0	242	-2.861350	8	35	eiueieesirllestesulieain|skettafolreiilzsaiiiicgisloiinid|tefiaiislillia|ieiilceicilli|uaiouteziiesiaticur|esiiesiasatiayiertoi|eiumllind|esuaeiusnsiq|sainieresreiriislillia|sicllaepeuaifiamonsuislar|twoiisieuetga|iinrtiilrispoixetesiacesuspetiiossupsalaliouatificeaoiiinsiild|lueronsleeain|ulesiondeeain|siaiislilalia|iintealleurisiaflbiogia|iieseth|rcsbialililoaritositieminiuioingirierieset	0=e,3=i,19=u,13=e,2=s,55=i,61=r,9=l,45=t,11=a,15=n,59=k,62=f,53=o,51=l,43=r,46=z,16=c,14=g,60=s,54=o,1=d,5=a,56=u,63=y,65=m,50=n,18=q,8=p,41=w,69=x,49=d,52=b,6=h,64=t
0	243	-2.903814	8	39	nonilrcnnlelonetil|uwieeurisenesguueeeeateanseelep|eireueeusesnep|riresanaesse|ouesdemdeleueraoe|leeiaeuauerudemeese|noxsnemp|louiedumueb|uuemeielenceeusesnep|ueannuhidurreuximuorunue|ekseraeioietp|eeleereseraysezieleualoaymriiauoyausunesduerreatleremueesp|nomesmunitil|onlesmoitil|ueueeusesunep|eeletloiocraeursfeiteu|eelieq|eaufeunesesiuerciueceixelroeseltrcemeelie	03=n,19=o,13=i,02=l,55=r,61=c,9=n,45=e,3=e,01=t,15=l,2=u,59=w,11=u,62=r,53=i,51=s,43=e,46=g,16=a,14=t,60=a,54=s,1=p,5=p,56=d,04=m,63=d,65=x,50=m,18=b,08=h,41=k,8=y,69=z,49=o,52=f,6=q,64=c
0	244	-3.002922	7	31	neieneienprieenqtieeeniieid|peieuuiilstaneetgiieeeeimareneeisi|uieleiieepieteed|siesetireiktte|ieiienrungeenaiiusimea|naeiereiiriiusiikenaune|neiefteeti|nieiiieerpnaic|iieteieanqenemeepieteed|aizeiincieriisleiifstiesoiia|uwnesreieieieuiu|eeineusetasrcnezieunaiiiriercnusesriecriitiieenriiusleiriinesetaeti|eienantoieniieid|ieenantbieniieid|aiieepietiieed|eeintiiteieiemsreiilthesiaii|eenieux|ailheiieetetsiiasysayeiefeisteeneiturienaenieu	0=n,3=e,1=i,9=e,25=p,56=r,24=q,50=t,21=i,5=d,45=u,62=l,53=s,51=t,43=a,46=g,61=m,60=r,54=n,55=s,63=k,23=a,65=f,8=c,69=z,29=o,41=w,49=b,52=h,6=x,64=y
0	245	-2.941213	7	34	nlanliunlaaueulaaidlils|qalieelleisonisgyliiiillouatiilil|elieilliiqlisais|nlinisluilcssi|lallitrerciuillenllao|uiiliuillullenllcirieti|nlapsaiol|ulallliirquila|ylioiliouonliiqlisais|hlfallklirllneillpioyantllo|ewtinuililaliele|iiltienisonuatiflieuillluyauarniiuyaaullsllaitrlleneilulltiniohisl|alaritotlidlils|laauitoblidlils|hlliiqlisllais|iiltollsalilalnuillesmiiloll|iiuliez|olemillaisisillonxihxilipilnsaitilserliriiulie	03=n,1=l,9=a,3=i,02=u,55=n,61=l,45=e,01=d,5=s,25=q,62=e,53=i,51=s,43=o,46=g,21=y,60=u,54=t,63=c,56=r,04=r,65=p,50=o,8=a,23=h,69=f,08=k,29=t,41=w,49=b,52=m,6=z,64=x
0	246	-2.954698	8	38	limlialtcmnlhomnnileid|tnaiiedeualiiukmaiiicsirnniidir|iadieiitaunit|uauiucliciuui|meincilkiilleiucma|lliariereiuezilaini|limpunior|lmneaictllq|maoiaalhilioiitaunit|lcnnelyaceudiepeomnupea|iwniuriamaist|iidaiuiuaurynifailleclmnryliuiermnyreueninceiudicleniuioliur|nmlanopaleid|mnllnogaleid|leiitauenit|iidileunamourieduxiesie|iilmiib|actleniuiueeauselsiapiduminidsuoilailmii	0=l,3=i,19=m,13=a,25=t,56=c,9=n,24=h,50=o,21=m,11=e,15=d,45=i,62=d,53=e,51=u,43=a,46=k,16=c,14=s,60=r,54=n,1=r,5=t,55=u,23=l,63=z,65=p,18=q,61=o,8=y,29=p,41=w,69=f,49=g,52=x,6=b,64=s
0	247	-2.897534	8	41	tatnairuuataauiend|kuntteralutilhoniiiemiduniidis|tnrieiiknluio|iniileteilli|aeinctspiaietieau|aiindiedetiepisitni|tasluils|aaenickaix|onlinuautriiknluio|feuueznceiriesalouimeu|tbniidinantmo|iidutiiluidcnipntaieeaadcsiaadoucdeleuincetirieeduiilfils|uasinlmnend|auainlgnend|feiiknleuio|iidtedanaridierlyiamie|iiantq|uekfeuililaeuiwafwinsidiainidmirisiiant	03=t,19=a,13=n,02=a,55=i,61=r,9=u,45=t,3=i,01=e,15=d,25=k,11=e,62=r,53=a,51=l,43=u,46=h,21=o,16=e,14=m,60=d,54=n,1=s,5=o,56=c,04=s,63=p,65=s,50=l,18=x,23=f,08=z,29=m,41=b,8=c,69=p,49=g,52=y,6=q,64=w
0	248	-2.977808	6	33	eineiuusanneureuennueeim|uqenaielliteribueerreattnarele|resuieruicenc|seclietifiid|eneecroybreuierseant|eureseieteerseefutrad|einkincee|eueneeerhuyuip|ueeceinuuteseruicenc|uiwneeepecaeslieklyuensuneet|rzacheiinenir|reanslitstpasnenyuieetuentperscseuenpteeieencraersliteeaclyurie|nenetayuneueeim|enneucrexeueeim|uieruiceeenc|reayeeineinastieligcitee|reuenh|telgienceceleetsolusteslesincteirheutuuenm	0=e,31=i,9=n,30=u,2=u,55=s,61=a,45=r,1=e,5=m,59=q,34=n,54=a,51=i,62=l,53=l,43=t,33=r,46=b,60=t,36=s,35=c,63=f,3=d,64=o,50=y,65=k,56=h,8=p,69=w,41=z,49=x,52=g
0	249	-2.983029	6	36	lillicuucllaraillciist|ugitdeiorealeixuiinnicanldniri|riiusinueeile|uiereinsmeeq|iliierboxnasiruicla|aniiliiniiruiimcardq|lilpelez|ailiiinsuousy|uiielitcualcnueeile|uskliihieciuosiprouiluuliia|rwdeslisliter|nidtureaunydilitousiinuilnyfurrnuilyniieiilerciruosniiderounei|lilferaliciist|illaerfliciist|usinueeiiile|nidoiielislcunsioedesaii|naits|aiodsileieiriiaubruiaiiriueleaiersicacuitt	03=l,1=i,9=l,30=c,2=u,55=u,61=c,02=a,45=r,31=s,5=t,59=g,34=t,54=d,51=e,62=o,53=r,43=a,35=e,46=x,33=n,60=n,36=i,63=m,3=q,64=b,50=o,65=p,01=z,56=s,8=y,69=k,08=h,41=w,04=f,52=d
0	251	-2.779705	5	45	mlmaraseerirlesled|rwaiilycuimatyleestoppene|iayeaquala|aaaaliemuug|llaictheretausei|reaiesutausenfai|mlbueau|rllaaytreo|rlamairimseruala|rekeldarlayesaarlareli|izparmalaitd|eniiaatardpoeairelirlionaccirloiluleaistarreilpactreux|elnaireauan|leraineauan|reaqualla|eniunlalsaiesrunaeil|erait|isrnelaaucliaccroiabeaueaintassisrai	03=m,19=l,13=a,02=r,55=a,61=s,9=e,45=i,30=s,11=l,31=e,5=d,2=r,59=w,62=y,53=c,51=u,43=i,35=a,14=t,33=e,16=s,36=o,09=p,54=p,15=n,32=q,60=i,63=m,3=g,64=c,50=t,46=h,01=u,04=n,34=f,65=b,8=o,69=k,08=d,56=r,41=z,1=x,52=n,6=t
0	252	-3.058209	6	36	lenlesdoinnlmeannsiieq|dnicraigraillafaillioisnrliri|uipciilditint|nitraisehaay|iniitudefllciiunioni|lcepleisiiuniihsiury|lenbantli|laniiilodlcit|aitlecsmspilditint|ciwniiltitoingeibreannkiii|uzrtoleenicau|lircnrainstrpniceciiisanstluntplantsiiaiintuoiungesiirtrectii|ninlirekisiieq|innlcrexisiieq|ciilditiiint|lireiianienonseigauteiii|llaco|iigueintitiriiindrcdeprinantiiauoisisacq	0=l,31=e,9=n,30=s,25=d,56=o,1=i,24=m,50=e,21=a,5=q,34=c,54=r,51=a,62=g,53=r,43=i,33=l,46=f,61=o,60=s,45=u,36=p,23=c,35=t,55=n,63=h,3=y,64=d,65=b,8=t,69=w,29=k,41=z,49=x,52=u
0	253	-3.002599	6	39	silsimphillataillmiird|pliiclinsleseiguinniteelcnisi|tidriinpieile|uieslierkllo|iliietcognarituitle|anidsiieiituiikmetco|silplleq|ailiiinhparm|uiesiimfmdinpieile|riwliiyietiunripsouluxiie|tzcehsirliilt|niciusleuemcdliioriiieulemausseulmeiiliilettitunreiicesoreii|lilaetalimiird|illaetalimiird|riinpieiiile|nicoiillirltuerinlbereii|naiih|einbrileieisiieucsrcrdsiulleeilthimemuid	03=s,1=i,9=l,30=m,25=p,56=h,02=a,45=t,31=r,5=d,34=i,54=c,51=l,62=n,53=s,43=e,35=e,46=g,21=u,33=n,61=t,60=e,36=d,23=r,55=u,63=k,3=o,64=c,50=o,65=p,01=q,8=m,24=f,69=w,08=y,29=x,41=z,04=a,52=b
0	255	-2.740026	7	47	mlmisrouustsluuear|duitteriusmetreaaitnoyaea|tiraiquele|rireenahuuk|leetlabasatruous|sainaistruiapprs|mlwuues|sleieralz|diaapucuniquele|liuueniterraireslrmes|txyetmilittr|aestretetnynuitsaendungpriindugneueuetotrtlisesresauc|ulpetsuisie|lusetpuisie|leadiueue|aetselilornaidelitac|asitf|sidleueiuiesrlillanierlesetrousudpr	03=m,19=l,13=i,02=s,55=r,61=o,9=u,45=t,30=u,11=e,31=a,5=r,25=d,62=r,53=i,51=u,43=s,35=e,14=t,33=a,16=i,36=n,09=o,54=y,15=e,32=q,60=n,63=h,3=k,64=l,50=a,46=b,01=s,04=p,34=p,65=w,23=l,18=z,21=d,24=c,08=n,56=t,29=m,41=x,8=g,1=c,6=f
0	258	-3.064074	2	19	aiuainadeesuoadteaduoialir|deontetelsdeiemiaiiemsdliiiipmisaoetiirib|tensdiliideneuie|eeneeielsaipiern|ulietesteatsiiadilteeeputi|adiinsailsalteeelsiiatiteeti|aiuseeuieab|adulniesdeadic|dlieaintiadtiaisnideneuie|dipoolahiesleesdilseeieadueedolti|tetrtieesainunteme|iirtiteeeiemieesaftisonteadilpadusayteeeieisadugaleluieteslteeesdipaletieeieadiiel|ouatieteadonalir|uoadieteatonalir|diliideneluie|iirtealeunusresailsderdieimil|iiadntes|tipdediloieneriltieesteidistinseireeuietirmeesnatiiadnte	0=a,3=i,19=u,13=n,2=d,5=e,6=s,9=o,4=t,11=l,15=r,14=m,16=p,1=b,18=c,81=h,85=f,80=y,86=g
0	259	-3.317604	1	21	plpamssulrmismlrefat|nsraisiscunsesdepesdunceeeeodeuxsieeteb|isauneceensasles|ssassescupoesta|lcesisuisgueemecisssolie|meeaupcufdssscueegeissie|plusslesf|mlcaesunsmeq|ncespaiemiepuaensasles|neorrcyasucssunecussesmlssnrcie|isitiessupalaisds|eetieisssesdessuysieuraismecomluygssseseumlhftclesisucisssuneoftiessesmeesc|rlgesismrafat|lrmesisgrafat|neceensascles|eetisftlalutsupcunstnesedec|eemaisu|ieonsnecresasteciessuiseneuieausetsslesietdssuageemais	03=p,19=l,13=a,02=m,5=s,6=u,9=r,4=i,3=e,01=f,15=t,2=n,11=c,14=d,16=o,09=x,1=b,04=g,18=q,08=y,86=h
0	262	-3.295867	2	23	sipsilstenprshesorrisaid|trlueueantiemisiiemnoliiiyminsreuiidiz|uelncaiitlepie|eeleeieansiyiedl|paieuenuesuniiscaueeeypui|scilnsiansaueeeaniisuiueeui|sipneepiesz|soralientscg|olesiluishisinlitlepie|cyrrasbienaeencaneeiesoreefaui|ueuduieensilplueme|iiduiueeeiemieensxuinrluescaysornsqueeeieinsorksaeapieuenaueeencysaeuieeiesciea|rpsuieuesflsaid|prsceuesurlsaid|caiitleapie|iiduesaeplpndensiantdceimia|iisoiuen|uiytcarielediauieenueicnuilneideepieuidmeenlsuiisoiue	0=s,3=i,19=p,13=l,25=t,5=e,6=n,9=r,24=h,21=o,11=a,15=d,4=u,14=m,16=y,1=z,23=c,18=g,81=b,29=f,85=x,80=q,86=k
0	263	-3.367081	1	24	plpuniielcntinlcasuo|fcutitirefaimapaimequaaakmaexitaaoag|tiueyraafuilai|iiuiiairepkaiou|lraitietideaanartiiiklta|naauepresmiiireaadatiita|pleiilais|nlruaiefnaz|quiputantapeuafuilai|ykccrbuieriieyreiiainliiwrta|titotaiiepulutimi|aaotatiiiaimaiiebitaecutinarknlebdiiiaiaenlhsorlaitiertiiieyksotaiiainaair|cldaitincusuo|lcnaitidcusuo|yraafuirlai|aaotisoluleoieprefoyiamar|aanutie|takfyrcaiuioartaiietiayetaueiaoiilaitaomiieudaanuti	03=p,19=l,13=u,02=n,5=i,6=e,9=c,4=t,3=a,01=s,15=o,25=f,11=r,14=m,21=q,16=k,09=x,1=g,23=y,04=d,18=z,08=b,29=w,86=h
0	264	-3.270702	5	20	tuntumalleinntaoltainnmiiul|alnidloliiealciomrlioeaiirrieiostnlorilu|olisauiralicinc|lliclciietuecilip|iniicoleoltoertauiolllieinop|taristuietiiollliiertodllop|tunellincti|tainiiirlealtaub|aiictudmaomsiralicinc|auenniitxceiilleauiellctainllaniiop|oloilocletuunidliol|rilodlllciocletkosnidltauiietainetholllcstainqtiiliiincoleiiollleauetiiloclctarlii|nintocoltanimiiul|inntacoltonimiiul|auiraliciiinc|riloltiiliniuneilletuiealilacuoui|rtaidle|ouealauinciciluiocleolzsouslulllincouliolleimortaidl	0=t,31=u,9=n,30=m,2=a,5=l,6=e,1=i,4=o,34=d,35=c,33=r,36=s,3=p,8=b,81=x,85=k,80=h,86=q,32=z
0	265	-3.228781	5	22	piapioleeniaasresiaaoiite|leaidereiinleuiroceirnliiccinirfxerciet|reiflticleiuiau|eeiueuiinpinuieiq|iaiiurenremncstireeeiniarq|scifpiinbireeeiincmdeerq|pianeeiaub|siaiiicenlesth|liiupidolroficleiuiau|ltnaaiigiuniieenltineeusiaeelaiirq|rerieruenpitaideire|cierdeeeuiruengerfaidestiinsiangmeeeufsiaybieiiiaureniireeenltnbierueusceii|aiamuresaioiite|iaasuremaioiite|lticleiuiiiau|cierebieiaitanieenpiinleielutrti|csiden|rtnleltiauiuietiruenrezfrtfeteeeiaurteireeniorcside	03=p,1=i,9=a,30=o,2=l,5=e,6=n,02=s,4=r,31=t,34=d,35=u,33=c,36=f,09=x,3=q,04=m,01=b,8=h,08=g,86=y,32=z
0	266	-3.344530	6	26	eureustiincretlietcrsaui|tiroliliantiefsdifntaddsfmerildpu|liontuoyioice|iioiieaneunepo|caelinlielndetufiiisclb|etdoneusealiiiandelxiilb|eurniiceeq|etcaoentietuw|taeeuxstlsmoyioice|tunrraezenaiintusiieetciitralb|lilpleineuurolifi|dplxiiiefeineklmrolietuanetcnegliiiemetcheaiacelinaliiintuneaileieetdia|rcelelietroeaui|cretelielroeaui|tuoyioiace|dplieaicocnpineustipteuluq|detolin|luntituceoipufeinliymlumiuiiiceluifiinoeldetoli	0=e,31=u,9=r,30=s,2=t,5=i,6=n,19=c,4=l,11=a,13=o,35=e,14=f,33=d,16=s,36=m,15=p,32=y,3=b,34=x,1=q,8=w,81=z,85=k,80=g,86=h
0	267	-3.267285	5	28	snsuniienanrinnagcti|siauriricesielgoilescooflabiropt|riuestudiuine|iiuiiecesfepu|ncerierimeontliiifnry|nouescexliiiceomwiiry|sneiinex|nncueesintq|scesurgsrgaudiuine|steaachuieciiestfiienniisacry|rirpreiesunurili|oprwiiieleiehiraaurintcennehmiiieannkxpcneriecriiiestexpreienoic|anmerinauxup|nanerimauxup|studiuicne|oprixpnunepiescesipsetrtz|onurie|rtesistneuiptleieridartaitiiinertiliieumonuri	03=s,19=n,13=u,02=n,5=i,6=e,9=a,4=r,30=g,11=c,31=t,2=s,35=e,14=l,33=o,16=f,36=a,09=b,15=p,32=d,04=m,3=y,01=x,34=w,8=q,08=h,86=k,1=z
0	268	-3.325604	5	24	estesodlcitteblenttoiisl|dtiflaliicduiaorliacnirriciametlarils|alimpiirdiuitu|lliuluiicescuilig|itiiualcaleacrepiialllicitag|epsmesiceiiallliicreafllag|estcllituei|entiiirlcdepiz|niuesfobomirdiuitu|picttiiequciillcpiiclluentllxiiag|alailaulcesstiflial|rilafllluiaulcekamtiflepiiicentcewalllumentheiiliiitualciialllcpiceiilauluepuii|titeaualexioiisl|itteplaleatioiisl|piirdiuiiitu|rilaleiilitistcillcesicdilplsasi|renflc|ascdpiituiuilsiaulcalymasmlslllituasliallcioarenfl	0=e,31=s,9=t,30=o,25=d,5=l,6=c,1=i,24=b,21=n,34=f,4=a,35=u,33=r,36=m,23=p,3=g,8=z,81=q,29=x,85=k,80=w,86=h,32=y
0	269	-3.142830	5	26	cetceupinetteaieettueesi|ptediaieenpreaumieanwemmeneasyiameis|aiesleemperetr|iierireencenreief|eteerainaionmeseaiiienetaf|emesceenheaiiieenmodiiaf|cetniietrh|eeteeeminpesq|werceduxusemperetr|lentteegerneeiinleeniireetiikeeaf|aiaeiarincestedieai|meiadiiirearingiastedieseeneetngoiiirseetbheieeetraineeaiiinlenheiariremiee|tetoraieteueesi|etteraioteueesi|leempereeetr|meiaiheietestneiinceenpeilisase|meedin|asnpleetrereisearinaizsassisiiietrasieaiineuameedi	03=c,1=e,9=t,30=u,25=p,5=i,6=n,02=e,4=a,31=s,34=d,35=r,33=m,21=w,36=s,09=y,23=l,3=f,04=o,01=h,8=q,24=x,08=g,29=k,86=b,32=z
0	270	-3.003122	5	30	enienaretsiemeesiiaune|riineneutrtcapectsipntcleienpon|neitaupriest|eeieetutenttoi|sutnetneentpeauneeegsny|eanlengeuneeeutpendeeny|eniteesteq|esiuittreaw|sieendamalifeiest|agiiuekttueetauteetesieexuny|nenontetenniinece|pondeeetctetebnliineeaugesitezneeetlesiheueustnetuneeetageuenteteatu|isentneexieune|sieaeneeniieune|auprieust|poneeuesistoetengroaennnq|pesdet|nntrauitieonctetneflnnleneeestnneceetienpesde	0=e,31=n,9=i,30=a,25=r,5=e,6=t,19=s,24=m,21=s,11=u,13=i,4=n,35=t,14=c,33=p,36=l,15=o,23=a,16=g,3=y,34=d,1=q,18=w,32=f,81=k,29=x,85=b,80=z,86=h
0	271	-3.119107	5	32	srsiulleriualurihtul|tiialaltetechalcekiauecdrlaanu|aliestatilre|llilletesgeni|rtealealmeauuclllgran|uaiesteoclllteamyllan|srellreo|urtieetuuf|kilsiahphdixlilre|sgiitziletllestelleurllwtan|alanaelesirialcl|anaylllecelezladiialuuteurezmllledurbontrealetalllesgonaeleualt|irmealuiioin|riuealmiioin|statiltre|analonrirenlestetnsluauq|auiale|auetstieilnucelealxdaudlulllreaulclleimauial	03=s,19=r,13=i,02=u,5=l,6=e,9=i,4=a,30=h,11=t,31=u,25=t,35=e,14=c,33=a,21=k,36=d,09=r,15=n,23=s,16=g,04=m,3=n,01=o,34=y,8=f,24=p,32=x,08=z,29=w,86=b,1=q
0	274	-3.161345	2	23	altalcaneeitdansantdlaulo|nedcssuineleplallepinullllxpliaderlolk|scinlullnecetle|eeceeleuialxleoc|tulesisamllanluseextr|anllcialuiauseeuillarser|altieetleak|antucleineanlq|nulealcranraliclnecetle|nlxdduahleiueeinluieeleanteendur|szereeialctcspe|llorseelepleeiabridcsanluxantiayseeleliantfaueutlesiuseeinlxauereeleanlleu|dtaresandcaulo|tdanlesagcaulo|nlullneceutle|llosauetctioeialuineonlelplu|llancsi|rxnenludleceolureeislnlircieloeetleropeeicarlancs	0=a,3=l,19=t,13=c,2=n,5=e,6=i,9=d,45=s,11=u,15=o,14=p,16=x,43=r,1=k,46=m,18=q,81=h,41=z,85=b,80=y,86=f,49=g
0	275	-3.393937	1	23	flfuceenldcrcldious|tedurranteiebifiebntaiiiipbinzemisih|runtiaiiteuelie|eeueeieanfpiesu|laiernryniiciareeplm|ciiunfanobeeeaniiyirem|flneelieo|clauienteciq|taiefumcmfnuiteuelie|tipddaguenaeentianeeiecleetdam|rwemeenfulurbe|iismreeiebieengemndurciapclngyeeeieinclkosaliernareentiposmeeieciiea|dlyiercduous|ldcieryduous|tiaiiteuealie|iisroslulnsenfantestieibia|iicurn|mptetiadieuesiameenritinmuneiseeliemsbeenuyiicur	03=f,19=l,13=u,02=c,5=e,6=n,9=d,45=r,3=i,01=o,15=s,2=t,11=a,14=b,16=p,09=z,43=m,1=h,04=y,18=q,08=g,41=w,86=k
0	276	-3.042738	1	21	aliualilaceniuuayeaduulaiilie|cuilmmiincleiralleifdillllinirnauerlieli|milntiillcileiule|eeileeleiinalinleieil|iuiilemnmafllatiimeeiniur|atlilnaliinaiimeeiinllarmer|aliuneeiuleai|aduiiillencatiq|dilealilraylalnillcileiule|tinuuiiableniieentiineeleadueepiir|mwereenaliliuilmim|lliermeeleireenaornuilmatiiinadunasmeelelnaduhaiieiiiulemniimeentinaiiereeleatleii|uiuaremapilaiilie|iuuatemagilaiilie|tiillcileiiiule|lliemaiieiuiliunieenaliincietelirii|lladlmn|rinctiiuleileieliireenmltnrilnelieeeiulerieimenilarladlm	0=a,3=l,1=i,9=u,25=c,5=e,6=n,24=y,21=d,45=m,43=r,46=f,23=t,8=q,81=b,29=p,41=w,85=o,80=s,86=h,49=g
0	277	-3.057463	1	21	mesmetuiiaessuluesstdetei|rsetlleeartienmtiepgetttteaenayinteite|letaceettretiesti|iietiitieeameatieiet|eseetilaloattuteeliieaesn|uttetameeadeliieeattotlin|mesaiiestid|ueseeettiarutez|getimetnunmaettretiesti|ceasseebetiaeeiiaceeaiitiuesiiheen|lwiniiametesetlel|tteinliitieniiabinasetluteeeauesaboiiititaueskdeieeestilaeeliiaceadeiniitiuttiee|sesotilusetdetei|essutilosetdetei|ceettretieeesti|tteildeiesetesaeiiameeareicitenee|ttuetla|nearceestietieiteeniialtcanetaiteiiiestineieliaetottuetl	03=m,1=e,9=s,3=t,02=u,5=i,6=a,45=l,01=d,25=r,43=n,46=p,21=g,09=y,23=c,04=o,8=z,08=b,29=h,41=w,86=k
0	278	-3.136790	2	27	elcelueaencmegeetmmlealo|amuddanaleilelleintulllsilnemerlolh|dunsallauecle|eeueeleanelsleou|caledndewllesadeescr|eslunelaneadeeanllerder|elcneecleeh|etmaulenaesp|tueelureglelnulauecle|ssmmaexlenaeensaneeleetmeebar|dkereenelucudie|llordeeleileenefrnmudesasetmnezdeelelnetmyeaeaclednadeensseaereeleeslea|mceredebuealo|cmesedequealo|sallaueacle|llodeaecucnoenelanaoselila|lletldn|rsasamleueolareendlsnruneloeecleroieenuerletld	0=e,3=l,19=c,13=u,25=a,5=e,6=n,9=m,24=g,21=t,11=a,15=o,45=d,14=i,16=s,43=r,1=h,23=s,46=w,18=p,81=x,29=b,41=k,85=f,80=z,86=y,49=q
0	279	-3.298389	1	26	tstaeiiusmedesmlpas|rmaddeurlifltlifuyalllkfluzinlslx|daucellraisli|iiaiilieutklisa|selidudoullelediiksn|ellauteupfiiieulloldin|tsuiislip|esealiurelq|yaitanentualraisli|ckmmebaiueiiuceuiiliesiihen|dwiniiutasadfi|llsndiilifliiubinumadelekesuboiiililuesgpsesliduediiuckpsniiliellie|msolidemapas|smelidomapas|cellraiesli|llsdpssasusiuteurscilfle|lleadu|nkrcemliaisleniiudlcunauilsiislinsfiiuaollead	03=t,19=s,13=a,02=e,5=i,6=u,9=m,45=d,3=l,01=p,15=s,25=r,11=e,14=f,21=y,16=k,09=z,43=n,1=x,23=c,04=o,18=q,08=b,29=h,41=w,86=g
0	280	-3.124182	2	24	asuasoneetiuuanlaniuuoiise|neuiceliitnedirageikniiggitirtauerses|limnsigneidiud|eeidediitastdieiw|iuiidltlakgansileeitiur|angimasitaiileeiitgarler|asuteeiudai|aniuiiigetneansq|niidasconramigneidiud|nstuuiiaxdtiieetnsiteedaniueenuiir|lzereetassuiceil|gierleedireetaprtuiceansiitaniutableedmaniuhaiieiiiudltiileetnstaiiereedangeii|uiuarelanuioiise|iuuandlayioiise|nsigneidiiiud|gielaiieiuisutieetasitneiendsrii|ganicet|ritnensiudidiesireetlfmrimeseeeiudrieiletioronice	0=a,31=s,9=u,30=o,2=n,5=e,6=t,1=i,45=l,34=c,35=d,43=r,33=g,46=k,36=m,3=w,8=q,81=x,41=z,85=p,80=b,86=h,49=y,32=f
0	281	-3.148846	2	25	oulouysiieullcrcullyuuai|siluniruuesieudoeuksuuttueudewidaia|rumsautsiueule|iiueieuueoueeuiug|uluuererpetcauriiueuld|ctumouuequriiuuetpniid|ouleiiuleq|culuuutiesicab|suueounysdoeutsiueule|saelluufueeuuiiesaueiieculiisluud|rzidiieoualuniur|tuidriieudiiefidelunicauueculefpiiiemculxquiuuulereuuriiesaequidiiectiuu|lulpercluyuuai|ullcerpluyuuai|sautsiueuuule|tuirquiulualeuiieouuesiuiseaduu|tcunie|duesisauleueuiaudiierhmdumiaiiiuleduiurieuydysuni	03=o,1=u,9=l,30=y,2=s,5=i,6=e,02=c,45=r,31=a,34=n,35=e,43=d,46=k,33=t,09=w,36=m,3=g,04=p,01=q,8=b,08=f,41=z,86=x,32=h
0	282	-3.137662	2	29	ecneconaauenenienenosca|nantiisunalrogarunsgghraenascac|itunctbatael|aataalsuecultt|esliuiekgencraaahes|engtuechesiaasugesias|ecnuaaeleq|enestlunaency|nslecmonseatbatael|ncunnseplusaaunchaaleneaannss|iwasaaueccntira|gtsiaalrlauezsuntiencsueneuefiaalaenedesaseliusiaauncuesasaalengas|neesaienntesca|enenliextesca|nctbatasel|gtiesaeteutauechnatnlcss|gentiu|shnanceltatcrlauibastuacaaaelstraautesonti	0=e,31=c,9=n,30=o,2=n,5=a,6=u,19=e,45=i,11=s,13=t,35=l,14=r,33=g,16=h,36=a,43=s,32=b,15=t,46=k,1=q,8=y,34=m,81=p,41=w,85=z,80=f,86=d,49=x
0	283	-3.335311	1	28	dadueiinameteamyasi|simuttansinoycionsaccpozfilsis|tunssuhiuian|iiuiinandpnru|aantntencesoiiipal|ecundanboiiiancexiil|daniianb|eaaunnsiesq|sanduleldnuhiuian|ssnmmaguinaiinsspiineaiismal|twiliinduautoi|crltiinoningilnmutesaneangeiiinzeakbraantnatiinssnbrliinecia|maentemubur|amentemubur|ssuhiuiaan|crtbrauanrindansirsnsla|ceutn|lpsissanuirsoninthzlunisiiianlroiinueceut	03=d,19=a,13=u,02=e,5=i,6=n,9=m,45=t,30=y,11=a,31=s,2=s,35=n,14=o,33=c,16=p,36=z,09=f,43=l,32=h,15=r,04=e,01=b,34=x,8=q,08=g,41=w,86=k
0	284	-3.071923	2	28	usausopleiaautlumaaoiisl|painlaiiepnieuslixmissieieeualesls|aidciispinian|llinlniieusenilih|iaiinaeauxsuciiallieiae|ucsdusieuiialliiesueale|usaellianui|umaiiislepucib|minusnotodispinian|cieaaiiukneiilleciiellnumallfiie|awlelleussainlia|sileallnielleureeainluciiieumaeugallndumaquiiliiianaeiiallecieuiilellnucnii|aiauelaufioiisl|iaauclauzioiisl|ciispiniiian|silauiiliaisaeilleusiepilclseii|sumnle|eiepciianinilsielleaydeidlslllianeilialeioeomnl	0=u,31=s,9=a,30=o,25=p,5=l,6=e,1=i,24=t,21=m,34=n,45=a,35=n,43=e,33=s,46=x,36=d,23=c,3=h,8=b,81=k,29=f,41=w,85=r,80=g,86=q,49=z,32=y
0	285	-2.973036	2	29	silsicnreillusuillciior|nliarsiieneiaseikhinnieiaefraoro|simpiinnieile|rriereiiesieeirig|iliiesestenuoisrrieila|unimsiiedisrriientarra|silerriled|uiliiinrenuoy|hiesiacbcminnieile|pielliitieeiirrepiierreuilrrqiia|swrarresioliaris|nirasrreiarretraeliaruoiieuilettrrremuilzdiriiileseiisrrepiedirarreunrii|liltesuliciior|illuestliciior|piinnieiiile|nirsdirilioleirresiienirproaii|nuiare|aienpiileieiroiarresxmaimrorrrileairisreicachar	03=s,1=i,9=l,30=c,25=n,5=r,6=e,02=u,45=s,31=o,34=a,35=e,43=a,46=k,21=h,33=n,09=f,36=m,23=p,3=g,04=t,01=d,8=y,24=b,08=t,29=q,41=w,86=z,32=x
0	286	-2.876528	1	33	insinedisasibiitsseeni|dsurresdupetipstutnspaisinnin|rusletduiau|iiuiiuesinsuou|aeursrigtileriilan|ilnainlieriiestinrin|inssiiauif|itseuusdilk|tuiinrebeauziuiau|llsseimuseiislesiiuitsiihen|rwiniisinnsurpi|tonriiupuisicnssurilelitssixriiuaitsyieieaurseriisllieiniiuilue|sainirihuieni|asiliriquieni|letduieau|torieiauasoisinldolinne|titris|nldlesuuionpuisrzanusiniiiaunopiisuinetri	0=i,31=n,9=s,30=e,25=d,5=i,6=s,19=a,24=b,21=t,11=e,13=u,45=r,35=u,14=p,33=t,36=a,43=n,23=l,15=o,46=g,16=l,1=f,18=k,34=r,32=z,81=m,29=h,41=w,85=c,80=x,86=y,49=q
0	287	-3.092422	1	31	dndeeiirnyetenypoti|syettorsuapniargentracfiltit|termonseinu|iieiiuordruie|noutrtarnetaiiirnl|enerdorsaiiiornaziil|dnriinus|enoeursetq|geideleldrehieinu|mryyobeiroiirmoriiueniikol|twiliirdenetai|niltiiuauirbilryetetorenrbaiiiucenxsionutrotiirmrsiliiuenio|ynauteyesei|nyeutayesei|monseionu|nitsinenriirdorsimitlo|neetr|lrsmoyueiitauirthcleritiiinuliaiireaneet	03=d,19=n,13=e,02=e,5=i,6=r,9=y,45=t,30=p,11=o,31=t,25=s,35=u,14=a,33=n,21=g,36=c,09=f,43=l,23=m,16=r,15=i,04=a,01=s,34=z,8=q,32=h,08=b,29=k,41=w,86=x
0	290	-3.177913	8	27	lirlidlaserslaemarsiluih|awdeancatneiliineeauiiiicoielsaiihip|enieaiuiianinsiq|sdsinclicinni|ruiafemeeiilaiuesnerei|laiideliueluesnciileiesei|liresrimp|larudifamaig|auimideilaeiliedianinsiq|aicssulkifuseaiuesimarsasuei|eaheiselidrdeneq|iiheiestneiselzeiesdemaiuclarelxesttelarylunusiafuesfaicluaisimaiinp|srleiamasdluih|rslaiamesdluih|aiuiianinusiq|iihemunsdrehfliueanbitoiu|iiladef|eicabiusinintueiseetaieeidethsriaihosedleiiladeq	0=l,3=i,19=r,13=d,2=a,55=s,6=e,9=s,4=e,50=m,11=u,15=h,59=w,54=a,51=n,16=c,53=t,14=o,1=p,5=q,56=f,18=g,81=k,85=z,80=x,86=y,52=b
0	291	-3.224580	8	29	utuntretatasetaionn|ewnaslmeylaiuilaeeciiiimpiezsiiniq|alieeiciielilaig|rnrilmumilli|tcisdasaeiiticarletai|tiineuceoprlmiikiarai|utertisq|ttcnideseix|ecisinaitaiuenielilaig|eimaachndcreeicerisetreacai|asnaireuntnalag|iinaiarylairehsieanaseicmttehkryyettbonctisdcardeimonairiseiilq|atkisseanonn|tatissaanonn|eiciielilcaig|iinasclantenduceelfiypic|iitnad|aimeficaililycaireayeieaineynrtisinprenkiitnag	03=u,19=t,13=n,02=t,55=r,6=e,9=a,4=a,50=s,2=e,3=i,01=o,15=n,59=w,54=s,51=l,16=m,53=y,11=c,14=p,09=z,1=q,5=g,56=d,04=k,18=x,08=h,86=b,52=f
0	294	-3.116725	8	29	lemlesltcmnlzdonneluer|tnsistatetieleetiaoseeeapealnseereh|iteaeueetstnef|nsnetaleaette|muescidiaeeleuintamie|leesaleualuintaeelieinie|lemanmedh|lonusectleq|osdesielzeleasetstnef|eannulxecunaeuanedonnyuie|isrienalesmsitif|eerieingtienalbieansideualonalwinggalonklutunescuincealusenedeeth|nmliesdysluer|mnlesdinsluer|eueetstunef|eeridutnsmarcleuatregpeu|eeloeic|ieateunetetguienaigeaiesagrnmeserpnaslieeloeif	0=l,3=e,19=m,13=s,25=t,56=c,9=n,24=z,50=d,21=o,11=u,15=r,4=i,54=s,51=t,16=a,6=a,14=p,1=h,23=e,5=f,55=n,18=q,81=x,29=y,53=g,85=b,80=w,86=k
0	295	-3.201405	8	30	ftfinnetcnergccimit|hcieldohideifideegiiiioaiexliitiq|edieauiihidcip|ninidofoiddi|tuilsereeiiniuendetei|niiiefuemandoiibienei|ftentirq|ntuiishniw|giriieineifeiihidcip|aoccuzisuneauenirgcnyuei|elteinefitiedep|iiteiensdeinezliecierauontezbnssentkmtutilsuensaomteiniraidq|ctbilryimit|tcnilrecimit|auiihiducip|iiterudcitetsfuehtasaiu|iinies|eiohaucididsueineesaeeiiestntilitaneibiiniep	03=f,19=t,13=i,02=n,55=n,6=e,9=c,4=e,50=r,21=g,3=i,01=m,15=t,25=h,54=l,51=d,16=o,14=a,09=x,1=q,23=a,11=u,5=p,56=s,04=b,18=w,08=z,29=y,53=s,86=k
0	303	-3.111872	8	38	dtdieanttelagttficp|dtilocrdelfuclngiucnlsbouoc|lcsuiudicte|aiaeindreoi|tielslalnueclacntlh|euindinplacruymalh|dtnatep|etiiendeck|giacmfwfsixcete|urttinisianuinaeetamilh|loolesditilclp|uolmarclesnostilauiretnnyarrnetzpoitelsilasurpolerauei|ttyelamipio|tteelaltipio|uiudicite|uolaictitnosdindourlcq|ueils|lcnduiteicrileslrunlcsroatelcclaniyueilp	03=d,19=t,13=i,02=e,55=a,6=n,9=t,4=l,50=a,21=g,30=f,11=i,31=c,5=p,25=d,54=o,51=c,16=r,35=e,14=l,33=u,36=s,09=b,15=o,23=u,56=s,3=h,01=p,04=y,34=m,8=k,24=w,32=x,08=n,29=m,53=r,86=z,1=q
0	304	-3.115227	7	25	leueleuelirsueelicliueeeluueux|iwueccuusionaleenfiuueeeeusuasleteeuou|cuesieuueeineneex|ruerenusleusenne|ueuuetmclfeelieuucrusuea|lieeuesleuusluucruuseelacte|leuesrueedu|liueuuueemidieuq|iuuedeuealialesueeineneex|ieuseeuulgemuursieuusrediuerieuua|chtersleueueuecuc|eeutecrenarslpaseueclieuuusliueslbcreosliuekluunuueetmuucrsieusluuteredieenu|euelatdieueluueux|ueelietdyueluueux|ieuueeinenuueex|eeutduuneueuesursleuusinzeouauu|eeliuecs|ausizeuueenenouuarsceiesauesourneeteuncmuelaeliuec	0=l,3=e,1=u,9=e,2=i,55=r,6=s,45=c,5=x,59=w,53=o,51=n,43=a,46=f,54=t,56=m,50=d,8=q,81=g,41=h,85=p,80=b,86=k,49=y,52=z
0	305	-3.057374	7	27	tiutilcseiuucnciuuldilix|ekilnniieegastlaheiillllieisezalligi|nileeliillealaulx|silslaietielaal|iuiilamnoellcliinsieius|clliletiiedinsiiellolnal|tiuesiulri|ciuiiillmereliq|eiilrlilscsteillealaulx|elieuuiipilmiiseeliieslreiuseuiis|nwalsetiliuilnin|llialnslassepaleuilncliiieciueposggeciuydiaiiulamiinseeliedialslrellai|uiuolareuildilix|iuuclarbildilix|eliillealaiiulx|lliariiauiliueisetiieeaflgisii|llcilne|sieefliiulalagiissenlelesilegisaulalianmilollciln	03=t,1=i,9=u,3=l,02=c,55=s,6=e,45=n,01=d,5=x,2=e,59=k,53=g,51=a,43=s,46=h,09=z,54=a,56=m,04=o,50=r,8=q,08=p,41=w,86=y,49=b,52=f
0	306	-2.910681	7	31	ieeieliunteciuiiueceires|uxliirtutnaieendureeeesoeticmeesep|iltuereeunenceq|nlnensiesenne|eremaiideeiuerinsea|iueeltiertirinrteeiaime|ieetneerp|iuerleauruez|urerelaiuaietleunenceq|uesccrihearntuertneruenucra|iwmentielelioq|eesainenantibatcliiuersiuetikinettiuefirnrcemarintuesirmenerueenp|ceiamruclires|eciuemrylires|uereeunenrceq|eesiirncletsaiertungetoer|eeiulit|asugercenentrantieuetalttsneemesontliaeiuli	0=i,3=e,19=e,13=l,2=u,55=n,6=t,9=c,45=i,11=r,15=s,59=x,53=t,51=n,43=a,46=d,16=s,14=o,54=m,1=p,5=q,56=a,50=r,18=z,81=h,41=w,85=b,80=k,86=f,49=y,52=g
0	307	-2.909345	7	33	ouonsenuisisuieant|uwniirnucsdoesfureeeetyenbreeteq|innuereeusesieh|eneestotesse|urerpigneeserietud|seennornayesteegeire|ouneuelq|surnepuluex|urelendsdonneusesieh|uetiiranprenuerneeluueuird|izreenonuniyh|eetdieesdenareninisertsunageccnsulatruerprienuetatdeelueesq|iugerluinant|uiserlknant|uereeusesrieh|eetiatununtpornusmecyer|eesnin|dtumeriesescrdenieuendnncteueretyenngeesni	03=o,19=u,13=n,02=s,55=e,6=n,9=i,45=i,3=e,01=a,15=t,2=u,59=w,11=r,53=c,51=s,43=d,46=f,16=t,14=y,09=b,54=r,1=q,5=h,56=p,04=g,50=l,18=x,08=a,41=z,86=l,49=k,52=m
0	308	-3.055810	7	28	reilreiertsillrgsalleriieix|tlieeeiiutenareenmaieeeeiuiaurlneeici|eieuoiieetienlex|diedeniureiuenne|iliiensermeeroiiediuila|roeieureiiuriiediiueeraene|reiludilesi|raliiieestroiq|aieseieargereuieetienlex|oiulliirkesiiduoiiudesaldpiia|ewnedureieilieeie|eeineedenadurfaulieeroiiiuraluryedecuralbriiniilensiieduoiuriinedesoeni|lilranspieriieix|illronshieriieix|oiieetieniilex|eeinsiinlieiluidureiiutizeciaii|eeraeeu|aiutoiilenenciiadueeouaieucidnleneinesieraeraee	0=r,3=e,1=i,9=l,25=t,56=s,24=g,50=s,21=a,5=x,45=e,6=u,51=n,43=a,46=m,54=n,53=c,23=o,55=d,8=q,81=k,29=p,41=w,85=f,80=y,86=b,49=h,52=z
0	309	-3.010649	7	29	testeicetesscncessideiea|lseinneetlinstinfyeiiiietestkmiieue|neitreeiileinsia|eeieinettetinni|eseeimpnotiicieeneetess|ciieitteetdeneeetiioinmi|testeesiae|ceseeeiiplcieb|yeiaieiscstteiileinsia|retsseeheipeeetreeteiaysegees|nwmietteieseinen|iiemineinsethmitseincieeetcesthoeuutcesqdeneesimpeenetretdemieiarine|sesoimageideiea|esscimazeideiea|reeiileineesia|iiemaeenseiesteetteetlexiuesee|iiceint|setlreesininueesetnirtseitueensimiennpeioiicein	03=t,1=e,9=s,3=i,02=c,55=e,6=t,45=n,01=d,5=a,25=l,51=n,43=s,46=f,21=y,09=k,54=m,53=u,23=r,56=p,04=o,50=a,8=b,08=h,29=g,41=w,86=q,49=z,52=x
0	310	-2.927454	7	33	uisuieuucsduporddiueia|udelleauisluiistreiiinyiaudniiaig|leareiiuesdif|ieiisnuinissi|seinclutiiurelinsl|urieauieauelieaiiullni|uisaisiog|urdeeicuurh|reoielupiuiaeiuesdif|rnddeubiceiareaiiordimel|lwniiauieselyf|iialliisliauxladelurenurdaukliitaurdquesedinceliarnueniiiorisg|dsulnomeueia|sdurnozeueia|reiiuesedif|iialuesdesaacuieauartyie|iiurila|lnuredisistelialiraleataisiniayiaeuliuril	0=u,3=i,19=s,13=e,25=u,56=c,9=d,24=p,50=o,21=r,11=e,15=a,45=l,6=a,51=s,43=l,46=t,16=n,14=y,54=n,1=g,23=r,5=f,55=i,18=h,81=b,29=m,41=w,85=x,80=k,53=t,86=q,49=z
0	311	-3.031565	7	34	yeyadilecdudeceual|tcauuiltenayenxwaeeenselbreelet|ualrieetanceq|iaiennynenne|eieroupleedeiuinea|deealyilusinneepeure|yelieest|deiaeotdez|waseaadaylaetanceq|rnccioaoiilrilieswcimia|ukreilyaeausq|eelauienailorelcaudeindelopiffldegulieeroiuilrnulaiesrent|cepersmaual|ecdershaual|rieetaniceq|eeluuleaelloyiltlrfsei|eedaul|antricenenfiailuerlaalflieerelsilapeedau	03=y,19=e,13=a,02=d,55=i,6=l,9=c,45=u,3=e,01=u,15=l,25=t,11=i,51=n,43=a,46=x,21=w,16=n,14=s,09=b,54=r,1=t,23=r,5=q,56=o,04=p,50=s,18=z,08=o,29=m,41=k,53=f,86=g,49=h
0	312	-2.903527	7	32	esueslutieuueuneueuuleesp|uqenaieiudiseribueerreiesieuarede|netuseruireur|terdieiesireig|eueerninebreusenteieus|eureteseieeenteeiresnag|esuiteuree|eueueeercuousy|ueeresnluseteruireur|usiuueeexrieetiuseitreueutuuees|nwarcessuenin|reantdistiehsiuenouseeieueuiekntrteueumeeeieeurnieentiusieeeardourie|ueuesaouueleesp|euueurnezeleesp|useruireeeur|reaoeeiuesuietieseiuiarssee|reuenc|seiuaseureredeestinftsetdetiurseincelsluenp	0=e,31=s,9=u,30=l,2=u,55=t,6=i,1=e,45=n,5=p,59=q,34=n,54=a,51=i,53=d,43=s,33=r,46=b,36=t,35=r,3=g,56=c,50=o,8=y,81=x,41=w,85=h,80=k,86=m,49=z,52=a,32=f
0	313	-2.868653	6	33	reureralteuuclceuureenp|akesonetainariezaeetteteathoteie|leuanetanieui|leiinetretienq|eueeiltlettcnelleteua|cteureetdelleettesla|reutleuid|ceueeetsabanm|aeeiresraartetanieui|antuueefeiteeltanetliceulaueea|lwoisrenuesnl|teoslinaltfouuesbaneetceutfeliitceuxdeneeuilteelltantdeoiibatne|ueueilcuereenp|euucileuereenp|anetanieeeui|teobeenuenuteltreetanginaee|tcess|aetagneuieieieealtlyuaeuielnuiaenlseraraesp	03=r,1=e,9=u,30=r,2=a,55=l,6=t,02=c,45=l,31=n,5=p,59=k,34=s,54=o,51=n,53=i,43=a,35=i,46=z,33=t,09=h,36=u,3=q,04=e,01=d,56=s,50=b,8=m,08=f,41=w,86=x,52=g,32=y
0	314	-2.891298	8	38	neanentsisantentsanlem|tzreelitcuunoubtloortcnapole|eriterpuisi|srsilineiilr|slieienbontetsuisu|ntorinernleslionueph|neaissind|ntslriitatex|tlinewntuncrpuisi|teiaalnyiilsitersintsstalu|ekpioneearetm|oluesitionquiarentelintsingesicntsfnlulaieilesiteinlpicatoud|asnupatarnlem|santienmrnlem|terpuilsi|olenluarsilonertudieul|ontrei|urtdesiruclusiepcuriclssiultsirnuntre	0=n,31=e,9=a,30=n,2=t,55=s,6=i,19=s,45=e,11=l,5=m,59=z,13=r,53=c,51=u,43=u,33=o,46=b,16=r,14=t,36=c,54=p,15=l,32=p,35=i,3=h,1=d,50=a,8=x,34=w,81=y,41=k,56=o,85=q,80=g,86=f,49=m,52=d
0	315	-2.984654	4	37	ninslreislilisqucd|nzsiiuentconedenuaaodbytauc|isencsmceie|rsreuenoeus|iueieilealcdrceio|lasenueadrcoalpro|nieriea|liuseenwnck|nuensolonesmceie|ncessursfurencorelirnsuo|ixtefnsisidd|auoiredefrtbssilcuelierlrtteligauuieieuirenceauorelach|sileilssasu|isleilssasu|ncsmceuie|auiauisieufnuencmecou|alsie|oonmciesctuoreimboseturieoudreslalsi	03=n,19=i,13=s,02=l,55=r,6=e,9=s,45=i,30=q,11=u,31=c,5=d,2=n,59=z,53=t,51=c,43=o,35=e,14=d,33=a,16=o,36=b,09=y,54=t,15=u,32=m,04=l,01=a,34=p,50=w,8=k,08=r,56=f,41=x,86=g,1=h,52=m
0	316	-2.981828	7	35	ntuntrruiuuncsluuriitd|ruiesaieraiinoabliooieiienusoimi|liotiioriaiua|niamaienteaiay|iuiialelnbontiilnieiui|nttontieniilniieonilsy|ntueniuani|nluiiiourntif|liantercroioriaiua|tieuuiinqaeiinetiienanlundiii|lzsaunttuieal|oisenmainenwieuiestiiienluenklnaonluxniiaiiualeiilnetieniisamstaii|uiunissdiriitd|iuuntsspiriitd|tiioriaiiiua|oissiiauitueinentierigatiii|onleu|iiertiiuaiaimiiinelhoiiominauaiialuirirled	0=n,31=t,9=u,30=r,25=r,56=u,1=i,24=c,50=s,21=l,5=d,34=e,54=s,51=a,6=e,35=a,43=i,33=o,46=b,53=m,45=l,36=o,23=t,55=n,3=y,8=f,81=q,29=d,41=z,85=w,80=k,86=x,49=p,52=g,32=h
0	317	-2.847726	6	36	dindicstinncscinnciiay|sniaouieseildeikrinnieileboniui|siidiinsieine|lieuuiedieeiug|iniiesestencaislieinl|cniidiiemisliientall|dinelinem|ciniiintscap|riediachciinsieine|dienniifieeiilediielecinloiil|szoetdianiaus|nioaluullefoiniardiiiecineftluuecinqmiuiineseiislediemioeurdeii|nintescniciiay|inncestniciiay|diinsieiiine|nioriiunianeilediiesixealii|nciat|liesdiineieiuiilleswiliiuiluneliusticlcray	03=d,1=i,9=n,30=c,25=s,56=t,02=c,45=s,31=a,5=y,34=a,54=o,51=u,6=e,35=e,43=l,46=k,21=r,33=n,09=b,53=u,36=i,23=d,55=l,3=g,04=t,01=m,8=p,24=h,08=f,29=o,41=z,50=r,86=q,52=x,32=w
0	318	-2.891871	8	40	iisiicopssihanssceid|osunnesoetcargnuaistoiscari|nusleaourse|eueeesiiseru|seensnigailenelsu|ilioiilieneesaiuncm|iisseseif|inseuesoilk|nuaitchcouyrese|llsseizeseesleseeinsemeu|nwcepiiisuntd|aruneetepibussunilelinssixneeoinspieresenseneslliecedalee|ssiucamuieid|ssilcaquieid|leaourese|arniersussrpiilorldtif|aintp|uloleseurdeuesnyouusdreseurtesuiucntd	0=i,31=i,9=s,30=c,25=o,56=p,19=s,24=h,50=a,21=n,11=e,5=d,13=u,45=n,6=s,35=e,14=t,33=a,51=r,46=g,36=o,54=c,15=r,23=l,55=e,16=l,43=u,3=m,1=f,18=k,34=t,32=y,81=z,29=m,41=w,85=b,80=x,86=p,53=d,49=q
0	319	-2.914338	5	40	rlrantilrnunlroaed|nrauuainesoiuymaieishkpiee|uailainaure|tateairmeea|laeuiufiinestuils|niairaicstumifots|rlitlec|nlaaeinnez|maweooqohacuele|lmrrabatatilaitenltpas|uxpetralausd|iesutesetbphrauneainlibftssinlgcealeuiautilmcesteniud|rlfeunracae|lrneufracae|lainauare|ieucelalietrainelssed|inaui|smnlareausastiuchsaisetlesestiafinau	03=r,19=l,13=a,02=n,55=t,6=i,9=r,45=u,30=o,11=a,31=e,5=d,25=n,35=e,14=s,33=i,51=u,46=y,21=m,36=h,09=k,54=p,15=e,23=l,16=m,04=f,43=s,01=c,34=o,8=z,50=w,24=q,32=c,08=b,56=t,29=p,41=x,53=s,86=g,1=d
0	320	-3.098053	2	20	uilauiliureesaaurteurlaaiullile|realitetellneieltiuiieltnlliiiilsticaetiileil|telinilliirelielaie|eelieeiellcildeleli|lallietemeutdiurillteeelsati|uriilicillcllteeelldiutiteeti|uilagelaieul|urlallliieneurilp|rllieuilitiurtiuisiirelielaie|rilfalluyiesleenillgeieurlaeerallti|tetletieecililalitelte|iiletiteeeieltieecotifliteurilllcrlachteeeieicrlabullelllaieteslteeenilclletieeieuriiell|alautieteuraliullile|laaurieteutaliullile|rilliirelielllaie|iileteullelalilaseecillnelerieiltill|iiurliteq|tilnerillaielieleilltieemeirimiligileeelaietilelteesiutiiurlite	0=u,3=i,1=l,9=a,2=r,5=e,61=s,4=t,62=n,60=c,63=d,64=m,65=g,8=p,69=f,81=y,85=o,80=h,86=b,6=q
0	321	-3.084859	2	23	flafleriiuaarnirlaaesleli|tialeninilloieilnefeilnolleeeelunecaineeliel|nileoelleetileilaei|iileiieillceldilile|lalleinipimderellniiiluane|reelecellcllniiilldemeniine|flagilaeis|rlallleeioirely|tlleiflenernefueetileilaei|telballxleiuliioellgieirlaiitallne|ninlineiicelelalenilni|eelineniiieilneiicqneblenirelllctlachniiieiectlakslilllaeiniulniiioelcllineiieireeill|alameiniralesleli|laareinimalesleli|telleetileilllaei|eelinislilalelauiicelloiliteielnell|eerleniz|neloitellaeileiliellneiipietepelegeliiilaeinelilniiuemeerleni	03=f,1=l,9=a,3=e,02=r,5=i,61=u,4=n,01=s,2=t,62=o,60=c,63=d,64=p,04=m,65=g,8=y,69=b,08=x,85=q,80=h,86=k,6=z
0	322	-3.277073	3	26	nrunrsnieemllniteniulrners|ielsteteegereprnrrepgerrrraprcletrrsro|tesgrerrieseure|eeseereecraress|ueretedentbrnireteeeautr|nirrscreceteeeebrntrteetr|nrufeureno|niuesregenirq|ierenrstrnitrnrmrrieseure|irallenyremsegrefereniueeiletr|tetstreecrsustepe|rrstrteeerepreechtrkstenireaniucxteeererciuwneeeuretempeeegraneetreerenirree|luntretenilsners|ulniretentlsners|irerrieseeure|rrsteneeusumeecregesirerpre|rrnistez|traieirelresesretreederirdrsfrseeuretrspeemrntrrniste	0=n,3=r,19=u,13=s,2=i,5=e,61=m,9=l,4=t,11=e,15=s,62=g,14=p,16=a,60=c,1=o,64=d,63=b,65=f,18=q,81=y,85=h,69=k,80=x,86=w,6=z
0	323	-3.125625	2	29	susenllottnalnutiper|cltealaleslilaisilaseiiiinaidtlaiiriq|alesieiicleluil|llelliledinilre|ueilalfltminiealllnuai|niiediedealllemitiallai|suzluilp|nueeilslnik|ceilseainaisoiicleluil|cinttebelorlsiezlilnullcteai|alarailldieuealal|iiraialllilailldwaigealniennudyalllilidcuxpreuilaloalllsinpraillilniile|tutilalnteper|utnilaltteper|cieiicleleuil|iiralprueuolldieslrciliaie|iinealh|ainclcietilelrieaillflicifiezirlluilairalloitiineal	03=s,19=u,13=e,02=n,5=l,61=o,9=t,4=a,3=i,01=p,15=r,2=c,11=e,62=s,14=a,16=n,60=d,1=q,64=f,04=t,63=m,65=z,18=k,08=b,85=w,69=g,80=y,86=x,6=h
0	324	-3.145365	2	24	euiceuiuemloccezlerccueiiuil|mciualaliitluliaueuuliatiiuuuuioaupclauuilui|aliutuiiuumiulicul|lliulluliipuiqliliu|iciiulalyleaquesiiallliocau|esuiupuiipiiallliiqueauallau|euicfliculei|erciiiuultlesix|riuleuiuauezueuouumiulicul|sikciiebuloilltuiiflulercllniiau|alailaullpuiuiciualial|uuilauallluliaullpdaukiualesiiiprcpwallluluprcheiiliiiculaloiallltuipiilaullulesulii|ciceaulaleniueiiuil|icceslaleaciueiiuil|siiuumiuliiicul|uuilaleiiliciuicollpuiitlilsluiauii|uuerualg|auitlsiiculiuliluiiaullylusyuiufuillliculauilialloueauuerual	0=e,3=u,1=i,9=c,25=m,5=l,61=o,24=z,21=r,4=a,62=t,60=p,63=q,64=y,23=s,65=f,8=x,69=k,81=b,29=n,85=d,80=w,86=h,6=g
0	325	-3.051904	2	26	rlarleniifaanuinlaaesleli|taleuiuilloieiluereiluolleeeelfueeaiueeliel|uileoelleetleilaei|iileiieilleelmilile|lalleiuihidmenelluiiilfaue|neeleeellelluiiillmedeuiiue|rlapilaeis|nlallleeioinelz|sleirleuenuerfeetleilaei|clballkleifliioellpieinlaiiwllue|uiuliueiieelelaleuilui|eeliueuiiieilueiiequebleuinelllesaexuiiieieesayslilllaeiuifluiiioelelliueiieineeill|aladeiuinalesleli|laaneiuidalesleli|clleetleilllaei|eeliuislilalelafiieelloilicieluell|eenleuig|ueloicllaeileiliellueiihiechelepeliiilaeiueliluiifedeenleui	03=r,1=l,9=a,3=e,02=n,5=i,61=f,4=u,01=s,25=t,62=o,60=e,63=m,64=h,04=d,65=p,8=z,21=s,23=c,69=b,08=k,29=w,85=q,80=x,86=y,6=g
0	326	-2.964632	3	30	niuniinyerllnfenallinsin|ylisesesceiediniiedcsiiiioditlesiiniq|seicisiiyieuie|eeieeiestioieni|usiesepensainesseeeousi|neiitistsseeesainsiseesi|niumeuienq|nalsiieceneg|aieniisinfiniriiyieuie|eollsnwiernecismeienaleetssi|sesnsieetiiuisede|iinsiseeeiedieetksixisenesonalthseeeieitalbnsesuieserdeeecionsesieeieneies|lunsiesentinsin|ulneesenslinsin|esiiyiesuie|iinsenseuiureetisceneeidis|iinaisez|sioyeslieienissieepeiepiimineeuiesindeerinsiinaise	0=n,3=i,19=u,13=i,25=y,5=e,61=r,9=l,24=f,21=a,11=s,15=n,4=s,62=c,14=d,16=o,60=t,1=q,64=p,63=a,23=e,65=m,18=g,81=w,29=t,85=k,69=x,80=h,86=b,6=z
0	327	-2.926064	2	32	xnxuneeteensenneiour|aeusesesteieuixieutsiiiiluiaeesiirig|seutisiiauenie|eeueeiesailieru|nsiesemerpinisseeelnsi|niiuaisasseeespiriseesi|xndenieo|nnsuieteniw|cuexusinsixtiiauenie|ileesquetretisdeienneekssi|sesrsieeaiunuseue|iirsiseeeieuieeaysifusenislnnabseeeieiacehorsniesetueeetilorsieeieniies|enrieseneuour|neniesereuour|isiiauesnie|iirseornunteeaisterieiuis|iinusez|silaiseieuerissieemeiimiudireeniesirueetiriinuse	03=x,19=n,13=u,02=n,5=e,61=t,9=e,4=s,3=i,01=o,15=r,25=a,11=s,62=t,14=u,16=l,60=a,1=g,64=m,04=r,63=p,65=d,18=w,21=c,23=i,08=q,29=k,85=y,69=f,80=b,86=h,6=z
0	328	-3.117593	6	27	ulnulseiirnnueaiueennseeli|einefiaieesiteasdieaseedderamuniadeil|aiemeledeietent|iietiteeclaieiey|eneetaioiuaaseleaiiiernay|uedemuleceeaiiieeasafiiay|ulnpientue|ueeneeedisiuelq|eeetulfseasmedeietent|elwneeuxtreiislepitueeniieneeay|aiaeiaticllnefieai|deiafiiiteaticbamnefiueleeceenchaiiitmueengueeieeentaireaiiislceeiatituediee|nenuataiueneseeli|ennuetaiuaneseeli|eledeieteeent|deiaiueeienelnriiclesieietlale|dueefiz|alsielenteteileatioikmalmiliiientalieaiirsadueefi	0=u,31=l,9=n,30=s,2=e,5=i,61=r,4=a,1=e,34=f,62=s,35=t,33=d,36=m,60=c,63=a,3=y,64=o,65=p,8=q,69=w,81=x,85=b,80=h,86=g,6=z,32=k
0	329	-3.048592	6	31	mlamlediinaarcirlaaellei|dialoicillsiulceailcsllaalncificalie|cilideladilulau|iiluiullnerililh|lallucibipredelciiilnach|ralimllnllciiillrecoiich|mlatilaut|rlalllaisireq|dllumloedceiladilulau|dewallxlunliiseltiurlaiidallch|ciclicuineealoilci|alicoiiiulcuinzcialoirellndlansciiiuirlaytlilllaucinlciiisenllicuiuraill|alapuciralellei|laarucipalellei|deladilulllau|alicitlilaleaniinelsiliduecel|arloig|cesidelaululielcuibikiceiieiiilauceilciinecarloi	03=m,1=l,9=a,30=e,2=d,5=i,61=n,02=r,4=c,31=e,34=o,62=s,35=u,33=a,36=i,09=f,60=n,63=r,3=h,64=b,04=p,65=t,01=t,8=q,69=w,08=x,85=z,80=s,86=y,6=g,32=k
0	330	-2.957885	7	33	eiteianiisttenuienttanii|nitauiuincielasilcnssolretiusli|uiaciariaite|iiaiienuidila|tneuixieudaniliiiotup|ensauioenuiiindaumiiup|eitkiteeq|entnaecienib|nneeimanuarariaite|niwtnezeslicioiieentiintnup|uiulueiuiitauili|slumiiieleiuyurtauieninuntufuiiierentgeninteuisliiiciuniueieensin|tteueuientaenii|tteneuieutaenii|niariainte|sluienitatsiiuionilneiuiq|senauih|uiciniteailileixirruiriiiiiteuiiliisausenaui	0=e,31=i,9=t,30=a,2=n,5=i,61=s,4=u,19=t,11=n,13=a,62=c,35=e,14=l,33=s,16=o,36=r,15=l,32=r,60=u,63=d,64=x,3=p,34=m,65=k,1=q,8=b,69=w,81=z,85=y,80=f,86=g,6=h
0	331	-2.891503	6	37	dnduseesoosresnoacie|ieourerecretmatemrcttumefertai|reuriuceuent|eeueetcnileau|nctredeglaiimeeeunro|stuniulmeeeclarmeero|dnwentl|sncutresix|ictdurairaeuceuent|iizocquesaeriueetsneeiocro|rerarteniioureme|tarmeeetmtenbreouresicninnpreeetesnylacntresmeeerincertetstec|ongtresoulua|nostregoulua|iiuceuecnt|tarelanunseeniuieaitirik|tsureh|rireiintueaimtedecerieeieeentriemeesartsure	03=d,19=n,13=u,02=s,5=e,61=s,9=o,4=r,30=a,11=c,31=i,2=i,62=r,35=t,14=m,33=t,16=u,36=e,09=f,15=a,32=c,60=n,63=l,64=d,04=g,3=o,01=l,34=m,65=w,8=x,69=z,08=q,85=b,80=p,86=y,1=k,6=h
0	332	-3.178359	6	31	alealafiteeaciadeeaiili|feiuieiiipirieaniiepiinnitesaeieniil|eiisniinfirier|iiiririioltiiiis|ieiireihiaetaniieiiiitees|anlsalioiieiiiiitaeuiies|alemiierai|adeiiinipianiq|diraluacasinfirier|niweiiakrtiiiplimiradeiiyiies|eieiieriolleiuiiei|niieuiiirierioreseiuianiiiodeobeiiirsadexaiiiiiiereitieiiiploiiieriranrii|eieaereiayiaiili|ieeanieiaeeiaiili|niinfiriiier|niieiaiiiieiletiiolipiiinileli|naduiz|elpiniieririilierihigselsiliiiiereliieiitaenadui	0=a,31=l,9=e,30=a,25=f,5=i,61=t,24=c,21=d,1=i,34=u,4=e,62=p,35=r,33=n,36=s,23=n,60=o,63=t,3=s,64=h,65=m,8=q,69=w,81=k,29=y,85=r,80=b,86=x,6=z,32=g
0	333	-2.890474	6	35	desdeuailsseaieessueeni|asediaieeciteaulieaceellelaiwialein|aieiueelaetest|iietiteetnoieiey|eseetainisouueeaiiielsay|eleideeteeaiiieeouadiiay|desriestr|eeseeelicienb|oetdeduquielaetest|uekseezetleiicneriteesiigeeay|aiaeiatitnnsedieai|leiadiiiteatitfaisedieneetostmaiiitieespreieeestaileaiiicnteeiatiteliee|sesstaieseueeni|essetaisseueeni|ueelaeteeest|leiaireiesensliitnecieiuinane|leedix|anciueesteteineatinihianiiniiiestanieaiilualeedi	03=d,1=e,9=s,30=u,25=a,5=i,61=l,02=e,4=a,31=n,34=d,62=c,35=t,33=l,36=i,09=w,23=u,60=t,63=o,3=y,64=n,04=s,65=r,01=r,8=b,21=o,24=q,69=k,08=z,29=g,85=f,80=m,86=p,6=x,32=h
0	334	-2.929454	6	36	ralraisiollrcirallieai|sluninienierisirnessurtrlinsta|niunaudiuime|iiuiieelakitu|meenihirnkideniiiumno|rdatraureniiiekinfiino|ralpimerq|raleuenirdy|auiraficitudiuime|dullerxeotinauiieraliiceno|nintneilaaluniri|stnfiiiereilzntlunirdeurallwniiietralbreiemenioriiinaleineierdee|lmrnenircureai|mlrdinirnlureai|dessuieme|stnireimumoiilaustdianaq|srafig|nanideleuitareihidtnatiaiiimenairiioinsrafi	0=r,31=a,9=l,30=i,25=s,5=i,61=o,24=c,21=a,11=e,13=u,4=n,62=n,35=e,14=r,33=s,16=u,36=t,15=t,32=d,19=m,60=l,63=k,64=h,23=d,3=o,34=f,65=p,1=q,18=y,81=x,29=c,85=z,80=w,86=b,6=g
0	335	-2.903052	6	40	hehuieenaaireieaelie|qaurerelsetsemesslmmcsapermsi|reusiureueet|eeueetlnilesu|eltregezleflreeecerp|imunicoseeellermeerp|heweeto|ielutseiik|yuehurebeaureueet|fcaalouensesiceetieeetlrp|rersrteniiaurese|msrmeeetstendraaureiilnyandreeetaieuosletrenseeesinlertetimel|aeztreiauous|eaitrezauous|flmquelet|msreoseueneenicqsfeiric|miurex|riseflatuesistegerariaeieeeetrieseenermiure	03=h,19=e,13=u,02=i,5=e,61=n,9=a,4=r,30=e,11=l,31=i,25=q,62=s,35=t,14=s,33=m,16=c,36=a,09=p,15=s,32=r,60=n,63=l,64=g,04=z,23=f,3=p,01=o,34=m,65=w,8=k,21=y,24=b,08=o,29=t,85=d,80=d,86=u,1=c,6=x
0	336	-3.022693	2	24	nelanelentiidaantontlaaenlleli|tialeoollcieiluneeilhtlleeeelduraiueliel|olecelleetileilaei|iileiieillrelyilile|lalleiominheentelloiildau|nteelerellrlloiillyenuoiu|nelafilaeinl|ntlallleeicintelq|tlleineleuntunedeetileilaei|telballnseidliicellfieintlaiitallu|oziuiirelelaleolo|eeliuoiieiluiirkubleontelllrtlarwoiieiertlapnllilllaeiodloiicelrlliuiieinteeill|alanuiontalenlleli|laanteionglenlleli|telleetileilllaei|eelionllilaleladiirellciliteielull|eentleox|ulcitellaeileilielluiimietemelefeliiilaeiuliloidenuentleo	0=n,3=e,1=l,9=a,2=t,5=i,61=d,45=o,62=c,43=u,46=h,60=r,63=y,64=m,65=f,8=q,69=b,81=s,41=z,85=k,80=w,86=p,49=g,6=x
0	337	-3.067578	2	26	micmiedlleccdudiccerieil|tlcieuuiioleliameligtiieeeeieanclaeilei|uieoeiieetlielicel|llielleliineislilie|iciieluxlssedeiiullieca|deeieneiiniiulliiseseula|micflicelr|diciiieeloldeik|tiielmieadameeetlielicel|teipciizieleilloeiifleldiclltciia|uwlallneieicieuiu|eeilaulleliallnyapieudeiiinticnbullelentichriliiicelueiulloeiniilalleldeelii|cicseludcierieil|iccdeluscierieil|teiieetlieliiicel|eeilurilicieicellneiiolilteleiaii|eedieuq|aiolteiicelielileiiallxletexeiefeilllicelailiuleeseedieu	03=m,1=i,9=c,3=e,02=d,5=l,61=e,45=u,01=r,2=t,62=o,43=a,46=g,60=n,63=s,64=x,04=s,65=f,8=k,69=p,08=z,41=w,85=y,80=b,86=h,6=q
0	338	-2.929395	3	30	linlitleuuossleilensilein|eustiiesuiudiliiudseiiiicdirsuainiq|itsieiieutuniu|uutuuiuericiunt|neiuiaulxiileieiuucna|leiitriereiuuezilaiua|linmuniulq|lenetiusuleiw|eeiulitalealioiieutuniu|eicsselfiuonusiemuiulenuuesea|ikuauuritntidu|iinaiuuiudiuurbaptileieclenryiuuiuirentleueniuioduuusicleuauuiuleiiue|snlauilestlein|nsleiuilhtlein|eieiieutueniu|iinileuntnouuriesuneiuidie|iiletig|aceueiesiutunieauuauieiaitminuuniuanduuoilaileti	0=l,3=i,19=n,13=t,2=e,5=u,61=o,9=s,45=i,11=e,15=n,62=s,14=d,16=c,60=r,43=a,1=q,64=a,46=x,63=z,65=m,18=w,81=f,41=k,85=b,69=p,80=y,86=t,49=h,6=g
0	339	-2.961799	2	31	fdfileeteelaldeinit|meeiaanseierifiersniiiiariseeuitix|aisiniimeiedie|eeieeiensiaieti|dniearephilinaeeadu|liiisinsnaeenhipiaeu|fdcedien|ldniieselig|mniefiuluftiimeiedie|miaeenwiettesinceieldeemenu|akeueesiidiare|iituaeeierieesquyialinaldsbaeeieismdontndieatreeesiantueeieliien|edpiealeinit|delieapeinit|miniimeiendie|iitantdidteesinsetmieirin|iiliaz|uamemineieietinueereimiriiciteedieutreetipiilia	03=f,19=d,13=i,02=l,5=e,61=t,9=e,45=a,3=i,01=n,15=t,2=m,11=n,62=s,14=r,16=a,60=s,43=u,1=x,64=r,04=p,63=h,65=c,18=g,08=w,41=k,85=q,69=y,80=b,86=o,6=z
0	340	-3.014514	2	28	utenuteturiannumiuenntueetei|rnetlleecitienuttiefeetttteansninteite|letcteettretienti|iietiitieestepieiet|eneetilaiufttuseeliieann|ustetsteeseeliieeptunlin|utendientiue|ueneeetticiuseq|eetiutetnumtutattretienti|sezneeuxtiaeiicteeditiueniiyeen|lwiniistetenetlel|tteinliitieniisonzetluseeesenskliititsengueeieeentilaeliicteseeiniitiustiee|nenuniluyetueetei|ennusilubetueetei|seettretieeenti|tteilueeienetenaiisteecieisitenee|ttuetlh|neciseentietieiteeniiaitsatetdteiiientineieliatuntuetl	0=u,3=t,1=e,9=n,25=r,5=i,61=a,24=m,21=e,45=l,62=c,43=n,46=f,60=s,63=p,64=a,23=s,65=d,8=q,69=z,81=x,29=y,41=w,85=o,80=k,86=g,49=b,6=h
0	341	-2.950947	2	29	cilcineeeulleseillnfinie|alinssiiteneircneikninnnniuralernieni|sintniinnaineilne|eeineeneiianimeiein|iliinesteomneniiseeiulr|enninaniiaiiseeiimnonser|cilseilnef|eiliiinneteeniz|ninecinrercunnaineilne|dipliihineuieetniiseneeileexiir|swereeaninilinsis|nnierseeneireeayrpinseniiianlabseenenanlgfieiiilnesuiseetniaiiereeneenneii|liloneselinfinie|illenesolinfinie|diinnaineiiilne|nniesfieilinilueeaniiteiedenirii|nneinsq|ritediilneineieniireetendtninsnieeeilnerieiseunonneins	03=c,1=i,9=l,3=n,02=e,5=e,61=u,45=s,01=f,25=a,62=t,43=r,46=k,21=n,60=a,63=m,64=t,04=o,65=s,8=z,23=d,69=p,08=h,29=x,41=w,85=y,80=b,86=g,6=q
0	342	-2.905412	3	34	luslualriaiiloilciiuleut|riauueniuiluluuilneuuuusluniioutup|uanueuuraisui|iiaiiuienusuita|seuiurilhuuleeuiisso|leuanueneuiiedulouio|lustisuilp|lcieauinilez|cailuaolouluauuraisui|esiielfuiatinuetiuilciiimeo|uwioiinuasauli|uutouiiuiluiinkoyauleeslcinquiiuiuncibleiesuiualiiinusleioiiuileuie|isloiulmaleut|sileiulxaleut|eeuuraiesui|uutuleisasaiinueniteiulue|uulcuug|osreeiuiaitueoiiriueruatutiisuiotliiauloulcuu	0=l,3=u,19=s,13=a,25=r,5=i,61=a,9=i,24=o,21=c,11=e,15=t,45=u,62=n,14=l,16=s,60=n,43=o,1=p,64=r,46=h,23=e,63=d,65=t,18=z,81=f,29=m,41=w,85=k,69=y,80=q,86=b,49=x,6=g
0	343	-2.861326	2	34	mlmeiiidnnisilnuuer|nnesseriuiaumuiareuuuuaaulniouruq|serueuuneilui|iieiiuieluauire|leuistiosuiuesiialo|iuueluelesiiesuousio|mlziluiu|ileeuiriiug|weimeoiomduuneilui|cannekeidrirueziuiiliifeo|sxioiiluelesai|uurosiiuiauiilhotesiueaillysiiuiulwnbureluisdaiiiruauroiiuiiuuie|nlouisineuer|lniuisoneuer|ceuuneielui|uursurleldiiluerirciuaue|uuiesp|oancenuieirueoiitiuctuezuriiluioraiiduouuies	03=m,19=l,13=e,02=i,5=i,61=d,9=n,45=s,3=u,01=u,15=r,25=n,11=e,62=r,14=a,16=a,60=l,43=o,1=q,64=t,04=o,63=s,65=z,18=g,21=w,23=c,08=k,29=f,41=x,85=h,69=t,80=y,86=b,6=p
0	344	-2.820388	3	31	eslesoteeilletretilloiise|telineriiteuireseintiissiiralerses|rigtsisteiuilu|eeiueuiiasceieik|iliiurdeensetsireeiilr|etsigesiaiireeiicorrer|eslmeiluei|etiliiiseteetsy|tiiuesnotregisteiuilu|tsaliiexuiieetsimeuetileetliir|rwereeasslineir|sierreeuireeafraineetsiiatilabreeugetilheiieiiiluriireetsaiiereeuetseii|lilereretlioiise|illeturezioiise|tsisteiuiiilu|siereiieilislieeasiteietusrii|setineq|ritetsiluiuiesireedepgrigeseeeilurieireiorotine	0=e,31=s,9=l,30=o,2=t,5=e,61=i,45=r,1=i,34=n,62=t,35=u,43=r,33=s,46=n,60=a,36=g,63=c,3=k,64=d,65=m,8=y,69=a,81=x,41=w,85=f,80=b,86=h,49=z,6=q,32=p
0	345	-2.997486	3	33	auiauoieetiiunuuiiouuee|ieiurenuudeauraauxiuullutrniereee|nupieulieuauia|eeuaeauunemeueuh|uiuuantesmoieuneeutir|ulupauunuuneeuumorner|auibeuiay|uuiuuuledeuez|iuuaauroiratlieuauia|iekiuuluatueedeubeauuieeiiuur|nwereeneeiureun|luerneeaureenfrkureueuuniuingneeapuuicyueuuuiantuneedenuuereeauleuu|iuisanuiuouuee|uiiuansiuouuee|ieulieuauuuia|luenyueuiueiteeneudeueiaeruu|luureq|rudeieuiauaueeureetesprupeeeeeuiarueunetoroiure	03=a,1=u,9=i,30=o,2=i,5=e,61=t,02=u,45=n,31=e,34=r,62=d,35=a,43=r,46=x,33=l,60=n,36=p,63=m,3=h,64=t,04=s,65=b,01=y,8=z,69=k,08=l,41=w,85=f,80=g,86=c,6=q,32=s
0	346	-2.947124	3	36	uaduaaieesdduiluindaeae|iedilletensacestecclsoudeuaea|litaireienn|eeieenetaxedi|nenlfeumcuiaseeelnu|uicitalueleeexauleu|uadrennuy|uineinteuiac|ienuapaiuuoireienn|iawdeuonsdetaleenuineeideu|lzeueetaadilse|cduleensnetguwiluiaetintbleenouinqueeennlsseeetateeueenuicee|dnuueluidiueae|nduinluhiueae|iaireieenn|cdlueeninseetaliedinaue|cuiilk|ulieianniedasneferouiraeeennudseesauaiil	0=u,31=a,9=d,30=a,2=i,5=e,61=s,45=l,19=n,11=e,13=i,62=t,35=n,14=s,33=c,16=l,36=o,43=u,32=r,60=t,63=x,15=d,64=f,46=m,65=r,1=y,8=c,34=p,69=w,81=o,41=z,85=g,80=b,86=q,49=h,6=k
0	347	-2.911118	2	36	dndeoiiallosonlreii|lilessepistruitpeuuatdwiuiii|sepierieins|iieiisenifice|nesshiyfrlitiiianu|oueniattiiiefrusiu|dnxinst|oneespioib|lesdeuoudaulieins|liolezeiacipiaiisoniilleu|skiuiiniilesti|ucusiistsinquoesoienlnnmsiisdongtcenssatiiipineiuiisouie|lnyssoletec|nlossyletec|lierieiens|ucstcnenaiinialiclsiue|uoesc|ualilinseicitsihirduexiiiinsuctiiarurles	03=d,19=n,13=e,02=o,5=i,61=a,9=l,45=s,30=r,11=e,31=i,2=l,62=p,35=s,14=t,33=u,16=a,36=d,09=w,43=u,32=r,60=n,63=f,15=c,64=h,04=y,01=t,65=x,8=b,69=o,08=z,41=k,85=q,80=m,86=g,6=c
0	348	-2.931453	3	35	euieuanesiiegeeuiiallue|nilmerllteilleoelduloolslaielueu|rlcnllonlilii|eelieillaurelelo|lillirdeedoenllreelsil|enuceulallreellralrel|euiseliiel|euillloeteenlf|ulieumagaclonlilii|nlwillehisleetulseieuieetlll|rkeleeauuilmelr|olelreeilleeaplwlmeenlllauiayreeiceuixellellliirslreetualleleeienill|ilieleretlallue|liienerezlallue|nllonlilllii|olerelleliluiseeaulteleneulll|oeumeq|lltenlliilileulleedebcllceueeeliillelresalaume	0=e,31=u,9=i,30=a,25=n,5=e,61=s,24=g,21=u,1=l,34=m,45=r,62=t,35=i,43=l,33=o,46=d,60=a,36=c,23=n,63=r,3=o,64=d,65=s,8=f,69=w,81=h,29=t,41=k,85=p,80=y,86=x,49=z,6=q,32=b
0	349	-2.828484	3	37	aiuainceouueleiuuniise|cuireliiteniuanimoissioutueuses|liipiisciniun|eeineniitsreieim|iuiinllearnpiileeiouu|esiiaiitiileeiirnuleu|aiudeiund|eiuiiiseteesc|oinairnkniisciniun|pifuiihinoieetsideneiueexiiu|lweueetssuireil|sieuleeniueetqufireesiitoutbleenieiuydieiiiunloileetstiieueeneseii|uiuanleuiniise|iuuenlauiniise|piisciniiiun|sieldieiuisuoeetsiteiepesuii|seirez|uitepiiuniniesiueelegiuiieseeeiunuieileonunore	03=a,1=i,9=u,30=n,25=c,5=e,61=o,02=e,45=l,31=s,34=r,62=t,35=n,43=u,46=m,21=o,33=s,60=t,36=i,23=p,63=r,3=m,64=l,04=a,65=d,01=d,8=c,24=k,69=f,08=h,29=x,41=w,85=q,80=b,86=y,6=z,32=g
0	350	-2.810723	2	40	elielepeciiegeesiieule|piuiiucetremercummordeiellel|iuclureuent|eeueetualteau|nutimeezmesuieeonl|esldeloeuieeuteliel|eliyenteq|esiuutceeso|sueeldegedureuent|soiiuentcaecloeetesieesul|iweleealliuire|malieetrteablkuiesuoesiahieetdesipeueunticreeeclaueleetestu|ineleiesueule|nieseiefueule|sumpueunt|maieuenunceealopasellu|mesdex|lopsuituealrtemerdluyleeentlareecelesde	0=e,31=l,9=i,30=e,25=p,5=e,61=c,24=g,21=s,11=u,13=u,45=i,62=c,35=t,14=r,33=m,16=o,36=d,43=l,32=r,19=n,60=a,63=t,15=a,64=m,46=z,23=s,65=y,1=q,18=o,34=d,81=n,29=s,41=w,85=b,69=k,80=h,86=p,49=f,6=x
0	351	-2.869797	2	40	ncnsriioiirtrciceei|pisttenielcmilnemmslagiueie|tsnesdisice|iisiieeletius|ceetxiptcretiiscu|rmslesaliiietcutiu|ncdicea|rcesenireq|msinsurunompsice|rsiiefsiouinesiierciiseu|tkiuiileeistli|muutiieleilzuostreelmilhtiiearcyauecetoliiineleiuiiermie|icpetrisasu|ciretpisasu|rempsiece|mutaucscoiilespurieue|mrstw|uspreiesiueleixidausdeiiiceuuliiocucmbi	03=n,19=c,13=s,02=r,5=i,61=o,9=i,45=t,30=c,11=e,31=e,25=p,62=n,35=e,14=l,33=m,16=s,36=a,09=g,43=u,32=d,60=l,63=t,15=u,64=x,04=p,23=r,01=a,65=d,8=q,21=m,08=f,29=s,41=k,85=z,69=o,80=h,86=y,6=w,34=b
0	354	-2.848983	8	33	nenneaniutllniisinlenter|iwairsuiesieneesiateeeeudeclreereq|iseaeteeiseslep|uauesuneuesse|nterlisibenietiustlie|nieeacetctiusueenieiuie|nenyslesq|nintaelisiez|iteseaieniieneteeiseslep|ieulltnxeltuaetyesinuiltie|irrieuceanaisip|eerieiuesieuchiefaisietuninckiueecinontstlerltiulieuntreuesieesq|lnniersilanter|nlniersilanter|ieteeisestlep|eeristslantucetasgeedet|eeniail|ieuigetlesesetieumeiemeayerunererdutenieeniaip	0=n,3=e,19=n,13=a,2=i,55=u,61=t,9=l,4=i,50=s,11=t,15=r,59=w,54=r,51=s,16=u,53=e,62=a,14=d,60=c,1=q,5=p,56=l,63=b,65=y,18=z,81=x,85=h,69=f,80=k,86=o,52=g,64=m
0	355	-2.925579	8	36	rorinunllnistoleuid|twiirlateliereliateeeeaceslreedeq|ileaeteetlellem|uiuelaraelle|otercisiyenetiulnlie|neeisetstiulaeegeiuie|rokllesq|notiectsteb|tteseiienierneetlellem|tealltdictuaetkestoutltie|irdieuseioiilim|eedieiuelieushieziistetanosfiueestopudtoerctiucteaudieuesteelq|logerstliuid|olnersiliuid|teteetleltlem|eedistllionusetaloeecet|eeniic|ieatoetleleletieuxetexeikeduoeredcunegeeniim	03=r,19=o,13=i,02=n,55=u,61=n,9=l,4=i,50=s,2=t,3=e,01=u,15=d,59=w,54=r,51=l,16=a,53=e,62=a,11=t,14=c,60=s,1=q,5=m,56=c,63=y,04=g,65=k,18=b,08=d,85=h,69=z,80=f,86=p,52=o,64=x
0	358	-2.973330	8	36	tettentlatitdrsiietles|linirucleuieteeuidleeeecheeireesep|iuedeleelnuien|unueucteceuue|tlerairioetaliuumiie|taeneeleliuuceetieiuie|tetyuierp|tsilnealtaq|snrenietdetemeelnuien|aciiltfealudelycrsiuolie|irsieueentniuin|eesieiucuieuegiekniralctsiexiuccesiwtlulieraliuaactlreueraeup|ittierrontles|titarriintles|aleelnulien|eesirluintmueelduzechel|eetseia|ieclalieueuclieubcabenyesutereshumetieetsein	0=t,3=e,19=t,13=n,25=l,56=a,9=i,24=d,50=r,21=s,11=l,15=s,4=i,54=r,51=u,16=c,62=d,14=h,60=e,1=p,5=n,55=u,63=o,23=a,61=m,65=y,18=q,81=f,53=c,29=o,85=g,69=k,80=x,86=w,52=z,64=b
0	359	-2.964199	8	38	fmfaleniilrediiicau|niartsonisrifisrcuiiiioriaitiiuiq|rsiciuiinasiio|eaeisofoissi|muittrerdiliuresniri|liiaaiuauresoiiwireri|fmysiieq|lmuaitnlib|daeiarilrifniinasiio|loiiugatueciuysediezuri|rturieaiamarsro|iiuriressrieaprimareluolmapressadixcuumitturetlocurieielisq|imwitezacau|militeriacau|luiinasuiio|iiureusiamneaiucshisriu|iilart|rionluiisissuriekslkiayiuemitiureniwiilaro	03=f,19=m,13=a,02=l,55=e,61=n,9=i,4=r,50=e,21=d,3=i,01=c,15=u,25=n,54=t,51=s,16=o,62=c,11=u,14=r,60=a,1=q,5=o,56=t,63=d,04=w,65=y,18=b,23=l,08=g,53=s,29=z,85=p,69=m,80=p,86=x,52=h,64=k
0	367	-2.825656	8	45	zlzesafiisreciioaad|diertuidemocursaccimrntcta|rurnacdeuie|aeaeaualuuo|laerirerlonaraufiro|sceuaismauichbaro|zlkuies|slaeesenp|ceeabonorequele|niiiareiaasaiaeslamaro|rttreizelerurd|ctrbatureirtrierenaisluyrattuciwstaleriarainistretenea|ilheremeset|lisererieset|nacdeuaie|ctreauielfauaidtntmax|cseri|rasgaleeutareirtnparttalerauraforcserd	03=z,19=l,13=e,02=s,55=a,61=f,9=i,4=r,50=e,21=c,30=o,11=a,31=a,5=d,25=d,54=t,51=u,16=i,35=e,14=m,33=c,62=s,36=r,09=n,15=t,23=n,60=u,63=l,3=o,56=i,01=s,04=h,34=b,65=k,18=p,24=n,32=q,08=r,29=m,53=t,80=y,86=w,1=x,52=g,64=p
0	368	-3.005218	8	32	uaieuaiaursdeeurnurieeauiiain|rkianniictleuaalbriiaaaaidemesaaiti|niacaiiaarlalean|siasalimaialla|ieiiasunubaauraiinsidee|uraaiamaiimiinsiiaauensa|uaiefleaii|urieiiiaauriraig|riiaiaiaeureuadaarlalean|raireiiupauiiscaiiftiriesreiie|nzsasmaiaieianin|aaisansalesmwerianuraiiimriemonsatmriequiiliieasuiinscaimiisasairaali|eieuesireiauiiain|ieeurasixiauiiain|raiiaarlaliiean|aaisiiileiaiedsmaiiclhatieii|aauriant|eichaiiealaltiiesytrayaiafaisleasailnuiaueaurian	0=u,3=a,1=i,9=e,2=r,55=s,61=d,45=n,5=n,59=k,62=c,53=t,51=l,43=e,46=b,60=m,54=s,63=a,56=u,65=f,50=i,8=g,69=r,81=p,41=z,85=w,80=o,86=q,49=x,52=h,6=t,64=y
0	369	-2.816968	8	35	tiltieduilldudillerieia|twieuuiinesatesqtiieeeeiianlreeiei|uieneiieetseslea|uieuesineilsse|iliiersumledeiiuuiila|deeieneiiniiuuiilemeure|tilfsleci|diliiieestcteig|tiieceieadatieetseslea|teidliiyiesiiuneiifectilutliia|ukreuneieilieuiu|eeireuuesaunbadieudeiiintilnouueentilzrisiilersiiuuneiniireuecteesi|lilmerctlierieia|illderchierieia|teiieetsesiilea|eeirciislieiliuneiinspeeiaii|eedieuo|ainpeiileseseiiauxetexeiefeiuslereisusiemeedieu	03=t,1=i,9=l,3=e,02=d,55=u,61=i,45=u,01=r,5=a,2=t,59=w,62=n,53=e,51=s,43=a,46=q,60=n,54=r,63=l,56=s,04=m,65=f,50=c,8=g,69=d,08=y,41=k,85=b,80=o,86=z,49=h,52=p,6=o,64=x
0	370	-2.860955	8	38	eiseiieneduuenrensuienir|nwirrnfmateiiagnniiiitciuuciiril|rifiniinaiauil|eieiateitiaai|snicoregiieninretst|eniiiuinunrenyietrci|eissauiol|ensniiononib|nnioiitenteidiinaiauil|nituunekionefinsmonsenunt|rzcieuiisircl|iirtreiateuxtairenintensupreimunsdenanuiconrefitencieioniial|usetconuienir|suenicopienir|niniinaianuil|iirrenauisdeuinfamimcin|iienirq|ttnminuiaiamntehmnihiisiresicircedietienir	0=e,3=i,19=s,13=i,2=n,55=e,61=d,9=u,45=r,11=n,15=r,59=w,62=f,53=m,51=a,43=t,46=g,16=t,14=c,60=u,54=c,1=l,5=l,56=o,63=y,65=s,50=o,18=b,81=k,41=z,85=x,69=a,80=p,86=d,49=p,52=m,6=q,64=h
0	371	-2.886330	8	41	yuyeuifttusuutilee|akessatmaryiamaaiiiiopietsiiein|setiaiiaaiatio|ieiiaoyoiaai|uaiscschiuiasiour|uiieeiaeasiahicissi|yuratiln|uuaeicalaig|aailieruryfiiaaiatio|aiottaxecaitiarmlauiatar|swsiieieuespo|iiersiiariebrdesuiaouuezsiimeaupleauiscasitioleriilaiian|tucislatelee|utuisldelee|aiaiiaaiaatio|iiesleueufieiatanimpia|iiuesq|roaniatiaiamarismaisierieiuisiepificiiues	03=y,19=u,13=e,02=u,55=i,61=f,9=t,45=s,3=i,01=l,15=e,2=a,59=k,11=a,62=t,53=m,51=a,43=r,46=m,16=o,14=p,60=e,54=s,1=n,5=o,56=c,04=c,63=h,65=r,50=l,18=g,08=x,41=w,85=b,69=d,80=z,86=p,49=d,52=n,6=q,64=s
0	372	-2.923434	8	35	neilneientaillndsalleniieim|tlieuuiidnueneeugaieeeeirellteeini|uiedeiieetieulem|riereuileihuue|iliietaungeenciiurirle|nceieleiiliiuriiheneute|neilfulesi|naliiieeatncip|aieseieendenereetieulem|cisliinzeaiirdeiifnsalroiie|uwterleieilieuiu|eeiteureuerlyesieunciiilallkurenlaloniiuiiletaiiurdeiliiteresceui|lilnetsoieniieim|illnctsbieniieim|ciieetieuiilem|eeitsiiulieilrrleiiduxenieii|eenaeuq|eidxeiileueuniierincieiefeiruleteiuuaieneenaeu	0=n,3=e,1=i,9=l,25=t,56=a,24=d,50=s,21=a,5=m,45=u,62=d,53=n,51=u,43=e,46=g,61=r,60=l,54=t,55=r,63=h,23=c,65=f,8=p,69=s,81=z,29=o,41=w,85=y,80=k,86=o,49=b,52=x,6=q,64=i
0	373	-2.924581	8	37	nlanlilidaalellaaioliln|kalieellutsanisgsliiiildauariiltl|eliuilliiklisain|iliiisluilessi|lallirremeililleildaa|liiliuillulleilleimieri|nlamsaicl|llallliirklily|slicilialandiiklisain|hlballolirlliuillmtcsaiclla|eqriiuililaliele|iilrieiisaiupablielilllusaudeiitusafolsllairrlleiuilullriiichisl|alamircclioliln|laalircxlioliln|hlliiklisllain|iilrcllsaliladiuillustitlall|iilliez|alutillaisistllaiwthwilimilisairilserlimiillie	03=n,1=l,9=a,3=i,02=l,55=i,61=d,45=e,01=o,5=n,25=k,62=u,53=t,51=s,43=a,46=g,21=s,60=u,54=r,63=e,56=r,04=m,65=m,50=c,8=y,23=h,69=b,08=o,29=c,41=q,85=p,80=d,86=f,49=x,52=t,6=z,64=w
0	374	-2.827455	8	41	aetaeuadatiamlliieaues|diuiiursnraeenplueeetdecimeesef|iureueedunies|eueentaetenne|tuemaiapeeaauiettr|aaeuceucuieuxearime|aetenielf|aliuueadaak|luleurameaeneedunies|atiiuabeauereuesllieour|iwmeeceutuids|eesrieenrechrquiaautalicpieescligaunuiemauieretaumeeelaenf|itarmlouaues|tiaamlouaues|aueedunuies|eesiauniutneceurnyesdeu|eealeiz|rtdauienensurecsaceueesetemesdenearealei	0=a,3=e,19=t,13=u,25=d,56=a,9=i,24=m,50=l,21=l,11=u,15=s,45=i,62=r,53=s,51=n,43=r,46=p,16=t,14=d,60=c,54=m,1=f,5=s,55=e,23=a,63=x,65=e,18=k,61=n,81=b,29=o,41=w,85=h,69=q,80=p,86=g,49=o,52=y,6=z,64=c
0	375	-2.778314	8	43	titulslccleliceous|ncueendraiteamyueeentescreesep|eudeneenuacep|suseantneaae|inereetdelenesnii|leeusensnesndeteere|tikaceap|linueenlex|yuaeuilitleenuacep|cnccnouensdenkraycsqni|ewresseuiuetp|eesieseaissgifuelennlismesersychosnierenesdenosiseaceap|citeraquous|icleraauous|cneenuancep|eeseosiuilssendaberten|eeluez|inncnceaearnisurcueukessierestsleteelue	03=t,19=i,13=u,02=l,55=s,61=l,9=c,45=e,3=e,01=o,15=s,25=n,11=n,62=d,53=r,51=a,43=i,46=m,21=y,16=n,14=t,60=s,54=r,1=p,5=p,56=e,04=t,63=d,65=k,50=a,18=x,23=c,08=o,29=q,41=w,85=g,69=f,80=m,86=h,49=a,52=b,6=z,64=u
0	376	-2.843406	7	37	tantaceatnntenteinnciiay|ekilooiuuoitmoreiimmitilnomiui|niseaimeoeine|aieuoilacoop|iniiendrrmteainaitni|temistailiinaiiccinop|tandoneti|teiniiimsereab|eiietalceitsimeoeine|eaxniitzetiauaidureinaeniii|nqoestaanilon|miolauoialwixilreaiileinlgnaesteinftiioiinentinaualiioeuremoi|nintioreniciiay|innteenthiciiay|eaimeoeiiine|mioriioniantalaiuomeaiii|mteils|iiumaineieiuiiiaduesiisuiaoneiionsiciceily	0=t,31=a,9=n,30=c,2=e,55=a,61=t,45=n,1=i,5=y,59=k,34=l,54=o,51=o,62=u,53=u,43=i,33=m,46=r,60=l,36=s,35=e,63=c,3=p,64=d,50=r,65=d,56=s,8=b,69=x,81=z,41=q,85=w,80=g,86=f,49=h,52=m
0	377	-2.932197	7	39	nieniarnieetatieeaiioy|rbicmeilleuntixriirriiusemrili|aioroirretiet|nitleisopeeq|ieiitadexrtoianiieu|trioniisiianiipauamq|niegeetp|tieiiirureroh|riitnicarunirretiet|rofeiimitiinloiglerienreiiu|akmtunioeicea|rimcnleunswuficeroiisriesdantotiezpieiietaiianlosiimtlerrei|eiectateiaiioy|ieettaceiaiioy|roirretiiiet|rimeiieeioeinsoilestouii|rticu|uilsoietitiliiundlrouiolineetuieauiauaricy	03=n,1=i,9=e,30=a,2=r,55=n,61=i,02=t,45=a,31=o,5=y,59=b,34=c,54=m,51=e,62=l,53=l,43=u,35=t,46=x,33=r,60=s,36=o,63=p,3=q,64=d,50=e,65=g,01=p,56=u,8=h,69=f,08=m,41=k,85=w,80=d,86=z,04=c,52=s
0	379	-2.769910	6	47	scsateleetrtceanid|uwarrnumrcsetuniiotspiiui|rauiayrece|eaeentixrrp|cnersamititerlec|tiationteroilfec|schreen|tcnaeuauib|unesactcsliurece|uikendanneuioeetceuenc|rziensacartd|iucreetendiseartintuctoreestclnuncerltenuitniemauirq|eclerteanau|ceterleanau|uiayrence|iurnucacletiourreicn|itarg|couricearmncesmuscahiereecutelacauar	03=s,19=c,13=a,02=t,55=e,61=l,9=e,45=r,30=a,11=n,31=i,5=d,2=u,59=w,62=u,53=m,51=r,43=c,35=e,14=t,33=i,16=o,36=s,09=p,54=i,15=u,32=y,60=t,63=x,3=p,64=s,50=a,46=m,01=n,04=l,34=f,65=h,8=b,69=k,08=d,56=n,41=z,80=o,86=l,1=q,52=r,6=g
0	380	-3.011213	7	40	ealeacasillemeillciiam|alintuiroulenuziinniolsltnioi|eidtiinaisils|uisouisapuuk|iliiseceznetiieuioll|etadeaisiieuiipcletk|ealdulsei|eiliiinsaetiq|iiseancmcdinaisils|tihliiexsoiuraidoeilupiil|ewtsseaalinue|nitnuoulusblhinetiiisilsyeusdeilgeiiuiilseoieurasiitsoetsii|lileltepiciiam|illetteficiiam|tiinaisiiils|niteiiulialousairursalii|neins|lirrailsisioiilucotcadoiuulsliuesiclcinm	0=e,31=a,9=l,30=c,25=a,56=s,1=i,24=m,50=e,21=i,5=m,34=n,54=t,51=u,62=r,53=o,43=l,33=n,46=z,61=o,60=s,45=e,36=d,23=t,35=s,55=u,63=p,3=k,64=c,65=d,8=q,69=h,81=x,29=p,41=w,85=b,80=y,86=g,49=f,52=r
0	381	-2.960348	7	42	neineurleiictceiiueesp|riesaueaduenneymettedesiatede|teegeetrenein|ienduessouur|eieentlaytcsetiedie|cteeneeseetieeouetar|neinuinc|ceieeetlrcsq|mennesubueetrenein|gekieefendeiasendamiizeee|twanlnesiesut|teasidueismekesageeesmishtineceixceueeintdetiasseeandagnee|ieipntcieueesp|eiicntpieueesp|geetreneeein|teaaeeuiesidisseauonseee|tcesl|eeaoseinenedeeeildglsedeiuineeutleueumsp	03=n,1=e,9=i,30=u,25=r,56=l,02=c,45=t,31=s,5=p,34=s,54=a,51=u,62=a,53=d,43=e,35=n,46=y,21=m,33=t,61=d,60=s,36=e,23=g,55=i,63=o,3=r,64=l,50=a,65=n,01=c,8=q,24=b,69=k,08=f,29=z,41=w,85=m,80=h,86=x,04=p,52=o
0	383	-2.838589	7	48	fufilucaallluauiep|taillinlesfianinnrangonde|lineideiui|uiuiimereex|uiilrchnleauecas|lnimeraauernyous|fuzeaia|luiiinceq|siceoutunideiui|eraaibisiuneruiluuois|lwoisfiuilap|ndsluiaisbonailleimsamkluinlumadiuilcauseradsuilnet|auyillaiaid|ualilyaiaid|eintieiai|ndladuiucumertdelaet|nlilp|srteiaiielisurlerenlduuisdaucususop	03=f,19=u,13=i,02=l,55=u,61=c,9=a,45=l,30=u,11=i,31=e,5=p,25=t,62=n,53=l,51=e,43=s,35=i,14=a,33=n,16=r,36=n,09=g,54=o,15=d,32=d,60=m,63=r,3=x,64=r,50=c,46=h,01=a,04=y,34=o,65=z,23=e,18=q,21=s,24=t,08=b,56=s,29=o,41=w,80=k,86=m,1=t,6=p
0	386	-3.091925	2	19	nemneantiiumcntlintmcenser|ticalilisutieideneeidutseeeefdeuncileereg|liauteseetiaimei|iiaiieisunefeira|mseiliulinlueentesliiifmle|nteeaunesunsliiisueenleliile|nemuiimeing|ntmsaeiutinteq|tseinealentleneuaetiaimei|tefccsnyeiusiiutesuiieintmiitcsle|lilrleiiuneamalidi|eerleliiieideiiunxleucalintesfntmunpliiieieuntmonsismeiliusliiiutefnsileiieinteeis|cmnleilintcanser|mcnteilinlcanser|teseetiaismei|eerlinsimamuriunesutirteiedes|eentaliu|leftitesceiairesleiiulieteuleauieriimeilerdiiuanleentali	0=n,3=e,19=m,13=a,2=t,5=i,6=u,9=c,4=l,11=s,15=r,14=d,16=f,1=g,18=q,81=y,85=x,80=p,86=o
0	387	-3.326403	1	21	bubrdnneufdonduficrs|mnfrononlemnintibintemliiiiatiegnoiisiy|onremiliimnrnuin|nnrnninlebainsr|ulinoneonpeiidilonnnauoi|diireblectnnnleiipionnoi|buennuinc|dulrinemndiq|mlinbroidoiberimnrnuin|miafflhrnelnnemilennindunnmfloi|onosoinnebrurontn|iisoionnnintinnehnoiefrondiladuehpnnninieduxcsluinonelonnnemiacsoinnindiinl|fupinondfrcrs|ufdinonpfrcrs|miliimnrnluin|iisoncsuruesneblemnsminitil|iidrone|oiamnmilfinrnsiloinneonimieoirenisnnuinoistnnerpiidron	03=b,19=u,13=r,02=d,5=n,6=e,9=f,4=o,3=i,01=c,15=s,2=m,11=l,14=t,16=a,09=g,1=y,04=p,18=q,08=h,86=x
0	390	-3.288792	2	23	elcelteyincfezierffleulm|yftaiaiunyliolellionrtllldolnefiallmlk|aitnsullyticli|iitiiliuneldlimt|culiainaieanllesuaiiidcal|esltneluneuaiiiunllealaiial|elcniicliek|erfutlinyesq|rtieltalezlelntlyticli|sdffueplinuiinsuniilierfiixual|aiamaliineltctaioi|llmalaiiilioliinegalnftaiesuderfnebaiiililnerfheuiucliainuaiiinsdeuialiiliesliu|fcealiaiexteulm|cfesiaieafteulm|sullytiucli|llmaieuictcnminelunymsilolu|llerlain|aldysuflitimlualiinailsnaltnilmiiclialmoiinteallerlai	0=e,3=l,19=c,13=t,25=y,5=i,6=n,9=f,24=z,21=r,11=u,15=m,4=a,14=o,16=d,1=k,23=s,18=q,81=p,29=x,85=g,80=b,86=h
0	391	-3.356029	1	24	cmculeenmflrelmfisuo|qfurereanqiediciednxuiiitdingeriioiw|reunhaiiquemie|eeueeieanctieou|maierenrepniiliareeetmri|liiuncansdeeeaniipireeri|cmneemies|lmauienqliz|xuecurilricnuiquemie|htffayuenaeenhaneeielmeebari|rerorieencumurede|iiorireeeiedieenyerinfureliatlmnypeeeieinlmksoamierenareeenhtsorieeieliiea|fmpierelfusuo|mflierepfusuo|haiiqueamie|iioresomumnoencanqoheidia|iiluren|ritqhafieueoiarieenreihnriuneioeemieriodeenupiilure	03=c,19=m,13=u,02=l,5=e,6=n,9=f,4=r,3=i,01=s,15=o,25=q,11=a,14=d,21=x,16=t,09=g,1=w,23=h,04=p,18=z,08=y,29=b,86=k
0	392	-3.055071	5	20	arlaroueesillauneauilloiire|uelideneiisuetinoceinsuiiccisinmalencier|neimuricueitilt|eeitetiisarstieip|iliitnesneanscaurineeeisilnp|aucimarisaiineeeiiscandeenp|arlseeiltai|auiliiicesueaurq|uiitardounomicueitilt|urslliiaytsiieesuriseetauileeuliinp|nenientesarrlideine|ciendeeetintesabnmlideauriisauilsagneeetmauilhaiieiiiltnesiineeesursaiientetauceii|lilantneaulioiire|illautneanlioiire|uricueitiiilt|cieneaiieilirlsieesarisueieutrnri|cauides|nrsueuriltitierintesnefmnrmereeeiltnreineesioncauide	0=a,31=r,9=l,30=o,2=u,5=e,6=s,1=i,4=n,34=d,35=t,33=c,36=m,3=p,8=q,81=y,85=b,80=g,86=h,32=f
0	393	-3.243946	5	22	kiakioleeniaasresiaaoiite|leaidereiinleuiroceirnliiccinirmberciet|reimlticleiuiau|eeiueuiinkinuieiq|iaiiurenrefncstireeeiniarq|scimkiinpireeeiincfdeerq|kianeeiaup|siaiiicenlesth|liiukidolromicleiuiau|ltnaaiigiuniieenltineeusiaeelaiirq|rerieruenkitaideire|cierdeeeuiruengermaidestiinsiangfeeeumsiaypieiiiaureniireeenltnpierueusceii|aiafuresaioiite|iaasurefaioiite|lticleiuiiiau|cierepieiaitanieenkiinleielutrti|csiden|rtnleltiauiuietiruenrezmrtmeteeeiaurteireeniorcside	03=k,1=i,9=a,30=o,2=l,5=e,6=n,02=s,4=r,31=t,34=d,35=u,33=c,36=m,09=b,3=q,04=f,01=p,8=h,08=g,86=y,32=z
0	394	-3.302920	6	26	eadeaysiirtdesniestdycai|siduninicrsiefylifrscllsfmedinloa|niursaukiuite|iiuiiecreareou|tcenirnienrlesafiiistnp|eslureasecniiicrlenbiinp|eadriiteeg|estcuersiesaq|sceeabysnymukiuite|sarddcexerciirsasiieestiisdcnp|ninoneireaadunifi|lonbiiiefeirewnmduniesacrestrezniiiemesthecictenircniiirsarecineieeslic|dteneniesduecai|tdesenienduecai|saukiuicte|loniecitutroireassioseanag|lesunir|narsisateuioafeirnikmnamiaiiitenaifiiruenlesuni	0=e,31=a,9=d,30=y,2=s,5=i,6=r,19=t,4=n,11=c,13=u,35=e,14=f,33=l,16=s,36=m,15=o,32=k,3=p,34=b,1=g,8=q,81=x,85=w,80=z,86=h
0	395	-3.350279	5	28	ysyaniiascnlinschsei|ricalilisarieuhoiuarsoodupkilote|liaareamiaise|iiaiiesaydeta|sselialifaoneuiiidslq|noaaysanuiiisaofwiilq|ysaiisen|nssaearinez|rseyalhrlhpamiaise|reaccsbaiasiiarediiensiircslq|liltleiayasaliui|otlwiiieueiabilpcalinesansabfiiiepnsxntsseliasliiiareantleienois|csfelincanat|scnelifcanat|reamiaisse|otlintsasatiaysaritreeleg|onalia|learireseaiteueialimplepieiiiseleiuiiaafonali	03=y,19=s,13=a,02=n,5=i,6=a,9=c,4=l,30=h,11=s,31=e,2=r,35=e,14=u,33=o,16=d,36=p,09=k,15=t,32=m,04=f,3=q,01=n,34=w,8=z,08=b,86=x,1=g
0	396	-3.403294	5	24	onsonycitessoxioussyeeni|csediaieetcmeaylieatuelleteaposialein|aiepreelcemesm|iiemimeetontmeief|eseemaitaioatloreeaiiietesaf|ornponetoeeaiiieetloadiiaf|onstiiesmoe|ouseeelitcoreq|uemondyxypelcemesm|retsseeokmteeiitreetiimousiibeeaf|aiaeiamitonnsedieai|leiadiiimeamitozapsedioreeetoustohaiiimpousgoeeieeesmaiteeaiiitretoeeiamimormee|sesoamaiobeyeeni|essoriaioaseyeeni|reelcemeeesm|leiaioeeiesensteiitonetceirinane|loudit|antcreesmemeineamitaiwpanpiniiiesmanieaiiteyaloudi	0=o,31=n,9=s,30=y,25=c,5=i,6=t,1=e,24=x,21=u,34=d,4=a,35=m,33=l,36=p,23=r,3=f,8=q,81=k,29=b,85=z,80=h,86=g,32=w
0	397	-3.157213	5	26	diadiosleiaacelciaaoiinl|saitleliiesrieoslieegissieieuklesiln|eliufiissiriar|llirlriiedierilip|iaiireleelmescnielllieiaep|csiudiiehiellliiesmtllep|diaelliarh|ciaiiislescnz|girditoyouissiriar|fieaaiixireiillefiiellrciallwiiep|eleilerledinaitliel|siletlllrierlexleuaitlcniieciaexmlllruciabhiliiiareleiielllefiehilerlrcslii|aiamrelcaioiinl|iaacrelmaioiinl|fiissiriiiar|silelhiliainaeillediiesilflneni|scitle|enesfiiaririlnierleelquenulnllliarenlielleioescitl	03=d,1=i,9=a,30=o,25=s,5=l,6=e,02=c,4=e,31=n,34=t,35=r,33=s,21=g,36=u,09=k,23=f,3=p,04=m,01=h,8=z,24=y,08=x,29=w,86=b,32=q
0	398	-3.079274	5	30	ensenacialsezierssatni|cssuiuitacemadimarsdnamiesiudon|uisantdcsile|iisiietaenaeos|lteuiauieuadentuiiitluy|ennientetuiiitadeubiiuy|ensaiileeq|erstseacenw|rsienbazaisgisile|ntsstekeatiiantaiieersiiftuy|uiuoueiaennssuimi|doubiiiemeiaehuissuienttersaexuiiieierspetitleuiatuiiiantetiueieenet|sleueuiefsetni|lseniuieussetni|ntdcsitle|douietilslaoiaentconinunq|derbia|unacntsesionmeiauigiuniiniiileunimiiaseuderbi	0=e,31=n,9=s,30=a,25=c,5=i,6=a,19=l,24=z,21=r,11=t,13=s,4=u,35=e,14=m,33=d,36=i,15=o,23=n,16=t,3=y,34=b,1=q,18=w,32=g,81=k,29=f,85=h,80=x,86=p
0	399	-3.106428	5	32	rsreiiiesciniiscarti|nceninirenuaauiaeheuteadminutt|nieepruneisu|iieiiureroute|srunienileuitaiiiosny|iueerresaiiireulxiiny|rseiisus|isreuenitw|heirenazadebieisu|poccrfeieriiepreiiuisiikrny|nintnuiereseniai|utnxiiiuauiefindceniitreisefliiiudisgstrsunierniiiepostnuiuiuir|csluniiceset|sciunilceset|pruneirsu|utnistsesetierrentpitntq|uienie|ntenprcueittauienibdntditiiisuntiaiieeluieni	03=r,19=s,13=e,02=i,5=i,6=e,9=c,4=n,30=a,11=r,31=t,25=n,35=u,14=a,33=u,21=h,36=d,09=m,15=t,23=p,16=o,04=l,3=y,01=s,34=x,8=w,24=z,32=b,08=f,29=k,86=g,1=q
0	402	-3.078676	2	23	aicaidaleetcpalualcpianis|lepduuntleiemiaiiemtlniiiifmitaperisib|udtliniiledecie|eedeeientaifiesd|cnieutuakiialinueefcr|aliidtaintanueentiiaruer|aicteecieab|alcndietlealig|lnieaidralraitdiledecie|lifppnaxietneetlinteeiealceelpnr|uwereetaidcdume|iisrueeiemieetaortpdualinfalctaqueeieitalchanencieutnueetlifanereeiealiien|pcareualpdanis|cpalieuaydanis|liniiledencie|iisuanecdctsetaintleslieimin|iialdut|rflelinpiedesinreetuilitrdteiseeciersmeetdarialdu	0=a,3=i,19=c,13=d,2=l,5=e,6=t,9=p,45=u,11=n,15=s,14=m,16=f,43=r,1=b,46=k,18=g,81=x,41=w,85=o,80=q,86=h,49=y
0	403	-3.422137	1	23	fdfupeendcprpdcious|lecurranleiebifiebnlaiiiimbinqetisix|runliaiileuedie|eeueeieanfmiesu|daiernryniipiareemdt|piiunfanobeeeaniiyiret|fdneedieo|pdauienlepiz|laiefutptfnuileuedie|limccaguenaeenlianeeiepdeelcat|rketeenfudurbe|iistreeiebieengetncurpiampdngyeeeieinpdhosadiernareenlimosteeiepiiea|cdyierpcuous|dcpierycuous|liaiileueadie|iisrosdudnsenfanleslieibia|iipurn|tmleliacieuesiateenrilintuneiseedietsbeenuyiipur	03=f,19=d,13=u,02=p,5=e,6=n,9=c,45=r,3=i,01=o,15=s,2=l,11=a,14=b,16=m,09=q,43=t,1=x,04=y,18=z,08=g,41=k,86=h
0	404	-3.114528	1	21	clinclilcyeainncrecunnlciilie|ynilttiiayleisclleiouilllliaisacneslieli|tilapiillyileinle|eeileeleiiaclialeieil|iniiletatcollcpiiteeiains|cplilacliiaciiteeiiallcstes|clinaeeinleci|cuniiilleaycpid|uileclilscrlclaillyileinle|pianniicbleaiieeapiiaeelecuneexiis|tkeseeacliliniltit|lliesteeleiseeacqsaniltcpiiiacunachteelelacunmciieiiinletaiiteeapiaciieseelecpleii|nincsetcxilciilie|inncpetcfilciilie|piillyileiiinle|llietciieinilinaieeacliiayiepelisii|llculta|siaypiinleileieliiseeatlpasilaelieeeinlesieiteailcslcult	0=c,3=l,1=i,9=n,25=y,5=e,6=a,24=r,21=u,45=t,43=s,46=o,23=p,8=d,81=b,29=x,41=k,85=q,80=h,86=m,49=f
0	405	-3.150693	1	21	olaoletiiulaatntlaaecleli|salennlluseilroeilypleeeelulrudireliel|nleumlleesleilaei|iileiieilluolueilile|lalleinungueetellniilular|teeleuolluclniillueegenir|olauiilaeic|tlallleeiustelq|pleiolertrouleesleilaei|mluaallhleiulliiumlluiieitlaiifllr|nkiriiuolelalenln|eelirniieilriiuhirualentelllutlauhgiiieieutlabclilllaeinullniiumlucliriieiteeill|alageintalecleli|laateingalecleli|mlleesleilllaei|eelinclilalelauliiuolluslimielrll|eetlenu|rlusmllaeileiliellriiunemurleuieliiilaeirlilniulegeetlen	03=o,1=l,9=a,3=e,02=t,5=i,6=u,45=n,01=c,25=s,43=r,46=y,21=p,09=d,23=m,04=g,8=q,08=h,29=f,41=k,86=b
0	406	-3.122401	2	27	essesaefilstebiecttseesp|ftannelfsiasessialcasssmasletiuspsg|nalressfaissi|iiaiisielesmsipa|sesinlnekssereniimsu|ersaleseleeniielsseuniu|essliissieg|ecteasilfero|caiesauebseslasfaissi|rmtteezsileiilreliisiectiideu|nwiuiilesasanai|sspuniisiasiilequltaneremectlexniisislectheeiessinleniilrmeeiuiisiersie|tseuinedaeesp|sterineyaeesp|ressfaiessi|sspneeisaslpileselfprisase|ssecsnl|umfretsiaipseuiilnsrlualispiissiupaiilaeusecsn	0=e,3=s,19=s,13=a,25=f,5=i,6=l,9=t,24=b,21=c,11=e,15=p,45=n,14=a,16=m,43=u,1=g,23=r,46=k,18=o,81=z,29=d,41=w,85=q,80=x,86=h,49=y
0	407	-3.192218	1	26	cscuaeenslaraslious|glurrengiemiciemnkuiiihminqetisib|rundeiiguesie|eeueeieenchiesu|seiernrfniiaiereehst|aiiuncenomeeeeniifiret|csneesieo|aseuiengaix|kuecutatcnuiguesie|dhlleyueneeendeneeieaseezet|rweteencusurme|iistreeiemieenyetnluraiehasnyfeeeieinasposesiernereendhosteeieaiiee|lsfieraluous|slaierfluous|deiigueesie|iisrossusnsencengsdeimie|iiaurn|thgdelieuesieteenridntuneiseesietsmeenufiiaur	03=c,19=s,13=u,02=a,5=e,6=n,9=l,45=r,3=i,01=o,15=s,25=g,11=e,14=m,21=k,16=h,09=q,43=t,1=b,23=d,04=f,18=x,08=y,29=z,41=w,86=p
0	408	-3.176955	2	24	etletcsaauillesdesillciita|salimadiiusanirepaixsiippiuiruelartat|digstipsainiln|aainaniiuetuniaih|iliindudexpestidaaiuilr|espigetiueiidaaiiuperdar|etluaailnei|esiliiipausaestq|siinetmcsregipsainiln|stulliieknuiiaaustiuaanesilaasliir|dwaraauettlimaid|piardaaniraauebrulimaestiiuesiluezdaangesilyeiiaiiilnduiidaaustueiiaraanespaii|lileradesliciita|illesndeficiita|stipsainiiiln|piadeiiailitluiaauetiusaiasntrii|pesimau|riusastilniniatiraaudogrigataaailnriaidauicrcsima	0=e,31=t,9=l,30=c,2=s,5=a,6=u,1=i,45=d,34=m,35=n,43=r,33=p,46=x,36=g,3=h,8=q,81=k,41=w,85=b,80=z,86=y,49=f,32=o
0	409	-3.144397	2	25	dinditalleinnmcminntiisl|alnirlciiealeiudeixaiippieiuezlusls|cigasipalieine|llieleiiedieeilib|iniiececoepmsicllieinu|mpigdiiehiclliieporllu|dinellineh|miniiiplealmsq|aiiedirtaudeipalieine|asenniifieeiilleasielleminllaniiu|cwlulledisnirlic|piluclleiullefluenirlmsiieminefolllegminkhiliiineceiiclleasehilullemplii|ninoecmnitiisl|innmeconitiisl|asipalieiiine|pilchilinisneillediiealilaesuii|pmirle|uiealasineieilsiullecyguiglslllineuilicleitutairl	03=d,1=i,9=n,30=t,2=a,5=l,6=e,02=m,45=c,31=s,34=r,35=e,43=u,46=x,33=p,09=z,36=g,3=b,04=o,01=h,8=q,08=f,41=w,86=k,32=y
0	410	-2.985538	2	29	etsetaniietsenlentsacti|nissllceniuaayiaencyyparesintit|lsentsoisitu|iisiiuceeteufs|tculelemyentaiiiptn|enyseetpecliiceyenlin|etseiituez|entcsuenienth|ncuetbannersoisitu|ntesscequeciientpiiuentiinscn|lwiniieettsslai|yfnliiuauieeknesslentceenteegliiurentdecictulecliienteeciniiuenyic|stenilenssecti|tsenulexsecti|ntsoisictu|yflecitstefieetpnifnutnc|yensle|npninttusiftauielornseitiiitunfaiiesenansl	0=e,31=t,9=s,30=a,2=n,5=i,6=e,19=t,45=l,11=c,13=s,35=u,14=a,33=y,16=p,36=r,43=n,32=o,15=f,46=m,1=z,8=h,34=b,81=q,41=w,85=k,80=g,86=d,49=x
0	411	-3.289147	1	28	cncuniienansnnabrei|piaussrepiosbaisepraahsyfileie|suepeukiuino|iiuiiorechomu|nrosesdeanesiiihnl|nauecretsiiireadxiil|cneiinot|nnruoepineq|proculnlceukiuino|peeaarzuieriiepehiionniiparl|swiliiecunussi|amlsiiosoiezileausnerennezdiiioynngtmrnosersiiepeetmliionair|andosnautum|nanosdautum|peukiuirno|amstmnunemiecrepimpoelr|anuse|lhpipenouimesoieskylueieiiinolmsiieudanus	03=c,19=n,13=u,02=n,5=i,6=e,9=a,45=s,30=b,11=r,31=e,2=p,35=o,14=s,33=a,16=h,36=y,09=f,43=l,32=k,15=m,04=d,01=t,34=x,8=q,08=z,41=w,86=g
0	412	-3.029874	2	28	aunauosleinnamlarnnoiiul|snidlciieseiaasliprissieiaeanlaulu|citfiissieine|llieleiieaueeilig|iniiececapsafiicllieina|afutauieaiiclliiesaacla|aunellineai|arniiislesafiq|rieaudomotissieine|fienniiaxeeiillefiiellearnllniia|czlalleauunidlic|silaclleialleayaenidlafiiiearneahclletarnbaiiliiineceiicllefieaiilalleafeii|ninaalcanioiiul|innaflcawioiiul|fiissieiiine|silcaiiliniuneilleauiesilfluaii|sardle|aiesfiineieiluiallecktaitlulllineailicleioaordl	0=a,31=u,9=n,30=o,25=s,5=l,6=e,1=i,24=m,21=r,34=d,45=c,35=e,43=a,33=s,46=p,36=t,23=f,3=g,8=q,81=x,29=n,41=z,85=y,80=h,86=b,49=w,32=k
0	413	-2.979556	2	29	cenceuaitenneseennueeni|anediseetatesctezbelletestoisnin|sermeelaetent|iietiteetcetteief|eneetstsatlenesiietens|elerceethesiieetladiis|centiienth|eeneeelitaenq|betceduxurelaetent|metnneepetteeiitmeetiiteeniigees|swisiitcennedies|leissiitesiitpistnedieneeteentpaiiitreenyheieeentsteesiitmetheisiiteliee|nenatseneueeni|ennetsaneueeni|meelaeteeent|leisheienennteiitceetaeiminsee|leedit|setameenteteinesiitskrseriniiientseiesiteusubdi	03=c,1=e,9=n,30=u,25=a,5=i,6=t,02=e,45=s,31=n,34=d,35=t,43=s,46=z,21=b,33=l,09=o,36=r,23=m,3=f,04=a,01=h,8=q,24=x,08=p,29=g,41=w,86=y,32=k
0	414	-2.966266	1	33	isiisuoentiimeiniiuese|oiurrenoaculecnnulsncaiierses|runleloueta|eeueeaenisnayu|tearnrihlilereestr|ilsaissiereeenlirrer|isineetaid|inieuanoilk|nueistumuaupeueta|lsiieixaneeenleneeainieeger|rzereenissiurce|lyrreeacaeniwrniurilesininibreeaainifieeetarnereenlsieereeailae|itireriguiese|tiileriquiese|leloueeta|lyrieetutnyenissoylesre|linten|rsoleiaueyscaenrparuneseeetaryceenuirunte	0=i,31=s,9=i,30=u,25=o,5=e,6=n,19=t,24=m,21=n,11=e,13=u,45=r,35=a,14=c,33=l,36=a,43=r,23=l,15=y,46=h,16=s,1=d,18=k,34=t,32=p,81=x,29=g,41=z,85=w,80=b,86=f,49=q
0	415	-3.136470	1	31	mrmauiierpusurphini|spassiesethnitexannetdyianin|saelinsaire|iiaiieiemoeca|riesestenuntiiiora|unaemiertiiiientqiia|mreiirer|uriaeesung|xaimaauameafiaire|loppizaieiiielieiieuriikia|swiaiiemarasti|ncasiieteieziaepasunieureztiiiedurbrcireseisiielorcaiieunii|prtesuparac|rpuestparac|linsaiire|ncsrcrareciemiesclinai|nuase|aoslipeaicnteiesfdaaeiniiireactiieatnuas	03=m,19=r,13=a,02=u,5=i,6=e,9=p,45=s,30=h,11=i,31=n,25=s,35=e,14=t,33=n,21=x,36=d,09=y,43=a,23=l,16=o,15=c,04=t,01=r,34=q,8=g,32=f,08=z,29=k,41=w,86=b
0	418	-3.115312	8	27	lialisleruatleadeatileio|ezsanscemsailiisaueeiiiicfiultniioip|asiueieiiesistiq|rsrisclicissi|aeingadauiileiearsuaai|leiisulieulearsciilaiarai|liauraidp|leaesigedeiw|eeidisaileailiusiesistiq|eicttelkigerueieurideareteai|anoairulisasasaq|iioaiarmsairulyaiutsadeiecleaulxarmmuleablesetingeargeiclenirideiisp|talaindetsleio|atleindatsleio|eieiiesisetiq|iioadestsauoglieueshimfie|iilesag|aicehietisismeairuameiuaisumorainiofruslaiilesaq	0=l,3=i,19=a,13=s,2=e,55=r,6=u,9=t,4=a,50=d,11=e,15=o,59=z,54=n,51=s,16=c,53=m,14=f,1=p,5=q,56=g,18=w,81=k,85=y,80=x,86=b,52=h
0	419	-3.207055	8	29	crcettarltnourlimen|uwensefusenicienauaiiiifpiabsiiniq|neiauiaiiueielig|tetiefcfieei|raisdnonaiitiantearni|tiieacaamptefiihintni|cratrioq|traeiduouix|uaioienitnicaeiueielig|uifllayedatauiaatiourtulani|nsnnitacereneng|iinnintsenitaysialenouiaftrayhtssatrkmnarisdantduifmnnitiouiieq|lrhisoulemen|rltisonlemen|uiaiiueiealig|iinnoaelerandcaauezispia|iitend|nifuzialieiesanitansuianieasntrisinptaehiiteng	03=c,19=r,13=e,02=t,55=t,6=a,9=l,4=n,50=o,2=u,3=i,01=m,15=n,59=w,54=s,51=e,16=f,53=s,11=a,14=p,09=b,1=q,5=g,56=d,04=h,18=x,08=y,86=k,52=z
0	422	-3.138143	8	29	nerneuntordnyhsddentem|tduicnatenieneeniasueeeabeandceemef|ineaeteetundep|lulenaneaenne|rtecoihiaeenetilnarie|neeuanetantilnaeenieilie|neralrehf|nsdtueotneq|suheuienyeneauetundep|eaddtnkeotlaetalehsdlxtie|icmielaneuruinip|eemieilsnielangieaduihetansdanzilssansdwntntdecotiloeantceleheenf|drniechxuntem|rdnechiduntem|eteetuntdep|eemihtnduramonetatmesbet|eenseio|ieatetdenenstielaiseaieuasmlrecemblaunieenseip	0=n,3=e,19=r,13=u,25=t,56=o,9=d,24=y,50=h,21=s,11=t,15=m,4=i,54=c,51=n,16=a,6=a,14=b,1=f,23=e,5=p,55=l,18=q,81=k,29=x,53=s,85=g,80=z,86=w
0	423	-3.225645	8	30	ctcapuntspingssibar|tsaiolmtiliicilingaiiimainhoiiriq|ilineeiitalsix|uauilmcmilli|teiodininiipieiulntii|piiancenbaulmiisiiuii|ctnutinq|pteaidtpiw|ganiaiipiicnaitalsix|emsseyadeuneenuingsuzeii|ioriiuncatailix|iiriiiufliiunyoinsaineemptnysuffnptkbretiodeiudembriiuineilq|stsionzabar|tspionisabar|eeiitalesix|iirinelsatnrdcentrefaie|iipaid|iimteesililfeiiunifeniianfrutioiraunasiipaix	03=c,19=t,13=a,02=p,55=u,6=n,9=s,4=i,50=n,21=g,3=i,01=b,15=r,25=t,54=o,51=l,16=m,14=a,09=h,1=q,23=e,11=e,5=x,56=d,04=s,18=w,08=y,29=z,53=f,86=k
0	431	-3.076877	8	38	frfinanrlnedklltiep|clieasocuttusenkiuentdhaule|esdoiucislu|aiauinfouli|riueredenunetasnreq|nuinfinctasoubmaeq|frnaruc|nriiuncneg|kidemtwtdixsuru|oollimirianoinaunrapieq|ealeurfiriesep|ulemasseurmadliedoionrnmbassnnryclirueriearoocleusdoui|lrbuedpicil|rlnuedelicil|oiucisilu|uledislirnlrfinclostez|unier|eencoiluissieuresoneedslarueeseanibuniep	03=f,19=r,13=i,02=n,55=a,6=n,9=l,4=e,50=d,21=k,30=t,11=i,31=e,5=p,25=c,54=a,51=s,16=o,35=u,14=t,33=u,36=d,09=h,15=l,23=o,56=r,3=q,01=c,04=b,34=m,8=g,24=w,32=x,08=m,29=p,53=s,86=y,1=z
0	432	-3.080717	7	25	eilaeiliesrelaaesceslaaiellild|skliccllestumeiiuqslliiiilelmeeaoiiltl|cliesilliisuiuaid|rliriuleeileiuui|lalliofceqiiesillcrlelam|esiilieeilleellcrlleiiemcoi|eilaerlainl|eslallliifsnsily|sllinilimesmeieliisuiuaid|sileaallehifllresillerinslarsallm|cwoireeililaliclc|iiloicriumreezmealicesillleeslaeexcriteeslagellullaiofllcresileelloirinsiiul|alaemonsaliellild|laaesionpliellild|silliisuiullaid|iilonllualilaelreeillesubitlmll|iieslice|mlesbillaiuiutllmrecisiemlietlruaioilucfliemieslic	0=e,3=i,1=l,9=a,2=s,55=r,6=e,45=c,5=d,59=k,53=t,51=u,43=m,46=q,54=o,56=f,50=n,8=y,81=h,41=w,85=z,80=x,86=g,49=p,52=b
0	433	-2.996540	7	27	dindilaseinnasainnlmilig|exilssiieetaudlakeiillllieiueholliti|sileeliillealanlg|silslaiedielaal|iniilopscellaliissieinu|allilediiemissiiellclsol|dinesinlri|ainiiillperelib|eiilrliluaudeillealanlg|elienniiyilpiiseeliieslreinseniiu|swolsedilinilsis|lliolsslauseyolenilsaliiieaineycstteainqmiaiinlopiisseeliemiolslrellai|ninclorenilmilig|innalorzilmilig|eliillealaiinlg|llioriianilineisediieeafltiuii|llailse|uieefliinlalatiiusesleleuiletisanloliaspilcllails	03=d,1=i,9=n,3=l,02=a,55=s,6=e,45=s,01=m,5=g,2=e,59=x,53=t,51=a,43=u,46=k,09=h,54=o,56=p,04=c,50=r,8=b,08=y,41=w,86=q,49=z,52=f
0	434	-2.937425	7	31	ueluenuitalauieuilaeuren|iwneeraicsiueesdireeeesteauameeneg|enaiereeisesaef|tntessuesesse|lremoeudeeuieretsli|uieenauerauretraeeuieme|uelatlerg|uilrneoiriek|irereniuiiueaneisesaef|iesaaruzeortaierateriltiari|eymetauenlnetf|eenietesitaubiaaneuiersuilauxetecauilhursraemoretaiesurmeterieesg|aluimrianuren|lauiemrqnuren|iereeisesraef|eeneursanlanoueraispecter|eeuinea|isiperaesescritaeeieainacntlementtanuieuine	0=u,3=e,19=l,13=n,2=i,55=t,6=a,9=a,45=e,11=r,15=n,59=w,53=c,51=s,43=i,46=d,16=s,14=t,54=m,1=g,5=f,56=o,50=r,18=k,81=z,41=y,85=b,80=x,86=h,49=q,52=p
0	435	-2.982754	7	33	oioacliilcrcilepar|syarruisfteoethsueeeenaeiwneereq|raiseueestetleb|laletnonette|iuensrtieeceurlnie|ceeaiouipaltneeterne|oiilieuq|ciuaessusex|sueueaeceoiaestetleb|senllugasuliseuileusilslue|rknelioaiarab|eererleteligneilarceunciigtlfficimpruiensurlisenpreleuseetq|litenuslapar|ilcenuzapar|seueestetuleb|eerrpriaiirsouistdefaeu|eecari|ensdeuletetfuelireseieaifrlieneraliateecar	03=o,19=i,13=a,02=c,55=l,6=i,9=l,45=r,3=e,01=p,15=r,2=s,59=y,11=u,53=f,51=t,43=e,46=h,16=n,14=a,09=w,54=n,1=q,5=b,56=s,04=t,50=u,18=x,08=g,41=k,86=m,49=z,52=d
0	436	-3.079972	7	28	euineuiuelsinnezcannueiiuit|lniussiielunreuunoaiuuuuieireenauuimi|siuepiiuuliunnut|diudunieeuieunnu|iniiuasseouuepiisdieinr|epuiueeuiieeiisdiieuuersau|euinedinuci|eaniiiuuslepiw|aiucuiurezueueiuuliunnut|pienniiebusiidepiieducandfiir|sqaudeeuiuiniusis|uuiausdunrdeeyreniusepiiieeaneeksdumeeangeiiniinuasiisdepieeiiauducpuni|nineracfiueiiuit|innepachiueiiuit|piiuuliuniinut|uuiaciinniuineideeuiielixumirii|uueause|rielpiinununmiirdesuperiuemidnnuauinssiuerueaus	0=e,3=u,1=i,9=n,25=l,56=s,24=z,50=c,21=a,5=t,45=s,6=e,51=n,43=r,46=o,54=a,53=m,23=p,55=d,8=w,81=b,29=f,41=q,85=y,80=k,86=g,49=h,52=x
0	437	-3.029042	7	29	testeidenessdldessiteiep|sseilleensinatinxyeiiiieneanbaiieue|leingeeiiseinsip|eeieinenteninni|eseeiarloniidieeleenesa|diieinteenteleeeniioilai|tesneesice|deseeeiirsdieq|yeicieiadatneiiseinsip|gensseefeireeengeeneicysemeea|lwaienteieseilel|iieaileinaenfainseildieeendesnfoeuundeskteneesiareelengenteaieicgine|sesoiacmeiteiep|essdiacheiteiep|geeiiseineesip|iieaceenseiesneenteenseziueaee|iideiln|aensgeesininueeaenlignaeinueensiaienlreioiideil	03=t,1=e,9=s,3=i,02=d,55=e,6=n,45=l,01=t,5=p,25=s,51=n,43=a,46=x,21=y,09=b,54=a,53=u,23=g,56=r,04=o,50=c,8=q,08=f,29=m,41=w,86=k,49=h,52=z
0	438	-2.933215	7	33	nitniinmltunprouuineia|muisseeminuniinroiiiiabienuciiaif|siedeiiminuil|sisinaniainni|teiclsnriindessatu|ndiienieenesseeiinusci|nitestirf|noueiilmndk|oiriiunpinieiiminuil|dauuengilesedeesirousheu|szciseniitisbl|iiaussinusenqueuisndeanouenyssitenouxneneuiclessedanecisirdinf|utnucrhineia|tundcrwineia|deiimineuil|iiasnenuitealnieemadtbie|iinoise|uamdeuininteusesideuietasticiabseinuinois	0=n,3=i,19=t,13=i,25=m,56=l,9=u,24=p,50=r,21=o,11=e,15=a,45=s,6=e,51=n,43=u,46=r,16=a,14=b,54=c,1=f,23=d,5=l,55=s,18=k,81=g,29=h,41=z,85=q,80=y,53=t,86=x,49=w
0	439	-2.944409	7	34	mtminretsnuntsilia|usiuueeuintminghiiiiapiebriiaiq|uieleiiuinsio|ririnamainni|teirsuoeiinieuratt|niiiemeelprnaiioiuri|mterticq|nteiisunif|hiciitntmeiiuinsio|lassezisereleerichsryet|ukriremitiupo|iiaturintrezriesiunieantezorddentxlaetirseurelalatriclinq|stoircyilia|tsnircwilia|leiiuinesio|iiaulatiteasmeeualdpie|iiniue|taulesinindetreuiletiedartiriapreioiiniu	03=m,19=t,13=i,02=n,55=r,6=e,9=s,45=u,3=i,01=l,15=a,25=u,11=e,51=n,43=t,46=g,21=h,16=a,14=p,09=b,54=r,1=q,23=l,5=o,56=s,04=o,50=c,18=f,08=z,29=y,41=k,53=d,86=x,49=w
0	440	-2.939765	7	32	alualorteiuuarsariuuoiils|rzinceierdenauegriiuuieineaucuidi|siirliureriur|tirdeiealerieq|iuiirsesaguarlistieiun|aruiialieaiistiieuanscq|aluetiurai|ariuiiiutrarlh|riiralnornaiiureriur|rleuuiiayreiiterlietrariutruiin|skcrtalluines|uicntdenteaxneuinarliieariueabstriariumaiieiiurseiisterleaiicrdaruei|uiuancaruioiils|iuuarrsawioiils|rliureriiiur|uicaiieuilueitealiereprlnii|uarint|nierpliuriridiintesfiniiditeurniestionorins	0=a,31=l,9=u,30=o,2=r,55=t,6=e,1=i,45=s,5=s,59=z,34=n,54=c,51=e,53=d,43=n,33=u,46=g,36=i,35=r,3=q,56=t,50=a,8=h,81=y,41=k,85=x,80=b,86=m,49=w,52=p,32=f
0	441	-2.848403	6	33	nilnideneilliriilldiisp|ewiobtieestunaizeiirrieiuekbrisi|riuesiretaila|niastienieaitg|iliiarercerisirnieilu|iriuniiefirniierconu|nilenilaf|iiliiiraetesq|eiianiodeuneiretaila|eselliimiaeiineesienaiilneliiu|rhbaanisliotr|ribonstunembuliotesiieiilemcnsseiilyfitiilareiirneesefibasterti|lilcarilidiisp|illiarclidiisp|esiretaiiila|ribtiitlisleineniieetlasuii|riioa|uieelsilaiaisiiunerxuuiusintlauitraidudeiop	03=n,1=i,9=l,30=d,2=e,55=n,6=e,02=i,45=r,31=s,5=p,59=w,34=o,54=b,51=t,53=s,43=u,35=a,46=z,33=r,09=k,36=u,3=g,04=c,01=f,56=a,50=t,8=q,08=m,41=h,86=y,52=l,32=x
0	442	-2.878353	8	38	itsitonracsiniincsoetr|nwsiieanmuniauxneaatcuismalt|isantsquece|rsreeaitaels|ceeiaiixaintcruacn|inasaittieireaainimp|itsarceid|inceseanontf|neeithonniusquece|ntasseizeaeranttreincrnsen|ibmedittssicr|alnirecedignassiinteaincaikireuinclieueseiaeirantaiememonaud|scinmonssietr|csineiipsietr|ntsqueece|aliieusscaldittnuyetne|ainsia|ntnytcesumenraiqunsamlrcenlcrasinonsi	0=i,31=t,9=s,30=o,2=n,55=r,6=a,19=c,45=i,11=e,5=r,59=w,13=s,53=m,51=u,43=n,33=a,46=x,16=t,14=c,36=u,54=m,15=l,32=q,35=e,3=p,1=d,50=o,8=f,34=h,81=z,41=b,56=d,85=g,80=k,86=l,49=p,52=y
0	443	-2.944007	4	37	dldiulelsunulsqiuf|rkinnierseadaterirrotmpcrnu|nieruiceala|lilaiedoani|lianenteruutleela|uriedieotleortbla|dlellao|uliiaerhrug|riadiauadeiceala|ruessimiyileruolaullrsia|nwcaydilintf|rnanlataymcmsinuuieulemtlsseulxonilaneinlerueonalaurez|sltanusioin|lsuantsioin|ruiceaila|rnnonlilenydieredauai|ruine|aordulaiesialencmaiesnllaantleitruin	03=d,19=l,13=i,02=u,55=l,6=e,9=s,45=n,30=q,11=i,31=u,5=f,2=r,59=k,53=s,51=e,43=a,35=a,14=t,33=r,16=o,36=m,09=p,54=c,15=n,32=c,04=t,01=o,34=b,50=h,8=g,08=m,56=y,41=w,86=x,1=z,52=d
0	444	-2.976509	7	35	esoesaloiooetesooaiisq|loitrailluiuedaxsiddiliuleordiri|cinniidliuiou|iiurailesluiap|ioiiuclcexdeniiciiliou|ensnesileiiciiildeucrp|esoliiouei|esoiiidolenif|siuestatanidliuiou|nilooiiekuliiilniiliuesoihiiu|cwruoessoitac|dirtirauileduloiteniiilesolezciunesoyeiiaiioucliicilnileiirurenuii|oioeurehiaiisq|iooenregiaiisq|niidliuiiiou|direiiaoisoliilesillibusuii|desto|uillniiouiuiriiuilcmnuinriiaouuiacoiauastq	0=e,31=s,9=o,30=a,25=l,56=o,1=i,24=t,50=e,21=s,5=q,34=t,54=r,51=a,6=l,35=u,43=u,33=d,46=x,53=r,45=c,36=n,23=n,55=i,3=p,8=f,81=k,29=h,41=w,85=d,80=z,86=y,49=g,52=b,32=m
0	445	-2.916909	6	36	sinsiarcinnatainnaiiom|rniiteiersiussibliooieiueztoidi|tirciiorisins|lisdeiesiesieg|iniistetueoaoitlieinu|aoirsiieditliieouilu|sinelinsd|ainiiiocraox|lissiiayariorisins|cienniiniseiileciielsainlkiiu|twtscsioniiet|oitildeulentrniipciiieainenulddeainqdieiinsteiitlecieditsdpcsii|ninustaniaiiom|innastuniaiiom|ciiorisiiins|oitpiienioneilesiierifsouii|oaiic|uierciinsisidiiulethruirdilensuietciaualim	03=s,1=i,9=n,30=a,25=r,56=c,02=a,45=t,31=o,5=m,34=i,54=t,51=e,6=e,35=s,43=u,46=b,21=l,33=o,09=z,53=d,36=r,23=c,55=l,3=g,04=u,01=d,8=x,24=y,08=n,29=k,41=w,50=p,86=q,52=f,32=h
0	446	-2.911449	8	40	ariaroupriagoniioire|uilssieuesopsunlprescaitpar|slenipulsie|tlteieareeal|riesesaupanistmrl|anrcarmaistiepalstq|arietreaf|aniileeuank|nlordogoclcsere|nmiiiayeeitenieteanitmil|swteparrilsse|palstesepaxleilsanimanieabstecanizaisiieseistenmaitedonei|iraltomlaire|riantohlaire|nipulsiie|pasaisilreaparmuandsrf|pandp|lmuniielsdiltescclledatrelastelalonde	0=a,31=r,9=i,30=o,25=u,56=p,19=r,24=g,50=o,21=n,11=i,5=e,13=l,45=s,6=e,35=e,14=s,33=p,51=s,46=u,36=c,54=t,15=a,23=n,55=t,16=m,43=l,3=q,1=f,18=k,34=d,32=c,81=y,29=m,41=w,85=x,80=b,86=z,53=d,49=h
0	447	-3.007079	5	40	cucineluinenuiolum|fiieellfedoanqwiauldpgsatu|eilalafinie|eieellcpeti|uleeletlanudenlur|nailcllcdenpather|culeuec|nulielfnuk|widuhoyopisneue|apiiloirlelalleenuexlr|ezserciuiedm|atreeederospiienullnulotesslnubctlueelleelapctreenanm|iuteeniicit|uineetiicit|alafinlie|atectuiultrcllftasdum|aniel|rpfalieinslrelesprilsteuertdelitanie	03=c,19=u,13=i,02=n,55=e,6=l,9=i,45=e,30=o,11=l,31=u,5=m,25=f,35=e,14=d,33=a,51=n,46=q,21=w,36=p,09=g,54=s,15=t,23=a,16=p,04=t,43=r,01=c,34=h,8=k,50=d,24=y,32=s,08=o,56=r,29=x,41=z,53=s,86=b,1=m
0	448	-2.967999	2	20	nelanelentiifaantuintlaaenlleli|tialeuiuillcieilueneeiluclleeeelfuesaiueeliel|uilecelleetileilaei|iileiieillselmilile|lalleiuidinumentelluiiilfaue|nteelesellslluiiillmenueuiiue|nelarilaeinl|ntlallleeicintelp|tlleineleuentuenefeetileilaei|telballnyeifliicellrieintlaiitallue|uiuliueiiselelaleuilui|eeliueuiiieilueiisguebleuintelllstlasquiiieiestlaonllilllaeiuifluiiicelslliueiieinteeill|alanueiuintalenlleli|laanteiuinualenlleli|telleetileilllaei|eeliuinllilalelafiisellciliteieluell|eentleuix|uelcitellaeileiliellueiidietedelereliiilaeiueliluiifenueentleui	0=n,3=e,1=l,9=a,2=t,5=i,61=f,4=u,62=c,60=s,63=m,64=d,65=r,8=p,69=b,81=y,85=g,80=q,86=o,6=x
0	449	-3.146514	2	23	senserciianncuicennrmerei|lineruiuieedirieursrieudeerrrreaurtniurreire|uierdreerrlierienri|iieriirieetrepieier|eneeriuifioprcreeuiiieanur|crrertreeteeuiiieeproruiiur|senbienrim|ceneeerridicrez|leeriserurcursarrlierienri|lregneexeriaeiidreebiriceniilneeur|uiueiuriitrereneruieui|rreiuruiiirieuriitkurgeruicreeetlentquiiirirtlenymeieeenriuiaeuiiidreteeiuriiricrriee|nenoriuicnermerei|enncriuionermerei|lreerrlierieeenri|rreiuimeienerenaiitreedieilrireuree|rrceruih|uredilreenrierieireeuriifirlrfrerbreiiienriureieuiiarorrcerui	03=s,1=e,9=n,3=r,02=c,5=i,61=a,4=u,01=m,2=l,62=d,60=t,63=p,64=f,04=o,65=b,8=z,69=g,08=x,85=k,80=q,86=y,6=h
0	450	-3.085643	3	26	eiseiueneepooenteensoiesir|neoutetesceiemieiiemcsiiiigmiloetiiriq|teucisiineuesie|eeueeiesligieru|ssietexeetbienisteeegsti|eniiulislsteeesbietiteeti|eisdesieeq|enssuieceeniw|nsieeiutientieipiineuesie|nigoosezieprecisdeieenseenosti|tetrtieeliusuteme|iirtiteeeiemieelatifuteenisgenslkteeeieilnsyesessietepmeeecigesetieeieeniies|osetieteenouesir|soenieteetouesir|nisiineuessie|iirteesesuspeeliscernieimis|iienuteh|tignenisoieueristieexeinixiudireesietirmeepietiienute	0=e,3=i,19=s,13=u,2=n,5=e,61=p,9=o,4=t,11=s,15=r,62=c,14=m,16=g,60=l,1=q,64=x,63=b,65=d,18=w,81=z,85=a,69=f,80=k,86=y,6=h
0	451	-3.180515	2	29	ndnetnnocctentdciper|lnceenentaninuininuatiiiisuiacneiirik|eneaitiilnendin|nnennintaisinre|dtinenfnsmititennnsdei|tiieaitatennntmisiennei|ndbndinp|tdteinantix|ltinneeiteinoiilnendin|liscctzenornaitbnintdnnlctei|enereinnaiedeenun|iireiennninuinnayeiheentitstdagennninialdwprtdinenounnnaispreinnintiint|cdsinentceper|dctinensceper|litiilnentdin|iirenprdedonnaitanrliniuit|iiteenq|eislnlitcinenriteinnfnilifiebirnndineirunnoisiiteen	03=n,19=d,13=e,02=t,5=n,61=o,9=c,4=e,3=i,01=p,15=r,2=l,11=t,62=a,14=u,16=s,60=a,1=k,64=f,04=s,63=m,65=b,18=x,08=z,85=y,69=h,80=g,86=w,6=q
0	452	-3.234236	2	24	sinasinisyeuaasbesraaisnnine|yanitetennceientisiientcnniiiinutilaetiinein|tenicinniiynienaie|eenieeiennlindeneni|nannietexestdisonnteeenuati|soinilinnlnnteeenndistiteeti|sinamenaiesn|srannniiecesonq|rniesinitisbisiuiiynienaie|ongannswieuneecinnmeiesraeefnnti|tetnetieelininanitente|iinetiteeeientieelhtignitesonnnlralpteeeieilraksnnennnaieteunteeecinlnnetieeiesoienn|anastietesfnisnnine|naasoetestanisnnine|onniiyniennnaie|iinetesnnenaninaueelinnceneoeintinn|iisritez|tinceonnaienieneinntieexeioxinimineeenaietinenteeuistiisrite	0=s,3=i,1=n,9=a,25=y,5=e,61=u,24=b,21=r,4=t,62=c,60=l,63=d,64=x,23=o,65=m,8=q,69=g,81=w,29=f,85=h,80=p,86=k,6=z
0	453	-3.089427	2	26	rlerliseepeesuesleeiclile|beliueuellteieluirielutlliiiilpuineeuiileil|uelitilliiblieleie|eelieeiellnilaeleli|lellieuemesaisillueeelpeui|siilinillnllueeellaisiueeui|rlegeleiec|slellliietesily|dlierliuisuirpiiblieleie|klhellfliepleetillgeiesleeexllui|ueuleuieenilileliuelue|iileuiueeeieluieenwuihliuesilllndenoueeeieindezclellleieueplueeetilnlleuieeiesiiell|elesieueseliclile|leesieueseliclile|klliibliellleie|iileueclelelilepeenilltelekeiluill|iisliueq|uilteklleielieleilluieemeikmiligileeeleieuilelueepisiisliue	03=r,1=l,9=e,3=i,02=s,5=e,61=p,4=u,01=c,25=b,62=t,60=n,63=a,64=m,04=s,65=g,8=y,21=d,23=k,69=h,08=f,29=x,85=w,80=o,86=z,6=q
0	454	-2.962016	3	30	uisuiaumenssuyeuossiutil|msareretdeieniuiiendtiiiitniaseriilik|readitiimaesie|eeaeeietaitiela|stiereheurfiuitreeetsri|uiiaaitatreeetfiurireeri|uiscesieuk|uostaiedeuiw|oaeuiariuyiuiniimaesie|itsstueienleditceieuoseextri|rerlrieeaiasarene|iilrireeeienieeabrizareuittuosagreeeieiaosputetsierenneeedituterieeieuiiet|ssuriereuxautil|ssuiereursautil|itiimaetsie|iilreutesasneeaitdelieinit|iiuoireq|ritmitsieaelitrieeheiihiacileesierilneeniuriiuoire	0=u,3=i,19=s,13=a,25=m,5=e,61=n,9=s,24=y,21=o,11=t,15=l,4=r,62=d,14=n,16=t,60=a,1=k,64=h,63=f,23=i,65=c,18=w,81=e,29=x,85=b,69=z,80=g,86=p,6=q
0	455	-2.942496	2	32	srsuaeesttareartieul|gturereaneiedisiednaiiiiuditteriilik|reuniaiiguerie|eeueeieatiuielu|raieremenfiaiareeeurri|aiiutiatareeeafinireeri|sryeriee|arauieneaix|wuesuriarissiiguerie|iuttaquesleniayeieareepari|rerlrieetiururede|iilrireeeiedieetbrioureaiauartcreeeieitwthelarieresdeeeniuelrieeieaiiea|trniereatueul|rtaierentueul|iaiiguearie|iilreelrurseetianelieidia|iiaurez|riugiatieueliarieemeiimiuyileerierildeesiniiaure	03=s,19=r,13=u,02=a,5=e,61=s,9=t,4=r,3=i,01=e,15=l,25=g,11=a,62=n,14=d,16=u,60=t,1=k,64=m,04=n,63=f,65=y,18=x,21=w,23=i,08=q,29=p,85=b,69=o,80=c,86=h,6=z
0	456	-3.069846	6	27	rsarsneuusaareeureiaaniisu|euaioueuiiaulientuieaiittisedrauetius|euidesiteuilial|uuiluliicsguiuip|iaiileufuregnesieuuuisaep|retidrsiciieuuuiigneouuep|rsamuialri|reiaiiituauresq|eiilrsoneenditeuilial|eswaiirklsiuuasimulreiauueaiiep|eueiuelucssaiouieu|tiueouuulieluchedaiouresiiceiacbeuuuldreiayriiuiiialeusieuuuasciiuelulretuii|aiareleureainiisu|iaareleureainiisu|esiteuiliiial|tiueuriiuiaisasuucsiauiuelsesi|treioux|esauesialiliusielufuzdesdusuuuialesuieuusnetreiou	0=r,31=s,9=a,30=n,2=e,5=u,61=s,4=e,1=i,34=o,62=a,35=l,33=t,36=d,60=c,63=g,3=p,64=f,65=m,8=q,69=w,81=k,85=h,80=b,86=y,6=x,32=z
0	457	-2.950597	6	31	kiakioneelaasnesiaaoiite|neaideneiiceuinoteinciittilnefentiet|neientitneiuiau|eeiueuiistreieia|iaiiuneieprontineeeilana|stiekiisiineeeiirondeena|kiaheiaur|siaiiitecestq|niiukidonnoeitneiuiau|ntxaiiwiulieectiheusiaeenaiina|nenienuesttaideine|tiendeeeuinuesgneaidestiisniaszneeeuesiayrieiiiaunelineeectsiienueusteii|aiapunesaioiite|iaasunepaioiite|ntitneiuiiiau|tienerieiaitaleesticeienutnti|tsideb|ntcentiauiuietinueiementeeteeeiaunteineelontside	03=k,1=i,9=a,30=o,2=n,5=e,61=l,02=s,4=n,31=t,34=d,62=c,35=u,33=t,36=e,09=f,60=s,63=r,3=a,64=i,04=p,65=h,01=r,8=q,69=x,08=w,85=g,80=z,86=y,6=b,32=m
0	458	-3.018115	7	33	uinuisaiiannuaeiualnseii|ainceieiemilustiumettbutunietdi|eicmichicill|iiciileniridc|leleioiuersaiuiiiblep|uatcnibueeiiiersesiiep|uinfillur|ualeclmiuaix|aeluissaestchicill|aigneukladimibiilualiianeep|eiedeliniinceiui|tdesiiilulinzetnceiuaienalnyeiiiltualqueielleiauiiimineieliluatie|nlueleiuancueii|lnualeiuencueii|aichiciell|tdeiueilclaiinibaidalieir|tuaceiw|eimiaillcidiulioihteitiiiiilleiiuiiasetuacei	0=u,31=i,9=n,30=s,2=a,5=i,61=a,4=e,19=l,11=e,13=c,62=m,35=l,14=u,33=t,16=b,36=t,15=d,32=h,60=n,63=r,64=o,3=p,34=s,65=f,1=r,8=x,69=g,81=k,85=z,80=y,86=q,6=w
0	459	-2.937313	6	37	gegatiinllttitelauei|uilatitiudinfacifducclfikitcre|tiadeamiaien|iiaiinuremira|euntipiomauefiiiletd|tcarelcfiiiumathiitd|gebienc|teuanditeq|uungatautaiamiaien|uezluyainrideliinteiiulutd|titrtnireelatifi|crthiiinfnirwtilatiteuruerstiiinitescruentinfiiideruitnintciu|leontitlacar|eltntiolacar|ueamiaiuen|crticreaeniireluirunetex|ctatio|tediueenairefnipimiteiieiiienteifiinatctati	03=g,19=e,13=a,02=t,5=i,61=n,9=l,4=t,30=a,11=u,31=e,2=u,62=d,35=n,14=f,33=c,16=l,36=i,09=k,15=r,32=m,60=r,63=m,64=p,04=o,3=d,01=c,34=h,65=b,8=q,69=z,08=y,85=w,80=s,86=s,1=x,6=o
0	460	-2.982416	6	31	erseradeussereenssaiire|dsiceneiitetinaleintiilliuniesenlier|neiisiilditist|eeitetiiorgeieia|isiitnemeengasiineeeiusna|esrierioiineeeiiganceena|ersbeistei|ensiiileteesiz|nitercaraiilditist|siwsiiextuieetribetenseepiina|nenienteorrsiceine|lienceeetinteoknisiceesiiionsoyneeetiensheiieiiistneuineeetroiientetestii|sisentneepiaiire|isseseneensiaiire|siilditiiist|lieneeiieisirsueeoriteiesernri|lenceq|nrtesiistitierintemefinriereeeistnreineeuanlence	0=e,31=r,9=s,30=a,25=d,5=e,61=u,24=r,21=n,1=i,34=c,4=n,62=t,35=t,33=l,36=i,23=s,60=o,63=g,3=a,64=m,65=b,8=z,69=w,81=x,29=p,85=k,80=y,86=h,6=q,32=f
0	461	-2.953735	6	35	tietilmuneeieuiieeliilu|meioueuiisunieluuiesiiuuinedwueuiul|euidoiiuminien|uuinuniialauiuis|ieiineuduraloiieuuuinees|iuidtiiaiieuuuiialeouues|tieruienf|iieiiiuusuilq|yintiolhldiuminien|oizeiikinniuusliruniieuutiies|eueiuenualleiouieu|uiueouuunienuagedeiouiliiayeapeuuundiiebfiuiiieneunieuuuslaiiuenuniuuii|eierneuieiliilu|ieeineureiliilu|oiiuminiiien|uiueufiuieilenuualisuiuouleli|uiioux|elsuoiieniniulienuducdelduluuuieneluieuunleuiiou	03=t,1=i,9=e,30=l,25=m,5=u,61=n,02=i,4=e,31=l,34=o,62=s,35=n,33=u,36=d,09=w,23=o,60=a,63=a,3=s,64=d,04=r,65=r,01=f,8=q,21=y,24=h,69=z,08=k,29=t,85=g,80=p,86=b,6=x,32=c
0	462	-3.044721	6	36	ieeiectiueeifiideecuei|tesliliudiamcsimdussamnieilsce|lisdesoisila|iisiiauretics|lualigiiltcnuliiiallx|inenieaiuliiiutcloiilx|ieepilair|ideusadiinz|dsiieocfcnsoisila|naeeuiyaucideaiiaideiiqulx|lilclaireeeslimi|scloiiiamairklnesliinuaiderwliiianidehiuiulaliumiiideruilaiainau|elilaliiqsiuei|leiniliilesiuei|nustsiula|scliiuilsluiireatcnieler|sidoib|ledinueasicemaigionlenieiiilaleimiiuclsidoi	0=i,31=e,9=e,30=c,25=t,5=i,61=u,24=f,21=d,11=u,13=s,4=l,62=d,35=a,14=m,33=s,16=a,36=n,15=c,32=o,19=l,60=r,63=t,64=g,23=n,3=x,34=o,65=p,1=r,18=z,81=y,29=q,85=k,80=w,86=h,6=b
0	463	-2.991065	6	40	drditeetaatnetraeuue|haineneusesleselsussclozenseu|neisuimeiers|eeieesuiuyeei|rusnemedyeruneeecrnc|tsiiuclleeeuyenneenc|drwersl|truissetuo|piedinekeoimeiers|rcaaubieteesuceestreefunc|nenenseiuuainele|senneeeslseignoainetuuipaixneeesotraleursnetleeesuiuensestseu|ardsnetailie|ratsnedailie|rushieurs|senelerirteeiuchereunup|stineq|nuseruasieeulsememonuoeueeersnueleetenstine	03=d,19=r,13=i,02=t,5=e,61=t,9=a,4=n,30=e,11=u,31=u,25=h,62=s,35=s,14=l,33=s,16=c,36=o,09=z,15=e,32=m,60=i,63=y,64=m,04=d,23=r,3=c,01=l,34=n,65=w,8=o,21=p,24=k,08=b,29=f,85=g,80=x,86=a,1=p,6=q
0	464	-3.198244	2	24	urenureruliimnnulaulennrueerei|lineraaeedirieourriecleerrrremotnioreire|aerdreerrlierienri|iieriirieetrepieier|eneeriafiucrrulreeaiiemno|ulrrertreeteeaiieepruoaio|urensienriue|uleneeerridiulrez|leeriureroulourmrrlierienri|lreyneeuxrimeiidreesiriuleniilneeo|awioiitrereneraea|rreioaiirieoiitkoyeraulreeetlentbaiirirtlenqueeieeenriameaiidreteeioiiriulrriee|nenuoiaulnerueerei|ennulriaugerueerei|lreerrlierieeenri|rreiaueeienerenmiitreedieilrireoee|rrulerah|oedilreenrierieireeoiifirlrfrersreiiienrioeieaimruorulera	0=u,3=r,1=e,9=n,2=l,5=i,61=m,45=a,62=d,43=o,46=c,60=t,63=p,64=f,65=s,8=z,69=y,81=x,41=w,85=k,80=b,86=q,49=g,6=h
0	465	-3.061646	2	26	siusielnnsuuleliuuediein|tnuieeeiioneniaseniktiieeeeisacunaeinei|eieoeiieetnieniuen|nnienneniiceifninie|iuiienemnrfeleiiennisua|leeieceiiciienniifereena|siugniuend|liuiiieenonleix|tiiensiealasseetnieniuen|teipuiibiensinnoeiignenliunntuiia|ewnannceieiuieeie|eeinaenneniannchapieeleiiictiuczennenectiuydiniiiuenesiennoeiciinannenleenii|uiureneluiediein|iuuleneruiediein|teiieetnieniiiuen|eeinediniuieiusnnceiioninteneiaii|eelieeq|aionteiiuenienineiiannmnetemeiegeinnniuenainiensereeliee	03=s,1=i,9=u,3=e,02=l,5=n,61=s,45=e,01=d,2=t,62=o,43=a,46=k,60=c,63=f,64=m,04=r,65=g,8=x,69=p,08=b,41=w,85=h,80=z,86=y,6=q
0	466	-2.840560	3	30	eiteideneelttenienttienir|netdiinceiemieiiemcniiiismiateuirio|idciniinedetie|eedeeienaisierd|tnieiseehiieninieestu|eniidainanieenwieuieu|eitzetieeo|entndieceenib|nnieeiduenueiliinedetie|nisttnepielrecinzeieenteentnu|ikeueeaidtdime|iiruieeiemieeaauxdieninsentafieeieiantgenentieilmeeeciseneueeieeniien|tteueientdenir|ttenieieydenir|niniinedentie|iirienetdtleeaincernieimin|iiendiq|usnenintiederinueeseinisidzireetieurmeelieuiendi	0=e,3=i,19=t,13=d,2=n,5=e,61=l,9=t,45=i,11=n,15=r,62=c,14=m,16=s,60=a,43=u,1=o,64=s,46=h,63=w,65=z,18=b,81=p,41=k,85=a,69=x,80=f,86=g,49=y,6=q
0	467	-3.105871	2	31	snsiullsrrueunrefii|tlrieetaleldeseldateeeendecrlaeieg|eiaeteetlilnel|llilleltcenelii|ntelexlpreuetellnna|ueeicetctelltrepeela|snolnelf|untielaluez|ttelsiauasseetlilnel|tenrrtkilsilaetolelunlltrta|ewlallceiniedl|eeiaelleldellcbamieuetnunchellelectnyfitnelesdlllaenfiallelueelt|rnpeleurifii|nrueleprifii|teteetliltnel|eeiefininsllcetaliteledet|eeuieq|antltetrelilietallxletexeioeillnelaidllsepeeuie	03=s,19=n,13=i,02=u,5=l,61=s,9=r,45=e,3=e,01=f,15=i,2=t,11=t,62=a,14=d,16=n,60=c,43=a,1=g,64=x,04=p,63=r,65=o,18=z,08=k,41=w,85=b,69=m,80=h,86=y,6=q
0	468	-3.059736	2	28	uiesuieiuclessurluossiueeiel|cseiaaeenlileauiilesoeiiiieeanslaielie|aeinieeiiceilesil|lleillileenieflelei|eseeilaplusiiumeealleesa|umieinieeneealleefiuaala|uiestlesilue|uoseeeiilnlumeh|oeiluieiauriuieiiceilesil|mekseeuxileellnieetliluoslldeea|awlallnieieseiaea|iielaallileallnbakeiaumeeenosnyallilinosqueeleeesilaeeallnieneelallilumilee|sesualaudeiueeiel|essumlauzeiueeiel|meeiiceileeesil|iielaueeleseiesellnieenlelmlieaee|iiuoiag|aenlmeesileilelieeallplimpieitielllesilaelealeiuaiuoia	0=u,3=i,1=e,9=s,25=c,5=l,61=e,24=r,21=o,45=a,62=n,43=a,46=s,60=n,63=f,64=p,23=m,65=t,8=h,69=k,81=x,29=d,41=w,85=b,80=y,86=q,49=z,6=g
0	469	-2.950771	2	29	seuseneiiouueteeuuncenei|yuentteeliniensniezaennnneontuinneine|tenlneennyenieuni|iieniinieetnerieien|eueenithiarneneetiieoun|ennentneeteetiieernantin|seusieunic|eeueeennilienep|aenisennensonnyenieuni|begueedenioeiilneesinieeuiimeen|twiniitneneuentet|nneintiinieniitkngenteneeetautftiinintauxceieeeunitoetiilneteeiniinienniee|ueuaniteuencenei|euuenitauencenei|beennyenieeeuni|nneitceieueneuoiitneelieibinenee|nneentq|nelibeeunienieineeniihinbhnensneiiieunineietionanneent	03=s,1=e,9=u,3=n,02=e,5=i,61=o,45=t,01=c,25=y,62=l,43=n,46=z,21=a,60=t,63=r,64=h,04=a,65=s,8=p,23=b,69=g,08=d,29=m,41=w,85=k,80=f,86=x,6=q
0	470	-2.894480	3	34	aitaiiacesllageanllianit|clirrnseieliaiielsniiiielialeuitio|risiniicietie|eeieeienaieieti|tnierdeafiiaunreeetu|auiiainanreenwiaureu|aitmetieao|anlniieseaux|nieaiiuagiaisiicietie|uellnayiestesinmeieanleernu|rkeueeaiitirle|iitureeielieeaquoirauneanlabreeieianlhanentiersleeesieaneueeieauien|ltauerarianit|tlauerazianit|uniicientie|iitranetitseeainsetueilin|iianirp|uecunlieietinueedeiudiimiteetieutleesiauianir	0=a,3=i,19=t,13=i,25=c,5=e,61=s,9=l,24=g,21=n,11=n,15=t,45=r,62=s,14=l,16=e,60=a,43=u,1=o,64=d,46=f,23=u,63=w,65=m,18=x,81=y,29=r,41=k,85=q,69=o,80=b,86=h,49=z,6=p
0	471	-2.975908	2	34	osoutiidootntsoutue|iounneliuiluouilleuuuunluroirueux|nulueuuiuisui|iiuiiuierunuieu|seuinaisautueniinsr|tuuuruereniieausunir|oskisuit|tseuuilituf|yuiourtroduuiuisui|mnooequideiluekiuitsiiber|nziriiruusunli|uuerniiuiluiirprwuntuentsrhniiuiuryocteesuindliiilunteriiuituuie|ossuintoutue|sotuinsoutue|meuuiuiesui|uuentesusdiirueliemiulue|uutung|rnimeouiuieueriiaiumauukueiisuireliidusuutun	03=o,19=s,13=u,02=t,5=i,61=d,9=o,45=n,3=u,01=t,15=e,25=i,11=e,62=l,14=l,16=n,60=r,43=r,1=x,64=a,04=s,63=a,65=k,18=f,21=y,23=m,08=q,29=b,41=z,85=p,69=w,80=h,86=c,6=g
0	472	-2.786849	3	31	etletoseeillesmesilloiite|seliremiineaireteissiittiirnlertet|miustitseiaila|eeiaeaiintgeieix|iliiamdeestestimeeiilr|estiuetiniimeeiigormer|etlceilaei|esiliiiteneestp|siiaetrosreuitseiaila|stkliiehaiieenticeaesileesliir|mwereenttlireim|tiermeeaireenfrkireestiinsilnameeauesilyeiieiiilamiimeentniiereeaesteii|lileremeslioiite|illesamezioiite|stitseiaiiila|tiemeiieilitlieentineiesatrii|tesireq|rinestilaiaietireedeburiueteeeilarieimeiorosire	0=e,31=t,9=l,30=o,2=s,5=e,61=i,45=m,1=i,34=r,62=n,35=a,43=r,33=t,46=s,60=n,36=u,63=g,3=x,64=d,65=c,8=p,69=k,81=h,41=w,85=f,80=a,86=y,49=z,6=q,32=b
0	473	-3.009959	3	33	rlirleciiuiinonliiellui|ciilsiolltiellrelfcllttlulaiiluiu|olacultcilelie|iileiellaudililz|lilleorigdeculoiiluil|ntlarllalloiilldeloil|rlixilien|nlillltitinuq|cllerlseclrutcilelie|cuwillyleuliitulxienliiicilll|ohiliiauuilsilo|tliloiielliiaplwlsinullacliaboiieanliknlilllieouloiitualliliientill|iligeonilellui|liineogilellui|cultcilelllie|tlionlililuiuiiaultiliceulll|tnlsim|llticulieleliulliirisallaiuiiilielliloiueleclsi	03=r,1=l,9=i,30=e,2=c,5=i,61=u,02=n,45=o,31=u,34=s,62=t,35=e,43=l,46=f,33=t,60=a,36=a,63=d,3=z,64=r,04=g,65=x,01=n,8=q,69=w,08=y,41=h,85=p,80=b,86=k,6=m,32=s
0	474	-2.881552	3	36	eiceioniiuccentensconii|nicettntisaociatnccmadeciliii|tetiedieiss|iieiisnaifioe|snsthiexceniaiiimsl|enceaimentiinfoltil|eicuissez|ensnestienip|nnseilonlededieiss|nikcnersuoitimiisensiincnl|twiliiaiicetai|coltiisasiablketeninansaytiisdensgeninsstuaiiitianiliisencin|cselitenceenii|scenstereenii|niedieinss|cotenisesuiiaimnionsiln|cenetq|lmninisseioiasihiddleuiiiissloaiiuolonet	0=e,31=i,9=c,30=o,2=n,5=i,61=u,45=t,19=s,11=n,13=e,62=t,35=s,14=a,33=c,16=m,36=d,43=l,32=d,60=a,63=f,15=o,64=h,46=x,65=u,1=z,8=p,34=l,69=k,81=r,41=w,85=b,80=y,86=g,49=r,6=q
0	475	-3.034589	2	36	tutaoiiorrolourueei|tiralledinaubiadebbsaificeie|ladeamiaiun|iiaiinenedira|uenlhicduteaiiisuc|obaneslaiiieduclic|tuziunl|oueandioeq|tentacoctobtiaiun|teyregaioridesiinouiitrec|lwiciineeralai|brcliinaninscyaloeentunkliiniouxlreunloaiiideneiciinobie|rucnloralar|uronlcralar|teamiaieun|brllruauoiinestirtnece|boalp|cstiteunaireanihimicazeiiiuncraiioucutal	03=t,19=u,13=a,02=o,5=i,61=o,9=r,45=l,30=u,11=e,31=e,2=t,62=d,35=n,14=a,33=b,16=s,36=i,09=f,43=c,32=m,60=n,63=d,15=r,64=h,04=c,01=l,65=z,8=q,69=y,08=g,41=w,85=s,80=k,86=x,6=p
0	476	-2.924536	3	35	erleroylallerlenlloiirl|ylislaiieluiieclinnicciaiollirlr|aiusiicyiuilu|lliuluiiordlilib|iliiuamlencesiialliali|esruerioiialliidoiali|erlfliluei|enliiiclelesix|niuersorouicyiuilu|sihliiequaillerifluenllltiii|azlillorrlislia|cilialluiillopihislesiiionlogalluuenldeiiliiiluaaialleroiililluesuii|lileilaetioiirl|illeslaetioiirl|siicyiuiiilu|cilaeiililirlallorielilslriii|censlw|iielsiiluiuilriillmlkuiiulrllliluiilialaoionsl	0=e,31=r,9=l,30=o,25=y,5=l,61=a,24=r,21=n,1=i,34=s,45=a,62=e,35=u,43=i,33=c,46=n,60=o,36=u,23=s,63=d,3=b,64=m,65=f,8=x,69=h,81=q,29=t,41=z,85=p,80=g,86=d,49=t,6=w,32=k
0	477	-2.803304	3	37	oiloiaoeilleseillaiite|oliresiinesiuositriffiiunleutet|sicuiifoisils|eeisesiintleieig|iliissdeclauiiseeiilu|eficoiiniiseeiilauseu|oilmeilsd|eiliiifeneeth|risoirapacifoisils|uiwliikisiieentimeseileexiiu|szeueenttlireis|fieuseesiueenbuwireetiinrlnyseesceiladieiiilssiiseentniieueesefeii|lilcsseliaiite|illesscliaiite|uiifoisiiils|fiesdieilitlieentineieuetuii|feireq|uineuiilsisietiueedemcuiceteeeilsuieiseiauarre	03=o,1=i,9=l,30=a,25=o,5=e,61=i,02=e,45=s,31=t,34=r,62=n,35=s,43=u,46=t,21=r,33=f,60=n,36=c,23=u,63=l,3=g,64=d,04=c,65=m,01=d,8=h,24=p,69=w,08=k,29=x,41=z,85=b,80=y,86=a,6=q,32=m
0	478	-2.850514	2	40	senseatirnnshisonnaeei|tnussedielacildeccslcsniueie|sudeuriuine|iiuiieedetiau|neesmismcsiesiisnu|siecsessesiietausiu|senpinesq|soneuedisib|ouiselahacuriuine|isnnesperaidesiiesoniifeu|swiuiideenusli|causiieleidxuoussiessondksiiecsongseienesrliiidedeiuiiesiee|nnsuissfuseei|nnsiissyuseei|iectuiene|casseinunriidestaiieue|csoliz|ustieneuiaeleimircuupeiiineualiirauaoli	0=s,31=e,9=n,30=a,25=t,5=i,61=r,24=h,21=o,11=e,13=u,45=s,62=d,35=e,14=l,33=c,16=s,36=c,43=u,32=r,19=n,60=d,63=t,15=a,64=m,46=m,23=i,65=p,1=q,18=b,34=l,81=p,29=f,41=w,85=x,69=o,80=k,86=g,49=y,6=z
0	479	-2.830568	2	40	geguliioiilsleiscei|aiusscminusliumclltuchieeie|sumeuxiuien|iiuiincreniru|ecnssionsdcsiitee|lluretauiiicnsesie|geziena|lecunmiled|tuiguelegolauien|dtiicquiorimetiinleiikce|syieiireeiusui|lresiinunirmefuslecrtirwsiincleparcensouiiimercieiinllic|ieonsliuaur|eilnsoiuaur|dclauicen|lrsareueoiiretardieec|llusp|etadcinuireunisixceuzeiiieneruiiosestbi	03=g,19=e,13=u,02=l,5=i,61=o,9=i,45=s,30=s,11=c,31=e,25=a,62=m,35=n,14=u,33=l,16=t,36=c,09=h,43=e,32=x,60=r,63=n,15=r,64=s,04=o,23=d,01=a,65=z,8=d,21=t,08=q,29=k,41=y,85=m,69=f,80=w,86=p,6=p,34=b
0	482	-2.863034	8	33	oiroiaouirssouueursionin|uwausetuleuioiieucniiiitditssiinip|ueiciniiueiesil|iaiietoitieei|rnisaueuxiouinuiersui|ouiiatintnuietiiouiuiui|oirmesiep|ournaiaueuig|unieiauiouuioiriiueiesil|uitssnozianicinmleuriusnui|usnuiitiaraueul|iinuiuileuiitkuiyaueuintourtquillturbonensisanuiauitonsiiieuiiep|srouiseusaonin|rsouiseusaonin|uiniiueiensil|iinuenesarritincefildin|iiouaua|uitufinsieielnuiihluihiaminirisindiriouiiouaul	0=o,3=i,19=r,13=a,2=u,55=i,61=r,9=s,4=u,50=e,11=n,15=n,59=w,54=s,51=e,16=t,53=l,62=c,14=d,60=t,1=p,5=l,56=a,63=x,65=m,18=g,81=z,85=k,69=y,80=q,86=b,52=f,64=h
0	483	-2.891025	8	36	ueutsuniisisceieatl|cwtinrtcarieuericleeeetherineeleq|ireceleecreriem|utuertuterre|elenoisiyeseliurniie|seetrelrliurteegeiuie|uepriesq|selteocscex|clesetiesieuneecreriem|cetiilktolucelpasceucilie|inlieuretetirim|eelieiuarieurfieztisceltseroiuaarceballeenoliuocetalieuesceerq|iegenscitatl|eisensiitatl|celeecrerliem|eelislritenurelcrdeahel|eestio|ietcdeliereralieudacedetpelueenelhunegeestim	03=u,19=e,13=t,02=s,55=u,61=n,9=i,4=i,50=s,2=c,3=e,01=a,15=l,59=w,54=n,51=r,16=t,53=a,62=c,11=l,14=h,60=r,1=q,5=m,56=o,63=y,04=g,65=p,18=x,08=k,85=f,69=z,80=o,86=b,52=d,64=d
0	486	-2.961095	8	36	ueuueautsutuxletteuier|ttairnntenieueenilieeeenmectreerec|ineleieetanted|aaaennuenenne|uiersilikeuoiiandtie|uoeaceiciianneeuieiaie|ueufntelc|uetiaestuoz|ealeaieuxeuedeetanted|onttiugesialeifsletaoiie|irrieaceauainid|eerieiasnieacpiewailoinuetchiasscetquinitersiiasonuireaeloenc|tuuierloauier|utuorlitauier|oieetanited|eerilintaudaceilnyesmei|eeueeis|ientoitenensiieabsobeaferauerermadeuieeueeid	0=u,3=e,19=u,13=a,25=t,56=s,9=t,24=x,50=l,21=e,11=i,15=r,4=i,54=r,51=n,16=n,62=l,14=m,60=c,1=c,5=d,55=a,63=k,23=o,61=d,65=f,18=z,81=g,53=s,29=o,85=p,69=w,80=h,86=q,52=y,64=b
0	487	-2.973905	8	38	cocutilsstraysseour|dsurmindeireceirfueeeenpensmeerec|riefeueeduiseq|iuieincneiie|ouemerarketeuriilsre|teeuneunuriineeterire|coxiseac|touueedtez|yuaeuretrecleeduiseq|anssubueuifeuxsaysilure|rmrreineuourirq|eerrerisireinwreguraauntonprissnyshoruoemeurieanorreieaaeic|sotemaluour|ostemarsuour|aueeduiuseq|eerrauisuolineufidespeu|eeture|rendauseieisureimsameuxerioemerpileteeturq	03=c,19=o,13=u,02=t,55=i,61=l,9=s,4=r,50=a,21=y,3=e,01=o,15=r,25=d,54=m,51=i,16=n,62=f,11=u,14=p,60=n,1=c,5=q,56=e,63=k,04=t,65=x,18=z,23=a,08=b,53=s,29=l,85=w,69=g,80=p,86=h,52=d,64=m
0	495	-2.944491	8	45	znzeoeciiorigiituay|tierorutcstirrnuiiusthoida|rrtauiteric|eeeculaarrl|nucrerirataurercirl|oielaunseruirmerl|znkricn|onuecniax|geiamtwtteprcnc|auiiumeeuenaueconesurl|rodrcezenerrry|idrmesrrcemotieriauuonlpresslgiqnduncreureeaundrcsiacu|inrcrisened|niocririened|auiteruic|idriuriencelautdassaf|ioere|randancersurcersabatsdencrarrectrioery	03=z,19=n,13=e,02=o,55=e,61=c,9=i,4=r,50=i,21=g,30=t,11=u,31=a,5=y,25=t,54=o,51=r,16=u,35=c,14=s,33=i,62=n,36=t,09=h,15=d,23=a,60=l,63=a,3=l,56=e,01=n,04=r,34=m,65=k,18=x,24=w,32=p,08=m,29=s,53=s,80=p,86=q,1=f,52=d,64=b
0	496	-2.907827	8	32	uilauiliuuntaauueuulaaiullils|uxlieelleariuiirnulliiiilticatiilal|elieilliiurirais|nlinirlcilkrri|lallitreuniiuuillenltai|uuiilicillcllenllkiuieti|uilayraiol|uulallliiruouilz|ullioiliiuuiuitiiurirais|uilfallupirllneillyaoulanualli|ewtincililaliele|iiltienirinchiflieuuilllculacgeniaculasullrllaitrlleneilclltiniouiirl|alauitoualiullils|laauuitobliullils|uilliiurirllais|iiltollralilatncillermialill|iiuulieq|ilemillairirallindauidiliyilnraitilrerliuiiuulie	0=u,3=i,1=l,9=a,2=u,55=n,61=t,45=e,5=s,59=x,62=e,53=a,51=r,43=i,46=n,60=c,54=t,63=k,56=r,65=y,50=o,8=z,69=f,81=p,41=w,85=h,80=g,86=s,49=b,52=m,6=q,64=d
0	497	-2.877612	8	35	diudieiseuuiniiuuedieir|tbienniipourdeuxtiieeeeierluneeioi|niepeiieetueuuer|sieseuileiluue|iuiienangleieiinsieur|ieeieleiiliinsiilegenne|diumuuesi|iiuiiieeatsteiz|tiieseierirdeeetueuuer|teiouiifieaiispeiimostiustuiir|nwnesleieiuienin|eeinenseurslaroienieiiiltiulknseoltiuydiuiiuenaiinspeiliinesesteeui|uiugenstuiedieir|iuuienshiedieir|teiieetueuiiuer|eeinsiiuuieiuesleiiputeoirii|eeiienq|ripteiiueueuoiirscoteceiemeisuueneiunaiegeeiien	03=d,1=i,9=u,3=e,02=i,55=s,61=e,45=n,01=d,5=r,2=t,59=b,62=p,53=o,51=u,43=r,46=x,60=l,54=n,63=l,56=a,04=g,65=m,50=s,8=z,69=o,08=f,41=w,85=a,80=k,86=y,49=h,52=t,6=q,64=c
0	498	-2.752515	8	38	eiteiienauttenlenttieeil|nwillemmsseiisqneiiiiraictniilig|limieiinsistir|aiaisreirissi|teincleqiienielarts|eniiiciecelaezieslni|eitustiog|enteiicnonio|neioiisenseiuiinsistir|nirtteediceamieumontantes|lhniaciitilar|iilslaissacxskilenierentcylaimcntdeesetincelamireeniaioniisg|ttesnontieeil|tteninopieeil|nieiinsisetir|iilleestituaciemspimaie|iienilf|srnpietisismesabmnibiiuilatinilaauiesienil	0=e,3=i,19=t,13=i,2=n,55=a,61=u,9=t,45=l,11=e,15=l,59=w,62=m,53=m,51=s,43=s,46=q,16=r,14=a,60=c,54=n,1=g,5=r,56=c,63=z,65=u,50=o,18=o,81=d,41=h,85=x,69=k,80=y,86=d,49=p,52=p,6=f,64=b
0	499	-2.921729	8	41	iriecesnnclcrntcel|uxellatpeditequattttuatsnittltm|lettattuetentd|eeeteuiuteet|ratirlaytctaleurd|cttestasaleaytatlit|irsentom|craetruoutk|uatotedcdisttuetentd|utunnaberaettaspoureunad|lwitesterelad|ttldletedesfdzelctaucrsgletpsurmclartiralettucldetouttem|nratiounecel|rnctiohecel|utattueteantd|ttllclrersestatentpata|ttcelo|duuntantetepadepputptestlertitlaestattcel	03=i,19=r,13=e,02=c,55=e,61=s,9=n,45=l,3=t,01=c,15=l,2=u,59=x,11=a,62=t,53=p,51=e,43=d,46=q,16=u,14=a,60=s,54=i,1=m,5=d,56=r,04=a,63=y,65=s,50=o,18=k,08=b,41=w,85=f,69=z,80=g,86=m,49=h,52=n,6=o,64=p
0	500	-2.962736	8	35	eliselilecuissefonssleiilia|csiluuiilmenelleqnillllirnosallimi|uillliillcilesla|iilileioliteel|isiilauueqlleriiuiirsn|erliloliioiiuiiitlenual|elistesloi|ensiiillucerig|nilolilneflelrllcilesla|riksiiepluiiilliitmonsibiin|uwaliolilisiluiu|llialuilenioynkilueriiionsohuilmonsdeiieiislauiiuillioiialilorlei|sisenaobileiilia|isseraozileiilia|riillcileiisla|lliaoiiesilisrioliileslminii|llenlux|nilsliislelemiinidmrdliltliieslalieuuilenlenlu	0=e,3=l,1=i,9=s,25=c,56=u,24=f,50=o,21=n,5=a,45=u,62=l,53=m,51=e,43=n,46=q,61=r,60=o,54=a,55=i,63=t,23=r,65=t,8=g,69=k,81=p,29=b,41=w,85=y,80=h,86=d,49=z,52=s,6=x,64=d
0	501	-3.008781	8	37	tintiliuonniaiinnlrilip|onilaaiictentlequillllionenalliti|ailcliilloilenlp|uiluleielideel|iniilaracdliliiauionn|illileliieiiauiidlclaal|tinsenldi|iiniiillroilix|uildlilnintolloilenlp|fiyniikilriiucliistdunumiin|awaluelilinilaia|llialaulenueznyilailiiieunehaulteungrieiinlariiauclieiialuldflei|nincladmilrilip|inniladmilrilip|fiilloileiinlp|lliadiienilinoueliicesltinii|lliilab|nicsliinleletiinultfllilsliuenlaliearilclliila	03=t,1=i,9=n,3=l,02=i,55=u,61=o,45=a,01=r,5=p,25=o,62=c,53=t,51=e,43=n,46=q,21=u,60=e,54=a,63=d,56=r,04=c,65=s,50=d,8=x,23=f,69=y,08=k,29=m,41=w,85=z,80=h,86=g,49=m,52=s,6=b,64=l
0	502	-2.743721	8	41	rirriersfrtroicttireiu|stennendscriisyceiiialittliiuis|nenieiisestia|aeaisariaissi|reilfnryiireenaarc|reietietenaexircnli|rirustiis|rcteeifsreg|ceiiecroirimiisestia|eatteroifeanieudictadec|nwliatierenla|iiucnaiscatzchenreearcttknaidtctpresetilfenaniareliaiieiss|trrclidereiu|rtrelibereiu|eeiisesetia|iiunrestermatienspidlie|iircinq|caseetisisdecamdemieuiuariliulamircircin	0=r,3=i,19=r,13=e,25=s,56=f,9=t,24=o,50=i,21=c,11=e,15=u,45=n,62=n,53=d,51=s,43=c,46=y,16=a,14=l,60=t,54=l,1=s,5=a,55=a,23=e,63=x,65=u,18=g,61=m,81=o,29=d,41=w,85=z,69=h,80=k,86=p,49=b,52=p,6=q,64=m
0	503	-2.755596	8	43	flfautossusulsiuan|dsasseainefinqcaiiiasilstiinig|saaieiidansid|tatinafainni|leitnsopiuiestale|uiialielestepioisti|fltnsieg|uleainduix|caeiaeuefoiidansid|rassehanetaietiecstree|swtitlialassd|iinestinetlmepasuieaullystiilcskunelitnestaiaunetiering|sloiterauan|lsuitezauan|reiidanesid|iinsunlalotlieanbiisie|iiuasm|eadresininieetcirciatintlitinstoioiiuas	03=f,19=l,13=a,02=u,55=t,61=o,9=s,45=s,3=i,01=u,15=n,25=d,11=e,62=a,53=i,51=n,43=e,46=q,21=c,16=a,14=s,60=l,54=t,1=g,5=d,56=n,04=o,63=p,65=t,50=e,18=x,23=r,08=h,29=r,41=w,85=m,69=p,80=y,86=k,49=z,52=b,6=m,64=c
0	504	-2.934739	7	37	ealeacstollesnesillciiag|sxiucairlanemaysiimmionslcmili|nirsaimsauilu|tiulaisapaah|iliiundeymesaintioln|esmireaisiintiipcnnch|ealtaluei|esiliiimisesab|siiueaucsnerimsauilu|sakliiequoitraitlesiltsliin|nzcuieaaliuan|micutlantswnkiuesaiissilsonturesilmeiiaiilunointrasiiculesmai|lilencesliciiag|illesuneficiiag|saimsauiiilu|miceiialialotsairaduanii|mesiui|nirdailuiuiliintdlsrnirlitalunianiicncsiug	0=e,31=a,9=l,30=c,2=s,55=t,61=o,45=n,1=i,5=g,59=x,34=u,54=c,51=a,62=r,53=l,43=n,33=m,46=y,60=s,36=r,35=u,63=p,3=h,64=d,50=e,65=t,56=i,8=b,69=k,81=q,41=z,85=w,80=o,86=m,49=f,52=d
0	505	-2.925695	7	39	milmioeeillauailloiisd|efinrtiestumaipeiinniiullrnisi|uitesinetaila|eiastilsgtto|iliiaumcpnasiueiilu|anitmiiliiueiigouuro|milctlab|ailiiindecesp|eiiaminoeuminetaila|eskliiwiaiieesicsceileeliiu|uzradmislintu|nirnestuelyukincesiileillqueatailhbitiilauiiueesliirascenti|lilxaualioiisd|illaauxlioiisd|esinetaiiila|nirciitlislielsietrasuii|naind|uiersilaiaisiiuemsetuitsietlauitudiouoeind	03=m,1=i,9=l,30=o,2=e,55=e,61=i,02=a,45=u,31=s,5=d,59=f,34=n,54=r,51=t,62=e,53=s,43=u,35=a,46=p,33=n,60=l,36=t,63=g,3=o,64=m,50=c,65=c,01=b,56=d,8=p,69=k,08=w,41=z,85=y,80=q,86=h,04=x,52=r
0	507	-2.668971	6	47	drdeaiarratarrceto|ewettensundiunellcunholit|tentequiri|ieiiestguut|reitplulatuiuarn|alestcluiuclprin|drkuril|areeinletd|eeidenandaleuiri|etzremeseintciiarieren|tboisderetuo|lintiiuismonretatesersytiinarmlieritauisetseoislelux|rrpitarelei|rraitprelei|etequieri|litlireraistceuaitne|laetf|nceatrieusenipsennektiuriniuiacnceet	03=d,19=r,13=e,02=a,55=i,61=a,9=r,45=t,30=c,11=e,31=t,5=o,2=e,59=w,62=n,53=s,51=u,43=n,35=i,14=u,33=l,16=c,36=n,09=h,54=o,15=i,32=q,60=s,63=g,3=t,64=p,50=l,46=u,01=l,04=p,34=r,65=k,8=d,69=z,08=m,56=s,41=b,80=y,86=m,1=x,52=a,6=f
0	508	-2.917246	7	40	aseasalsieeafimeeaiisp|leienuicouraluxmilliurtenlioi|eimniillirier|sirouitspuuo|ieiiredixlaniiesiuer|ansmasitiiesiipareno|aseguerai|ameiiilslaniq|miraseafamillirier|niteiiabruiscsigoimesciir|eknrsasseieue|linesourstwrtieiniiitmetdesrmamezaiiuiiereuiescstiinroinrii|eiearniciaiisp|ieeannihiaiisp|niilliriiier|liniiiueiseustsicuyrsrii|lames|ricysieririoiirsdondsmoisuerriuesiaramep	0=a,31=s,9=e,30=a,25=l,56=s,1=i,24=f,50=i,21=m,5=p,34=e,54=n,51=u,62=c,53=o,43=r,33=l,46=x,61=u,60=t,45=e,36=m,23=n,35=r,55=s,63=p,3=o,64=d,65=g,8=q,69=t,81=b,29=c,41=k,85=w,80=d,86=z,49=h,52=y
0	509	-2.962161	7	42	circieduirrioiirreiiem|driosailaauclintinnisuersniai|oimpiindilirl|nilaaieetaad|iriilorsnnieionisru|inimciieiioniiteuosd|circarlh|iiriiinudiep|tilcioexemindilirl|piariizilsinleicastrnyiiu|owslucierioao|nisonaaunequaiospiiietrebonlmiirkhiaiirlosionleeiislasplii|rirgloirieiiem|irrilogrieiiem|piindiliiirl|nissiiariersneeilafleuii|niiou|uilfeirliliaiiunrapremainarluiaouieuetom	03=c,1=i,9=r,30=e,25=d,56=u,02=i,45=o,31=e,5=m,34=o,54=s,51=a,62=l,53=a,43=u,35=l,46=n,21=t,33=n,61=s,60=e,36=m,23=p,55=n,63=t,3=d,64=r,50=s,65=c,01=h,8=p,24=x,69=a,08=z,29=y,41=w,85=q,80=b,86=k,04=g,52=f
0	511	-2.805590	7	48	huhenilrrnrnuriioy|drerritascheatieenauxbeso|retoetseue|ieieinolsso|uierlozenoaislrc|neenoncaisnepric|huwsrec|nuieetout|peoorikiuetseue|unrrimeaiitonienuific|rqbeaheueray|escrieaeamburernoinprnmrieunuscsiuerlaiauncscienesd|rupernreces|urnerpreces|uiedesire|esrcsueulinondsuaaod|energ|cnduireesaicilaulouasiuecsailicipry	03=h,19=u,13=e,02=n,55=i,61=l,9=r,45=r,30=i,11=i,31=o,5=y,25=d,62=t,53=a,51=s,43=c,35=e,14=a,33=e,16=n,36=u,09=x,54=b,15=s,32=t,60=n,63=l,3=o,64=l,50=o,46=z,01=c,04=p,34=r,65=w,23=u,18=t,21=p,24=k,08=m,56=a,29=f,41=q,80=m,86=s,1=d,6=g
0	513	-3.064650	0	21	rlzeleniialfnuinlfesleli|tiheuiuillatieiluereiluatlleeeelalueamiueeliel|uileatelleetileilci|iileiieillarlaeilile|lhleiuiauidaeenelluiiilalbe|neelearllasluiiillaeedeuiiue|rloiilcis|nlhlleeiatinelg|tlleirleuenueraleetileilci|telafllyleialliiatellaiieinlwithlue|uiuliueiiarlelheuilui|eeliueuiiieilueiiayiueaheuinelllanloydiiieieanlpaslilllciuialluiiiatelasliueiieineeill|hzueiuinhesleli|lfneiuidhesleli|telleetileilllci|eeliuislilheloliiarllatiliteieluell|eenleuia|uelatitellcileiliellueiiauieteaueleaieliiilciueliluiialedeenleui	03=r,1=l,90=z,3=e,02=n,5=i,6=a,99=f,4=u,01=s,2=t,91=h,09=m,93=c,04=d,94=b,96=o,8=g,08=y,95=w,98=p
0	514	-3.017509	2	20	ainaitaueesnyureaunmalic|ueoirerelsueiediaiiedsuliiiifdisabriicip|retsuiliiuetenie|eeteeielsaifiect|nlieresrearsiiauilreeefnri|auiitsailsalreeelsiiarireeri|ainseenieap|aunltiesueauih|ulieaitriauriaistiuetenie|uifqlagtesleesuilseeieauneeuodi|rercrieesaitntrede|iicrireeeiedieesagerisoireauilfaunsagareeeieisaungsalelniereslreeesuifalerieeieauiiel|oyriereauoialic|nyuierearoialic|uiliiuetelnie|iicrealentnscesailsuecuieidil|iiautres|rifueuilmetecilrieesreiuisritseiceeniericdeestariiautre	0=a,3=i,19=n,13=t,2=u,5=e,6=s,90=y,4=r,93=m,11=l,15=c,91=o,14=d,16=f,95=b,1=p,18=h,99=q,8=g
0	515	-3.280773	1	24	alaumeeslytdemlhour|tefidedensteiebiaiebstniiiicbisxediirik|deustiniiteuelie|eeueeiensacieru|lniedesdepsiimindeeecldi|miiusansobeeensiipideedi|alseelieo|mlnuiestemiz|tnieaudimdiasuiteuelie|ticqnguesneestinseeiemleetfbi|dedrdieesauludebe|iirdideeeiebieesgedisfidemincmlsgpeeeieismlwsornliedesndeeesticordieeiemiien|fydiedemfiour|lytiedepfiour|tiniiteuenlie|iirdeorlulsresanstertieibin|iimudes|dictetinheuerindieesdeitisdiuseireeliedirbeesupiimude	03=a,19=l,13=u,02=m,5=e,6=s,90=y,2=t,4=d,93=h,01=o,15=r,91=f,3=i,11=n,14=b,16=c,09=x,1=k,04=p,18=z,99=q,08=g,8=w
0	516	-3.094279	0	20	euixuiuetlcigezlengueiiuil|tqualaliictuliaueuuliacniuuuuiciaucemauuilui|aliucsiiuutiuliol|lliulluliiceuiculiliu|iqiulalcaleacuuesiialllicipu|esuiuceuiiceiiallliicuueauallau|euiflliolei|enqiiuulctesir|niuleuiuauezueuciuutiuliol|sicgiieriulciillcsiicllulenmldiiau|alailaullceuiuiqualial|uuilauallluliaullcerlaucqualesiiicenferealllulucenyceiiliiiolalciialllcsiceiilaullulesulii|qxaulalediueiiuil|igeslaleaqueiiuil|siiuutiuliiiol|uuilaleiiliquifillceuiictilsluiauii|uuenualc|auictsiioliuliluiiaullcaluscauiucluillliolauiliallciueauuenual	0=e,3=u,1=i,90=x,25=t,5=l,6=c,99=g,24=z,21=n,91=q,4=a,95=m,23=s,93=o,94=p,96=f,8=r,29=d,98=y
0	517	-3.128587	0	24	diquiutlleiptaltipumiuil|ncualaliienuliauduliaexiuuuuieiauezlauuilui|aliuesiiuuniulirl|lliulluliiedieuliliu|iciulalealoeuutuiialllieiwu|tuuiuediiemiallliieuuouallau|dibllirlm|ticiiuulentuig|xiuldiuautaudeiuuniulirl|siepiifiuleiillesiiellultiylkiiau|alailaullediuicualial|uuilauallluliaulleflauecualtuiiietibfollluluetihemiliiirlaleiialllesiemilaullultuulii|cqaulaltcumiuil|iptulalocumiuil|siiuuniuliiirl|uuilalmilicuibillediienilsluiauii|uutiuale|auiensiirliuliluiiaullealuseauiueluilllirlauilialleiuouutiual	03=d,1=i,90=q,3=u,02=t,5=l,6=e,99=p,4=a,01=m,25=n,91=c,21=x,09=z,23=s,93=r,04=o,94=w,96=b,8=g,08=f,95=y,29=k,98=h
0	518	-3.155962	2	26	nurnuensierxdintfunlum|spuaiailesuisunuuiseteuuuosuenhauumuk|aieecluuseirui|iieiiuilenuouime|rluiaieainaeuunclaiiiorau|ncueenulenlaiiileuunauaiiau|nureiiruink|ntpluuiesncq|teinueaundunueeuseirui|coflnyeieliiecleiiuinthiblau|aiamauiienuereaisi|uumauaiiiuisuiienyiauepuainclontgnynaiiiuiuentzenlilruiaielaiiieconliauiiuincuil|pxauiainbenlum|rxciainapunlum|cluuseilrui|uumainlireremienulesmciusul|uuntuaie|auosclwieimulauiieaiuceaueeiumiiruiaumsiieenauuntuai	0=n,3=u,19=r,13=e,25=s,5=i,6=e,90=x,24=d,21=t,99=f,11=l,15=m,91=p,4=a,14=s,16=o,95=h,1=k,23=c,18=q,8=y,29=b,96=g,98=z,93=w
0	519	-3.000059	1	28	dsduniiespoinsyaus|nbeliliteneimedeimequeeeameefileeseg|liuerteenuisei|iiuiieitedaeisu|steilieliceeenetliiiasle|neeuedteamiiiteeeceliile|dseiiseia|nstueiennez|quidulenledeuenuisei|raktxuietiierteiieinsiiwtle|lilsleiiedusulimi|eesleliiieimeiiexileebelinetansexciiieieensheastseilietliiieraasleiieineeit|bpleilinbeaus|sprilicbeaus|rteenuitsei|eesliassusesiedtensriemet|eenulie|leanrtyiuisetleiieliereleueiesiiseilesmiieuceenuli	03=d,19=s,13=u,02=n,5=i,6=e,90=p,24=o,93=y,01=a,15=s,25=n,91=b,3=e,4=l,11=t,14=m,21=q,16=a,09=f,1=g,23=r,04=c,18=z,99=k,08=x,29=w,8=h
0	520	-3.086259	4	23	arwroueesigauneauigoiire|uecdeneiisuetinoleinsuiillisinfaynlier|neifurilueitime|eeitetiisarstieiq|icitnesneanslaurineeeisixq|aulifarisaiineeeiislandeenq|arheeimeai|auiciilesueaurb|uiitardounofilueitime|ursgiiabitsiieesuriseetauiyeucinq|nenientesarrcdeine|liendeeetintesabenfcdeauriisauihabaneeetfauiksaiieiiimenesiineeesursaiientetauleii|cwntneaucoiire|igautneancoiire|urilueitiiime|lieneaiieicrhieesarisueieutrnri|lauides|nrsueurimeitierintesnepfnrfereeeimenreineesionlauide	0=a,31=r,90=w,30=o,2=u,5=e,6=s,1=i,99=g,4=n,91=c,34=d,35=t,33=l,36=f,95=y,93=m,3=q,94=x,96=h,8=b,98=k,32=p
0	521	-3.113908	4	28	yewtcniiaedenieedceeti|niusinieeanirenclienaneelleaenozinleit|nieontelnieresi|iierireeayeareiep|euernianiaaleteniiieaexp|eleoyeeameniiieealasiinp|yebiiesim|eeueelianietq|neeryescnncoelnieresi|ntadeegeraeeiianteaiireefinuenp|nineinriayetusieni|leinsiiirenriaginousieteeaeebgaiiiroeekameieeesiniaeeniiiantameinrireliee|uwnrnieuceeti|ederniauceeti|ntelniereeesi|leinimeieutbeiiayeeanieinrtnte|leesia|ntanintesiereitenrianihontoitiiiesintieniiaecnleesi	03=y,1=e,90=w,31=t,30=c,2=n,5=i,6=a,99=d,02=e,4=n,91=u,34=s,35=r,33=l,36=o,09=z,93=s,3=p,04=a,94=x,01=m,96=b,8=q,08=g,95=f,98=k,32=h
0	522	-3.192352	5	27	eekesliitakluielayesei|liaxiuistlinmsrimtlsrrfmdewurce|uiotleogioian|iioiinsteetnco|asnuituieutrelemiiifaub|elroteefesuiiistreuxiiub|eeziianeq|elasontlielep|lsneexslusdogioian|lethsepoitsiitlefiinelaiilamb|uiucuniteeeaximi|rcuxiiinmnitepiudaxielestelatepeuiiindelaptesisanuitsuiiitletesiuninelris|akunuielassei|aklnuieuassei|leogioisan|rcuiesiaoatciteefliclneueq|relouit|uetlileanoicemnituigduedieiiianueimiitoeureloui	0=e,31=e,90=k,30=s,2=l,5=i,6=t,19=a,4=u,93=y,11=s,91=a,34=x,35=n,14=m,33=r,16=f,36=d,95=w,15=c,13=o,32=g,3=b,96=z,1=q,8=p,99=h
0	523	-3.180040	4	30	dtduniietprnintzsus|riafiniierielbaileriaahlokinast|niuertugiuite|iiuiieiedhesu|tienieniceantliiihtny|nauediesliiiieacfiiny|dteiites|ntiueerintm|riedunbrnbougiuite|rteqixuieiiierthiientiiraly|ninsneiedutunili|asnfiiieleiexinoafintientexciiieontmessitenieiniiiertessneienaii|apneninabiti|tprenicabiti|rtugiuiite|asnisstutesiedierisretntw|anunie|nterirtteuistleienigontoitiiitentiliieucanuni	03=d,19=t,13=u,02=n,5=i,6=e,90=p,2=r,4=n,93=z,01=s,15=s,91=a,34=f,11=i,35=e,14=l,30=b,33=a,16=h,36=o,09=k,31=t,32=g,04=c,3=y,8=m,99=q,08=x,1=w
0	524	-3.175723	4	27	eswsuotriheftedhuiist|ocatetiironieultierdilliriemebelits|etimaiiloinist|ttintniiresrnitiq|icinetreteerleaiietttirigq|easmesireiietttiirleeatteq|eskttistei|edciiltroeaip|dinesaufumiloinist|airhiiepinriittraiirttnedbtxiieq|eteitentresscatiet|liteatttnientreptemcateaiiiredkepeetttnmedyreiitiiistetriietttraireiitentneanii|cwenetexiuiist|iheateteecuiist|aiiloiniiist|liteteiiticskittresiroitatsesi|ledatr|esroaiistinitsientretzmesmtstttistestiettriueledat	0=e,31=s,90=w,30=u,25=o,5=t,6=r,1=i,99=h,24=f,21=d,91=c,34=a,4=e,35=n,33=l,36=m,95=b,23=a,93=s,3=q,94=g,96=k,8=p,29=x,98=y,32=z
0	525	-2.954577	4	32	diysusueimieuiimuiisu|saqueuiiesnieunuieefinnieielbuenius|euilpiinsiniou|uuinuniiedieniuir|iaineueeutenisieuuuieiwr|inildiierieuuuiientquuer|dituuiour|iiaiinuesisg|findiquculinsiniou|piemiiaineiiuuepiieuuniikuziier|eueiuenuedisaquieu|niuequuunienueauelaquisiieiitatuuunliiheriuiiioueueiieuuuepieriuenuninuii|ayeneuiauiisu|imineutauiisu|piinsiniiiou|niueuriuiastiuuediiesiupusesi|niique|esespiiouiniusienueeuxleslusuuuiouesuieuueiueniiqu	03=d,1=i,90=y,31=s,30=u,25=s,5=u,6=e,99=m,02=i,4=e,91=a,34=q,35=n,33=n,21=f,36=l,09=b,23=p,93=o,3=r,04=t,94=w,01=r,96=t,8=g,24=c,08=a,95=k,29=z,98=h,32=x
0	526	-2.997009	5	33	isksatinnkxiilyaesi|trpieientuoationlatsnouiretss|eianlettainu|iiaiiuenisnusa|neueineiientileeiiigneq|ilsuisgieeiiientiepiieq|isbiinuic|ilretintilh|laiispaxauafiainu|lgyeidaineiinleniiuilrimeeq|eieseuinissrpioi|tsepiiiuouinidieurpiilegilbidieiiiuuilznieienueineeiiinlgieieuiuilue|rkeueiimaiesi|nklieiieraesi|lettaienu|tseiieinannsinisgtslisesc|tilpin|esntlewiaissouineifuesuisiiinuesioiinaietilpi	0=i,31=s,90=k,30=a,25=t,5=i,6=n,19=n,24=x,21=l,99=y,11=e,91=r,34=p,4=e,35=u,14=o,33=t,13=a,36=u,95=r,15=s,23=l,16=g,3=q,96=b,1=c,18=h,32=f,8=d,29=m,98=z,93=w
0	527	-3.106131	4	34	dcdeliiscryilcttea|sphiliissauuniusgenesurwilnae|liesoinseica|iieiiaisdnaae|cialisliosnleuiiinclq|lnesdistuiiiisnohiilq|dcsiicat|lcieasslem|geideluyurebieica|onxifeisiiisoisiialciikilq|lilalaisdeceliui|nalhiiiauaisfilrphileislcsfoiiiarlcmstaicalisiliiisontalaialnii|prlalilpuiei|croiliopuiei|oinseiica|nalitacecsaisdissaoielez|nlelis|lessoitieiaeuaislibrlerieiiicaleiuiiseonleli	03=d,19=c,13=e,02=l,5=i,6=s,90=r,24=y,93=t,01=t,15=a,25=s,91=p,34=h,4=l,11=i,35=a,14=u,30=u,33=n,21=g,31=e,36=r,09=w,23=o,16=n,04=o,3=q,8=m,32=b,99=x,08=f,29=k,1=z
0	528	-2.975164	0	20	ailhiliaueeclsauraulsiallile|ueoirrllcueieltaiielbulliiiilcltcantileil|rlicuilliiuelielde|eelieeiellcailcieleli|loliercrabiiauillreelclfi|auiilicaillcallreellciiatret|ailmeeldeal|aulolliiecueauilp|ullieailitautaicliiuelielde|uilcsllaplieclleecuillceeieaulneuolt|rketeecaililoirlr|iiletreeielteecapetcoirauilllcaulmapareeieicaulxcallellldercllreecuilcalleteeieauiiell|ohterauoiallile|lsauierayliallile|uilliiuelielllde|iileralleloilmleecaillcueleuieiltll|iiaulirc|tlcueuilldelieleillteecriuictliceileeeldetlelrecliatiaulir	0=a,3=i,1=l,90=h,2=u,5=e,6=c,99=s,45=r,91=o,43=t,46=b,95=n,93=d,94=f,96=m,8=p,41=k,98=x,49=y
0	529	-3.135603	0	24	rewlelciitemcucemldelei|aisluueetailienrliezaeelllletentyinleile|ueltaleellaieliepi|iieliilieetretlieiel|eseliutuotllcleeuiietebl|clleltreetdeuiieetlloluin|rexiiepid|ceseellitaicleg|aeelirelncnrtellaieliepi|aletmeefeliteeiitaleetiilicehiasen|ukiniitreleslueu|lleinuiilieniitfintslucleeetcexfoiiililtceqtdeieeepiuteeuiitaletdeiniiliclliee|swniucsldelei|emcliuosldelei|aleellaielieeepi|lleiudeieslexeiitreetaieialilenee|llcelut|netaialeepielieileeniitulaltneltileiiiepineieuitelollcelu	03=r,1=e,90=w,3=l,02=c,5=i,6=t,99=m,45=u,01=d,2=a,91=s,43=n,46=z,09=y,93=p,04=o,94=b,96=x,8=g,08=f,95=h,41=k,98=q
0	530	-3.134313	2	24	aisailaneetsqnranshauio|necirrutneiemiaiiemtnuiiiifmitakdioig|rltniuiinelesie|eeleeieutaifieol|suiertraziianiureefsd|aniiltaiutaureeutiiadred|aisteesieag|ansulietneanib|nuieaildandaitlinelesie|nifxuapletueetniuteeieanseencmi|rwedeetailslrme|iiodreeiemieetapedtciraniufanstapareeieitansptaueusiertureetnifauedeeieaniieu|cqderanciauio|sqnieraylauio|niuiineleusie|iioraueslstoetaiutneonieimiu|iianlrt|dfneniuheleoiudeetrinitdlteioeesiedomeetladianlr	0=a,3=i,19=s,13=l,2=n,5=e,6=t,90=q,45=r,93=h,11=u,15=o,91=c,14=m,16=f,95=k,43=d,1=g,46=z,18=b,99=x,8=p,41=w,49=y
0	531	-3.294025	1	26	memadiisehsndexpar|siyennussieilemeilssueeeetleswicerez|nasseueesiaieei|iiaiieiusmteira|eueinsnoseedeuniitec|deeasmuspliiiuseeoenic|mesiieeip|deuaeissideb|sueimacdcmsaesiaieei|setqufaisuiisseusiieideiisyle|ngiciismaeanli|eercniieileiisficsyendeutdesfoiiieiesdeksprueeinsuniissetprciieideeiu|yhcindyepar|ehseinoyepar|seueesiaiueei|eernpreaesrismussirseieleu|eedans|ctsiseuxiaireuciisnesescasieriieeicrliisaoeedan	03=m,19=e,13=a,02=d,5=i,6=s,90=h,2=s,45=n,93=x,01=p,15=r,91=y,3=e,11=u,14=l,16=t,09=w,43=c,1=z,04=o,18=b,99=q,08=f,41=g,8=k
0	532	-3.183661	0	24	ueixeieutlcihuylunheuiieil|tbeaaiictelirueelignieeeeicircupreilei|aiecsiieetielifl|llielleliicueicelilie|ibielacaugeeusiialliciwe|useiecueiicuiialliiceeuralr|ueiqlliflui|unbiieelctusim|nielueieruyeuecieetielifl|sichiiumielciillcsiicllelunploiir|aklrllcueieibeaia|eeilrallelirllcumlrcbeausiiicunqumuallelecundcuiiliiiflaciiallcsicuiilrlleluselii|bxrlauoieuiieil|ihuslauzieuiieil|siieetieliiifl|eeilauiilibeiqillcueiictilsleirii|eeuneac|rictsiiflielileiirllcaescriecleillliflrilialcieureunea	0=u,3=e,1=i,90=x,25=t,5=l,6=c,99=h,24=y,21=n,91=b,45=a,43=r,46=g,95=p,23=s,93=f,94=w,96=q,8=m,29=o,41=k,98=d,49=z
0	533	-2.997250	0	27	sihlilaeesipataipleilie|yulttiisyleinsleikzillllisinsgenlieli|tilsaiillyileide|eeileeleiissisleieil|iuiletstosllaliiteeisibl|allilssiiseiteeiisllolten|sireeidee|aiuiillesyaliq|zilesilnanssillyileide|aispiicilesiieesaiiseeleaimefiin|tweneessiliultit|llienteeleineescensultaliiisaircoeeelelsaixseieiiidetsiiteesaiseieneelealleii|uhnetauleilie|ipaletouleilie|aiillyileiiide|llieteieiulirieessiisyieaelinii|llailts|nisyaiideileieliineestlasnilselieeeidenieitesilollailt	03=s,1=i,90=h,3=l,02=a,5=e,6=s,99=p,45=t,01=e,25=y,91=u,43=n,46=k,21=z,09=g,23=a,93=d,04=o,94=b,96=r,8=q,08=c,95=m,29=f,41=w,98=x
0	534	-2.883431	2	30	aisainaoetsyseaceiatir|okinnttoiediaiiedtcniiilditahuirip|nntitiionesie|eeneeiettailiern|stientnafiiaitneelsu|aiintaittatneettiiauneu|aisteesieap|acktiietoaix|cneainuasiaitnionesie|iletagnetteetitteeieacheatu|nweueetainsnnde|iiruneeiedieetageutkinaitlaczaganeeieitacqtatetsienttneetilateueeieaiiet|kyuenaanatir|syienamnatir|itiionetsie|iirnatesnstretaittorieidit|iiacint|uloitbeneritueetniitunteireesieurdeetnauiacin	0=a,3=i,19=s,13=n,25=o,5=e,6=t,90=y,24=s,21=c,99=e,11=t,15=r,91=k,45=n,14=d,16=l,95=h,43=u,1=p,23=i,46=f,18=x,8=g,29=a,41=w,96=z,98=q,49=m,93=b
0	535	-2.950776	1	30	tdteniiedpfindysei|nousslenuiautuiaexeuuuaaueziruiug|seetluuneidui|iieiiuiletauiie|dluisesceuunulsiiadr|nuueetlesaiiileuucusir|tdeiiduis|ndleuiennuq|xeiternrteeuneidui|tawlmeieliietleiiuindiiblr|skiriietedesai|uuirsiiuiauiiemireousnulandemciiiuiuendhesilduiselsiietasiriiuinuuil|oprisnousei|dptiscousei|tluuneildui|uuissidedeiietlenitiuaul|uunese|rantlyieiiulriiesutereeiuiiiduiriaiieecuunes	03=t,19=d,13=e,02=n,5=i,6=e,90=p,24=f,93=y,01=s,15=i,25=n,91=o,3=u,45=s,11=l,14=a,21=x,16=a,09=z,43=r,1=g,23=t,04=c,18=q,99=w,08=m,29=b,41=k,8=h
0	536	-3.030271	2	27	rlklmauueixratraixmiilu|ausautiieauniersuifaiissieieergelul|ticalisauiniou|uuinuniierleniuiy|isintetrfsralituuieiwy|rasicrlieriituuiiesretue|rlduuiouri|raisiisueauralh|aiinrlamaercisauiniou|alexiirhineiiuuealieuunraiguasie|tqueuuerllsauit|siuetuunieuuerhueesauraliieraidrhrtuuncraiberiiuiiiouteiituuealeriiueuunrasuii|skeutrasmiilu|ixrantrpimiilu|alisauiniiiou|siutriiuisldiuuerlieauiuanleii|sraiaue|eieaualiouiniulieuuetzceiculuuuioueiuitueimemaiau	0=r,31=l,90=k,30=m,2=a,5=u,6=e,1=i,99=x,45=t,91=s,34=a,35=n,43=e,33=s,46=f,95=g,36=c,93=o,3=y,94=w,96=d,8=h,41=q,98=b,49=p,32=z
0	537	-2.882754	2	31	sewntuiitericierteeni|uiariceetuineesnegueelleteetbienin|cesuneluienefi|iienineetsetneiep|eaenctcatlineciietexp|ilesseetdeciieetlariie|sehiiefid|ieaeelituiinq|ueensertuesteluienefi|untreementeeiitunetiinieziuaee|cyieiitsenariec|leieciineeiitmietariineetiehmaiiinsieotdeieeeficteeciituntdeieiiniliee|aweiciateeni|erincaateeni|uneluieneeefi|leicdeieanheiitseetuieiunneee|lierit|eetuiunefieneineeiitckseesiniiiefieeiecitetetueri	03=s,1=e,90=w,31=n,30=t,2=u,5=i,6=t,99=r,02=i,45=c,91=a,34=r,35=n,43=e,46=g,33=l,09=b,36=s,93=f,3=p,04=a,94=x,01=d,96=h,8=q,08=m,95=z,41=y,98=o,32=k
0	538	-2.896001	2	31	etytasiietysuestgenti|sipriunesiamaiimesniicmdebstit|unestnfinita|iiniianeetealn|tnaueueziestmiiicts|esineetcenuiineiesuis|etwiitaex|estnnaesiestr|snaetrassednfinita|steqnernieniiestciiaestiispmo|ukisiieettprimi|ilsuiiamaieerisepriestneesteereuiiadestreenintauenuiiesteenisiiaesiin|pysiuespanti|tysauehnenti|stnfininta|iluenitntelieetcsilsatsn|iesnue|scsisttaniltmaieufdsneitiiitaslmiienesasnu	0=e,31=t,90=y,30=a,2=s,5=i,6=e,19=t,45=u,93=g,11=n,91=p,34=r,35=a,14=m,33=i,16=c,36=d,95=b,43=s,13=n,32=f,15=l,46=z,96=w,1=x,8=r,99=q,3=o,41=k,49=h
0	539	-3.053698	1	31	nontsiieoxrisobsta|rikmiirerintgaiterraaftphiueie|iteretdition|iitiinrenfnat|ornieileasetiiifou|satenrestiiirealmiiu|noeiions|sortnerisey|rrnntusunetdition|reezrctieriierefiinsoiirktq|iwiuiientotiti|aauiiintnieciuekmiseresoecliiinpsoyesaronieriiiereesauiinsair|kxuiiskgrei|oxrnilkgrei|retditiron|aaisaotoeaienreriarneur|astie|ufrireontiaetnieidputeieiiionuatiietlasti	03=n,19=o,13=t,02=s,5=i,6=e,90=x,2=r,45=i,93=b,01=s,15=a,91=k,34=m,11=r,35=n,14=t,30=g,33=a,16=f,36=p,09=h,43=u,31=e,32=d,04=l,8=y,99=z,08=c,3=q,41=w
0	540	-2.873305	2	31	erwraiesiceyeescaiire|ioberiisitiueleipsillisiusemurer|ridniiliitine|eeitetiiserstieia|ioitrsrepleniireeisiga|enrderiseiireeiisleureu|erteeineei|esoiilesienif|siterbayadiliitine|nisciiefitsiieesniiseetesmehiiu|rxeueeserrobeir|lieureetiueesefeusobeeniiisestefereetdesqseiieiiinersiireesniseiieueetentii|owuerehiaiire|icenereziaiire|niiliitiiine|liereiieiortieeserisiieneruii|lesbes|uisiniineitieriueesrkduidereeeineuieiresiauasbe	0=e,31=r,90=w,30=a,25=i,5=e,6=s,1=i,99=c,24=y,21=s,91=o,34=b,45=r,35=t,43=u,33=l,46=p,95=m,36=d,23=n,93=n,3=a,94=g,96=t,8=f,29=h,41=x,98=q,49=z,32=k
0	541	-2.798858	2	35	dektutisemclcemueeti|traileestrendrezlessesensointit|leiueestereni|iierireesdesreiea|ererlslesscteliiesefa|cseideesdeliieesseaiin|depiienid|cereesistctb|lerdeauquiestereni|uesmeeoerseeiisueesiircexigeen|lwiniisdetraiel|seinliireniisoinsraicteescepoeiiiriceysdeieeenilseeliisuesdeiniircsiee|rknilcrueeti|emcrlerueeti|ueestereeeni|seildeiertpeiisdeesteiuitnee|sceais|nestueeniereiteniislhineiitiiienineieliseunulai	03=d,1=e,90=k,31=t,30=u,25=t,5=i,6=s,99=m,02=c,45=l,91=r,34=a,35=r,43=n,46=z,21=l,33=s,09=o,36=i,23=u,93=n,3=a,04=e,94=f,01=d,96=p,8=b,24=q,08=o,95=x,29=g,41=w,98=y,32=h
0	542	-2.913311	1	36	icycalettymeiudance|lpreuntlacalecturlctciigncec|urtenllreta|eereeantictaor|tnautuixlienueestn|ieciicsinueentlinuen|ickeetaiq|iupnletliez|ureicramairdereta|esdnihretneetenteeaiugeonn|ubeneeticcprece|lonueeacaetihentpreiensiukihiueeaiiustinentautnueetesineneeaiean|pyneuiorince|tyeeuiwrince|enllrenta|louinetrttoeticsloeecnn|liuret|nslenfereoccaetudinrteceeetanoceetrinaure	0=i,31=c,90=y,30=a,25=l,5=e,6=t,19=t,24=m,21=u,99=d,11=n,91=p,34=r,45=u,35=a,14=c,33=l,13=r,36=i,95=g,43=n,23=e,15=o,46=x,16=s,96=k,1=q,18=z,32=d,8=h,29=o,41=b,98=s,49=w,93=f
0	543	-3.044906	0	34	snsuoiinnqwionroul|crxitencesdtisnautunslkiiuiu|tunpetcuine|iiuiieensmelu|neetntantousiiimni|otunsenosiiientaxiii|snniineo|oneuencoug|auisuioisnuhiuine|pmfeyuineiinpeniieoniibei|tziiiinsunutsi|tlitiieseinyiinrxiouenonnyaiiielongnolenetnetiinpmoliiieotie|rqiitordeui|nqpitardeui|petcuiene|tltolnunnlinsenclpiuie|toutn|imcperiuiluseinthliuniuiiineilsiinuatout	03=s,19=n,13=u,02=o,5=i,6=n,90=q,24=w,93=r,01=o,15=l,25=c,91=r,34=x,45=t,11=e,35=e,14=s,30=d,33=t,21=a,31=u,36=l,09=k,43=i,23=p,16=m,04=a,8=g,32=h,99=f,08=y,29=b,41=z
0	544	-3.170854	8	24	seizeiestlnigstuctigesiieio|twieuraintfaueseeauntiieeeeiniuensqueeifi|uaenteiieetaeamo|lieleainseineaae|idierxucuneesteiiulanihe|steeienseiinsiiulaineesueulue|seiplimci|stidiieextcteiy|tiieceieuestuesenieetaeamo|teingiisyiexiilnteiinlectiqbdiue|urirelnseieideuauo|eeireulfauelnsyrendeucteiiinstipsysulffnstiknsiiaiimrxiiulxteinsiirelecteeai|dzuerctdesiieio|igstercudesiieio|teiieetaeaiimo|eeirciiadeipilnseiintabefiueii|eestieux|ueintbeiimaeafiiuelnuftenueienfilamreiaulniesueestieuo	0=s,3=e,1=i,90=z,2=t,55=l,6=n,99=g,4=u,50=c,5=o,59=w,54=r,51=a,53=f,95=q,93=m,91=d,56=x,94=h,96=p,8=y,52=b,98=k
0	545	-2.998421	8	29	tezieideneaducteaimeiep|tyeiulsentssuitisunteeiiiieneuinkliiese|usintieeiitsisap|eeieisentenissi|eneilrucuniidieeuesnexi|diieinteenmeueseniifiueui|tegeeace|deneeiirtctieq|teeicieiuiduitneiitsisap|tienaeeheireeentieeneicteboneui|ulelienteieniusup|iieliuessuienhlinniuctieeendeghfessndewnmeseealreeuertienmelieictiise|nzuilctnimeiep|eadilcunimeiep|tieeiitsiseeap|iielceesniegeenteentsoiseuiee|iideiur|uientoieeasisseeuienustinuieinseesaliesueneifiideiup	03=t,1=e,90=z,3=i,02=d,55=e,6=n,99=a,4=u,50=c,2=t,01=m,5=p,59=y,54=l,51=s,53=s,09=k,93=a,91=n,56=r,94=x,04=f,96=g,8=q,08=h,95=b,52=o,98=w
0	546	-3.079006	8	28	ueeuesunlaezninneaurem|nksistcnptieueetianreeeecbeauwieemef|iteanereentetag|lsletcuecette|eresoiniaeeuneriltaeie|uneesauerauriltceeuieilie|ueealeenf|unerseonnneq|nrenesieunieueasentetag|nechruxsorlaneralennelnybe|ismielauesesitig|eemieilptielauxseayeinnercuneauxuilppaunexaurtrasorilonecurselenneetf|yziesnnyeurem|eznesniyeurem|nereentetrag|eeminrtyeeamouerantdepber|eeunsio|iecnderatetprielaipneaiesapmleesemblasuieeunsig	0=u,3=e,19=e,13=s,2=n,55=l,6=a,90=z,4=i,50=n,93=a,11=r,15=m,59=k,54=s,51=t,16=c,53=p,14=b,95=w,1=f,5=g,56=o,18=q,99=h,8=x,91=y,52=d
0	547	-2.929678	8	32	ninusreiwuisuicfut|ukuirlaunlienelieuteeeeapeebreeteq|ileeueteeulelco|rurelanaelle|iteraisieeesetirleiie|seeuentefprlaeedeirie|nieriesq|situeausueh|uteseuiesieneueulelco|ueaytguatreueteresuirumpe|irtierenuiuilio|eetieirnlieregreemeisuetasiegdrnnesizefttieratiraueaftieresueelq|mwiersumefut|iwuersimefut|ueteeuleltco|eetistlmeietanteulxenpet|eesuia|ieauxetclelntiereinueeieuentrieretpreudeesuio	03=n,19=i,13=u,02=s,55=r,6=e,90=w,2=u,4=i,50=s,93=c,01=f,15=t,59=k,54=r,51=l,16=a,53=n,3=e,11=t,14=p,09=b,1=q,5=o,56=a,04=d,18=h,99=y,08=g,91=m,8=z,52=x
0	548	-3.181751	8	27	luiwuiulagidlktaduliiuic|aqueosieauseuluuseeaiuuuuieieuelbeuuisi|esueniiuuaiusmc|riurusieluieussu|iqiuogeteeuulniierseiyu|lnuiueluiieliiersieuuleuereu|luiprimti|laqiiuugalnix|aiutuiueulkulueiuuaiusmc|niediilxiugiireniierutabhqieu|eoioureluiuiquesec|uuiouersseurelxouequetniiielaplxlersselazeliisiimogiiergnieliiourutnusi|qweuotfiuliiuic|idlnotequliiuic|niiuuaiusiimc|uuiotiisquipireluiieaihusieuii|uulaueg|euieaniimsussiieureesneeuiuesirsmouisereiuleuulauec	0=l,3=u,1=i,90=w,25=a,56=g,99=d,24=k,50=t,21=a,5=c,91=q,4=e,54=o,51=s,6=e,95=b,53=s,23=n,93=m,55=r,94=y,96=p,8=x,52=h,98=z,29=f
0	549	-3.032378	8	31	tewieirareyrnicyideiet|osinlueroiunitiunrceiiiierenirkliieee|nuirmeeiioeiust|aeiaiuerteriuui|eseilnninriirieenaurexi|riieirteerdenaueriibinani|tezaesie|reseeiinorieq|ceiiieinirnitreiioeiust|meryeepeineearmeeraiichfseni|nleliarteiesinunt|iielinaeuniarplirsinimeeerrezpbaeerreardeueeslneenanmerdeliaiimiue|swniligeideiet|eyrilinsideiet|meeiioeiueest|iielieeusiezearteeroefieeniee|iireinn|nieromeesuiueeeniarnemrnieireeauslieunareibiireint	03=t,1=e,90=w,3=i,02=r,55=a,6=r,99=y,4=n,50=i,21=c,01=d,5=t,25=o,91=s,54=l,51=u,09=k,53=e,23=m,93=s,56=n,94=x,04=b,96=z,8=q,08=p,95=h,52=f,98=a,29=g
0	550	-2.983781	8	33	liiliolrnizhnagileil|rsiuescrisuiliisuuaoiiicmiulquiilip|usiudeiirostr|aoaisclicissi|ieienunuuiildeuasuiui|ldioulieuleuasciiluiuaui|liiuaiinp|laseiinrldw|aoniouilhiliuoirostr|dcgelyoneaudeuainaqxsmi|ueluiaulioiousur|iiluiuatsuiaulyeiusiundeclaklyluattulabuleseteneuandcleeiaindisp|szuienfoleil|izdenusileil|deiirosetr|iilunessiiulnlieurldtmie|iilaiun|uicrdetsisteuiauutduuioutlaiieilmauoluiilaiur	0=l,3=i,19=i,13=o,25=r,56=n,90=z,24=h,50=n,21=a,99=g,11=e,15=l,91=s,4=u,54=e,51=s,16=c,6=u,14=m,95=q,1=p,23=d,93=t,5=r,55=a,18=w,8=y,52=x,53=t,96=k,98=b,29=f
0	551	-3.057417	8	36	cicrrneikhslfiard|adieuclaiceiciceelriiiluiequiidip|eciettiiarcom|nrniclclicci|itiuneseeiiritenceiei|riirecteauncliioienei|cieniisp|ritrinariz|lrsireireiceriarcom|tlftbrntnettenislxwdui|eudeinecrirecem|iideiensceinebuiediesttlriebonsserigeadtiiuntenntladeinisticp|dkeiusyrard|iktusediard|ttiiarctom|iidestcdiiedncteadtsuit|iirren|eilattocicsteineesteeiresdniiuiduneroiirrem	03=c,19=i,13=r,02=r,55=n,6=e,90=k,24=h,50=s,21=l,99=f,3=i,01=a,15=d,25=a,91=d,4=e,54=u,51=c,16=l,14=u,09=q,1=p,23=t,11=t,93=o,5=m,56=n,04=o,18=z,08=b,95=x,52=w,53=s,8=g,29=y
0	560	-3.069169	6	28	nilzilinsdelhnsenslhinllilp|sqlieellescuaniiufslliiiilelaenmailcl|eliesilliisuiuap|dlidiulenileiuui|lrlinsenfiinsilledlelgi|nsiilienillenlledlleiinaeni|nilodlatl|nslrlliisstsily|sllitiliansanieliisuiuap|silehllnylislldesilleditslmbrla|exnidenililriele|iilniediuadenynieriensilllenslonynedicenslwenllullanslledesilenllniditsiiul|rzantsrinllilp|lhnsintklinllilp|silliisuiullap|iilntlluriloldenillesubiclall|iinsliee|alesbillauiuclladeeisiealieclduanilueslinainslie	0=n,3=i,1=l,90=z,2=s,55=d,6=e,99=h,45=e,5=p,59=q,53=c,51=u,43=a,46=f,95=m,93=a,91=r,54=n,56=s,94=g,96=o,50=t,8=y,52=b,41=x,98=w,49=k
0	561	-2.875942	6	33	tequeuitseuisieuuneuer|iweusseesilantuahieeuuuuesenspauuele|seusiueeuuiauarr|teutuaestesuaau|edeualsosuuiueestesegu|iuueusteesnesteesuuousau|texterme|iedeeuulimiuez|ieeumueunintseuuiauarr|iuesueeceuleetsiueestumiebeden|skautsteueduses|uueaustuantscausdusiueeesiexcotllsieysneaeeraleestsiuesneautumiuuae|dqnamiduneuer|euiuamfeuneuer|iueeuuiauaeerr|uueameeaduexetsteesiaeulenee|uuieuss|nesieueeraualeentssuiusneusletaraueasleuouuieus	03=t,1=e,90=q,3=u,02=i,55=t,6=s,99=u,45=s,01=n,5=r,2=i,59=w,53=l,51=a,43=n,46=h,09=p,54=a,93=r,91=d,56=l,04=o,94=g,96=x,50=m,8=z,08=c,95=b,52=e,41=k,98=y,49=f
0	562	-2.912535	7	32	ueiuesurlaitreuriouier|rwseeiarnnsueengrieeeeateauxsereq|esareieernenof|lslenaueaenne|iiedpeugeeureielais|ureesaueiauieliaeeusede|ueialieuq|uriiseprurez|rieuessursueasernenof|reabiumspilareialeurilrcte|ehdelauesisetf|eerselenslaumdeaceeureiauriaumuelenaurimauiniodpielareauideleureenq|ctsdurceuier|itreduksuier|reieerneniof|eereuinceiarpueiarnyentei|eeursea|saryeionennislaeereassanrliedertlasuseurse	0=u,3=e,19=i,13=s,2=r,55=l,6=a,90=t,45=e,93=o,11=i,15=r,59=w,53=n,51=n,43=s,46=g,16=a,14=t,95=x,1=q,5=f,54=d,56=p,50=u,18=z,99=b,8=m,91=c,41=h,49=k,52=y
0	563	-2.938383	7	36	cmcnieumhidimsons|iwndduuilnacendiueeeetyeuxreesef|dnuieueeinensp|eneentctenne|mueradcueeieudetma|ieenucuuoyenteecedre|cmuemetf|imuneaitieq|iuetenaiacuneinensp|ietournaueuieuueetimeilye|dbreeucnmndyp|eesadeenaeurreuledieutimurcelluimkuosumeraudeuietosaeetieenf|lhartileons|mhiertznons|ieueeinenusp|eesdosmnmusacuuingelyeu|eeindu|atigeusnenluaeudeieuanulsemeresyeunceeind	03=c,19=m,13=n,02=i,55=e,6=u,90=h,2=i,45=d,93=s,01=o,15=s,59=w,11=u,53=l,51=n,43=a,3=e,46=d,16=t,14=y,09=x,54=r,1=f,5=p,56=a,04=c,50=t,18=q,99=o,08=r,91=l,41=b,8=k,49=z,52=g
0	564	-2.951998	6	31	ineynenienerigucrnieenep|eantteetenisinniocennnnetestilsnede|tentreenneenimp|sensnietinetniin|eaenantionnireetsetezn|irnentineetieetseetnnistan|inehsemue|icaeennneiref|cenunensignintenneenimp|retreeifenneestreetsnuclkaes|twanstineneantet|nneantsnisstifantantireeetichifitsndticqtieeieemaneetstretieeansnurnie|aysaubenieenep|erirauxenieenep|reenneenieemp|nneaueeianehestineeteekndesee|nnicntt|setereeminideessttnrtsentdesimaneitnenisnicnt	0=i,3=n,1=e,90=y,25=e,56=n,99=r,24=g,50=u,21=c,5=p,91=a,45=t,6=t,51=i,43=s,46=o,95=l,53=d,23=r,93=m,55=s,54=a,94=z,96=h,8=f,52=k,41=w,98=q,29=b,49=x
0	565	-2.922749	6	35	tuhiuilreualiluaisuiur|nliiiuuenientieduuiiiiueunexpiiusu|iuieduuiinuiecr|ruirieuetueieei|uluipaioeiiliuuirueufi|liiuietuuesuiruueiioiipi|tutrucou|luluuiianliug|uuioiuinlnteuiinuiecr|dueauumuiauureduuerioubzlun|iwpiretuiuliiui|iiupiirienrempieliiliuuuelutmorsseluyesueuucpauuireduesupiriodieu|lhnpokuisuiur|ualipoquisuiur|duuiinuieuucr|iiupouueliuturetuuenuzisunuu|iiluiie|nuenduuceiesuunreiidenuiesurecpiueiauioiiluii	03=t,1=u,90=h,3=i,02=l,55=r,6=e,99=a,45=i,01=s,5=r,25=n,91=l,51=e,43=n,46=d,21=u,09=x,54=p,53=s,23=d,93=c,56=a,04=o,94=f,96=t,50=o,8=g,08=m,95=b,52=z,41=w,98=y,29=k,49=q
0	566	-2.903472	7	37	eiceiiearckfontieeil|amisseuaitleiitxniiiimaiuedlilid|siureiiaitch|sisitmeimitti|ceiorsexiieressmcl|eriiueieueesseuiielsoi|eicusciod|enmeiiraerw|nioiilefieiuiiaitch|rmteeniresureusiondymai|szoisueiicisah|iillssitlsuenoiumiseremenbenessiuuenqueetecoressurmeeoisioritd|mkloogieeil|ckroopieeil|reiiaitech|iilseetmiculreieualruaie|iienisu|lmarectituelsusiruliuulscioilasuielienis	0=e,3=i,19=c,13=i,25=a,56=r,90=k,24=f,50=o,21=n,99=t,11=e,15=l,91=m,45=s,6=u,51=t,43=l,46=x,16=m,14=a,95=d,1=d,23=r,93=c,5=h,55=s,54=o,18=w,8=n,52=y,41=z,96=b,53=u,98=q,29=g,49=p
0	567	-2.914970	7	40	uiuesoniwmtcsidel|afinnenaisruisxceiiimainquiilip|nenoeiiaestp|oeoismumissi|ieiurnlniisienomir|siienuendaosmiilinui|uinoiitp|sieeirasig|cetiersruneiaestp|omsedereonoenoitczyfai|nkuionueienap|iilrnoisronduinfinsiemsindloccnsiendleiiurenonomdlroitoisp|fwruthedel|iwoutbedel|oeiiaesetp|iilndlieinlruenalocaie|iisenn|rmaoetsisceronnionrencloiiuilaoneliisen	03=u,19=i,13=e,02=s,55=o,6=n,90=w,24=m,50=t,21=c,99=s,3=i,01=d,15=l,25=a,91=f,45=n,11=e,51=s,43=r,46=x,16=m,14=a,09=q,54=u,1=p,23=o,93=t,5=p,56=r,04=l,18=g,08=d,95=z,52=y,41=k,53=c,8=e,29=h,49=b
0	570	-2.912826	8	39	arxroicenxinainfaird|iwsnnieiduaaluyiillrslapardm|nseirsquene|csceieareeus|nienenaylairscuena|ailsearraincielaantp|arbcneam|ainiseeioirc|iiearmoiaalsquene|ireziacsticeirrceainciesp|nktetarremun|luancesetactlemoirieaineacancelainceaiuifttinceireaitedoilum|exatoieoird|nxienahsaird|irsqueine|lunaiuerbutarriugerai|laisne|arigrnesudiacenqlaseducneauscesaaoisn	0=a,31=r,90=x,30=o,2=i,55=c,6=e,19=n,45=n,93=f,11=i,5=d,59=w,13=s,53=d,51=u,43=a,33=l,46=y,16=r,14=s,36=l,95=p,1=m,32=q,35=e,15=u,54=t,3=p,96=b,50=o,8=c,34=m,99=z,56=t,91=e,41=k,49=h,52=g
0	571	-2.901096	5	40	rcrimreconnmcktiu|nxinnienssereteniuuftlzluus|niensidsece|rireierfeui|cienenaeumstrsece|muieriettrsfuayre|rcercet|mciieenansh|nieriemereidsece|nsemicipirensfremcrnotg|nwlepricintp|uuenretepclloyansiemcecarssemchetuiceneinrensetueremusq|ooelanobisp|conenaobisp|nsidseice|uuntuciceupriensdesei|umine|efndsceissierendleiesurceeutreiaumin	03=r,19=c,13=i,02=m,55=r,6=e,90=o,2=n,45=n,93=k,01=t,15=u,59=x,11=i,53=s,51=s,43=e,35=e,14=t,33=u,16=f,36=l,09=z,54=l,31=s,32=d,04=a,34=y,50=a,8=h,99=m,08=c,56=p,91=o,3=g,41=w,5=p,1=q,30=b,52=d
0	575	-3.053027	6	43	mlmanlilchegxbctp|rfttsareibespgaetiiaytent|saincerasup|lalecimaena|lcesissientilsilo|neaimciuilsaestlo|mlilleu|nlcaeirntd|gaettbhbaamsele|naxckarclincilenlldco|swtermalasip|enosleierktaftencanlikslooinldiunclesicslinaunolenesq|fcotedauan|lcntezauan|ncerascup|ensunlalinrmcirnnoitq|enasi|oarncusentiersmaoaionlleoniliasenas	03=m,19=l,13=a,02=n,55=l,6=i,90=c,24=h,50=e,21=g,99=x,30=b,11=c,31=t,5=p,25=r,91=f,34=t,54=t,51=s,16=a,35=e,14=i,33=e,46=p,36=a,09=y,15=n,45=s,23=n,93=u,04=s,43=o,01=u,8=d,32=m,08=k,56=r,29=d,41=w,53=o,1=q,49=z
0	576	-3.177443	1	23	aliblilareefparueariplaiilie|reclueueiineleiulalleiuniillllifultsullieli|ueilnliillreileihe|eeileeleiitlixeieil|icileuedeauxlarliiueeeifql|arlliltliitiiueeeiixlaulueeul|aligeeiheai|ariciillenearlim|riilealilularulalfllreileihe|rliociamilefieenliiyeleariserciul|ueuieuleetliliclueiue|llieulueeeleiuleetmeuloiluearliiitrigamaueeeleltriktiieiiiheuefiueeenlitiieuleelearlleii|cbuleuearclaiilie|iparleueauclaiilie|rliillreileiiihe|llieueaiieicligieetliineierleliulii|llariluez|ulinerliiheileieliiuleedelrldlilylieeeiheulieiueeflaullarilue	0=a,3=l,1=i,90=b,2=r,5=e,61=f,99=p,4=u,91=c,62=n,60=t,95=s,93=h,63=x,64=d,94=q,96=g,8=m,69=o,65=y,98=k,6=z
0	577	-3.026206	1	27	rnwiniueeabuteunbienine|leoitetenndeientirientdnniiiinatiastiinein|tenidinniilenience|eenieeiennainpeneni|nonietexempiuinnteeenafi|uiiniainnannteeennpimiteeti|rngeencee|unonniiedeuinz|lnniernitiutiraiilenience|linkonsnieaneedinnheieunselonti|tetnetieeaininoitente|iinetiteeeientieeazetikniteuinnnalngsmeeeieialnyannennnceteanteeedinannetieeieuiienn|owtieteuoienine|nbuietemoienine|linniileniennnce|iineteenenoingneeainndenelieintinn|iiuniteq|tindelinncenieneinntieexeilixinihineeencetinenteeaimiiunite	03=r,1=n,90=w,3=i,02=u,5=e,61=a,99=b,4=t,01=e,2=l,91=o,62=d,60=a,95=s,93=c,63=p,64=x,04=m,94=f,96=g,8=z,69=k,08=s,65=h,98=y,6=q
0	578	-3.112977	3	27	neenelndiimanduindewnser|diyeuiuisoieiceneeicoseeeetcesqueereg|uiloeseedilieei|iiliieisseteirl|eseiuibinupendesuiiiteue|ndeelsesssuiiispenueuiiue|neehieeing|ndesleioindex|dseineluenduenemeedilieei|detasnalimrioeshieindeiidyce|uiurueiiseleluici|eerueuiiieiceiisaiuezluindestndesanuiiieiesdeassiseeiuimciiioetnsiueiieindeeis|ykueiuindyenser|ekdeiuinuyenser|deseediliseei|eeruinsielemiisesoirdeieces|eendluif|uetdideswiliresueiibiedebelheriieeiuerciimenueendlui	0=n,3=e,19=e,13=l,2=d,5=i,61=m,99=a,4=u,93=w,11=s,15=r,91=y,62=o,14=c,16=t,60=s,95=q,1=g,64=b,63=p,65=h,18=x,8=a,69=z,90=k,6=f
0	579	-2.849324	2	31	fsfuneetentenspour|leiitetenseierifiersniiiiariaytiirih|teusiniileuesie|eeueeienaiaieru|snietexemkininteeeasti|niiuainanteeenkimiteeti|fsdesieo|nsnuieseniw|lniefutintiftiileuesie|liaenguetresindeienseeliri|tetrtieeaiusutere|iirtiteeeierieeacetibuteninansacmeeeieialscanensietetreeesiaortieeieniien|iqtieteniiour|sqlietemiiour|liniileuensie|iirteorsusteeainserlieirin|iinutez|tialelinpeuerintieexeilixiudireesietirreetimiinute	03=f,19=s,13=u,02=n,5=e,61=t,99=e,4=t,93=p,01=o,15=r,2=l,91=i,3=i,11=n,62=s,14=r,16=a,60=a,95=y,1=h,64=x,04=m,63=k,65=d,18=w,08=g,8=c,69=b,90=q,6=z
0	580	-3.158947	1	27	eleklelericbeziesbleeelei|rplaiaieeailiealellieaaeellllecaluyalleile|aielaleellrelieti|iieliilieeulefieiel|epeliaioieafleneeaiiiecql|enleluleeueeaiiieeflealaiial|elesiietiee|espeelliaiened|selielelalezlelcllrelieti|nehpeedeliceiialeexiliesyimeeal|aiaeialiiuleleplaieai|lleialaiiiliealiiudialhelaieneeeussedeaiiililusgueeieeetiaiceaiiialeueeialiilienliee|pkaliaiemeleeelei|ebeniaieapleeelei|neellrelieeeti|lleiaieeeiepleseiiuleeaieinilealee|lleslaiw|aleaineetielieileealiioilnolelxleiiietialeieaiiclealleslai	0=e,3=l,1=e,90=k,25=r,5=i,61=c,99=b,24=z,21=s,91=p,4=a,62=a,60=u,95=y,93=t,63=f,64=o,23=n,94=q,96=s,8=d,69=h,65=x,29=m,98=g,6=w
0	581	-2.987004	1	30	slweleniingnuinlgesleli|tieuiuillcieilueseiluclleeeelnueequeeliel|uilecelleetleilai|iileiieilleeldilile|lileiuitirdenelluiiilnye|neeleeellelluiiilldereuiiue|slaiilais|nlilleeicinelh|mleisleuenuesneetleilai|olzilpleinliicellfieinlqikllue|uiuliueiieelelieuilui|eeliueuiiieilueiiehiuezleuinelllemapriiieieembellilllaiuinluiiicelelliueiieineeill|iwueiuiniesleli|lgneiuiriesleli|olleetleilllai|eeliuislilielaliieellcilioieluell|eenleuix|uelciollaileiliellueiitieotelefeliiilaiueliluiinereenleui	03=s,1=l,90=w,3=e,02=n,5=i,61=n,99=g,4=u,01=s,25=t,91=i,62=c,60=e,95=q,93=a,63=d,64=t,04=r,94=y,96=a,8=h,21=m,23=o,69=z,08=p,65=f,29=k,98=b,6=x
0	582	-2.900481	3	33	aitaiialereaceaueianis|lwinenenteieliaiieltniiiisliamniisih|neitiniilietie|eeieeienaisiesi|tnienedeanfiaunneeestni|auiiainanneeenfianineeni|aitpetieah|auwniieteaux|uieaiiniaciairiilietie|usenayiersetinpeieaumeonni|nensnieeaiitinele|iisnineeeielieeayenikineaunsaurayaneeeieiaubanentienerleeetisanenieeieauien|wqnieneaoianis|tqueneanwianis|uniilientie|iisneanetitreeaintesueilin|iiauinez|nislungeiesinnieedeiudiipiseetienisleerianiiauine	0=a,3=i,19=t,13=i,25=l,5=e,61=r,99=e,24=c,21=u,11=n,15=s,91=w,4=n,62=t,14=l,16=s,60=a,95=m,1=h,64=d,63=f,23=u,65=p,18=x,8=y,29=o,69=k,96=r,98=b,90=q,6=z,93=g
0	583	-2.940168	2	35	ftfiseetysrestzsiu|nairerecleierifierlciiiiarinbriiuik|reiliciinietie|eeieeiecniaieui|tcieredemoisicreeeatri|siiinicncreeecoimireeri|ftdeties|stciielesio|giefirisriftiinietie|laycpietuelicdeiesteexcri|rerurieeniitirere|iiurireeeierieenuerihiresicastnumeeeieingencectieretreeeliasurieeiesiiec|awrieresaisiu|twleremaisiu|lciiniectie|iiuresutitteenicleuleiric|iisireq|rianlczeieuicrieedeildiidiueetieriureetimiisire	03=f,19=t,13=i,02=s,5=e,61=t,99=y,4=r,93=z,01=s,15=u,25=n,91=a,3=i,11=c,62=l,14=r,16=a,60=n,95=b,1=k,64=d,04=m,63=o,65=d,18=o,21=g,23=l,08=p,29=x,8=u,69=h,98=e,90=w,6=q
0	584	-3.126528	5	30	eakaaniisgentienlgallai|niuoitillmieltaiiltmlliilstrentilia|tilrnalinilelsi|iileiellcahililq|luletipiethanaltiiilsyq|enilrealclltiiillhatoiitq|eadiilsiel|enlulliimienat|nlleeaoantarlinilelsi|nawuletlesliimalfieenlninultq|titliteicaauoilti|ilitoiiielteictitruoienallcnldetetiiierenlzcllilllsitisltiiimaclliteieeniill|uktetienuallai|lgenetietuallai|nalinilelllsi|ilitielliluadliicalmilineatal|ienloix|taminalsilelialteipibrtariaiiilsitailtiisatienloi	0=e,31=a,90=k,30=a,2=n,5=i,61=s,99=g,4=t,1=l,91=u,34=o,62=m,35=e,33=i,36=r,95=n,93=s,60=c,63=h,3=q,64=p,94=y,96=d,8=t,69=w,65=f,98=z,6=x,32=b
0	585	-2.956014	5	35	onwuiseeuxaieanxinnue|seaneienntetniieenitnneenuilleieneu|ienlsunesentnce|eentetnnoumenenf|nantiedesmisunieeenuhf|aenlonnonnieeennmiineeif|onreencep|ananneeteaub|snntonnisiilnesentnce|suzanyntuneetunretangesanif|ieineiteouuanenie|eneineeetniteobeilaneaunnosnryseeetlandonnennnceieunieeetuonneitetaeenn|awitieaainnue|nxatiesainnue|sunesentnnnce|eneiepnenaurneeountenestuiun|eanneq|iutesuncentneunitedekliuleueeenceiuenieeuiieanne	03=o,1=n,90=w,31=u,30=i,2=s,5=e,61=u,99=x,02=a,4=i,91=a,34=n,62=t,35=t,33=e,36=l,09=l,93=c,60=o,63=m,3=f,64=d,04=s,94=h,96=r,01=p,8=b,69=z,08=y,65=r,95=g,98=d,6=q,32=k
0	586	-2.843944	6	34	eiwianeeshenreensdeuie|neorereutetualeutullnucexrloi|reitiileiest|eeieetuaigeoi|sutrefeerganiueeensrp|enliaineureeeugarreerp|eizeesteb|ensuitteenim|nuteiranracileiest|nikoymiesoetineetenseenoup|rerorteaiioreue|lorreeetuteamercoreeniuansamereeetcensmaueustresueeetiauertetenleu|owrtreenoauie|swntreeroauie|niileieust|loreeuesisseeainneontirib|lenireq|ritenistieoiutefelcriceieeestrieueesarlenire	0=e,31=i,90=w,30=a,2=n,5=e,61=s,99=h,4=r,19=s,93=d,11=u,91=o,34=r,62=t,35=t,14=u,33=l,16=n,36=c,95=x,15=o,13=i,32=l,60=a,63=g,64=f,3=p,96=z,1=b,8=m,69=k,10=y,6=q
0	587	-2.944128	5	37	cicrueetfuseuibgrt|serdesellenuaeeulleenuoyeseti|serlirderein|eereenlaipetr|ilnsexempasiueeenisc|ueraingueeelpasdeesc|cizeing|uilrnleuim|slncrsassaorderein|sikromrettelineenuieesruc|sestsneaiirdeue|etsdeeenuneamesordeuilasiammeeenouimalelinsetueeelialesnenueel|rwsnseuralie|iwsnsemralie|sirderelin|etsegtiriteeainsetsnisih|eurseq|silesiinretiunexedosioeieeeinsieueetaseurse	03=c,19=i,13=r,02=u,5=e,61=t,99=f,4=s,93=b,01=g,15=t,2=s,91=r,34=d,11=l,62=l,35=n,14=u,30=a,33=e,16=n,36=o,09=y,31=i,32=d,60=a,63=p,64=x,04=m,3=c,65=z,8=m,69=k,10=o,90=w,1=h,6=q
0	588	-3.003123	5	34	niwinfiranuincaneeii|fstiuieemireunlieumeelleruenouleii|uieedeelfereti|iierireeliaieiep|eseruihinuandeeuiiierxp|ndienieleeuiiieeanutiiup|nioiietine|ncseelimindes|cernitnuneelfereti|deksenserreiimiebirncoigeeup|uiueiuriliistieui|leiutiiireurilsiuestindeeelconsnuiiirencyleeieeetiuireuiiimileeiurirndree|swuruingeneeii|eandiuinusneeii|deelfereeeti|leiuineeiesioeiiliemieidiiuie|lnctiq|uimideetiereiieurihizeuieiiiiietiuiieuiirnulncti	0=n,31=i,90=w,30=n,25=f,5=i,61=r,99=a,24=u,21=c,1=e,91=s,34=t,4=u,62=m,35=r,33=l,36=e,95=o,23=d,93=t,60=l,63=a,3=p,64=h,94=x,96=o,8=s,69=k,65=b,29=g,98=y,6=q,32=z
0	589	-2.962292	5	39	tizeapudnsiusinaiieu|pteuiuiilueiianuiiliinnidishuiniue|iuisyiinpieiou|uuieueiiremuiuic|itieiuaulmayiiiuuuiduc|snistiiriiiuuuiimaieuuic|tiruuioub|sitiinuluseq|pietieacasinpieiou|yiwtifiediuuleiouesidukiiic|iuiiuieureeteuiiu|niuieuuueiieurquisteuseiirprfluuuessigriiuiiiouiudiiuuuleriiuieuesnuii|tzieiustaiieu|inseiultaiieu|yiinpieiiiou|niuiubiuiteriuureiluiuyueiei|nsieum|ieluyiiouieiueiieuauxsiesueuuuiouieuiiuudainsieu	03=t,1=i,90=z,31=e,30=a,25=p,5=u,61=d,99=n,02=s,4=i,91=t,34=e,62=l,35=e,33=n,36=s,09=h,23=y,93=o,60=r,63=m,3=c,64=a,04=l,94=u,96=r,01=b,8=q,21=p,24=c,69=w,08=f,65=o,95=d,29=k,98=g,6=m,32=x
0	590	-2.950173	6	38	eswsamilbeziesbalsi|mydieilcircaiiccliitcdepeins|eiucsuniuiar|iiuiirlostinu|alreifieetauleiiitaex|eusdesteleiiiltaediiex|esmiiarep|esyliicieuo|suiesdazaduniuiar|utbleruilnicstiirespiqlex|eieneriossydici|inediiircrioriedydieultesmereeiiirdesholilareilciiicsolierireurl|ywereiequelsi|awuieieeyalsi|ulimuilar|ineieliaualiiostmnuisesp|iesdig|esciulkiuinscrifindesdisiiiaresiciilaeiesdi	0=e,31=s,90=w,30=a,25=m,5=i,61=l,99=b,24=z,21=s,11=l,91=y,34=d,4=e,62=c,35=r,14=c,33=i,16=t,36=d,95=p,15=n,13=u,32=n,19=a,60=o,63=t,64=f,23=u,3=x,96=m,1=p,18=o,8=r,29=q,98=h,6=g,93=k
0	591	-2.825425	5	41	qlqueiirmeeieladuc|gcpieiesilaisiasessaathiescr|eiusruniuill|iiuiileursicu|leleioinsideeiiialet|esuuradaiiiesiepiiet|qlwilld|eleulsierp|xuiqueikituniuill|dameouircisraiileliizeet|eieceliurrcpiai|scepiiilaliupietcpiereuxboniiiltelpueielleiraiiisrueielilesie|cyeleiecieri|lydieincieri|desguiell|sceidclulriiuragcdirerf|seueim|ersideaiuicraliointertiriiilleriaiirieseuei	03=q,19=l,13=u,02=e,5=i,61=r,99=m,4=e,93=a,01=d,15=c,25=g,91=c,34=p,11=e,62=s,35=l,14=a,30=i,33=s,16=a,36=t,09=h,31=r,32=n,60=u,63=s,64=o,04=n,23=d,3=t,65=w,8=p,21=x,24=k,08=o,29=z,96=b,90=y,1=f,6=m
0	592	-3.034906	1	27	niebieinullcmnuanuemineeiel|ulsiaaeealileeniilequeeiiiiecerpeielie|aeiaieeiiuleiletl|lleillileerieslelei|eseilaflnqiinuieeallechi|nuiieirieereealleesineale|niezlletlne|nueseeiilalnuieo|ueeilnieienueniciiuleiletl|uiedsenoeilcellaieexlilnueplusee|awlellrieiesiaea|iieleallileellroledeianuieeerueznonalliliruekreeleeetlaceallaiereelellilnuiilee|sbelanusineeiel|emnuilangeineeiel|uieeiiuleileeetl|iielaneelesiezellrieealeluilieeee|iinueiay|eealuieetleilelieeellfliuifieixiellletleelealcineinueia	0=n,3=i,1=e,90=b,2=u,5=l,61=c,99=m,45=a,91=s,62=a,43=e,46=q,60=r,95=p,93=t,63=s,64=f,94=h,96=z,8=o,69=d,65=x,41=w,98=k,49=g,6=y
0	593	-2.920028	1	30	sihlilieeafiniiflmilie|oeulnniiteleinsleikoiilllliansenlieli|niltliilloeileide|eeileeleiislireieil|iuilencearliliineeiabl|illilsliisiineeiirlalnen|siteeidem|iiuiilleteilig|oiilesilninsalloeileide|oliquipileaieetliizeleiieeouin|nweneesliliulnin|llienneeleineesgenqilniliiisoitpaeeelelsoixsiieiiidenaineetlisiieneeleilleii|uhneniulmilie|ifilenaulmilie|oliilloeileiiide|llienmieiulitieesliiteieolelinii|lliilny|niteoliideileieliineecelolclilzlieeeidenieinealalliiln	03=s,1=i,90=h,3=l,02=i,5=e,61=a,99=f,45=n,01=m,2=o,91=u,62=t,43=n,46=k,60=s,95=e,93=d,63=r,64=c,04=a,94=b,96=t,8=g,69=q,08=p,65=z,41=w,98=x,6=y
0	594	-2.955826	3	31	sinsiisueetasussunysain|uebissadeierisiierdaiiiitrimprinic|sidiaiiueienie|eeieeieamitieni|naiesleswiisuiaseetnr|suiiimiamaseeafisrser|singeniesc|sunaiiedesuik|uaiesiirsursitiiueienie|uitaaseietnediageiesuneeubri|szereemiinisre|iinrseeierieemeeroissuiatsunmesseeieimunemaeaniestreeeditsaereeiesuiiea|bxressubisain|nxuiesshisain|uiaiiueieanie|iinssaeninteemiadenuieiria|iisuisq|rtueuiayeieniareeleiuiliigineeniernreetisrisuis	0=s,3=i,19=n,13=i,2=u,5=e,61=t,99=a,45=s,93=y,11=a,15=n,91=b,62=d,14=r,16=t,60=m,95=p,43=r,1=c,64=l,46=w,63=f,65=g,18=k,8=e,41=z,69=o,90=x,49=h,6=q
0	595	-2.806366	2	33	ltluaeetfasatheur|lepissnseieriliersniiiinriikuiriy|susiniileuetie|eeueeieniinieru|tniesmecbiainseentu|aiiuiininseenbiciseu|ltdetiee|atnuieseaig|lnieluuaultiileuetie|linfnquetresindeieateelpri|szeueeiiutusre|iiruseeierieeiaeuousainnatiaceeeieiiltainentiestreeesinerueeieaiien|pxuesapieur|txliescpieur|liniileuentie|iirsertutteeiinserlieirin|iiausw|unlelinheuerinueemeilimiudireetieurreeticiiaus	03=l,19=t,13=u,02=a,5=e,61=t,99=f,45=s,93=h,01=e,15=r,2=l,91=p,3=i,11=n,62=s,14=r,16=n,60=i,95=k,43=u,1=y,64=m,04=c,63=b,65=d,18=g,08=q,41=z,8=a,69=o,90=x,6=w
0	596	-2.946715	1	31	enikninelesgereeigneiinie|lpnrriiseneiuenneiaiinnnnisuthunieni|rinsniinnlineine|eeineeneiitniyeiein|ipineraeeannetiireeison|etnintniitiireeiiyneureu|eniceeineei|eipiinneseetid|iineeninuernensnnlineine|tixpiedinesieesniifeneeihemiiu|rweueetninipnrir|nnieureeneiueetdeuxinretiiiticedereenentibtiieiiinersireesnitiieueeneetneii|pkueremineiinie|igeterezineiinie|tiinnlineiiine|nniereiieipnicieetniiseieteniuii|nneinrq|uisetiineineieniiueeaentaninfnieeeineuieiresneuneinr	0=e,3=n,1=i,90=k,25=l,5=e,61=s,99=g,24=r,21=i,91=p,45=r,62=s,43=u,46=a,60=t,95=h,93=n,63=y,64=a,23=t,94=o,96=c,8=d,69=x,65=f,29=m,41=w,98=b,49=z,6=q
0	597	-2.932574	1	33	dewneneiiureteernienei|yuntteesiniendniezaennnneunlanneine|tensneennyenieti|iieniinieelnesieien|euenitliosneneetiieuxn|ennenlneeleetiieesnontin|deciietii|eeueennisienef|aenidennendunnyenieti|requeheniueiisneeginieeaimeen|tkiniilneneuntet|nneintiinieniilfinqenteneeelachoiiininlableeieeetituetiisneleeiniinienniee|uwniteunienei|erenitounienei|reennyenieeeti|nneitieieuneceiilneesieirinenee|nneentp|nesireetienieineeniilinrlnengneiiietineietiunonneent	03=d,1=e,90=w,3=n,02=e,5=i,61=u,99=r,45=t,01=i,25=y,91=u,62=s,43=n,46=z,21=a,60=l,95=a,93=t,63=s,64=l,04=o,94=x,96=c,8=f,23=r,69=q,08=h,65=g,29=m,41=k,98=b,6=p
0	598	-2.769345	3	37	elneleeiirpetiespleala|iwluuaciliolelliocallllcolumllald|ueclallieinli|iieiiliaulcliae|naliuoiezllerauiicnl|erleulauauiiableluil|elnsinlied|eswallicierm|seieleletlelrllieinli|rcpaeteiraiclasiliesminal|uxiliiuleneuoi|llaluiilioliiutilheueracesdeteuiililusquaianliuroiiiclceailiilierlia|wkliueneeala|nkriuegeeala|rallieianli|llaueainenriiulaciarilola|llesluy|lcirafieialaliioilroleslaiinlilaoiirlelleslu	0=e,3=l,19=n,13=e,25=i,5=i,61=r,99=p,24=t,21=s,11=a,15=a,91=w,45=u,62=c,14=o,16=c,60=u,95=m,43=l,1=d,64=o,46=z,23=r,63=b,65=s,18=m,8=t,29=n,41=x,69=h,96=d,98=q,90=k,49=g,6=y,93=f
0	599	-2.891533	2	37	mlmaiiilkiuildear|tneuunuieidemeiduneeeetdesfoerez|uaueneetailei|iiaiieinseteira|lneiuriageienuiitlo|ieeasensnuiingeaeuio|mlpileie|ilnaeiuiieb|maimaoiomleetailei|ctknhailriuenpieiiliiyno|uxioiisealaudi|eerouiieideiissioqauientilssaiiieiesmcsninleiuldiiiueteroiieiieein|nwoiuineear|lwciuaneear|cneetainlei|eeruerlalliisenuircieden|eeiauo|ottcndiairenoiiriecreaperiileiordiileaeeiau	03=m,19=l,13=a,02=i,5=i,61=l,99=k,45=u,93=d,01=e,15=r,25=t,91=n,3=e,11=n,62=u,14=d,16=t,60=s,95=f,43=o,1=z,64=r,04=a,63=g,65=p,18=b,21=m,23=c,08=h,29=y,41=x,8=s,69=q,98=c,90=w,6=o
0	600	-2.833525	3	34	oiwieueeacoulouscessie|uentelssletsuoiesfussiisauamuiei|lssuisiuestsde|eestetssairesesp|snstlgeofiouisleesayp|ouissoisassleessreuleu|oiheesdeos|ousnssieleouin|usstoiteuuossiuestsde|uionsonstaseelisretousmeunsu|lxeueeaiintesl|iseuleetsueeaneuosteouissaushonoleetsousbassesssdelasleeliasseueetouiess|nwuelounessie|scoutloksessie|uisiuestsssde|iselossesnihseeaisleseutiuss|iousteq|usleuisdestseisueegezsusseieeesdeusesleaeueuste	0=o,31=i,90=w,30=e,2=u,5=e,61=a,99=c,45=l,1=s,91=n,34=t,62=l,35=t,43=u,33=i,46=f,60=a,95=m,36=s,93=d,63=r,3=p,64=g,94=y,96=h,8=n,69=o,65=r,41=x,98=b,49=k,6=q,32=z
0	601	-2.838602	3	37	cignaleentereitaiine|lemieriiteuiucuikliillinuahunen|rirlnilleiuide|eeiueuiianceieio|imiurdescalnireeinfo|elirciiaiireeiicaureu|cioeeidep|eimiileteeny|liiuciialucnlleiuide|lnqmisiunieetniweueihelmiu|rxeueeannmieir|lieureeuiueeayeuqiieeniialiosseeeureimaiieiiidernireetnaiieueeueleii|mgueremaiine|iteursmaiine|lnilleiuiiide|lierpieimnoieeaniteielunuii|leiiez|uitelnideiuieniueedebruireneeeideuieirenaualiie	03=c,1=i,90=g,31=n,30=a,2=l,5=e,61=n,99=t,02=e,45=r,91=m,34=i,62=t,35=u,43=u,46=k,33=l,60=a,95=h,36=r,93=d,63=c,3=o,64=d,04=s,94=f,96=o,01=p,8=y,69=q,08=s,65=w,41=x,98=m,6=z,32=b
0	602	-2.823180	3	39	eahaisiiayesresemenai|siomirntiuticittnccstdegeaia|rutaudiuieu|iiuiiunlafinu|enuroieccesatiiisee|esculasenriinfierie|eakiieuez|esenuutiesal|snueamiseedudiuieu|saborluianitasiiueseiisotw|rpieiilaaomiti|cneriiutuillieburesanlselleriiudesellnineuratiiitalnieiiuescin|oheiresoinai|ehsurequenai|saudiuineu|cnrenieueaiilassinsuaen|cesurp|essisaeuuinatuioiddeuxaiiieuentiiaieisur	0=e,31=a,90=h,30=i,2=s,5=i,61=a,99=y,45=r,19=e,93=m,11=n,91=o,34=m,62=t,35=u,14=t,33=c,16=s,36=d,95=g,43=e,13=u,32=d,60=l,63=f,15=n,64=o,46=c,96=k,1=z,8=l,69=b,10=r,3=w,41=p,49=q,6=p,65=x
0	603	-3.014681	2	38	tlteaiiazasalyrec|nipgisldiesouisdluumsuhiniii|sediedieile|iieiieloimice|llesfitmonisiiimln|aueoimrsiiilmonsin|tlxiler|alleediair|nletenantaunieile|nicpbreiacidimiiealiinpsq|skiniioiipgisi|ucnsiieseiorincesailonlortiiieualrolillesasiiidioliniieauil|pwnisapolii|lwnestpolii|niedieille|ucsrclelaiioimnicneinl|uaesp|nmninileeiciseifidunexiiiilencsiiaonones	03=t,19=l,13=e,02=a,5=i,61=a,99=z,45=s,93=y,01=r,15=c,2=n,91=p,34=g,11=l,62=d,35=e,14=s,30=o,33=u,16=m,36=u,09=h,43=n,31=i,32=d,60=o,63=m,64=f,04=t,65=x,8=r,69=c,10=b,3=q,41=k,90=w,6=p
0	604	-2.764548	3	38	arwrofensageaysoiire|federiiteniualeicyillinuaturer|riiuiilfinile|eeineniiarpeieio|ieinrdeaclauiireeinqo|auriariaiireeiipoureu|armeeileai|ayeiileteauic|yinardogoiilfinile|uixeiacinnieetrimenaytesiiu|rkeueearredeir|lieureeniueeaceuxideauiiiaymacareeniaybaiieiiilernireetraiieueenaunii|ewuerasioiire|isauerazioiire|uiilfiniiile|lieraiieiermieeariteieueruii|laydeh|uiteuiileinieriueedepiuiiereeeileuieirenouoyde	0=a,31=r,90=w,30=o,25=f,5=e,61=n,99=s,24=g,21=y,1=i,91=e,34=d,45=r,62=t,35=n,43=u,33=l,46=c,60=a,95=t,36=i,23=u,93=l,63=p,3=o,64=d,94=q,96=m,8=c,69=x,65=m,29=s,41=k,98=b,49=z,6=h,32=p
0	605	-2.791737	3	41	uewlipicdeneedieeli|prsineedireaurezsessecatlalil|nenueespereti|iierireetlaieiea|ererncipaiueeniiecha|esenueeteeniieeaiania|ueoiietie|eereesidielo|seruesiminespereti|ueyremerceiidlebireeligeea|nfiaiitllrsien|seianiireaiitoiayesieleetsompiiirneexteeieeetinceniidlteeiaiiresiee|rwainerieeli|edernprieeli|ueespereeeti|seineeierloeiitledieiuilaee|seesiq|aediueetiereileaiiciknaeniliiietiaeieniciaissi	03=u,1=e,90=w,31=l,30=i,25=p,5=i,61=c,99=d,02=e,45=n,91=r,34=s,62=d,35=r,43=a,46=z,21=s,33=s,60=t,95=l,36=n,23=u,93=t,63=a,3=a,64=c,04=p,94=h,96=o,01=e,8=o,24=m,69=y,08=m,65=b,29=g,41=f,98=x,6=q,32=k
0	606	-2.631613	2	43	auwuesethabeauheiue|sxdemisetlelelsillilaaprueu|mrsurmerent|eereetituneer|nitmdeaflanimeeinr|anuaauiaimeeinermer|auseentag|auxileseano|ureaudebearmerent|nihiayreteesuieetaupecir|mzereetuuxdele|lermeetltetyerarmaniiausayameetaauotieintmtleeesutiereetanti|xwremacraiue|nwnemacraiue|nilsreint|lemaienrnteetuiseneuri|laudeq|risnipereeultedemarrkueeentreleetereude	0=a,31=u,90=w,30=e,25=s,5=e,61=t,99=h,24=b,21=u,11=i,91=x,34=d,45=m,62=s,35=t,14=l,33=l,16=i,36=a,95=p,43=r,13=r,32=m,19=n,60=t,63=n,15=e,64=d,46=f,23=n,96=s,1=g,18=o,8=y,29=c,41=z,69=a,98=o,49=c,6=q,93=p,65=k
0	607	-2.888881	1	41	nentsiisksesebatn|atmieuoiladliaoullrayhieuiu|etoutditiel|iitiiluousint|eulemicsdcueiiree|sltouraaiiiusdeeie|nepiela|seutloisur|itintesenslatiel|crkuptisniouriilseiigue|eqieiiouutmiai|lneeiilaliorieztesuuoixpciiilyserouiuelesaiiiououieiilsliu|tweiestduui|ewciectduui|culatiuel|lneanetesiiouranciueu|lstef|eracubitinualimidyetpuiiielenaiisdedimi	03=n,19=e,13=t,02=s,5=i,61=s,99=k,45=e,93=b,01=a,15=n,25=a,91=t,34=m,11=u,62=o,35=l,14=a,30=d,33=l,16=r,36=y,09=h,43=e,31=u,32=d,60=o,63=s,64=m,04=c,23=c,65=p,8=r,21=i,08=p,29=g,41=q,69=z,96=x,90=w,6=f
0	608	-3.039903	8	30	neizeiensithnssusiheniieia|sqiesrniconseneensciieeeeitselyseeioi|sneceiieesnenfa|iieienileipnne|idierasuspenseiisintbe|nseeieleiiliisinipensesise|neikiifui|nsidiieeasuseie|siieueiesensseneteesnenfa|seixdineieaiiiceiimousiytdise|srireileieidesnsa|eeiresionseilerexiesuseiiilsiknensioolsiwliiniifraiisiaseiliireieuseeni|dzserusdeniieia|ihnserusdeniieia|seiieesneniifa|eeiruiindeikiileiicnteoiseii|eensiesa|seicteiifnenoiiseigosegeiemeiinfreinsitenseensiesa	0=n,3=e,1=i,90=z,2=s,55=i,61=t,99=h,4=s,50=u,5=a,59=q,54=r,51=n,62=c,53=o,60=l,95=y,93=f,63=p,91=d,56=a,94=b,96=k,8=e,69=x,65=m,52=t,98=w,64=g
0	609	-2.874582	8	34	glwilieindeuouldinlilr|uqliucelateuigieualliiiilnuiahuiiltl|ueiailliiueierr|iliiielailleei|lslicsuoulieilluienfi|eiiliaillalluiellioiuiui|glzilrol|elslliisuouilm|ullioiliuieuigniiueierr|uilkslplislliaillytoulhtslui|uclciiaililsiueur|iilciuiteuiiamcikliuouilllaulzpoittaulxallellrcslluisuilallciiiouiiel|swuicousinlilr|ldeicousinlilr|uilliiueiellrr|iilcollesilzliaillaetitluill|iielius|uilatillreietlluiibtuibiliyiliercileuinioiieliur	03=g,1=l,90=w,3=i,02=e,55=i,61=n,99=d,4=u,50=o,2=u,01=n,5=r,59=q,54=c,51=e,62=a,53=t,60=a,95=h,93=r,63=l,91=s,56=s,94=f,04=o,96=z,8=m,69=k,08=p,65=y,52=t,98=x,64=b
0	610	-2.898656	8	35	linlidleuufleesenillit|eqdeoaneraeiliiaemliiiindiayeiitio|eaimiliieaiais|uduianliniaai|nlioresexileileuauki|leiidailaleuaniileieuei|linpaiso|lenldireseig|elisideileeiliuiieaiais|einfllcdrlumilprsenuetdi|eoteiuaidndeaes|iiteieuraeiuacoiwdeseilnlenacleurraencalaliorleureinlloiuiseiiao|tzeiosetillit|nzeiosetillit|eiliieaialis|iiteslatinuuailmahirdil|iileder|einehiliaiarleiubreibidpitunioitduuileiiledes	0=l,3=i,19=n,13=d,2=e,55=u,61=u,99=f,4=e,50=s,93=i,11=l,15=t,59=q,54=o,51=a,16=n,53=r,62=m,14=d,60=a,95=y,1=o,5=s,56=r,63=x,94=k,65=p,18=g,8=c,91=t,69=w,90=z,52=h,64=b
0	611	-2.888500	8	39	ouotdauxdesauectr|aqteelnalleioilenciiiinfiizeiirip|eliniciialilet|atailnonilli|uciesesemidicealuyi|diitiicicealniihieaei|ouolesp|ductisasaig|acisiteideiouiialilet|ainxcktscanicolsauaadfi|eereiaiitutelet|iireiealleiaireibtesaicnduirhalliauriclceesceasaincreiaisaiilp|dweiesadictr|uwaiesedictr|aiciialilcet|iirescldiuuaiicnlmilfic|iidtes|einamicelillceiaplaipitoirauieirfauihiidtet	03=o,19=u,13=t,02=d,55=a,61=u,99=x,4=e,50=s,2=a,93=e,01=c,15=r,59=q,54=e,51=l,16=n,53=l,3=i,62=n,11=c,14=f,60=i,95=z,1=p,5=t,56=s,63=m,94=y,04=h,65=o,18=g,08=k,91=d,8=r,69=b,90=w,52=m,64=p
0	612	-3.096597	8	33	irixririldimifcrmriiirin|lpreulinslerirrleniirrrriteruyerrisi|elrnriirrlirlan|tirtrliuribllr|ipirudecebrieiietltgr|ieriruriiuiietlibriereter|iriatiaci|irpiirrdlieis|rircrirerifrirtrrlirlan|eiwpiisirdiitnriikscryopier|euiurtuririprelen|rriuretslertusurwireceiiiuraisietssurquiiliiaudiietdeiuiiurtrcerli|pxeruchiriiirin|imieucepriiirin|eiirrlirliian|rriuciilpriaituriinlorsierii|rrirred|erinoriialrlsiiertzsezrirkritlaurilettrierrirren	0=i,3=r,1=i,90=x,25=l,56=d,99=m,24=f,50=c,21=r,5=n,91=p,4=e,54=u,51=l,62=n,53=s,61=t,60=u,95=y,93=a,55=t,63=b,23=e,94=g,96=a,8=s,69=w,65=k,52=o,98=q,29=h,64=z
0	613	-3.002094	8	36	lnwenestdyseioyennens|tieeluncaueeleuecnneeeendeeureeenan|euecenneetneuos|tneteunuenduue|ninelaeiedesennetudke|seeneuennunnetundepeetee|lnctnoin|sninneeatsenf|oneieneeeseeldeetneuos|rnxinqneanntcennmaiorhinee|elnletuenenieeues|eenleetaueetuflexneeirnnnuocqptaauozunnunnolannetarnunnleteireun|iweelignennens|nyselieiennens|rnneetneunnos|eenlinnuiencntuenncuheaneenn|eesneea|eenchennoueuanneetbarbenementuolenuetdepeesnees	03=l,1=n,90=w,3=e,02=s,55=t,61=d,99=y,4=e,50=i,21=o,01=n,5=s,25=t,91=i,54=l,51=u,62=c,53=a,60=u,95=r,93=o,63=d,56=a,94=k,04=p,96=c,8=f,23=r,69=x,08=q,65=m,52=h,98=z,29=g,64=b
0	614	-2.926457	8	40	neuneintsubledzenies|tyetcunteuteneeutlieeeenpereteeser|tueleieetiuma|aiaeunneneuue|uiecstetgensitauphe|nseireiritauneentetate|neufumer|ndyieestnsq|dieeitenlenepeetiuma|snzinoisialeifoedemype|tcsteareiuituta|eestetaoutearocecitesinndknontaoordwriuimcsitassnniceaeeseur|ybtecexinies|ubscetyenies|sieetiuima|eesteiuyeupareilumeopei|eendets|tentsimueuoiteadosdeifesauecespapenteendeta	0=n,3=e,19=u,13=i,25=t,56=s,90=b,24=l,50=e,21=d,99=z,11=i,15=s,91=y,4=t,54=c,51=u,16=n,62=l,14=p,60=r,95=e,1=r,93=m,5=a,55=a,63=g,23=s,61=p,94=h,65=f,18=q,8=o,53=o,52=m,69=c,96=k,98=w,29=x,64=d
0	615	-2.935827	8	42	nlntsicbsuecberta|sleusruserueneruineeeeudeaoueeaep|ureieneestrom|itierunuerre|lnesaueukesenuircwe|seetaenanuirueedeuiue|nlnroep|slnteassez|cteetuesuenceestrom|tubnqtaniienneecomlde|usaueiaetlturum|eeaueuierueiayseptuetnuslaydieeachanrnosanuiaturaueieeterp|lguesextrta|lgtseulerta|tneestrnom|eeauenrlelciaenirmeeden|eestua|ueustnorerenueifetfetneaileseadicedeestum	03=n,19=l,13=t,02=s,55=i,61=c,99=b,4=u,50=e,21=c,3=e,01=r,15=a,25=s,91=l,54=s,51=r,16=u,62=i,11=n,14=d,60=a,95=o,1=p,93=o,5=m,56=a,63=k,94=w,04=d,65=n,18=z,23=t,08=q,53=e,52=m,8=y,69=p,98=h,90=g,29=x,64=f
0	624	-2.933538	7	35	uiezieiunneduntunediueeiep|nkeitteetmlsuiilaneeiiiieesulsieme|teitieeiinlilsp|neinileuiexlli|edeiirtuaiiunieetneebi|uniieiuieeueetneexiustii|uiegnesoe|unedeeiirnonier|neeioieisunsuieiinlilsp|niefdeureireentieecmonelades|twiinuieieditet|iieiitnilsnuriifeitunieeeunegurutnimunequeeleesireetntieueeiinioniile|dzsiondiueeiep|eduniioyeiueeiep|nieeiinlileesp|iieioeeldiegenuieetlaimesee|iiuneith|setaieeslilmeesnomnioieicienlsiieltreiusiuneit	0=u,3=i,1=e,90=z,2=n,55=n,61=e,99=d,45=t,5=p,59=k,62=t,53=m,51=l,43=s,46=a,60=u,95=l,93=s,63=x,91=d,54=i,56=r,94=b,96=g,50=o,8=r,69=f,65=c,52=a,41=w,98=q,49=y,6=h,64=o
0	625	-2.888247	7	39	dlzeletaontitlnellele|ckleiillciuedeuxclleeeeloeumeelil|ilecelleecueure|aleaeuluelouue|lmlersitoetellialoye|teeleuellullialloeteire|dlpalral|tlmlleescacelp|clleaeleetedoeecueure|celsmlhlesllacellgiaclmnmle|iqreauelelmeili|eelreiaeueaupresleitellluclphtaiiuclwullullrrslliacelullreaeaceeul|mzeracmellele|lnterablellele|celleecueullre|eelrallumelplauellcuneilell|eetleif|elcnellrueuilleadicedelegelaurreluisleteetlei	03=d,1=l,90=z,3=e,02=t,55=a,61=o,99=n,45=i,01=l,5=e,2=c,59=k,62=c,53=i,51=u,43=e,46=x,60=u,95=m,93=r,63=o,91=m,54=r,56=s,04=t,94=y,96=p,50=a,8=p,69=s,08=h,65=g,52=n,41=q,98=w,49=b,6=f,64=d
0	626	-2.838249	8	39	ienieaiuidoiuniuneirec|ubannrmcsoieesmureeeellethoeceq|namereeusesep|iaieslielesse|nrespnimeeiuernilno|iueeatertrnirkeionse|ienusetq|iunraeputuez|ureteaoiuoiedeeusesep|uelorieaprimeructuniurle|nwseiteananlp|eeconiesoitesexaniuerliunteiniectunetrsresprnimelirseietueesq|ryostureirec|nyuestfairec|uereeusesrep|eecnirsrenditermsdecler|eeiuang|oluderesescroiacueaeauecineseclideioeiuan	0=i,3=e,19=n,13=a,2=u,55=i,61=d,99=o,45=n,93=e,11=r,15=c,59=b,62=m,53=c,51=s,43=o,46=m,16=l,14=l,60=t,95=h,1=q,5=p,54=s,56=p,63=k,65=u,50=t,18=z,8=e,91=r,41=w,69=x,90=y,49=f,52=d,6=g,64=a
0	627	-2.891370	8	43	gdgenironandeset|sweaalucsagisysliiiiutiefaitio|aeuiliissiser|ieiisuguissi|dlincalminilaiuda|niieeilelailmiliani|gdnseto|ndleicstsih|slitieanagriissiser|siuolpecliuilnctsdisati|axniieiedeatr|iitaaiisaiepnizeanilundepliccesdpelslenclaiuiustaiitsiiso|akantsaiset|dksintbeset|siliissisler|iitastdedrieilusdictil|iineaq|ausdilesisclaimcsimienitidinittiriliinea	03=g,19=d,13=e,02=n,55=i,61=r,99=o,45=a,93=e,01=s,15=t,2=s,59=w,11=l,62=u,53=c,51=s,43=a,3=i,46=y,16=u,14=t,60=e,95=f,1=o,5=r,54=n,56=c,04=l,63=m,65=n,50=t,18=h,08=p,91=a,41=x,8=p,69=z,90=k,49=b,52=d,6=q,64=m
0	628	-2.922766	7	38	irezrerincepifueprieerel|nursseetianirrameerrrrecndonreie|sertreerrnerall|tertraedrepaar|eueracsimrrimeesteckr|imrerdreedeesteeprinsar|irestelue|ieueerrcnimeh|eerurernifrircrrnerall|megueiherceettreediueobuen|swartdrereurses|rrearstrantdhargersimeeedesihistriderdeeaeelaceesttredeeartrumrae|uznauxerieerel|epimauyerieerel|meerrneraeell|rreaueeauresetdreetabrienee|rriersq|netbreelaraieentoimorerdretalareascerinriers	0=i,3=r,1=e,90=z,25=n,56=c,99=p,24=f,50=u,21=e,5=l,91=u,45=s,62=t,53=i,51=a,43=n,46=m,61=c,60=d,95=o,93=l,55=t,63=p,54=a,23=m,94=k,96=s,8=h,69=g,65=d,52=b,41=w,98=r,29=x,49=y,6=q,64=o
0	629	-2.893575	7	41	zsmesentduninsuensesp|tieiissralezelasseeeesdemdeesas|iseresseetselap|tsetelsmesclle|siseleircenessitsdke|neesemessmssitsscereile|zsftsaus|nsisseeetnesp|sseueseenezdeetselap|bssisoseesstresscausdoise|iqletmesesieisi|eesleiteletmplesseinesssmsfortaamswmsslssalessitresmssleteubels|imeluysensesp|suneluxsensesp|bsseetselssap|eeslussliesfstmessrloeasess|eenseig|esroessalelassethabhesecestlalesliesereensei	03=z,1=s,90=m,3=e,02=n,55=t,61=d,99=u,45=i,01=n,5=p,25=t,91=i,62=r,53=a,51=l,43=e,46=a,21=s,60=m,95=d,93=a,63=c,54=l,56=e,04=r,94=k,96=f,50=u,8=p,23=b,69=s,08=o,65=c,52=o,41=q,98=w,29=y,49=x,6=g,64=h
0	630	-2.784942	8	44	eiteirecothdangieuil|cfieeuselieiiltnriiiuaiiwiilim|ersiuiicrlad|srsilueiuilli|tuinoeetiienuesuti|eniriiuiuesubieieni|eitslaam|enfuiioceno|nrairiedieiciicrlad|nuguerroussiuseanwxfai|eqnisiirtread|iiliesilisirnipreenuuenmereesieinkiuluanouessiueunisianilm|fhinapreuil|thnnayreuil|nuiicrluad|iileeulfitcsiiuslxieaiu|iieniez|iucnualileuistentirsilstinilascieiienie	0=e,3=i,19=t,13=r,25=c,56=o,90=h,24=d,50=a,21=n,99=g,11=u,15=l,91=f,45=e,62=s,53=e,51=l,43=i,46=t,16=u,14=a,60=i,95=w,1=m,93=a,5=d,55=s,54=n,23=n,63=b,65=s,18=o,61=c,8=r,52=x,41=q,69=p,96=m,98=k,29=p,49=y,6=z,64=t
0	631	-2.752878	8	46	cuceuopousuueles|dmissuiintcinbreiiilainatisit|seiiuiidenes|oeoinlclinni|uuirasnpiuiusolut|uiieniunusoupinisri|cuhneet|uuueiaduic|reeietutcpiidenes|tlouzeauoiiuhieraymai|swrionieuesas|iistsointongrimesuiuluungnoiinrknunuerausoiillstoietint|mxtredeles|uxtrefeles|tuiidenues|iisslsueuponiuinyiiaiu|iiuesq|tldtueniniutoritriehisouirisaopiniiues	03=c,19=u,13=e,02=u,55=o,61=p,99=o,45=s,93=e,01=l,15=s,25=d,91=m,3=i,11=u,62=i,53=i,51=n,43=t,46=b,21=r,16=l,14=a,60=n,95=a,1=t,5=s,54=r,56=a,04=n,63=p,65=h,50=e,18=c,23=t,08=z,52=y,41=w,8=g,69=m,98=k,90=x,29=d,49=f,6=q,64=r
0	639	-2.752263	8	53	krkeolanosorsdeu|ofsdipoeiclinceluaeateurm|seauemiere|lelerauziip|rresmenlouiliayp|oleaupdiliplisle|krcisem|orreeaeuq|ceeuschcdemiere|upnrtenrlaupleorlgre|swdenkeresio|luesleientddfseurporabilrracparirsdnrslauardereuer|fxedegedeu|rxudeledeu|urloeirso|lusdureralaupouurium|loest|epoursieuuiensmdeeculisduisneiloes	03=k,19=r,13=e,02=o,55=l,61=a,99=n,45=s,93=s,01=d,15=u,25=o,91=f,34=s,54=d,51=i,16=p,35=e,14=i,30=c,33=l,46=n,21=c,31=u,43=e,60=a,95=t,53=r,1=m,62=a,32=m,11=r,63=z,3=p,64=m,50=e,94=y,04=i,65=c,23=u,18=q,24=h,36=d,08=t,56=n,29=g,41=w,5=o,8=b,98=p,90=x,49=l,6=t
0	641	-3.086203	0	21	mizeieruunicrluricepieiu|sudeluluiinsueuilemeuilnsiieeeeinilenfuleeiuei|luienseiieesuieuiou|uuieuueuiinmineuiuie|idieulunlutneereiiluuuinihe|reeienmiinpiluuuiineeteluule|mikuuioup|ridiieeunsureig|siieumielerlemnieesuieuiou|seinciiaieuniiuunseiinuueuribusdile|luliuleuunmieideluilu|eeiuleluuueuileuunaulendelureiiinrikatuuueuenriwnpiuiiiouluniiluuunseinpiuleuueureeuii|dzleulurdepieiu|icreulutdepieiu|seiieesuieuiiiou|eeiulupiuideikiuunmiinsuiuseueileii|eerielun|leinsuseiiouieuiueiileuunluesenleienueiuuuiouleiuiluunieteerielu	03=m,1=i,90=z,3=e,02=r,5=u,6=n,99=c,4=l,01=p,2=s,91=d,09=f,93=o,04=t,94=h,96=k,8=g,08=a,95=b,98=w
0	642	-3.120825	2	20	uisuiluceeasgcreucsmutio|cehireretaceiediuiiedactiiiindiauxriioib|relacitiicelesie|eeleeietauinieol|stiereareuraiiucitreeensri|uciilauitautreeetaiiurireeri|uisaeesieub|ucstlieaceucif|ctieuilriucriuialicelesie|cinqtupleateeacitaeeieucseechdi|rerorieeauilslrede|iiorireeeiedieeauperiahireucitnucsaupureeeieiaucspautetsiereatreeeacinuterieeieuciiet|hgriereuchiutio|sgciereurhiutio|citiiceletsie|iioreuteslsaoeauitaceocieidit|iiuclrea|rincecitmeleoitrieeareiciarilaeioeesieriodeealuriiuclre	0=u,3=i,19=s,13=l,2=c,5=e,6=a,90=g,4=r,93=m,11=t,15=o,91=h,14=d,16=n,95=x,1=b,18=f,99=q,8=p
0	643	-3.232196	1	24	alauseetlhcdeslbour|cefidedentceiemiaiemtcniiiikmityediiriz|deutciniiceuelie|eeueeientakieru|lniedetdeptiisindeeekldi|siiutantomeeentiipideedi|alteelieo|slnuietcesiq|cnieaudisdiatuiceuelie|cikwnguetneetcinteeiesleecfmi|dedrdieetauludeme|iirdideeeiemieetgeditfidesinksltgpeeeieitslxtornliedetndeeetcikordieeiesiien|fhdiedesfiour|lhciedepfiour|ciniiceuenlie|iirdeorlultretantcercieimin|iisudet|dikcecinbeuerindieetdeicitdiuteireeliedirmeetupiisude	03=a,19=l,13=u,02=s,5=e,6=t,90=h,2=c,4=d,93=b,01=o,15=r,91=f,3=i,11=n,14=m,16=k,09=y,1=z,04=p,18=q,99=w,08=g,8=x
0	644	-3.091691	0	20	nelzelensialfnmincfenlleli|sgetitillaseilteneeiltacleeeelalteanrteeliel|tileaulleesleildi|iileiieillanelaeilile|lgleitiatintaeenulltiiilalbe|nueleanellanlltiiillaeentetiite|nelyiildinl|ncglleeiasnulo|cleineletenmenealeesleildi|ulafllnoleialliiaullaiieincripllte|titliteiianelelgetilti|eelitetiiieilteiianoiteagetinulllancynontiiieieanchanllilllditialltiiiaulanlliteiieinueill|gzteitinplenlleli|lfnuitintgenlleli|ulleesleillldi|eelitinllilgelyliianellasliuieltell|eencetia|telasulldileiliellteiiatieuateleaieliiilditeliltiialenteenceti	0=n,3=e,1=l,90=z,25=s,5=i,6=a,99=f,24=m,21=c,91=g,4=t,95=r,23=u,93=d,94=b,96=y,8=o,29=p,98=h
0	645	-3.134679	0	24	fizeiesuuniaslusiaepieiu|tdeluluiinteuilefeuilnyieeeeinilenkuleeiuei|luienmiieetieuiou|uuieuueuiinfineuiuie|idieulunlurneeseiiluuuinibe|seeienfiinpiluuuiineereluule|fixuuioup|sidiieeuntseig|yieufieleslefnieetieuiou|minaiicieuniiuunmiinuueusihuwiile|luliuleuunfieideluilu|eeiuleluuueuileuunculendeluseiiinsixcruuueuensiqnpiuiiiouluniiluuunminpiuleuueuseeuii|dzleulusdepieiu|iaseulurdepieiu|miieetieuiiiou|eeiulupiuideixiuunfiintiumueileii|eesielun|leintmiiouieuiueiileuunluemnleienueiuuuiouleiuiluuniereesielu	03=f,1=i,90=z,3=e,02=s,5=u,6=n,99=a,4=l,01=p,25=t,91=d,21=y,09=k,23=m,93=o,04=r,94=b,96=x,8=g,08=c,95=h,29=w,98=q
0	646	-3.160951	2	26	tiatiutoseakwstsditlin|ofiesesleoismitiismesuiiicmietyeiiniq|esuerliiousais|ssussisleticisnu|aliseseesteeiitrlessscaei|triuetiletlesssleiiteiessei|tiaessaistq|tsfliiseotrb|sustiueitwitieuiousais|rcdltzuselsserlessistsysplei|eseneissetiuauesms|iineiesssismissetzseiefiestrlctshtztesssisietsxetlslaiseselessserctlseissistrisl|fkeisestputlin|akrsestefitlin|rliiouslais|iinestlsauaensetileonrsimil|iitsiese|eicorlgsusnileisseesireeiuesinssaiseinmsseuteiitsies	0=t,3=i,19=a,13=u,25=o,5=s,6=e,90=k,24=w,21=s,99=d,11=l,15=n,91=f,4=e,14=m,16=c,95=y,1=q,23=r,18=b,8=z,29=p,96=h,98=x,93=g
0	647	-3.067214	1	28	eaeuleenabhelapaun|osireretnoiedieiednquiiicdinferiiniw|reunstiioueaie|eeueeietnecienu|atierenremniilitreeecari|liiunetnadeeetniimireeri|eaneeaiea|latuienoliz|queeurilrienuioueaie|scktguenteenstneeielaeextri|rernrieeneuaurede|iinrireeeiedieengerinsirelitclangmeeeieinlaynantaierentreeenscanrieeieliiet|sbrierelsiaun|abseremsiaun|stiiouetaie|iinreanauannenetnonseidit|iiluren|ricostpeuenitrieenreisnriuneineeaierindeenumiilure	03=e,19=a,13=u,02=l,5=e,6=n,90=b,24=h,93=p,01=a,15=n,25=o,91=s,3=i,4=r,11=t,14=d,21=q,16=c,09=f,1=w,23=s,04=m,18=z,99=k,08=g,29=x,8=y
0	648	-3.105208	4	23	arwroueesixauneauixoiire|uecdeneiisuetinoleinsuiillisinmapnlier|neimurilueitihe|eeitetiisarstieiq|icitnesneanslaurineeeisiyq|aulimarisaiineeeiislandeenq|argeeiheai|auiciilesueaurb|uiitardounomilueitihe|ursxiiabitsiieesuriseetauipeucinq|nenientesarrcdeine|liendeeetintesabenmcdeauriisauigabaneeetmauiksaiieiiihenesiineeesursaiientetauleii|cwntneaucoiire|ixautneancoiire|urilueitiiihe|lieneaiieicrgieesarisueieutrnri|lauides|nrsueuriheitierintesnefmnrmereeeihenreineesionlauide	0=a,31=r,90=w,30=o,2=u,5=e,6=s,1=i,99=x,4=n,91=c,34=d,35=t,33=l,36=m,95=p,93=h,3=q,94=y,96=g,8=b,98=k,32=f
0	649	-2.995648	4	28	xikuoseenibaneaiboiiue|seareneiinsetinoseinnsiissininehensieu|neiesuisseitide|eeitetiinxintieim|iaitnennelnsauineeeiniwm|asiexiinpineeeiinslreenm|xigeeidep|aiaiisenseauq|siitxirosnoeisseitide|sunbiicitniieensuineetaiyesainm|nenientenxiuareine|sienreeetintenceneareauiinaigcleeeteaifnpieiiideneniineeensunpientetaseii|akntneaaoiiue|ibatnelaoiiue|suisseitiiide|sienepieiaugieenxiinseiestunui|sairen|nunsesuideitieuintennezenueeueeeidenueineenionsaire	03=x,1=i,90=k,31=u,30=o,2=s,5=e,6=n,99=b,02=a,4=n,91=a,34=r,35=t,33=s,36=e,09=h,93=d,3=m,04=l,94=w,01=p,96=g,8=q,08=c,95=y,98=f,32=z
0	650	-3.243086	5	27	subueaiiecbaaisacfsnui|aiydiaineailsetiseantthsxskatmu|aireauroiricl|iiriilnesuelmr|cnlaieaisaetsausiiihcag|satresuhsnaiiinetsadiiag|suwiiclsq|sacnrleaisaup|anlsudeaaexroiricl|aueznsprieniieauhiilsaciiaysg|aiamaliesuuydisi|tmadiiilsliespiaxydisaunesacespsaiiilxsacpesninclaienaiiieauesnialilsatin|ybalaisayenui|cbalaisayenui|auroirincl|tmaisnicrcemiesuhaimaluauq|tsaraie|aueaiauclrimuslieaioxauxiuiiiclauisiiersatsarai	0=s,31=u,90=b,30=e,2=a,5=i,6=e,19=c,4=a,93=f,11=n,91=y,34=d,35=l,14=s,33=t,16=h,36=x,95=k,15=m,13=r,32=o,3=g,96=w,1=q,8=p,99=z
0	651	-3.152999	4	30	oeouniiseztainewlum|ticqiaisstiratiiastsiiyadhiaime|aiusteuxiuier|iiuiirssoyrmu|esraisainsineaiiiyeap|niusosslaiiissinqiiap|oesiierl|nesurstineb|tsrouattatduxiuier|tesksguissiisteyiirneiitcap|aiamarisoueuaiai|imaqiiirarisgiadcqinessnesgniiirdnebslmseraissaiiisteslmarirniis|czarainctsei|eztrainctsei|teuxiuiser|imailmeuesmisosstimtreaef|inuais|aestiteeruimearisaixdaedieiiieraeiaiisuninuai	03=o,19=e,13=u,02=n,5=i,6=s,90=z,2=t,4=a,93=w,01=l,15=m,91=c,34=q,11=s,35=r,14=a,30=t,33=i,16=y,36=d,09=h,31=e,32=x,04=n,3=p,8=b,99=k,08=g,1=f
0	652	-3.116118	4	27	eawacounisepuersciiau|omaueuiinotiecduienriddinielebediua|euilsiidoitiqu|uuitutiineantiuih|imiteuneueendesiieuuuinikh|esaleaineiieuuuiindeeauueh|eayuuiquei|ermiidunoesif|riteaacpclidoitiqu|sinsiiefitniiuunsiinuuterbuziieh|eueiuetuneaamauieu|diueauuutietunefuelmauesiiineryefeeuuutlergneiiuiiiqueuniieuuunsineiiuetutestii|mweteueziciiau|isesueueemciiau|siidoitiiiqu|diueueiiuimayiuuneainoiusuaeai|deraun|eanosiiquitiuaietuneuxlealuauuuiqueauieuunicederau	0=e,31=a,90=w,30=c,25=o,5=u,6=n,1=i,99=s,24=p,21=r,91=m,34=a,4=e,35=t,33=d,36=l,95=b,23=s,93=q,3=h,94=k,96=y,8=f,29=z,98=g,32=x
0	653	-2.922295	4	32	aiwursetipareaipriiue|sunereiitstirrseirthissitirexersieu|reiefiissitine|eeitetiitaittieio|iuitretreitsauireeeitico|asieaiitdireeeiitsineero|aimeeined|aiuiisetsauq|hitainryreissitine|fitpiilittiieetfiiteetaigeziiro|reriertetaiuuneire|sierneeetirtetlereuneauiitaimlieeeteaiktdieiiineretiireeetfitdiertetaseii|uwrtreauriiue|ipatreiuriiue|fiissitiiine|sieredieiuumieetaiitsiefeurui|sainet|rutsfiineitieuirtetreberueeueeeinerueireetirrsaine	03=a,1=i,90=w,31=u,30=r,25=s,5=e,6=t,99=p,02=a,4=r,91=u,34=n,35=t,33=s,21=h,36=e,09=x,23=f,93=n,3=o,04=i,94=c,01=d,96=m,8=q,24=y,08=l,95=g,29=z,98=k,32=b
0	654	-2.951801	5	33	eayataillybienqtiai|aouiuiilaestrislncralsdewursa|uicltiracile|iiciieilealesc|lieuiluieulretiuiiirlup|etadeareiuiiiilreuuiiup|eagiileeh|enoirilaetz|ncieautbtdcmicile|trqienciliiiltiliieenwixiup|uiusueileaaouisi|rsuuiiieseileniudouietirengeneuiiiedenkleiiileuiliuiiiltreiiueieetei|oyueuiexceiai|lytiuieuotiai|tiraciile|rsuieiilcllsilearastiauah|renuil|ualatificisaseiluimduadiaiiileuaisiilceurenui	0=e,31=a,90=y,30=t,25=a,5=i,6=l,19=l,24=b,21=n,99=q,11=i,91=o,34=u,4=u,35=e,14=s,33=r,13=c,36=d,95=w,15=s,23=t,16=r,3=p,96=g,1=h,18=z,32=m,8=n,29=x,98=k,93=f
0	655	-3.024916	4	34	otouseeitklestylua|abmeieniastoeetiqueuitczeieau|ieuigneauets|eeueesnionsau|tnsieiieriesuteeentif|seuionilteeeniermeeif|otieetsl|stnusiasup|queouiolocureuets|gnwndueineeignieessteexnif|ieiaiseioutuiete|eaimeeestseideicbmesunistidreeescstpilantsieinieeeignlaisesseen|bkisiesbonue|tkgeierbonue|gneauents|eaielatutiaeioniaageuiuh|esuiei|iuiagnyeueautseiierciuceueeetsiueteeiuresuie	03=o,19=t,13=u,02=s,5=e,6=i,90=k,24=l,93=y,01=l,15=a,25=a,91=b,34=m,4=i,11=n,35=s,14=t,30=o,33=e,21=q,31=u,36=c,09=z,23=g,16=n,04=r,3=f,8=p,32=r,99=w,08=d,29=x,1=h
0	656	-2.944098	0	20	aliklilaueenipausauiplaiilie|ueolssiinueleiralleifuiillllinirnacrlieli|silnuliillueileide|eeileeleiinalinleieil|ioilesnsafllauliiseeinihl|aullilnaliinaiiseeiinllarser|aliteeideai|auioiillenueaulib|uiilealilrauralnillueileide|ulinpiiabileniieenuliineeleauiceuoir|szereenaliliolsis|llierseeleireenabernolsauliiinauitabaseelelnauignaiieiiidesniiseenulinaiiereeleaulleii|okresauolaiilie|ipaulesamilaiilie|uliillueileiiide|lliesaiieiolitieenaliinueieulelirii|llauilsn|rinueuliideileieliireenslulnrilnelieeeiderieisenilarlauils	0=a,3=l,1=i,90=k,2=u,5=e,6=n,99=p,45=s,91=o,43=r,46=f,95=c,93=d,94=h,96=t,8=b,41=z,98=g,49=m
0	657	-3.065614	0	24	tiylilueesixunuixlmilie|cealnniisceleirtleifciillllisirsherlieli|nilscliillceileide|eeileeleiistisleieil|iailensnoslluliineeisibl|ullilstiismineeiisllolner|tigeeidem|uiaiillesceuliq|ciiletilrurtsillceileide|clisxiipilesiieescliiseeleuizecair|nwereestilialnin|llierneeleireespersalnuliiisuigpoeeelelsuiksmieiiidensiineesclismiereeleulleii|ayrenualmilie|ixulenoalmilie|cliillceileiiide|llienmieialigieestiisceieclelirii|lluilns|riscecliideileieliireesnlclsrilselieeeiderieinesilolluiln	03=t,1=i,90=y,3=l,02=u,5=e,6=s,99=x,45=n,01=m,2=c,91=a,43=r,46=f,09=h,93=d,04=o,94=b,96=g,8=q,08=p,95=z,41=w,98=k
0	658	-3.243335	2	24	iltiluiceentmcsictziola|cehlssonceledlilledncollllydlnikrlalf|sunclollceuetle|eeueeleonilyleau|tolesnsibllicloseeytr|icllunilonioseeonllirser|iltneetleif|ictoulenceiclq|coleiluricrilnulceuetle|clygoipuenoeencloneeleicteechdl|swereenilutusde|llarseeledleenipernhlsicloyictnipiseelelnictpnioeotlesnoseenclyioereeleiclleo|hmresichliola|tmclesixuiola|clollceueotle|llasioetutnaenilonceacleldlo|llicusn|ryceclozeuealoreenslclnrunelaeetleradeenuirlicus	0=i,3=l,19=t,13=u,2=c,5=e,6=n,90=m,45=s,93=z,11=o,15=a,91=h,14=d,16=y,95=k,43=r,1=f,46=b,18=q,99=g,8=p,41=w,49=x
0	659	-3.222585	1	26	tuteolleuxnsouyrea|nlhisssenlilfitilfensiiiibfieklmiaiq|seenisiinleluil|llellilsetbilae|usilsesceiioissllbum|oiieetserflllseiicislm|tuelluilr|ouseilenloiz|nsiltemomteeinleluil|nibgsdeleslleniselliloullnhfi|swlmlleteuesfl|iiamsllilfilledlmehisoisbouedclllilieouperasuilsessllenibramlliloiils|hxmlsohirea|uxnilschirea|nisiinlelsuil|iiasraueuealetsenlanilifis|iioese|mbnlnisylelaismllesiniemeelialluilmaflleeciioes	03=t,19=u,13=e,02=o,5=l,6=e,90=x,2=n,45=s,93=y,01=r,15=a,91=h,3=i,11=s,14=f,16=b,09=k,43=m,1=q,04=c,18=z,99=g,08=d,41=w,8=p
0	660	-3.174409	0	24	uilxiliupealbumeuobiullile|pnirrllapieltuiielfoliiiilaltauztileil|rliaclliiplielde|eelieeiellauilaieleli|lnlierarufiiucllreelalwi|uciliauillaullreellaiiutret|uilyeeldeul|uonlliieapucls|olieuilitumiuialiiplielde|clabllusliealleeacllaeeieuozekllt|rqeteeauililnirlr|iiletreeielteeausetaniruclllauoyusureeieiauogaullelllderallreeaclaulleteeieuciell|nxterukliullile|lbuceruhliullile|clliiplielllde|iilerullelnilyleeauillapleceiltll|iiuoira|tlapclldelieleillteearicatliaeileeeldetlelrealiutiuoir	0=u,3=i,1=l,90=x,25=p,5=e,6=a,99=b,24=m,21=o,91=n,45=r,43=t,46=f,95=z,23=c,93=d,94=w,96=y,8=s,29=k,41=q,98=g,49=h
0	661	-2.947701	0	27	niweiedlluipdediperieil|smeeeiiuselianelibgieeeeiuiauxlaeilei|eieusiieesielial|llielleliiuniuelilie|imieleuetueedeiielliuihe|deeieuniiurielliiueeteela|nicllialr|dimiieelusdeik|gielnieadanuieesielial|siupiiyieluiillusiiulleldiflqiia|ezlallunieimeeie|eeilaellelialluylaumeedeiiiudicytllleleudiouriliiialeuiiellusiurilalleldeelii|mwaledmerieil|ipdeletmerieil|siieesieliiial|eeilerilimeicilluniiusilsleiaii|eedieeu|aiussiialielileiiallueesuaieuleilllialailieluieteediee	03=n,1=i,90=w,3=e,02=d,5=l,6=u,99=p,45=e,01=r,25=s,91=m,43=a,46=b,21=g,09=x,23=s,93=a,04=t,94=h,96=c,8=k,08=y,95=f,29=q,41=z,98=o
0	662	-2.917862	2	30	tattautnietpoitabateal|nxanneenaisataaiseauaaassaetmcalaq|nuereaanuitai|iiuiiaieetasailu|teainentzaatreniistc|trauetaeeteniieeaatcnic|tateiitaitq|taxeaaientrk|auitauctoataeuanuitai|rsbethuieeiiereeiiaitamidec|nwiciietautunsi|aalcniiaisaiiethicexantrestaithtniiaiaetayeteietaineeniiersteiciiaitraie|xpcintduteal|tprintfuteal|reaanuietai|aalnteitutelietaeenlriasae|aataane|csnregiuilaeciienarecueialiitaiclsiieutcataan	0=t,3=a,19=t,13=u,25=n,5=i,6=e,90=p,24=o,21=a,99=b,11=e,15=l,91=x,45=n,14=s,16=s,95=m,43=c,1=q,23=r,46=z,18=k,8=h,29=d,41=w,96=i,98=y,49=f,93=g
0	663	-2.998284	1	30	rmrstiiembfitmonsi|sdannuesailarailehsaaaelaeziaaiag|nsetuaassimai|iisiiaiuereaiis|muainenceaatauniiema|taaseruenliiiueaacania|rmeiimain|tmusaiestap|hsirsataresassimai|tewuxsieuiietueiiaitmiiqua|nkiaiiersmsnli|aaianiiailaiiexiaedantauetmexciiiaiaetmyeniumaineuniieteniaiiaitaaiu|dbaintdansi|mbtincdansi|tuaassiumai|aainnimsmeiieruesitialau|aatsne|aestuoisiiauaiienateaseiaiiimaiailiiescaatsn	03=r,19=m,13=s,02=t,5=i,6=e,90=b,24=f,93=o,01=n,15=i,25=s,91=d,3=a,45=n,11=u,14=l,21=h,16=e,09=z,43=a,1=g,23=t,04=c,18=p,99=w,08=x,29=q,41=k,8=y
0	664	-2.912772	2	27	euquoseeniaeslesiaoiiue|seadeliinsetireseizsiissinirneprueu|limsuisseitice|eeitetiineuntieiy|iaitlnlezsesuileeiniky|essimeuineiileeiinserler|euheeiceei|esiaiisenseesub|siiteudosremisseitice|sunaiiebitniieensuineetesipesair|lwereeneuuadeil|sierleetireenebernadeesuiinesihebeleetmesigneiieiiicelniileensuneiiereetesseii|aqrelesaoiiue|iaestlexioiiue|suisseitiiice|sieleiieiauhieeneuinseiesturii|sesiden|rinsesuiceitieuireenlfmrimeueeeicerieilenioroside	0=e,31=u,90=q,30=o,2=s,5=e,6=n,1=i,99=a,45=l,91=a,34=d,35=t,43=r,33=s,46=z,95=p,36=m,93=c,3=y,94=k,96=h,8=b,41=w,98=g,49=x,32=f
0	665	-2.879094	2	31	teburaiinegisiegreeui|airdiseenaineetnefaeecceneenwieuiu|selauecaieneti|iienineentenneiep|erensnsanciuesiienexp|icelteenmesiieencadiie|teziietim|iereecinaiiuk|aeentedraetnecaieneti|aungeesenneeiinaueniinieqiaree|shieiinteurdies|ceiesiineeiinsienrdiiueeniezsaiiinlieonmeieeetisneesiinaunmeieiiniciee|rbeisirreeui|eginsarreeui|auecaieneeeti|ceismeieruzeiinteenaieianueee|ciedin|eenaiauetieneiueeiinsyleeliuiiietieeiesinereraedi	03=t,1=e,90=b,31=u,30=r,2=a,5=i,6=n,99=g,02=i,45=s,91=r,34=d,35=n,43=e,46=f,33=c,09=w,36=l,93=t,3=p,04=a,94=x,01=m,96=z,8=k,08=s,95=q,41=h,98=o,32=y
0	666	-2.945751	2	31	eeweariitswruersgenei|rimpiuntritsadistrnddcsiebleie|uatreaniaist|iiaiitnteettoa|sntutuezderesiiicsl|erdateecenuiintdeluil|eekiisteq|ersnattrierer|rnteeparleianiaist|rethneraitniitreciitersiirmsf|uxiliiteeempisi|doluiitstiteriltmpierenterstereuiitiersrteninstutnuiitreteniliiterdin|mwliuermanei|swrtueyaenei|reaniainst|douenisastoiteecriorteln|deraut|lcrirestaioestitunilatieiiistlosiitaelarau	0=e,31=e,90=w,30=a,2=r,5=i,6=t,19=s,45=u,93=g,11=n,91=m,34=p,35=t,14=s,33=d,16=c,36=i,95=b,43=l,13=a,32=n,15=o,46=z,96=k,1=q,8=r,99=h,3=f,41=x,49=y
0	667	-3.097987	1	31	srstoiierklsorbatn|lifxistelieuhriueltrrdumqiniii|stelitaitire|iitiietesdent|rtesesceroiuiiidrn|ortesteauiiitercxiin|sreiirea|ortteelioig|ltestnonsetaitire|lieztptietiielidiieoriilfuy|swiniiestrtsui|rnnsiieueiepinefxioiteorepciiiemorgeantresetsiielieanniieorit|fknisofhtii|rklescfhtii|litaititre|rnsanrtreniestelinleint|rotse|ndliliretiniueiesamnteiiiiirennuiietcrots	03=s,19=r,13=t,02=o,5=i,6=e,90=k,2=l,45=s,93=b,01=a,15=n,91=f,34=x,11=t,35=e,14=u,30=h,33=r,16=d,36=m,09=q,43=n,31=i,32=a,04=c,8=g,99=z,08=p,3=y,41=w
0	668	-2.997683	2	31	etwtonseidepsendoiits|nrasliienciieusigniuuieiieexitst|liariiuniciss|ssicsciieetecisih|iriclelegueriilssieiqh|ertaetieeiilssiieueilsi|etmssissei|enriiusenerit|nicetaopoaiuniciss|riediieticeiisseriiesscenxskiii|lbsisseettrasil|uisilssciisseetsieraseriiieenmetelsscaenzeeiisiiissleiilsserieeiisisscercii|rwislekioiits|idersleyioiits|riiuniciiiss|uisleiisirtmisseetienisrstiii|uenase|iienriissicistiisselfaiiastsssissiisilseioionas	0=e,31=t,90=w,30=o,25=n,5=s,6=e,1=i,99=d,24=p,21=n,91=r,34=a,45=l,35=c,43=i,33=u,46=g,95=x,36=a,23=r,93=s,3=h,94=q,96=m,8=t,29=k,41=b,98=z,49=y,32=f
0	669	-2.802596	2	35	tewnitinemeueemieeni|tdsiueentleutleboesseneungiunin|uerreesteledi|iielileentenleief|edelunuanseneuiienezf|eserteenceuiieensasiiu|tepiiedic|eedeesintenq|oeltesixiresteledi|renmeelelneeiinreeniileehiyeeu|ukiuiintendsieu|seiuuiileuiinliundsieneeneeplaiiilreeanceieeediuneeuiinrenceiuiilesiee|dwuiuedieeni|emeluadieeni|reesteleeedi|seiuceiednpeiinteenteirinuee|seesin|uentreedieleineuiinuorueriniiiediueieuineiuiosi	03=t,1=e,90=w,31=n,30=i,25=t,5=i,6=n,99=m,02=e,45=u,91=d,34=s,35=l,43=u,46=b,21=o,33=s,09=g,36=r,23=r,93=d,3=f,04=a,94=z,01=c,96=p,8=q,24=x,08=l,95=h,29=y,41=k,98=a,32=o
0	670	-2.835692	1	36	ulclcpienchiuiyceli|pquiteeparcsireiosleroubllil|toerespoina|iioiiaeeuleano|neatetuzsuretiianl|urloulauetiieesultil|ulfiinaux|uiqesiepurg|ioiuluchcoodioina|rayeutoieeiiereeiiauibidel|twiliieullquiri|snltiiaraieutilequiureauifututiiaouiseueienateetiieraueiliiaurae|qclitudoueli|ncritukoueli|respoiena|sntueinonenieulapnrille|suiuie|lapremioinlraietdoloeiliiinalnriieoulciui	0=u,31=l,90=c,30=c,25=p,5=i,6=e,19=n,24=h,21=i,99=y,11=e,91=q,34=u,45=t,35=a,14=r,33=s,13=o,36=o,95=b,43=l,23=r,15=n,46=z,16=a,96=f,1=x,18=g,32=d,8=t,29=d,41=w,98=s,49=k,93=m
0	671	-2.863149	0	34	tetuiiinekhiiedsul|oyfiuenonoptionqutrnosbilrir|uunretouien|iiuiinentcnlu|eenunuantiroiiicel|ituntensoiiientafiil|teniiens|ieeunnoira|quituliltnumiuien|rczeguineiinreniinieiixel|uwiliintueuuoi|tlluiinoningilnyfiireniengaiiinsieansleenuneuiinrcslliinitie|ykliuiyperi|ekriuayperi|retouieen|tlusleuenlintenolrirle|tiuun|lcorediuilroninumsluniriiienlloiinuatiuu	03=t,19=e,13=u,02=i,5=i,6=n,90=k,24=h,93=d,01=s,15=l,25=o,91=y,34=f,45=u,11=e,35=n,14=o,30=p,33=t,21=q,31=r,36=s,09=b,43=l,23=r,16=c,04=a,8=a,32=m,99=z,08=g,29=x,41=w
0	672	-3.335164	8	24	clixlilcusaifcueduiflciilig|uwileroiautoelclloeauiilllliaielaczelliti|eolauliilluolong|silsloiaclialool|ipilrqedeallculiiesoaikl|cullilacliiaciiesoiallcelesel|climsindi|cuipiillqudulih|uiildlilelcuelclailluolong|uliafiichilqiisauliiaslduizypiel|erirlsaclilipleoeg|llirlestoelsachrlapleduliiiacuimchcesttacuibaciioiinrqiiesquliaciirlsldulloi|pxelrduplciilig|ifculrdeplciilig|uliilluoloiing|llirdiioplimisacliiauoyltielii|llcuileq|eliauyliinolotiielsaetulaelilatisonrlioesailcellcuileg	0=c,3=l,1=i,90=x,2=u,55=s,6=a,99=f,4=e,50=d,5=g,59=w,54=r,51=o,53=t,95=z,93=n,91=p,56=q,94=k,96=m,8=h,52=y,98=b
0	673	-2.986152	8	29	miweiesunigstanigepieia|nzietrsinnostemestnniieeeeinitenbreeioi|tsenneiieensesta|uieuesinminesse|icieretatneeseiitusnihe|seeienmiinpitusineedetute|mixuitai|siciieeenaneik|niieaeietestemnieensesta|neingiifieeiiunneiinueaniylcite|trireunmieicetsta|eeiretuosteunfrencetaneiiinsixfduoonsiqnpisiitreiitueneinpireueaneesi|cwterancepieia|igseratcepieia|neiieensesiita|eeiraiisceixiunmiinnsleoiteii|eesiete|teinnleiitsesoiiteuntonenteienoiustreistuniedeesieta	03=m,1=i,90=w,3=e,02=s,55=u,6=n,99=g,4=t,50=a,2=n,01=p,5=a,59=z,54=r,51=s,53=o,09=b,93=t,91=c,56=e,94=h,04=d,96=x,8=k,08=f,95=y,52=l,98=q
0	674	-3.107580	8	28	nisninnutesquedusynair|uwneslaupleiniileeuaiiiiahiengeiirik|elieuiaiiulilyf|tntilaniailli|saiscedeeiinuiaetlesei|nuiineniaenaetlaiineietei|nisetsidk|nusanicuduiz|uaidineinueinieniulilyf|uiabanoncateuiaetidustumhi|esreiteninsnelef|iireietpleitenosiemieduiaanusenonetppenusoenalayscaetcuianasitiduiilk|mqeisduminair|squisdeminair|uiaiiulilayf|iiredalmisercniaeulxiphia|iinunec|eiauxiaylilpaeiteepuieeineprtsisirhtenneiinunef	0=n,3=i,19=s,13=n,2=u,55=t,6=e,90=q,4=e,50=d,93=y,11=a,15=r,59=w,54=s,51=l,16=a,53=p,14=h,95=g,1=k,5=f,56=c,18=z,99=b,8=o,91=m,52=x
0	675	-3.004868	8	32	fcfinuechretrcgnil|rwiessartseifiseeruiiiiaoiezsiiliq|esieriuiirsisgr|uiuisafaissi|cuisaeteeiiniueusecei|niiiefuenousaiibieuei|fceucitq|ncuiiartrik|ruitiieineifeiirsisgr|riaxumiauueriueuitrcurpoi|esleiueficieser|iileieutseiuemsiepietriuancembuttencyenlucisaueuarianleiuitriisq|pheistrpinil|christepinil|riuiirsisugr|iiletuspicelafuersditoiu|iiniea|eiardiugsistueiueetrieeiietlucisiloueibiinier	03=f,19=c,13=i,02=n,55=u,6=e,90=h,2=r,4=e,50=t,93=g,01=n,15=l,59=w,54=s,51=s,16=a,53=t,3=i,11=u,14=o,09=z,1=q,5=r,56=a,04=b,18=k,99=x,08=m,91=p,8=y,52=d
0	676	-3.224491	8	27	erigrireanifezosfreiirid|apruceilareurerreulsirrrriliurlexurriyi|uerltiirrairesd|airareilerilreer|ipircnuoulrretiiuaelibr|etrirleriileiiuaeilrreuruaur|erimaisoi|espiirrnaetih|sirorirurezrerlirrairesd|tilfiiehirniialtiilarosxkpiur|ucicraleririprueud|rricruayeuralehcrlpruotiiilesmeheuayyleswleiieiiscniiuantileiicrarotrei|pgurcoqireiirid|ifetcoupreiirid|tiirraireiisd|rricoiieprimialeriilaikryiurii|rresrun|urilatiisereyiiuraluytlurirlyiaescrieualireurresrud	0=e,3=r,1=i,90=g,25=a,56=n,99=f,24=z,50=o,21=s,5=d,91=p,4=u,54=c,51=e,6=l,95=x,53=y,23=t,93=s,55=a,94=b,96=m,8=h,52=k,98=w,29=q
0	677	-2.905543	8	31	fiweietinictslacepieim|tdesunintensefensnaieeeeinisenqueeiri|snenaiieetienom|iieieninfinenne|idieusslsneeteiisinnihe|teeienfiinpisinineeresise|fibiioli|tidiieestteig|aieleiesetsefnieetienom|ainciieiesiiinaiinielazydise|suiueinfieidesnsm|eeiuesirnseineuendeslaiiintiberirrntiknpiniiousiisisainpiueielaeni|dwseulxiepieim|icteulsdepieim|aiieetieniiom|eeiuliindeibiinfiintiyeriseii|eetiess|seintaiionenriiseinsranseienriinoueinsiniereetiesm	03=f,1=i,90=w,3=e,02=t,55=i,6=n,99=c,4=s,50=l,21=a,01=p,5=m,25=t,91=d,54=u,51=n,09=q,53=r,23=a,93=o,56=s,94=h,04=r,96=b,8=g,08=e,95=z,52=y,98=k,29=x
0	678	-2.928469	8	33	retreurapthburgerien|aceistlaetiereetierueeelleerdieenex|iteemieeautfa|nunetlrelette|tiespiuieeermiintetie|rmeuereieriintleerieinie|retenteux|rrcieeparmw|ruueuierbereeueautfa|mlgiroupinemieneurdkcle|isnienereutuitia|eenieinstieneroseeceiumilrrqrorinsserryeritifspiinpmlriseneumetx|chiesuzurien|thmsuicerien|mieeautifa|eeniuitcetenpreieanmslei|eerreip|ielamiftetsiieneismeieuesnntesenlneurieerreia	0=r,3=e,19=t,13=u,25=a,56=p,90=h,24=b,50=u,21=r,99=g,11=i,15=n,91=c,4=i,54=s,51=t,16=l,6=e,14=l,95=d,1=x,23=m,93=f,5=a,55=n,18=w,8=o,52=k,53=s,96=q,98=y,29=z
0	679	-3.010009	8	36	mimarunizysgrilad|tpieulatileimilengaiiiaoinquiidid|elineciitalon|uauilamailli|iciuseseniiriceulniei|riianmcnloulaiifieuei|minuiisd|ricaistrik|gasiaeireimnaitalon|earchascunecnuisgbcpoi|eudeiunmaiaelen|iideieutleiunhuinpiesecarinhfuttnriwnldciiusceusealdeiuiseild|pzeiusxalad|izeusepilad|eciitalcon|iidesclpiindsmcntdetoic|iiraes|eiatecoliltceiuneteneiantduiiuidounafiiraen	03=m,19=i,13=a,02=r,55=u,6=n,90=z,24=y,50=s,21=g,99=r,3=i,01=l,15=d,25=t,91=p,4=e,54=u,51=l,16=a,14=o,09=q,1=d,23=e,11=c,93=o,5=n,56=s,04=f,18=k,08=h,95=b,52=c,53=t,8=w,29=x
0	688	-3.019391	6	28	elizlilenauiyenseniyleiilip|nfilssiiundesellexniilllliuisuerslidi|silunliillnelemp|ailaleiueliuleel|icilatsexllenliisaiuikl|enllilueliiueiisaiiullessal|eligaimoi|eniciilltnonlin|niilolilsenseluillnelemp|nliuyiieniltiiaunliiualonirhcis|swalaueliliclsis|llialsalesauenaluclsenliiiuenigenesaldueniqueiieiimatiisaunliueiialalonllei|czsaoncleiilip|iyenlaobileiilip|nliillneleiimp|lliaoiiecligiaueliiunehldisii|llenilsu|siunhliimelediisauslnlusiludiaemaliestileslenils	0=e,3=l,1=i,90=z,2=n,55=a,6=u,99=y,45=s,5=p,59=f,53=d,51=e,43=s,46=x,95=r,93=m,91=c,54=a,56=t,94=k,96=g,50=o,8=n,52=h,41=w,98=q,49=b
0	689	-2.931029	6	33	nlgeleurelmuiulmeslelu|twleiilletaninenftlleeeeleliehreelal|ileetelleetnenou|rlerenlenleenne|ldlersiteeeuellirlelbe|ueeleenlleslirlleeeteire|nlkrloal|uldlleestatelq|tlleaeleiuineleetnenou|telemllplesllretellereatllcdli|izrerenleldeili|eelreirenirepreedeiuellleulkptraaeulxeslnllorsllireteleslrereateenl|dgiratdeslelu|lmuerayleslelu|telleetnenllou|eelrallndelklrenlletncealill|eeuleie|iletcellonenallireieteeileealrnorelnisleteeulei	03=n,1=l,90=g,3=e,02=u,55=r,6=e,99=m,45=i,01=s,5=u,2=t,59=w,53=a,51=n,43=i,46=f,09=h,54=r,93=o,91=d,56=s,04=t,94=b,96=k,50=a,8=q,08=p,95=l,52=c,41=z,98=x,49=y
0	690	-2.975721	7	32	euueuaeieluwireiuceius|izarrilianteuunmiiuuuurdulextusub|raliuiuuinunch|eaeunreurunnu|uiuopremuueiuirerut|eiuualeuileireiluuetrou|euuleuunb|eiuiaupiniuf|iiunuateiteulauinunch|iuryiesapieliuileuniueitdu|rkoueleuauardh|uustreuntelesoultureiuireiulesereualeiusleinicopireliureioueuniuunb|twtonitueius|uwiuongaeius|iuiuuinunich|uusreintuulspeuilinquadui|uueiarl|triquicnunaitelruiultalaseuuousdelaetueiar	0=e,3=u,19=u,13=a,2=i,55=e,6=l,90=w,45=r,93=c,11=i,15=s,59=z,53=a,51=n,43=t,46=m,16=r,14=d,95=x,1=b,5=h,54=o,56=p,50=n,18=f,99=y,8=s,91=t,41=k,49=g,52=q
0	691	-3.033155	7	36	odoiseldfunsdpoin|ukinnlluceuoieculiiiimdilqtiinib|niluiliiueiepr|eieiemomieei|dlitsnrliisilnemdu|siiilollodeemiirinti|odlediab|sdliisuauig|uliaiiusuoliiueiepr|uimylaisleluilleiaudeuxdi|nztieloidindr|iinuneieuelatilxinsilmsdlarecclsdwlonlditslneluimonueiauiieb|xfutauxioin|dfuitatioin|uiliiueielpr|iinnondidlnsolluehicdil|iisinl|umuhilpeiecluelniuiluilcneditindeliriisin	03=o,19=d,13=i,02=s,55=e,6=l,90=f,2=u,45=n,93=p,01=o,15=n,59=k,11=l,53=c,51=e,43=u,3=i,46=c,16=m,14=d,09=q,54=t,1=b,5=r,56=s,04=r,50=a,18=g,99=y,08=a,91=x,41=z,8=w,49=t,52=h
0	692	-2.937427	6	31	iuequeuierenixlonuieeuep|edutteeneussiuusmoeuuuuenesnigsueie|teunceeuueeustp|aeuauseniuenussu|edeuartimuuiceetaeneku|icueuniueenieetaeenuuistau|iueraetle|iodeeuureicef|oeulueusixuiuneuueeustp|cenneeifeureeanceenaulogzdes|twauaniueuedutet|uueautaussanifaunduticeeeniorifitauinioynieeseetareetancenieeauaulcuse|dqsalheuieeuep|enicalbeuieeuep|ceeuueeuseetp|uuealeesduereaniueeneezuiesee|uuioutn|seneceetsusieesantucnseunieastauestreuisuiout	0=i,3=u,1=e,90=q,25=e,56=r,99=n,24=x,50=l,21=o,5=p,91=d,45=t,6=n,51=s,43=s,46=m,95=g,53=i,23=c,93=t,55=a,54=a,94=k,96=r,8=f,52=z,41=w,98=y,29=h,49=b
0	693	-2.921188	6	35	luwiuinriuonenuoisuiur|ogieeuuioilelilhkuiiiiuiueibniiusu|euiiduuiiouilar|ruiriluiluiilli|uguindeuiiiniuueruiuyi|niiuiiluuisueruuiiiuieni|lumruatu|nuguuiidoniuf|kuitiuieneliuiiouilar|duiouucuiduuriduuiritkzague|exniriluiugieue|iiunierilericniigieniuuuinumcurssinutisuluuanduueriduisuniritdilu|gwentquisuiur|uonintpuisuiur|duuiiouiluuar|iiuntuulgiumuriluuiouaisueuu|iinuiei|euioduualilsuuerieidieuiisurlaniuleduiuiinuie	03=l,1=u,90=w,3=i,02=n,55=r,6=i,99=o,45=e,01=s,5=r,25=o,91=g,51=l,43=e,46=h,21=k,09=b,54=n,53=s,23=d,93=a,56=d,04=u,94=y,96=m,50=t,8=f,08=c,95=z,52=a,41=x,98=t,29=q,49=p
0	694	-2.918080	7	37	iedieainadkhslbeirec|nreuurunetiieetclaeeesteuioieceq|uauereenatom|nanetsiesette|dremauiceeierunsdi|ieeauieruirunrueeiiume|iedundesq|ilrreeaniez|laseaiiheieuaenatom|esbrilaarnueruneslogrte|uwmenuieadautm|eeciunetinuilmeureuiersilxiliunepuilyuirtromarunuesirmeneseetq|rkimsdairec|dkemsfairec|ereenatrom|eecuirtreducaieruncepter|eeileuu|isnerotetprinuueeuiaupcndemectnuaiieileu	0=i,3=e,19=d,13=a,25=n,56=a,90=k,24=h,50=s,21=l,99=b,11=r,15=c,91=r,45=u,6=u,51=t,43=i,46=c,16=s,14=t,95=o,1=q,23=e,93=o,5=m,55=n,54=m,18=z,8=l,52=g,41=w,96=x,53=p,98=y,29=d,49=f
0	695	-2.866047	7	40	susindeuxcctrimia|noissdenilusilytiiiialiekriiaih|sietdiinilem|didilasailli|udiresoeiinidsdauu|niiiesdemldlaiioisri|sueduich|nudiienniq|ticiiunuseiinilem|tardpieddetdedictpfoli|swridesiuislm|iiausdiludeprieoisnidanuepodssenuzemaduiredsdetamaudictilh|oxurcbimia|uxtrcgimia|tdiinildem|iiasmauiueaesdenatslid|iinise|uantdelilsdudesiteuiesaduirialdeioiinis	03=s,19=u,13=i,02=n,55=d,6=e,90=x,24=c,50=c,21=t,99=r,3=i,01=m,15=a,25=n,91=o,45=s,11=d,51=l,43=u,46=y,16=a,14=l,09=k,54=r,1=h,23=t,93=e,5=m,56=e,04=o,18=q,08=p,95=p,52=f,41=w,53=s,8=z,29=b,49=g
0	698	-2.817765	8	39	erhrmeestheieetfeurp|ewsiiusealteildeuiidcnextrap|issersolutu|eseuusersuys|tuuisiedieercelstt|eeisserdeuieusietioc|ergetuep|eetususelerm|euuerbmetensolutu|ersquemsnueserdeueeteeacc|izounerrabli|iytieucunemonableruseetsemeieuneetmseulufonuieserseuoualeilp|ahtoleamurp|theuierseurp|ersoluutu|iyieulargynerdelkurtu|ieesis|tdekrtuslautesiontssayetutycessetmesi	0=e,31=r,90=h,30=m,2=e,55=e,6=s,19=t,45=i,93=f,11=u,5=p,59=w,13=s,53=a,51=l,43=t,33=i,46=d,16=d,14=c,36=n,95=x,1=p,32=o,35=u,15=y,54=o,3=c,96=g,50=l,8=m,34=b,99=q,56=n,91=a,41=z,49=r,52=k
0	699	-2.739716	5	40	dnduuienqnrunbrue|nwurrienlcsdesenillyshkmles|ruensuccene|iuieiedyeeu|niereraelussicens|uluediersicylamis|dneiner|uniueenansp|niedususdeuccene|nsexifutiiensyieunintsp|rzmetdunursd|lesriesetfmhtmansieunefailleunpereinereirienseresieulcg|tqsmantoisd|nqneratoisd|nsucceine|lerrenuneetdiencoessi|luure|synosneuclisierchsueleinesesieualuur	03=d,19=n,13=u,02=u,55=i,6=e,90=q,2=n,45=r,93=b,01=r,15=e,59=w,11=i,53=l,51=c,43=s,35=e,14=s,33=l,16=y,36=h,09=k,54=m,31=s,32=c,04=a,34=m,50=a,8=p,99=x,08=f,56=t,91=t,3=p,41=z,5=d,1=g,30=o,52=o
0	703	-2.973165	6	43	rorisieopbnfwatsd|mkhelamnaaulxfiuseauzeues|niestumilcd|iiinteranei|otnnenleussaileor|suiertedailaulhir|roeiond|sotinemssy|finshabauiolnon|sawtcittiesteinsoittr|nqentrioinad|uerninantceukhnstasoeclippesoyedetonnetniesaderinsulm|kprentidie|opsengidie|stumiltcd|uendeoioeetrtemespasm|usine|ramstclnesantnouriepeionreaieilusin	03=r,19=o,13=i,02=s,55=i,6=e,90=p,24=b,50=n,21=f,99=w,30=a,11=t,31=s,5=d,25=m,91=k,34=h,54=e,51=l,16=a,35=n,14=a,33=u,46=x,36=u,09=z,15=e,45=n,23=s,93=c,04=l,43=r,01=d,8=y,32=o,08=c,56=t,29=t,41=q,53=p,1=m,49=g
0	704	-3.180967	1	23	silzilisteepostrestloisllile|teairerellneielrisiielrnlliiiilpriuxriileil|relinilliitelielde|eelieeielluilheleli|lalieremesrhistillreeelpbi|stiiliuillullreeellhisrireeri|silyeeldesl|stlalliienestilg|tlliesiliristrisipiitelielde|tilfalsgliepleenillceiestlxetalri|rerlerieeuililairelre|iilerireeeielrieeugeriflirestilllutlysgsreeeieiutlkullellldereplreeenilullerieeiestiiell|azrierestaisllile|lostieresraisllile|tilliitelielllde|iileresllelailyleeuillneletieilrill|iistlireq|rilnetilldelieleillrieemeitimilicileeelderilelreepisriistlire	0=s,3=i,1=l,90=z,2=t,5=e,61=p,99=o,4=r,91=a,62=n,60=u,95=x,93=d,63=h,64=m,94=b,96=y,8=g,69=f,65=c,98=k,6=q
0	705	-3.036332	1	27	rnxiniseeubstesnbienine|leoitetenndeientirientdnniiiinutiaytiinein|tenidinniilenience|eenieeiennainaeneni|nonietemesaisinnteeenuzi|siiniainnannteeennaisiteeti|rngeencee|snonniiedesinp|lnniernitistiruiilenience|linkonwnieuneedinnheiesnyelonti|tetnetieeaininoitente|iinetiteeeientieeapetiknitesinnnalngwseeeieialnfannennnceteunteeedinannetieeiesiienn|oxtietesoienine|nbsietesoienine|linniileniennnce|iineteenenoingneeainndenelieintinn|iisniteq|tindelinncenieneinntieemeiliminihineeencetinenteeuisiisnite	03=r,1=n,90=x,3=i,02=s,5=e,61=u,99=b,4=t,01=e,2=l,91=o,62=d,60=a,95=y,93=c,63=a,64=m,04=s,94=z,96=g,8=p,69=k,08=w,65=h,98=f,6=q
0	706	-3.042535	3	27	nesneantiipkntuintsonres|tiheuiuirdieileneeildreeeeflecbueeseg|uiadereetiaisei|iiaiieircefeisa|sreiuixinueenteruiiifsue|nteeacercruiiireenueuiiue|nesmiseing|ntsraeidinteq|treineauentuenepeetiaisei|tefkrnaaipsidermieintsiithle|uiusueiiceasauili|eesueuiiieileiicaiuezauinterfntscanuiiieiectsacrirseiuipliiidefnriueiieinteeir|hwueiuinthenres|swteiuinuhenres|tereetiairsei|eesuinrisaspiicerdisteieler|eentauiy|ueftiteroiaiserueiixietexeamesiiseiuesliipenueentaui	0=n,3=e,19=s,13=a,2=t,5=i,61=p,99=k,4=u,93=o,11=r,15=s,91=h,62=d,14=l,16=f,60=c,95=b,1=g,64=x,63=e,65=m,18=q,8=a,69=z,90=w,6=y
0	707	-2.847756	2	31	ctcuneesententpour|leaitetenseiediciedsniiiifdiaytiirih|teusiniileuetie|eeueeienaifieru|tnietegemkininteeeftti|niiuainanteeenkimiteeti|ctietieo|ntnuieseniw|lniecutinticsiileuetie|lifenquesresinieienteeladi|tetrtieeaiututede|iirtiteeeiedieearetibuteninfntarmeeeieialtranentietesdeeesifortieeieniien|axtietenaiour|txlietemaiour|liniileuentie|iirteortutseeainserlieidin|iinutez|tiflelinpeuerintieegeiligiuiireetietirdeesimiinute	03=c,19=t,13=u,02=n,5=e,61=s,99=e,4=t,93=p,01=o,15=r,2=l,91=a,3=i,11=n,62=s,14=d,16=f,60=a,95=y,1=h,64=g,04=m,63=k,65=i,18=w,08=q,8=r,69=b,90=x,6=z
0	708	-3.092370	1	27	niuwiuinoetenpenseinuuiue|oairereuuleieuriniieurluuiiiiutriamriiueiu|reuiliuuiiouieuse|eeuieeieuuaiufeueui|uauierexenrfinduureeeutbi|ndiuiaiuuauureeeuufinrireeri|niuyeeusenu|nsauuiielenduc|suieniuirinpinitiiouieuse|dugauncuietueeliuukeiensmequuri|reruerieeaiuiuaireure|iiuerireeeieurieeaceriguirenduuuasyncnreeeieiashauueuuuseretureeeliuauuerieeiendieuu|awrierenquinuuiue|uenderenrainuuiue|duuiiouieuuuse|iiuerenuueuaiuyueeaiuuleuedeiuriuu|iinsirez|riuleduuseuieueiuurieexeidxiuikiueeeuseriueureetinriinsire	0=n,3=i,1=u,90=w,25=o,5=e,61=t,99=e,24=p,21=s,91=a,4=r,62=l,60=a,95=m,93=s,63=f,64=x,23=d,94=b,96=y,8=c,69=g,65=k,29=q,98=h,6=z
0	709	-3.062459	1	30	auyeueniisinninuietueui|qeeniniuuoieiuneaeiunouueeeeusnelzneeuieu|niueoeuueequeiudi|iiueiieiuuleugiuiue|ueueinitimgeneuuniiiusbe|neeueleuuluuniiiuugemeniine|auhiiudit|nueuueeioineux|aueiauenenneaseequeiudi|sukeufueisuiioeuurieinuzicuune|ninuineiileueueeniuni|eeuineniiieiuneiilxinekuenineuuulahfmiiieielapluuiuuudinisuniiioeuluuineiieineeiuu|eyneinineetueui|uineinimeetueui|suueequeiuuudi|eeuinituiueeuhuiileuuoiuisieuneuu|eenueniw|neuoisuudiueiuieuuneiitiesteuereuiiiudineuiuniisemeenueni	03=a,1=u,90=y,3=e,02=n,5=i,61=s,99=i,4=n,01=t,25=q,91=e,62=o,60=l,95=z,93=d,63=g,64=t,04=m,94=b,96=h,8=x,21=a,23=s,69=k,08=f,65=r,29=c,98=p,6=w
0	710	-2.847871	3	33	eireiiefeubedeenbietit|faireretueielieiielutiiiilliayriitio|reiuitiifierie|eeieeietailieti|rtiereseerniestreeelrri|esiiaitatreeetnierireeri|eirmerieeo|enatiieueesg|nieeiiriedieiuiifierie|slbtepieuteuitmeieenyextri|rertrieeaiirirele|iitrireeeielieeaperikireestlencepereeeieianzatetriereuleeeuileterieeieesiet|awriereexietit|rwsereeraietit|stiifietrie|iitreeterirueeaituetseilit|iienireq|rilfstheietitrieeseissiimiteerieritleeuieriienire	0=e,3=i,19=r,13=i,25=f,5=e,61=u,99=b,24=d,21=n,11=t,15=t,91=a,4=r,62=u,14=l,16=l,60=a,95=y,1=o,64=s,63=n,23=s,65=m,18=g,8=p,29=x,69=k,96=c,98=z,90=w,6=q,93=h
0	711	-2.874050	2	35	cucileenklreluzsil|eoirereuteienicientuiiiitniayriilih|reitiuiieieuie|eeieeieuaitieli|uuiereseroiliureeeturi|liiiaiuaureeeuoirireeri|cumeuies|luuiietelig|piecirilricniieieuie|dtkubienletiumeielueeauri|rerlrieeaiiuirene|iilrireeeienieeaderifireliutluadreeeieiapxaueuuierenneeetitslrieeieliieu|owriereloisil|uwdereroisil|duiieieuuie|iilresluiuneeaiuteldeiniu|iilireq|riteduzeieliurieeseidsiimileeuierilneeniriilire	03=c,19=u,13=i,02=l,5=e,61=n,99=k,4=r,93=z,01=s,15=l,25=e,91=o,3=i,11=u,62=t,14=n,16=t,60=a,95=y,1=h,64=s,04=r,63=o,65=m,18=g,21=p,23=d,08=b,29=a,8=d,69=f,98=x,90=w,6=q
0	712	-2.964925	5	30	esksoneecrenneeniroiise|neaseneiiteuinogeintiiggicniedngies|neiinsigneiuile|eeiueuiiasmeieiq|iaiunebeenmonsineeeicyq|engiiesiaiineeeiimonseenq|espeeileei|eniaiigeteenst|niiuessonnoiigneiuile|nsfaietiucieetsixeuenidenainq|nenienueassaseine|gienseeeuinueateniaseensiianipeteneeeuienihaiieiiilenecineeetsaiienueuengeii|aknuneenaoiise|irenuneenaoiise|nsigneiuiiile|gieneeiieiaspieeasiteienusnsi|genisez|nstensileiuiesinuebewinsieseeeilenseineecongenise	0=e,31=s,90=k,30=o,2=n,5=e,61=c,99=r,4=n,1=i,91=a,34=s,62=t,35=u,33=g,36=i,95=d,93=l,60=a,63=m,3=q,64=b,94=y,96=p,8=t,69=f,65=x,98=h,6=z,32=w
0	713	-2.901729	5	35	rlkieseeapuleulpellie|settelellneillesellnllsslaloyelslei|lelosilsselilde|eelieilluicelelo|ltlilerencesilleeelafo|uslorllullleeellcelteelo|rlbeeldeg|ultllseneuid|sllirltesleolsselilde|siwtlalialeenilzeiulmestllo|lellelieuiittelle|slelteeeillieudelotteuilluslbaneeeioulxullellldelealleeeniullelieiusell|tklileutellie|lpuilentellie|silsselilllde|slelegleltibleeuilnelesiilil|sulteq|linesildelileilliereholioeieeeldelielleeaelsulte	03=r,1=l,90=k,31=i,30=e,2=s,5=e,61=a,99=p,02=u,4=l,91=t,34=t,62=n,35=i,33=s,36=o,09=y,93=d,60=u,63=c,3=o,64=r,04=n,94=f,96=b,01=g,8=d,69=w,08=a,65=z,95=m,98=x,6=q,32=h
0	714	-2.904949	6	34	eiwiuseetbesueesthesie|seameuesdelruierdsiinrlequini|ueadiayeaetl|eeaeelscioena|tsluegeeuousireeentuo|esiacinesueeesouumeeuo|eixeetlef|estsaldeesir|ssleimusuulayeaetl|sikapraetnedineelesteesaro|ueunuleciiamere|inumeeelrlecreulameesiscstcreueeellestrcsestluetreeedicseulelesies|awulueesausie|twslueeuausie|siayeaestl|inueesetatteecinsensliuif|iesauez|uidesitlaenirlegeyluileieeetluiereetuuiesaue	0=e,31=i,90=w,30=u,2=s,5=e,61=t,99=b,4=u,19=t,93=h,11=s,91=a,34=m,62=d,35=l,14=r,33=i,16=n,36=l,95=q,15=n,13=a,32=y,60=c,63=o,64=g,3=o,96=x,1=f,8=r,69=k,10=p,6=z
0	715	-2.982978	5	37	bebrmeenomiemexlrc|teageiesdetriuerdsuucrlheiucu|ierdurfereet|eereetsaunecr|estiedemnitureeeceio|murauclreeesniigeeio|beweetl|mesrtdemus|tstbriitiilrfereet|tupaysrenceduceetmeeetaro|ieiciteauuagere|ucigeeetrteaseilagemusateasmeeetlmesasesetienreeeduaseitetmues|akitiemaisue|ekttiemaisue|turfereset|ucielcereneeauctecttuiuq|umriez|iudetuetrecurtedefliuleueeeetiuereeniiumrie	03=b,19=e,13=r,02=m,5=e,61=n,99=o,4=i,93=x,01=l,15=c,2=t,91=a,34=g,11=s,62=d,35=t,14=r,30=i,33=u,16=c,36=l,09=h,31=u,32=f,60=a,63=n,64=d,04=m,3=o,65=w,8=s,69=p,10=y,90=k,1=q,6=z
0	716	-3.022216	5	34	eiwindilyegiecyneeii|droiaieeuileantieaueettelauerateii|aieuneetdeleti|iielileesiaieiep|erelaifieaanneeaiiielzp|eniueieseeaiiieeanaoiiap|eihiietiee|ecreetiuienes|celeiongnuetdeleti|nekreeselleiiuiexilecrimeeap|aiaeialisiiroieai|teiaoiiilealissiauroieneeescheseaiiiluecoseeieeetiaileaiiiuiseeialilenlee|rwalaiemeneeii|eyeniaiearneeii|neetdeleeeti|teiaieeeieriheiisieuieiniiaie|tecoib|aiuineetieleiiealifiquaiuiiiiietiaiieaiilnatecoi	0=e,31=i,90=w,30=n,25=d,5=i,61=l,99=y,24=g,21=c,1=e,91=r,34=o,4=a,62=u,35=l,33=t,36=u,95=r,23=n,93=t,60=s,63=a,3=p,64=f,94=z,96=h,8=s,69=k,65=x,29=m,98=o,6=b,32=q
0	717	-2.852042	5	39	fiwuedesoineiioeiiue|drdeneiicetineleinciillisneyenlieu|neieuiilditile|eeitetiinuteieia|iritnemerteuiineeeissa|iliefiiniineeeiitendeena|ficeeilep|iiriileceiug|qitfidemeeilditile|uiprioitsieecuixetiiheaiina|nenientenuurdeine|liendeeetintengenerdeiuiinqcoreeeteiikniieiiilenesineeecuniientetileii|rwntneireiiue|ioitnerreiiue|uiilditiiile|lienepieirucieenuiceieueunui|liideb|nuceuiileitieuintemezenueeueeeilenueineesenliide	03=f,1=i,90=w,31=u,30=e,25=d,5=e,61=s,99=o,02=i,4=n,91=r,34=d,62=c,35=t,33=l,36=e,09=y,23=u,93=l,60=n,63=t,3=a,64=m,04=r,94=s,96=c,01=p,8=g,21=q,24=m,69=p,08=o,65=x,95=h,29=a,98=k,6=b,32=z
0	718	-2.962488	6	38	enwnekimpeziespeini|kotiuiiailcelicaillccmedulan|uioanotioinl|iioiiliunyiao|niluidieuyeriuiiicnug|ernmenceiuiiiiyeutiiug|enpiinleb|esoiliaierx|soientezemotioinl|rcpieroimaianciilesdisiug|uiuauliunnotici|lautiiilcliuriumotiericespereuiiilmesquiiinluimciiianuiiulilerli|owuluiesoeini|nwriuieuoeini|rilkoiinl|lauieiinonmiiunckarinunb|lestih|unairifioiancliditmunminiiinluniciimeulesti	0=e,31=n,90=w,30=e,25=k,5=i,61=m,99=p,24=z,21=s,11=i,91=o,34=t,4=u,62=a,35=l,14=c,33=l,16=c,36=m,95=d,15=a,13=o,32=t,19=n,60=u,63=y,64=d,23=r,3=g,96=p,1=b,18=x,8=r,29=s,98=q,6=h,93=f
0	719	-2.986169	5	41	wnwauiitkuliungmae|dpoiliouienesinuossanslilser|liauraciaine|iiaiieoirriea|noelimipresoliiianla|usairamniiioreloiila|wnxinem|unoaeuiury|haiwaledesaciaine|sakocaiteiuraiieuniifola|lileleiirrpoini|seloiiieneiiyilspoiuroihtcpiiiesunyioionelitniiiurioileieusio|pzleliupeori|nzsilippeori|sosdaione|selimenantiiiradesirlrq|sualib|lruisogiaierneimicslrsiriiinelriniitelsuali	03=w,19=n,13=a,02=u,5=i,61=t,99=k,4=l,93=g,01=m,15=e,25=d,91=p,34=o,11=o,62=u,35=e,14=n,30=e,33=s,16=a,36=s,09=l,31=r,32=c,60=i,63=r,64=m,04=p,23=s,3=a,65=x,8=y,21=h,24=d,08=c,29=f,96=t,90=z,1=q,6=b
0	720	-3.073365	1	27	siezieislnndcslasleciseeien|lnriaaeeonineasiinebleeiiiiedaumaienie|aeioieeiilneinetn|nneinnineeuiegnenei|ereinafnsbiislieeannedwi|sliieiuieeueeanneegisaana|siesnnetnse|slereeiinonsliee|leeinsieiaslasidiilneinetn|liepreseeindennoieexninslemnlrea|aknannuieieriaea|iienaannineannuenapeiaslieeeulessesanniniulequeeneeetnadeannoieueenanninsliinee|rzanaslriseeien|ecslinasheiseeien|lieeiilneineeetn|iienaseeneriesennuieeonenlinieaee|iisleiay|aeonlieetneinenieeannfnilifieixiennnetnaeneandisaisleia	0=s,3=i,1=e,90=z,2=l,5=n,61=d,99=c,45=a,91=r,62=o,43=a,46=b,60=u,95=m,93=t,63=g,64=f,94=w,96=s,8=e,69=p,65=x,41=k,98=q,49=h,6=y
0	721	-2.951347	1	30	slzeleniisgnanlgerleli|tiueaalltieilaseilktlleeeelsacpaeliel|aletelleetileiloi|iileiieillceliilile|luleiadinienellaiilshe|neelecellcllaiillieneaia|sleiiloir|nlulleeitinelm|tlleisleanasseetileiloi|telbulxleisliitellfieinlpitula|awiaiicelelueala|eeliaaiieilaiicmiableanelllctlexniiieiectlycllillloiaslaiitelclliaiieineeill|uzaianuerleli|lgneianuerleli|telleetileillloi|eeliarlilueleliicelltiliteielall|eenleaq|altitelloileiliellaiidietedelefeliiiloialilaiseneenlea	03=s,1=l,90=z,3=e,02=n,5=i,61=s,99=g,45=a,01=r,2=t,91=u,62=t,43=a,46=k,60=c,95=p,93=o,63=i,64=d,04=n,94=h,96=e,8=m,69=b,08=x,65=f,41=w,98=y,6=q
0	722	-2.908096	3	31	aisailaneesaanmanshauit|neeimmuneiediaiiednuiiiirditbritiq|mlniuiinelesie|eeleeieutirietl|suiempeagiianiumeersr|aniiltiutumeeuxiarmer|aiscesieaq|ansulieneanif|nuieailranraisiinelesie|nirauailesteniuceieanseenedi|mwereetilslmde|iitrmeeiedieetierklmaniuranstiameeieitnsitueusiemsdeeenirauereeieaniieu|ezremaneiauit|szniemaylauit|niuiineleusie|iitmaueslsseetiunetnieidiu|iianlmo|rrneniuheletiureepeinipilciteesiertdeesiarianlm	0=a,3=i,19=s,13=l,2=n,5=e,61=s,99=a,45=m,93=h,11=u,15=t,91=e,62=n,14=d,16=r,60=t,95=b,43=r,1=q,64=p,46=g,63=x,65=c,18=f,8=i,41=w,69=k,90=z,49=y,6=o
0	723	-2.970337	2	33	oloiaeenmasalgrie|ueflssineleslolesnilllltslaprlelh|sinlillueielle|eeieeleialtleei|lilesdeuxlaliseetlr|allialiaiseeixlulser|olbeller|aliilenealy|uileoiraronllueielle|ultmicieneenlibelealeeufsl|swereealilisse|llerseelesleeaterzisalitalatueeelelaultaieillesnseeenltrereeleallei|fkresaflrie|lkulesuflrie|ulillueieille|llesrelilneealineeulelsli|llaisq|rtueuligeieelireedeluldlibleeellereseenlullais	03=o,19=l,13=i,02=a,5=e,61=n,99=m,45=s,93=g,01=r,15=e,2=u,91=f,3=l,11=i,62=n,14=s,16=t,60=a,95=p,43=r,1=h,64=d,04=u,63=x,65=b,18=y,08=c,41=w,8=t,69=z,90=k,6=q
0	724	-2.949523	1	31	alihlilaceixapeaexlaiilie|colssiiteleiralleineilllliirtrrlieli|siltliillcileide|eeileeleiitlikeieil|ioilesneanllauiiseeiial|auliltliitiiseeiiklarser|aligeeideai|aeoiilleteauib|eilealilraplalillcileide|uiyoiabileiieetliizeleaeremiir|swereetliliolsis|llierseeleireetberyilsauiiitegabaseeleltestiieiiidesiiseetlitiiereeleauleii|ohresamilaiilie|ixauesafilaiilie|uiillcileiiide|lliesaiieioligieetliiteieuelirii|llaelsq|riteuiideileieliireenelunlilzlieeeiderieiseilarlaels	0=a,3=l,1=i,90=h,25=c,5=e,61=i,99=x,24=p,21=e,91=o,45=s,62=t,43=r,46=n,60=t,95=r,93=d,63=k,64=n,23=u,94=a,96=g,8=b,69=y,65=z,29=m,41=w,98=s,49=f,6=q
0	725	-2.959903	1	33	mehieilsscxlalexigeies|fliaaeeusiseamisezseiiiiecauraiesie|aeiuieeiifeisens|sseissiseeuietsesei|eleisaisetilieeassecoi|liieiuieeueeasseetieiasa|meyssensg|leleeiisuslier|seismeialamciifeisens|tebledeiscessuieensislerspeea|awsassuieieliaea|iiesaassiseassursabeialieeeusydesssisiusqueeseeensaceassuieueesassisliisee|lhasalligeies|exlisaeligeies|teeiifeiseeens|iiesageselieyessuieeusestsieaee|iileiak|aeusteenseisesieeassisitiieiniesssensaeseascieiileia	03=m,1=e,90=h,3=i,02=l,5=s,61=c,99=x,45=a,01=g,25=f,91=l,62=u,43=a,46=z,21=s,60=u,95=r,93=n,63=t,64=i,04=e,94=o,96=y,8=r,23=t,69=b,08=d,65=n,29=p,41=w,98=q,6=k
0	726	-2.798666	3	37	illileirirsixiiasliela|rwluuetiliolilliotellllcolumslalo|uetlellreilli|iieiilieulcliae|leliuniiflliceuiicls|icleuleueuiieklisuis|illpilliio|iawellitiich|aeiilesixlilrllreilli|ccseineiraitlepiliiamites|uzisiiuleleuoi|llasuiilioliiunisdeuiceciabiniuiililuaqueielliuroiiitlcieisiiliiclie|wgsiuiteiela|lgciuimeiela|cellreielli|llauieilelriiuletiacilole|llialuy|scrcedieialesiinilcnleplaiillisaoiirlislialu	0=i,3=l,19=l,13=e,25=r,5=i,61=r,99=s,24=x,21=a,11=e,15=a,91=w,45=u,62=t,14=o,16=c,60=u,95=m,43=s,1=o,64=n,46=f,23=c,63=k,65=p,18=h,8=n,29=t,41=z,69=d,96=b,98=q,90=g,49=m,6=y,93=d
0	727	-2.889214	2	37	anauueetdusunmaul|boissedeieriaierdeiiiinriihcilig|sudieiibuenie|eeueeieeiinielu|neiestempiuieseennc|uiiuiieieseeepimisec|anceniea|uneuiedeuis|kueaucucatiibuenie|lndequetledieceieuneexec|szeceeiiunusre|iilcseeierieeirecousuienunirmeeeieiikfieeeniestreeedinalceeieuiiee|owcesuoiaul|nwlesmoiaul|leiibueenie|iilsalnunteeiiedelleirie|iiuusy|cnblemeuelieceeteiltiucileenieclreetimiiuus	03=a,19=n,13=u,02=u,5=e,61=t,99=d,45=s,93=m,01=a,15=l,25=b,91=o,3=i,11=e,62=d,14=r,16=n,60=i,95=h,43=c,1=g,64=t,04=m,63=p,65=c,18=s,21=k,23=l,08=q,29=x,41=z,8=r,69=o,98=f,90=w,6=y
0	728	-2.926433	3	34	irwrdeiionielieendeeri|eiusileetineriliebeeelleorumrrir|letereleienesi|iienineeuraieiep|euenloiibliereliieoyp|ieletireueeliieeadrlir|irciiesiie|ieeueelitiiera|eeenirsderiteleienesi|erqueiaenoeiitrezinieemieuer|lkiriiurrusiel|leirliineriiuairqesiiereeueeciailiintieefueeieeesiloeliitrueeiriinieliee|uwrilieudeeri|enienligedeeri|ereleieneeesi|leilieeieurceiiuretieienrree|lieesix|retieresieneireriioihtretiriiiesireieliodrdeesi	0=i,31=r,90=w,30=d,2=e,5=i,61=o,99=n,45=l,1=e,91=u,34=s,62=t,35=n,43=r,33=l,46=b,60=u,95=m,36=t,93=s,63=a,3=p,64=o,94=y,96=c,8=a,69=q,65=z,41=k,98=f,49=g,6=x,32=h
0	729	-2.940598	3	37	mekiutllafcicefueeil|tlnslieealreemrexteenneaeuleili|iertientleresl|llerlreeuiclelep|eneriolocutieilleayp|cnermeeueeilleecueile|mezllesld|ceneenlalcim|teermesutemantleresl|tignederaellaietlrcelltnee|iwlelluiinslei|neleillreellumlegeslcieeutezdolllrrcequeeleeesliaeillaiueelellrcnlee|nkelicnueeil|efcrionueeil|tientlereeesl|nelidelenizelluiealeltrieee|nceslh|eealtieslerelieellolbreerlilllesleeleilaueutesl	03=m,1=e,90=k,31=i,30=u,2=t,5=l,61=a,99=f,02=c,45=i,91=n,34=s,62=a,35=r,43=e,46=x,33=n,60=u,95=l,36=r,93=s,63=c,3=p,64=o,04=o,94=y,96=z,01=d,8=m,69=g,08=d,65=t,41=w,98=q,6=h,32=b
0	730	-2.825224	3	39	ilzlaniidrinsinsyilli|niopisluienatinulttoncipulil|seuledieise|iieiielalfiee|slesbiiktinlniiiosu|intealoilsiilfausiu|ilwiiseig|insleeuiinlm|nleilpanuicedieise|nlhommeideiuloiieinsiinonq|sxiuiiallopini|teusiieneiamiuhesinllansamisiiecinsmalilsesdniiiulaliuiieintil|ozuisinoalli|sznesireilli|nledieilse|tesilisesdiialonienelul|tinest|uoninlseeielneibidcuecliiiseueniidauanes	0=i,31=l,90=z,30=a,2=n,5=i,61=d,99=r,45=s,19=s,93=y,11=l,91=o,34=p,62=u,35=e,14=n,33=t,16=o,36=c,95=p,43=u,13=e,32=d,60=a,63=f,15=e,64=b,46=k,96=w,1=g,8=m,69=h,10=m,3=q,41=x,49=r,6=t,65=c
0	731	-3.027569	2	38	gtgaiiitkiuithbas|nicpiulnioeecienlccleroisuiu|uanuafiaito|iiaiiolaudisa|tloupiydenueiiilts|icaaulbeiiildesuis|gtditob|itlaoniium|nlogasisgtcniaito|numcrmaitsinuliioitiinceq|uwisiiauucpiei|cssuiioeoiamismauiulantamyiiioritmaliltouteiiinualisiioicil|czsiuicelui|tznouycelui|nuafiailto|csubstattiiaulnisnousl|ciaux|slninutoaisueoipifrsaduiiitosseiitesenau	03=g,19=t,13=a,02=i,5=i,61=t,99=k,45=u,93=h,01=b,15=s,2=n,91=c,34=p,11=l,62=n,35=o,14=e,30=e,33=c,16=l,36=r,09=o,43=s,31=u,32=f,60=a,63=d,64=p,04=y,65=d,8=m,69=m,10=r,3=q,41=w,90=z,6=x
0	732	-2.740395	3	38	auquemescapeanceiiue|madesiitenirareibnirrisrogrueu|siiuiirminile|eeineniioupeieio|iainsdeabrauiiseeisho|auuiauioiiseeiiperser|aumeeileai|anaiireteauil|ninaudepeiirminile|uiyaialinsieetuixenangetiir|skereeouuadeis|rierseenireeoleryideauiiionmalaseeniancoiieiiilessiseetuoiiereenaunii|aqresatieiiue|icauesafieiiue|uiirminiiile|riesaiieiaumieeouiteieueurii|randez|riteuiileinieuireedewiriieueeeilerieiseserende	0=a,31=u,90=q,30=e,25=m,5=e,61=s,99=c,24=p,21=n,1=i,91=a,34=d,45=s,62=t,35=n,43=r,33=r,46=b,60=o,95=g,36=i,23=u,93=l,63=p,3=o,64=d,94=h,96=m,8=l,69=y,65=x,29=t,41=k,98=c,49=f,6=z,32=w
0	733	-2.743279	3	41	qiyneieurasaireiine|iotesiitenirqniksilliuramrnen|sichiiliinile|eeineniianueieie|ioinsdemuehiiseeiuge|alicqiiaiiseeiiuerser|qiceeilep|aioiileteanb|sinqitepeciliinile|hiaoioinuieetnidenaimefiir|swereeannoteis|lierseenireeaberaiteaniiascomeeencaixaiieiiilesuiseetnaiiereenaleii|oyresaoeiine|iransmoeiine|hiiliiniiile|liespieioncieeaniteiehenrii|laitez|ritehiileinienireedescriceneeeilerieiseuereste	03=q,1=i,90=y,31=n,30=e,25=i,5=e,61=u,99=r,02=a,45=s,91=o,34=t,62=t,35=n,43=r,46=k,21=s,33=l,60=a,95=m,36=c,23=h,93=l,63=u,3=e,64=d,04=m,94=g,96=c,01=p,8=b,24=p,69=a,08=o,65=d,29=f,41=w,98=x,6=z,32=s
0	734	-2.675118	2	43	eukuepectegeesteiue|paderinetlemelnimmnlieurueu|rlnulpelest|eeleetinuheal|sitrdeetmesireensr|esuieuneireeiherrer|eumeestex|esaimeneesq|sleeudegeilpelest|sntieflecaenuneetesueoir|rwereenuuadele|marreetltenferalresinesmefereetiescnieistrcleeenuniereetesti|akrereoleiue|skserezleiue|simpleist|mareieslsceenunpaseuri|mesdeb|rnpsiyeleaultedepirloueeestraleeceresde	0=e,31=u,90=k,30=e,25=p,5=e,61=c,99=t,24=g,21=s,11=i,91=a,34=d,45=r,62=n,35=t,14=l,33=m,16=n,36=i,95=u,43=r,13=l,32=p,19=s,60=n,63=h,15=a,64=d,46=t,23=s,96=m,1=x,18=q,8=f,29=o,41=w,69=a,98=c,49=z,6=b,93=y,65=o
0	735	-2.875516	1	41	lallieesmisiafolr|echestneuiedeintddpioyerueu|slnuldeleau|eeleeutauserl|atusmetsentseepar|idlaupoieeetserser|lageauo|iatluneiup|clellrirlsdeleau|npmtalesrenupeeuiaeextr|swereeauucheie|drrseeuiueaperklsiutacbateeeuoiapatetaussieeenuatereeuidet|czresicetue|aznestcetue|ntdeletau|drsoralaseeauperneurt|dilsq|rpentfeleruiuemedorlgueeeaurrieesereche	03=l,19=a,13=l,02=i,5=e,61=s,99=m,45=s,93=f,01=o,15=r,25=e,91=c,34=h,11=t,62=n,35=u,14=i,30=e,33=d,16=p,36=o,09=y,43=r,31=u,32=d,60=a,63=s,64=m,04=t,23=n,65=g,8=p,21=c,08=a,29=x,41=w,69=k,96=b,90=z,6=q
0	736	-3.064992	8	30	olixlilonscbonianibloiilip|nwiliteiumeilolleiuiilllliciledillimi|ieluliillnelesp|silsleieligeel|itiltaiaiglonliiisecql|onllileliieiiiseigloilisil|olirsisai|onitiillananlin|niilalililonilolcllnelesp|nlihtionilaiisuliiymanidktiil|ititlselilitlieip|llitlismeilsentlhilianliiienironoismmenizeiieiistaiiisanlieiitlslanllei|txiltantloiilip|ibonltaitloiilip|nliillneleiisp|llitaiietliriseliiueklmiilii|llonilia|iliukliiselemiiilsfmnlflilylisestlieiscloillonilip	0=o,3=l,1=i,90=x,2=n,55=s,61=c,99=b,4=i,50=a,5=p,59=w,54=t,51=e,62=u,53=m,60=e,95=d,93=s,63=g,91=t,56=a,94=q,96=r,8=n,69=h,65=y,52=k,98=z,64=f
0	737	-2.902046	8	34	rizeiesictsuatitepieiu|twieurnilenuerenuliieeeeicuenoueeiei|uneleiieetnenou|iieienineimnne|idiersuaumeseiiuincbe|seeieneiiniiuinimeleuiue|rikiioai|sidiieestateig|tiieaeieuesuerceetnenou|teiadifiesiiileiiheatioydiue|urireineieideunuu|eeireuienueingreaieuateiiintikflieentiqniiniiorsiiuisteiniireieateeni|dzueratdepieiu|itseraudepieiu|teiieetneniiou|eeiraiindeikiineiilnyeeiueii|eesieus|ueilyeiioneneiiueixetexeieheiinoreinuiceleesieuu	03=r,1=i,90=z,3=e,02=s,55=i,61=c,99=t,4=u,50=a,2=t,01=p,5=u,59=w,54=r,51=n,62=l,53=e,60=n,95=o,93=o,63=m,91=d,56=s,94=b,04=l,96=k,8=g,69=a,08=f,65=h,52=y,98=q,64=x
0	738	-2.860647	8	35	leclenlisuoliilicaluen|iknirstiasieleesirueeeetyedwieenep|isereueeisesaf|snsestletesse|cueroiligelieuissube|lieendeuduissteelieisie|lectsalp|licuneoiliex|iuelenieliieleueeisesaf|ietoulenousreutalicsidye|irniesdencnisif|eenieisasiesdereqnilieutlicdelisaadicedusuarouisoietlureselieesp|dzierlideluen|czierlideluen|ieueeisesuaf|eenilusdecusdeursheayeu|eelinio|ietiheuasesauiesmaiementenscerenysuelieelinif	0=l,3=e,19=c,13=n,2=i,55=s,61=u,99=o,4=i,50=l,93=a,11=u,15=n,59=k,54=r,51=s,16=t,53=a,62=r,14=y,60=d,95=w,1=p,5=f,56=o,63=g,94=b,65=t,18=x,8=e,91=d,69=q,90=z,52=h,64=m
0	739	-2.805887	8	39	titedansdrelirset|lherlenlueritiercuiiiinpickriitiq|reiciuiileierd|aeaientnieei|iuilareroidiuraenfi|diieciucuraeniimirari|timereq|diueialeliz|luieieridritniileierd|linsupeauaciumuelialopi|rltriacieiererd|iitriraueriacylibereliundicymauucliycueurlauraalinstriaieliieq|owrileloiset|iwlileroiset|liuiileieurd|iitreueoiinaciucexiupiu|iidera|rinlxiureieuuriaguligiemitaiilitpanimiiderd	03=t,19=i,13=e,02=d,55=a,61=n,99=s,4=r,50=e,2=l,93=r,01=s,15=t,59=h,54=l,51=e,16=n,53=u,3=i,62=c,11=u,14=p,60=c,95=k,1=q,5=d,56=a,63=o,94=f,04=m,65=m,18=z,08=p,91=o,8=y,69=b,90=w,52=x,64=g
0	740	-3.061245	8	33	uieqieiucdeguytfgiueeiea|cliusletrluiuiiluteeiiiieouinkuiiere|ulitieeiiceilna|eeieileniemlli|eleisdutumiuieeuelobi|uiieinieeneeuelemiuuiueui|uiereente|ufleeiidcuies|feitieiuiuyiuioiiceilna|iezleuseideeetieeprtfkaleui|usesienieieliulua|iiesiuerluienssizeiutieeenfrusuuerrnfwneeleensdeeuedieneesieitiile|lquistheiueeiea|eguistuliueeiea|ieeiiceileena|iiesteelliereenieetlaireuiee|iiufiud|uietaieenlilreeuiexrixieipieelnsielueoiuuiiufiua	0=u,3=i,1=e,90=q,25=c,56=d,99=g,24=y,50=t,21=f,5=a,91=l,4=u,54=s,51=l,62=t,53=r,61=o,60=n,95=k,93=n,55=e,63=m,23=i,94=b,96=r,8=s,69=z,65=p,52=a,98=w,29=h,64=x
0	741	-2.918300	8	36	miweierayirlapiebieie|tdelrniconlemenlciieeeeiyleuoleeioi|lneceiieetiense|aieaeniueilnne|idierslallereiilanyhe|reeieueiiuiilaniledelale|mikaisai|ridiieestreig|pieaeielerlemyeetiense|uizdixiesiiaceiicoapondile|lrireaueieidelnle|eeirelaonleaugrezielauiiiupkxdaooupquiiniisrsiilasuiuiireaeaueni|dwlerafiebieie|iireraldebieie|uiieetieniise|eeiraiindeikiaueiicnneoileii|eeriels|leicneiisnenoiileatouteieceiansreinlayedeeriele	03=m,1=i,90=w,3=e,02=r,55=a,61=y,99=i,4=l,50=a,21=p,01=b,5=e,25=t,91=d,54=r,51=n,62=c,53=o,60=u,95=o,93=s,63=l,56=s,94=h,04=d,96=k,8=g,23=u,69=z,08=x,65=c,52=n,98=q,29=f,64=t
0	742	-2.885134	8	40	rieriurodemmconirein|otieurpoireiriireceiiiiptisleiinip|ericieiioursq|susirpripirri|eeiudecewirleesrdzi|rliusieseesrpiireiesei|riekrscp|roteiidorlh|ouciueirmiridiioursq|lpneraudesciekicolatti|euneissiueuereq|iineiesireissauiguecleprofraresiisobseresudeesdlpreuisiclirp|tmeiucxurein|emlucetirein|leiiouresq|iinecertiedssiecraiitie|iiroied|eipolesririeeisyilyiukinseiuintsdireiiroieq	0=r,3=i,19=e,13=u,25=o,56=d,90=m,24=m,50=c,21=o,99=n,11=e,15=n,91=t,4=e,54=u,51=r,16=p,62=c,14=t,60=s,95=l,1=p,93=s,5=q,55=s,63=w,23=l,61=d,94=z,65=k,18=h,8=a,53=i,52=a,69=g,96=f,98=b,29=x,64=y
0	743	-2.975355	8	42	tntenisonatnoisep|umiaclauilaitilaceiiiiakiaoaiipir|alicieiiuelsd|ieiilatailli|neicrataminieailsbi|niieaieaeailaiihiaiai|tnulstr|nneeiruniq|netieainaitsiiuelsd|eaoewereicieultnozmki|acpaiiaienealad|iipaiaillaiiapcigeateeannaphillanyaelescreaireaspaiiiteilr|mfaictdesep|nfectamisep|eeiiuelesd|iipatelminsiaieclzilkie|iinear|aiaueeslilleaiixlexieuipinicipkisihiinead	03=t,19=n,13=e,02=n,55=i,61=s,99=o,4=a,50=t,21=n,3=i,01=s,15=p,25=u,91=m,54=c,51=l,16=a,62=c,11=e,14=k,60=a,95=o,1=r,93=s,5=d,56=r,63=m,94=b,04=h,65=u,18=q,23=e,08=w,53=l,52=z,8=p,69=g,98=y,90=f,29=d,64=x
0	752	-2.958584	7	35	telzeletiulhtintilhetllelu|iqlennllcaneteenbilleeeellermeelal|nlecelleeinenou|uleuenlrelonne|lsletintbeetiellnullye|tieelerellrllnulloetente|telpulorl|tilslleeiiriela|illereleetieteleeinenou|ielfsltaleillucelldarilmssle|nwteurelelsenln|eeltenueneurateflentielllrilptatnuearilkrllnllotillnucelrllteuerieenl|szetrisetllelu|lhtietrxletllelu|ielleeinenllou|eeltrllnselplurellcnsealell|eetileng|elcsellonenalleudaiedeledelunotelnnileteetilen	0=t,3=e,1=l,90=z,2=i,55=u,61=l,99=h,45=n,5=u,59=q,62=c,53=a,51=n,43=e,46=b,60=r,95=m,93=o,63=o,91=s,54=t,56=i,94=y,96=p,50=r,8=a,69=f,65=d,52=s,41=w,98=k,49=x,6=g,64=d
0	753	-2.892634	7	39	llwilinimunenluiflily|aqlieellesualiugalliiiilmaetailsl|elieilliiauiuoy|iliiiuleilduui|lclincemdinilleilmri|niilieillelleilldimieni|lloilotl|nlclliicataild|allitilianalmiiauiuoy|ailbclhlicllieillkstaltrcla|exniieililciele|iilnieiiuaiedniblienilllealohmissealpellullonclleieilellniiitaiiul|cwantaciflily|lunintpliflily|ailliiauiulloy|iilntllucilolieilleurislall|iinliez|alerillouiusllaissaisilikiliuonilueclimiinlie	03=l,1=l,90=w,3=i,02=n,55=i,61=m,99=u,45=e,01=f,5=y,2=a,59=q,62=e,53=s,51=u,43=a,46=g,60=e,95=t,93=o,63=d,91=c,54=n,56=c,04=m,94=r,96=o,50=t,8=d,69=b,08=h,65=k,52=r,41=x,98=p,49=p,6=z,64=s
0	754	-2.850197	8	39	ritrieresagrenretarein|ewennelcluriilyeeiiiiuoisquinio|nelieiielilap|sesiluriuilli|teiminryiireiensutu|reiiesiesensezirunmi|ritdlamo|reteeiiemeix|eeimieureuriaiielilap|eiugerceiesliedcmetsepoi|nfmissietenop|iinunsilusscmihenreieuretscrnsicsetcseleamiensliuremisimeiilo|pkummepirein|tkeimmberein|eieiielileap|iinnrelpitassiellricoie|iireend|uueriealilceustceitiedinstiminosairuireen	0=r,3=i,19=t,13=e,2=e,55=s,61=a,99=g,45=n,93=a,11=e,15=n,59=w,62=l,53=c,51=l,43=u,46=y,16=u,14=o,60=s,95=q,1=o,5=p,54=m,56=i,63=z,65=d,50=m,18=x,8=c,91=p,41=f,69=h,90=k,49=b,52=r,6=d,64=t
0	755	-2.804849	8	43	tstesamysnsstmen|uzennedcnetinqueiiiiupiiheinis|nedieiiuninta|aeainutuinni|seillntdisienause|siieiieienaeditinli|tsantos|sseeiluouio|ueioieesetmiiuninta|uiuyereleadieacousauxpi|nwliaiiesenpa|iinenaineaibligensieussibtacciusbienetllenadiumneaiouiins|xkelouximen|skuiloremen|uieiiunineta|iinnmnsesmaiiednpicpie|iisenf|euupietninceeaccuicieainasilinpamitiisen	03=t,19=s,13=e,02=s,55=a,61=m,99=y,45=n,93=t,01=m,15=n,2=u,59=z,11=e,62=d,53=c,51=n,43=e,3=i,46=q,16=u,14=p,60=i,95=h,1=s,5=a,54=l,56=l,04=t,63=d,65=a,50=o,18=o,08=r,91=x,41=w,8=b,69=g,90=k,49=r,52=p,6=f,64=c
0	756	-2.989341	7	38	erifriretsinezmonreiiriu|trrlliipiauerramoirrrritunsuriii|lirpriirrtiradu|airarainricaar|irireslemrreciilaitbr|ecrirnriiniilaiicreuler|erigaidmi|eoriirrstecid|oirmriruezrertrrtiradu|ciwriedirsiiapriipimoslriu|lkeranririrrlil|rrierlarauanderwirleciiinogedelarinoyniiaiidesiilapriniierarmcrai|rfuemoireiiriu|inecemxireiiriu|ciirrtiraiidu|rriemiiarrigianriipalriiuii|rreorlq|uiplriidaraiiiuahichrirpriaaderialsireureorl	0=e,3=r,1=i,90=f,25=t,56=s,99=n,24=z,50=m,21=o,5=u,91=r,45=l,62=p,53=i,51=a,43=u,46=m,61=t,60=n,95=s,93=d,55=a,63=c,54=e,23=c,94=b,96=g,8=d,69=w,65=p,52=l,41=k,98=y,29=o,49=x,6=q,64=h
0	757	-2.792142	7	41	biweiedulxdudixepieia|tleuuiinesabesoiieeeeilancaeiei|uieneiieetiesta|uieuesineimsse|ilieraugmedeiiuuilze|deeieneiiniiuuiimegeure|bimuitci|diliieeatdeio|iieceieadableetiesta|siplieieaiiuneiidecicslia|ukreuneieileuiu|eeireuuesaunorepieudeiiinimegueenifniisiitraiiuuneiniireuecsesi|lwarchiepieia|ixdercyiepieia|siieetiesiita|eeirciisleimiuneiinsseeiaii|eedieuq|ainseiitseseiiauresreiedeiustreisuaiegeedieu	03=b,1=i,90=w,3=e,02=d,55=u,61=l,99=x,45=u,01=p,5=a,25=t,91=l,62=n,53=e,51=s,43=a,46=o,21=i,60=n,95=c,93=t,63=m,54=r,56=a,04=g,94=z,96=m,50=c,8=o,23=s,69=p,08=e,65=d,52=s,41=k,98=f,29=h,49=y,6=q,64=r
0	758	-2.818539	8	44	ninniendinqfrdtinein|dsitterilaniilmdeiiiasiloainim|terieiidelap|ueuilaniailli|neiuitnmiineetuana|neielieletuezinatui|nintlarm|ndseiiidney|derieanfinisiidelap|eatenceieurietirdocssi|txuiulienetsp|iinatuilaulcuiketneeandbncntuiildoleleauieturianeuiuireilm|sqaurhenein|nqeurwenein|eeiideleap|iintnelsinsulierlciisie|iinditg|aadeealilieaupiepietinuniuinsusinaindit	0=n,3=i,19=n,13=e,25=d,56=i,90=q,24=f,50=r,21=d,99=t,11=e,15=n,91=s,45=t,62=r,53=i,51=l,43=a,46=m,16=a,14=s,60=l,95=o,1=m,93=a,5=p,55=u,54=u,23=e,63=z,65=t,18=y,61=s,8=c,52=c,41=x,69=k,96=b,98=o,29=h,49=w,6=g,64=p
0	759	-2.695267	8	46	plpautomunulsuan|pqinnerisepisgaaiiiauilneinis|narieiipasse|tatisapaissi|leiomntdiuientale|uiialielenteditinoi|plcssis|uleaimpuib|aaiiaeuepoiipasse|ramezametrieciiantqui|nwoitlialanue|iinentisetlfoixanuieaullfttiilaylesesomentriaunetiiriss|qkeoirauan|lkroihauan|reiipasese|iinnunlalotlierstiiuie|iiuand|eapressisieetcirciacintlioinutoitiiuan	03=p,19=l,13=a,02=u,55=t,61=o,99=m,45=n,93=s,01=u,15=n,25=p,91=q,3=i,11=e,62=r,53=i,51=s,43=e,46=g,21=a,16=a,14=u,60=l,95=n,1=s,5=e,54=o,56=m,04=t,63=d,65=c,50=i,18=b,23=r,08=z,52=t,41=w,8=f,69=x,98=y,90=k,29=r,49=h,6=d,64=c
0	767	-2.771702	8	53	cicereuuririnset|ratioornalboedebuulaplusp|iequemonin|eeentaufood|itniwdebruaeoupd|rbeauosaeoobmtel|cirondp|ritenqdem|dedutlhlcemonin|eoutlestequoenrientl|ioinsceieiay|btlienanslicatdetoriagmessadcatotnistiequatinsdent|aklidneset|ikeidxeset|etbreotny|btistieiueauortesaup|breiz|loretnontuansimclerueoniuoisembrei	03=c,19=i,13=e,02=r,55=e,61=u,99=u,45=i,93=n,01=s,15=t,25=r,91=a,34=t,54=i,51=o,16=o,35=n,14=a,30=l,33=b,46=e,21=d,31=u,43=l,60=a,95=p,53=s,1=p,62=q,32=m,11=t,63=f,3=d,64=w,50=d,94=p,04=m,65=r,23=e,18=m,24=h,36=c,08=l,56=s,29=n,41=o,5=y,8=g,98=c,90=k,49=x,6=z
0	768	-3.030044	1	19	seizeiestuunicstlusticesiieiu|tudeluluiintueuileseeuilntiieeeeinilensbleeiuei|luienteiieetuieuiou|uuieuueuiinseineuiuie|idieulunluslneesteiiluuuinihe|steeienseiinsiiluuuiineesleluule|seiauuiousi|stidiieeuntusteim|tiieuseielestlesenieetuieuiou|teinciisreuniiuunteiinuueustibutdile|luliuleuunseieideluilu|eeiuleluuueuileuunsylendelusteiiinstiaspluuueuenstifnsiiuiiiouluniiluuunteinsiiuleuueusteeuii|dzleulustdesiieiu|icsteulusldesiieiu|teiieetuieuiiiou|eeiulusiiuideiaiuunseiintuiuteueileii|eestielun|leintuteiiouieuiueiileuunluetenleienueiuuuiouleiuiluuniesleestielu	0=s,3=e,1=i,90=z,2=t,5=u,6=n,99=c,4=l,91=d,95=b,93=o,94=h,96=a,8=m,81=r,85=y,80=p,98=f
0	769	-2.957010	1	21	ouwiuileesuclreluciquiue|deairereuusdeieurioieursduuiiiiusurisheriiueiu|reuisdiuuiideuieune|eeuieeieuusousieueui|uauieresretsiiliuureeeusubi|liiuisouusqureeeuusiitireeri|oumeeuneq|luauuiiesdeliug|duuieouirilriosuiideuieune|diuscuupuiesuueesdiuuseeieluxedauri|reruerieesouiuaireure|iiuerireeeieurieesperisaireliuuuslumpteeeieisluysqueuuuneresuureeesdiusquerieeieliieuu|awrierelaiquiue|uclieretaiquiue|diuuiideuieuuune|iiuerequeuaiumueesouusdeuedieiuriuu|iiluires|riusdediuuneuieueiuurieesreidisriuiseiueeeuneriueureesuitiiluire	03=o,1=u,90=w,3=i,02=l,5=e,6=s,99=c,4=r,01=q,2=d,91=a,09=h,93=n,04=t,94=b,96=m,8=g,08=p,95=x,98=y
0	770	-3.065435	2	23	uecuesuriiochrliurcaunet|rimelilinorieideueeidorneeeefdeoubleeteg|lisoreneerisicei|iisiieinouefeits|cneilioliuloeeurenliiifcle|ureesouenounliiinoeeuleliile|uecoiiceiug|urcnseioriureq|rneiuesleurleueoserisicei|refknuzeioniiorenoiieiurciirmde|liltleiiouescslidi|eetleliiieideiiouxleomeliurenfurcoupliiieieourcyuninceilionliiiorefunileiieiureein|mhleiliurmeunet|chreiliulmeunet|reneerisincei|eetliunicscotiouenoritreieden|eeurslio|lefrirenaisitenleiioliereolesoietiiceiletdiiosuleeursli	0=u,3=e,19=c,13=s,2=r,5=i,6=o,90=h,4=l,93=a,11=n,15=t,91=m,14=d,16=f,95=b,1=g,18=q,99=k,81=z,85=x,80=p,86=y
0	771	-3.351073	1	24	odocniildwruindfact|riheuiuislrieimeoeimlrseeeegmelziueeteq|uiclreseericidei|iiciieislogeitc|dseiuiluipleenesuiiigdue|neecloslamiiisleepeuiiue|odliideia|ndsceilriney|rseiocuenueolcericidei|regxskcilsiilresliieindiirhme|uiutueiilocdcuimi|eetueuiiieimeiilkiuelheuinesgndlkpiiieielndbatsdeiuilsuiiilregatueiieineeis|hwueiuinheact|dwreiuipheact|reseericisdei|eetuiatdcdltiloslritreiemes|eencuil|uegriresficitesueiiluierelueclietiideiuetmiilcpeencui	03=o,19=d,13=c,02=n,5=i,6=l,90=w,2=r,4=u,93=f,01=a,15=t,91=h,3=e,11=s,14=m,16=g,09=z,1=q,04=p,18=y,99=x,08=k,86=b
0	772	-3.073172	1	23	euifuiueclritezlentueiiuil|cqualaliirculiaueuuliarniuuuuiriaurepauuilui|aliursiiuuciuliol|lliulluliireuiruliliu|iqiulalralearuuesiiallliribu|esuiureuiireiiallliiruueauallau|euimlliolei|enqiiuulrcesix|niuleuiuauezueuriuuciuliol|sirtiiekulriillrsiirllulenplgiiau|alailaullreuiuiqualial|uuilauallluliaullreyaurqualesiiirenmehalllulurendreiiliiiolalriialllrsireiilaullulesulii|qfaulalegiueiiuil|iteslaleaqueiiuil|siiuuciuliiiol|uuilaleiiliquimillreuiircilsluiauii|uuenualr|auircsiioliuliluiiaullralusrauiurluillliolauiliallriueauuenual	0=e,3=u,1=i,90=f,25=c,5=l,6=r,99=t,24=z,21=n,91=q,4=a,95=p,23=s,93=o,94=b,96=m,8=x,81=k,29=g,85=y,80=h,98=d
0	773	-3.181215	1	24	slwalauiielmutiulmarlali|fpatitillefailtasailtezlaaaaleltaeditaalial|tilaecllaaflailoi|iilaiiaillesleailila|lplaitietineaaualltiiilelya|uaalaesllerltiiilleaanatiita|slxiiloir|ulpllaaiefualh|zlaislatautaselaaflailoi|clemllglaielliieclleiiaiulqikllta|titlitaiieslalpatilti|aalitatiiiailtaiiegitaepatiuallleulxgniiiaiaeulberlillloitielltiiieclerlitaiiaiuaaill|pwtaitiuparlali|lmuaitinparlali|cllaaflaillloi|aalitirlilpalxliieslleflicialtall|aaulatie|talefclloilailialltaiietiacetalaeialiiiloitaliltiielanaaulati	03=s,1=l,90=w,3=a,02=u,5=i,6=e,99=m,4=t,01=r,25=f,91=p,21=z,09=d,23=c,93=o,04=n,94=y,96=x,8=h,08=g,95=q,29=k,98=b
0	774	-3.046853	2	28	enaenuesinawpietzneenc|synaiaiensnionenniontunnndonnemanncnl|aiunrennsuiani|iiuiinienendnicu|aeniainaieannnereaiiidaan|ernuneneneeaiiiennneanaiian|enaniianiel|etyenninserq|tuienuanepnennunsuiani|rdzeeknineiinreniinietmisean|aiacaniinenuauaioi|nncanaiiinioniinebannynaieredethefaiiininnetxneeieaniaineaiiinrdeeianiiniernie|ywaniaiesueenc|awriaieayneenc|rennsuieani|nncaieeiauancinenenscrinone|nnetnain|andsregiuicneaniinainrnanuninciianiancoiinueannetnai	0=e,3=n,19=a,13=u,25=s,5=i,6=n,90=w,24=p,21=t,99=z,11=e,15=c,91=y,4=a,14=o,16=d,95=m,1=l,23=r,18=q,81=k,29=s,85=b,96=h,80=f,98=x,93=g
0	775	-2.983297	1	28	nunnalleubzlauhanc|rpielelterilminilmedniiifmiekleiiciq|elnestiirnluil|llnlliltenfilcn|utileleeloeiiaitelllfuei|aiinenteamlllteiioiellei|nuelluila|autnileraig|dnlnneiaeinenirnluil|sfwtsnletllestellilaullytei|eleceillennunelml|iiceielllilmillesleiepielaitfauesolllilieauxactuileletelllesfaceillilaiilt|pbeilelapianc|ubslelopianc|stiirnltuil|iicelacunueclentercslimit|iianele|eifrsthlnlciteilleeliseeineliclluileicmllenoiianel	03=n,19=u,13=n,02=a,5=l,6=e,90=b,24=z,93=h,01=a,15=c,25=r,91=p,3=i,4=e,11=t,14=m,21=d,16=f,09=k,1=q,23=s,04=o,18=g,99=w,08=s,29=y,86=x
0	776	-3.056503	5	26	etwtaseeniyesueesiyaiite|secreueiinseliuaseiunsiissiniudepusiet|ueidstisseilime|eeileliinetnlieio|iciluenueeunsestiueeeinibo|essidetineiiueeeiinseureeuo|etheeimeei|esiciisenseestf|siiletrasuadisseilime|stnyiieklniieenstineelesipesciuo|ueuieulenettcreiue|sieureeeliulenexudcreestiinesihequeeeldesigneiieiiimeueniiueeenstneiieulelesseii|cwulueescaiite|iyeslueeucaiite|stisseiliiime|sieueeiieicthieenetinseiesltuti|sesiren|utnsestimeilietiulenuezdutdeteeeimeuteiueeniausesire	0=e,31=t,90=w,30=a,2=s,5=e,6=n,1=i,99=y,4=u,91=c,34=r,35=l,33=s,36=d,95=p,93=m,3=o,94=b,96=h,8=f,81=k,85=x,80=q,98=g,32=z
0	777	-3.174173	5	28	quzaaniieumerieumauuai|nissiriuueniouraliurenuullueurywirluia|riuynaulniuoudi|iiuoiouuequeouiug|usuorieriteleauriiiueuhg|eluyquuecuriiiuueltsiirg|qubiiudic|eusuulienieap|nuuoqusanrayulniuoudi|naemuunuoeuuiienaueiioeukinsurg|riruiroiequassiuri|luirsiiiouroieniryssieauueeubntiiioyeuxecuiuuudirieuuriiienaecuiroioeliuu|szroriesauuai|umeoritsauuai|naulniuouuudi|luiricuiusabuiiequueniuinoarau|leusie|raeninaudiuouiauroierifyrayiaiiiudiraiuriieuarleusi	03=q,1=u,90=z,31=a,30=a,2=n,5=i,6=e,99=m,02=e,4=r,91=s,34=s,35=o,33=l,36=y,09=w,93=d,3=g,04=t,94=h,01=c,96=b,8=p,08=n,95=k,98=x,32=f
0	778	-3.052489	6	31	nudureiinrdesinerfnoui|eitaisioneiesriisneoiicsanzsitu|silneulmilire|iiliieonnunetl|roesinsinsnineusiiicrsp|neilnnucnosiiioninsaiisp|nuwiirenb|neroleneineux|eoenuaresralmilire|eunhongenoiineuciieneriietsp|sistseinnuutaisi|itsaiiieseinnysataineuonnernnksiiieanerqnoioresinosiiineunnoiseieneiio|tdsesinetroui|rdeesinstroui|eulmiliore|itsinoirlrntinnuceiteeusub|inelsin|suneieurelituseinsimasuaiuiiiresuisiinlnsinelsi	0=n,31=u,90=d,30=r,2=e,5=i,6=n,19=r,4=s,93=f,11=o,91=t,34=a,35=e,14=s,33=i,16=c,36=a,95=z,15=t,13=l,32=m,3=p,96=w,1=b,8=x,99=h,81=g,85=y,80=k,86=q
0	779	-3.118252	5	31	nanstiieaksuitawrsa|siomiuitesilnriinestiipncyiuiae|uisesesdisial|iisiiltenplas|atluieuifeiteniiipaub|tisenterniiiteifmiiub|naeiialr|tatslesitez|stlnsursurcsdisial|seehtxsietiiesepiiltaiisonb|uiuauliensasuini|iaumiiilnliexiucomitetetaexfiiilctagrataluietuiiieseerauliltiit|okuluitortei|aksluifortei|sesdisital|iauiraasaeaientesiasleueq|itsuie|ueesisealsiaenlieuidcuecieiiialueiniiesfitsui	03=n,19=a,13=s,02=t,5=i,6=e,90=k,2=s,4=u,93=w,01=r,15=a,91=o,34=m,11=t,35=l,14=n,30=r,33=i,16=p,36=c,09=y,31=e,32=d,04=f,3=b,8=z,99=h,08=x,86=g,1=q
0	780	-3.037247	5	30	iuquasielmipiiamallui|sftieillesrleacileealcclelesidecliu|eilsnllcslrloi|iilrirlleiuerliln|lflreieeiieecinlleiiilelwn|inusiuleilleiiillecietiien|iutiiloiil|iafllciesinlh|alriutapaslcslrloi|nlemllibrelliienlleiiriadixllen|eielierieiuuftilei|clietiiirlerieizesftiinllleiatikeiiirsiageillillloieielleiiienleillieririnrll|fqereiixlallui|lminieiiefallui|nllcslrllloi|clieiillilfutliieiulesliniueul|ciatie|euesnlloilrliulerieeiyseusiuiiiloieuileiielaeciati	0=i,31=u,90=q,30=a,25=s,5=i,6=e,1=l,99=m,24=p,21=a,91=f,34=t,4=e,35=r,33=c,36=s,95=d,23=n,93=o,3=n,94=w,96=t,8=h,81=b,29=x,85=z,80=k,98=g,32=y
0	781	-2.866744	5	32	tewurdineciniiecreeui|drainieendsenrtiennyettenenekinteiu|nieeleetdesesi|iiesiseentenseiep|eresninniantiueniiieneop|iteeteenueniiieentaaiinp|teziiesiu|iereetindiuq|yestearbreetdesesi|lenceemesneeiinleeniisiexigeenp|nineinsinteuraieni|teinaiiisensinmineraiiueeniezmaiiiseiefnueieeesinineeniiinlenueinsisitiee|rwnsniirreeui|ecisniarreeui|leetdeseeesi|teiniueieruzeiinteendeiliunue|tieain|nundleesieseiuensinnihenueiuiiiesinuieniinerntieai	03=t,1=e,90=w,31=u,30=r,25=d,5=i,6=n,99=c,02=i,4=n,91=r,34=a,35=s,33=t,21=y,36=e,09=k,23=l,93=s,3=p,04=a,94=o,01=u,96=z,8=q,24=b,08=m,95=x,29=g,98=f,32=h
0	782	-2.988453	5	35	estsadieotbiengarsi|dpriniredusatisenltsesieontas|nileurtdliou|iiliiureeseual|orunienieneteurniiidonc|eusiesderniiiretenriinc|eswiiouem|enprtiedeux|nliesrabailliliou|udgrequeriieureiiuenoifrnc|ninanuieessprisi|tanriiiusuieezniprieurdenwekniiiuienyeerirounierniiieuderinuiueuur|ptnunieflersi|otuinienparsi|urtdlirou|tanierioloeaieesddauisnsm|tenrie|nsedurhiliassuienilinsiisiiiounsisiielentenri	0=e,31=s,90=t,30=a,25=d,5=i,6=e,19=o,24=b,21=n,99=g,11=r,91=p,34=r,4=n,35=u,14=s,33=t,13=l,36=i,95=o,15=a,23=u,16=d,3=c,96=w,1=m,18=x,32=l,81=q,29=f,85=z,80=k,98=y,93=h
0	783	-2.990510	5	35	tutaliinuhoiluzsai|rykinienrecduicnfaulncabinuil|nianteuraiue|iiaiieentmeia|ueeninnionullciiimuns|luantensciiienuokiins|tuniiues|lueaenrllr|faitandodaapiaiue|tmwedaineiinteniieluiigens|ninineintauanici|uinkiiieceindinaykillenlundoiiiealuxsieuenineniiintmsineieluie|yhnenilydeli|uhtinioydeli|teuraieue|uinisiuauniintenritilnlq|ulanin|nlnrteziaiilceinnipanlailiiiuenliciinaoulani	03=t,19=u,13=a,02=l,5=i,6=n,90=h,24=o,93=z,01=s,15=i,25=r,91=y,34=k,4=n,11=e,35=e,14=c,30=d,33=u,21=f,31=l,36=a,09=b,23=t,16=m,04=o,3=s,8=r,32=p,99=w,08=d,29=g,86=x,1=q
0	784	-3.080565	1	23	neiheienslluidnsansideniieil|slteaaiiuslelioneelicsiieeeeiuiounfoeilei|aieuseiieeslielirl|llielleliiuneiuelilie|itielauanceenseiialliuipe|nseeieuneiiuniialliiueenoalo|neimllirlni|nsitiieeluslnseig|siielneieonsoneuieeslielirl|seiudiinzeluiilluseiiullelnsiflstio|aklolluneieiteaia|eeiloalleliollunqouteanseiiiunsimnyalleleunsixuniiliiirlauiialluseiuniilollelnseelii|tholansteniieil|idnselanbieniieil|seiieeslieliiirl|eeilaniiliteimilluneiiuslilseleioii|eensieau|oiuslseiirlielileiiolluaeseuoieuleilllirloilialuienoensiea	0=n,3=e,1=i,90=h,2=s,5=l,6=u,99=d,45=a,91=t,43=o,46=c,95=f,93=r,94=p,96=m,8=g,81=z,41=k,85=q,80=y,98=x,49=b
0	785	-3.095061	1	24	dukiuioeeauhonouhiquiue|celinnuuaceieurdieufcuuiiiiuaurageriueiu|nuiaciuuiiceuieuse|eeuieeieuuaduaieueui|uluienanbaiioiuuneeuauxi|oiiuiaduuaquneeuuaiibiner|duteeuseq|ouluuiieaceoiuz|cuuieduirordauiiceuieuse|ciuahuumuieauueeaciuuaeeieoupeclur|nwereeaduiulinun|iiuerneeieureeameralinoiuuuaoutmbeeeieiaouyaqueuuusenauuneeaciuaquereeieoiieuu|lkrenoliquiue|uhoienbliquiue|ciuuiiceuieuuuse|iiuenqueuliutueeaduuaceuecieiuruu|iiouina|ruaceciuuseuieueiuureeaniciaruiaeiueeeuserueuneauibiiouin	03=d,1=u,90=k,3=i,02=o,5=e,6=a,99=h,45=n,01=q,2=c,91=l,43=r,46=f,09=g,93=s,04=b,94=x,96=t,8=z,08=m,95=p,41=w,98=y
0	786	-2.984161	2	27	euaeuteneelahnsenameius|neaussilneuedueuuedlniuuuucdulebrusup|stlnuiuuneteaue|eeteeueileucuest|aiueslseouuenuiseecar|enuutleuileiseeiluuerser|eualeeaueep|enaituelneenuf|niueeutrenreultuneteaue|nucyiequelieelnuileeueenaeenadu|swereeleutatsde|uusrseeuedueelekrlausenuicenalezseeueulenageieiauesliseelnuceiereeueenuuei|ahresenaueius|ahnuesexteius|nuiuuneteiaue|uusseieatalseleuilnesnueudui|uuentsl|rcnenuimetesuireelsunulrtleuseeauersdeelteruents	0=e,3=u,19=a,13=t,2=n,5=e,6=l,90=h,45=s,93=m,11=i,15=s,91=a,14=d,16=c,95=b,43=r,1=p,46=o,18=f,99=y,81=q,41=w,85=k,80=z,86=g,49=x
0	787	-3.173420	1	26	sesudssiezladeyour|lsneaamilsestesestilmeeeecteiwspereq|auilemeelsusees|ssussesmiscesru|emesaiagieedemasscep|deeuismiotsssmieegeasp|seisseeso|demuesilsdeh|lmessupdpsiuelsusees|leckmbusimssilemissesdesslnte|axspssisueuats|eerpassestessibspineademcdeibgssseseideformeesaimassilecorpssesdeesm|nzpsadneour|ezlesagneour|lemeelsusmees|eeraoreueirsismilsrlesetem|eeduai|pclslemysusrempssiaeleipuisersseesprtssiugeedua	03=s,19=e,13=u,02=d,5=s,6=i,90=z,2=l,45=a,93=y,01=o,15=r,91=n,3=e,11=m,14=t,16=c,09=w,43=p,1=q,04=g,18=h,99=k,08=b,41=x,86=f
0	788	-2.973808	1	27	etiwtiteaeliyeneesyteiitie|aatrriilateiuetteiosittttiliulecutieti|ritlsiittaiteide|eeiteeteiiletilteieit|iaiterlreottesiireeilikt|estitletiileiireeiiltteureu|etimeeideei|esaiittelaesig|siteetituentetlittaiteide|silyiiezteliieelsiileeteescexiiu|rheueeletitiatrir|ttieureeteiueelequlatresiiilesmepreetetlesbleiieiiiderliireelsileiieueeteesteii|awuerexiteiitie|iyeserefiteiitie|siittaiteiiide|ttiereiieiatimieeletiilaiesetiuii|ttestrl|uilasiideiteietiiueelrtsluitletieeeideuieireliteutestr	0=e,3=t,1=i,90=w,25=a,5=e,6=l,99=y,24=n,21=s,91=a,45=r,43=u,46=o,95=c,23=s,93=d,94=k,96=m,8=g,81=z,29=x,41=h,85=q,80=p,98=b,49=f
0	789	-2.967528	1	27	tikeiesnnuilsasilepiein|sdeaaiiusenietenibfieeeeiuieuxneeinei|aieuqiieesienion|nnienneniiutiueninie|idienauarueeseiianniuihe|seeieutiiupianniiueereane|tiannionp|sidiieenusseiz|fientieesetuieesienion|qiuliimienuiinnuqiiunnensignyiie|awnennutieideaia|eeineanneniennumneudeaseiiiusiamrnnneneusicupiniiionauiiannuqiupinennenseenii|dkenasdepiein|ilsenardepiein|qiieesieniiion|eeinapinideiainnutiiusinqneieii|eesieau|eiusqiionienineiiennuaequeieuneinnnioneinianuiereesiea	03=t,1=i,90=k,3=e,02=s,5=n,6=u,99=l,45=a,01=p,25=s,91=d,43=e,46=b,21=f,09=x,23=q,93=o,04=r,94=h,96=a,8=z,08=m,95=g,29=y,41=w,98=c
0	790	-2.782157	2	32	eiseilesetsyreenwienir|skiuuntsiedieiiedtnliiitditemuirip|ultiniislesie|eeleeienteitierl|snieutuexiieinueetsu|eiilteintenueentiieuueu|eisteesieep|enkniietseig|nleeiluerieitlislesie|itwnebietneetinteeieenmeanu|ufeueeteilslude|iiruueeiedieeteoutkiueintencequeeieitenatenensieutnueetiteneueeieeiien|kyueuealenir|syieuezlenir|iniislensie|iirueneslstreteintsrieidin|iieniut|utsinhelerinueetuiitulteireesieurdeetleuieniu	0=e,3=i,19=s,13=l,25=s,5=e,6=t,90=y,24=r,21=n,99=w,11=n,15=r,91=k,45=u,14=d,16=t,95=m,43=u,1=p,23=i,46=x,18=g,81=b,29=a,41=f,85=o,96=c,80=q,98=a,49=z,93=h
0	791	-2.990997	1	30	sesilssuekysleboir|mteaaiumesdesesdufieeendeuxsaereq|aiunieemisees|ssissesiusnesri|eiesauatueeleiassnea|leeiusiuodsssiueeteasa|seusseeso|leiiesumlep|fissialasuiemisees|nnwicisuissuniusseslessgia|azsassusieiads|eeraassesdessucsautealeinleuctssseseulehorieesauiassunnorassesleesi|tkasalteoir|eknsatteoir|nieemisiees|eeraoreieursusiumrnsedei|eeliau|anmnibsisreiassuaenuaiusersseesardssuiteelia	03=s,19=e,13=i,02=l,5=s,6=u,90=k,24=y,93=b,01=o,15=r,25=m,91=t,3=e,45=a,11=i,14=d,21=f,16=n,09=x,43=a,1=q,23=n,04=t,18=p,99=w,08=c,29=g,41=z,86=h
0	792	-2.828010	3	30	etwtoseesicesnesicoiite|seadeniisseuineleifsiillisinseintet|nimstilseiuite|eeiueuiisetsuieia|iaiunsneflestineeisiha|eslimetiseiineeiislennen|etreeiteei|esiaiilesseestq|siiuetdosnemilseiuite|stsciiebusiieesstiseeuesiiesain|nkeneesettadein|lienneeuineesepnsadeestiisesiregneeumesixseiieiiitensiineesstseiieneeuesleii|awnenesaoiite|icesunezioiite|stilseiuiiite|lieneiieiatrieesetisseiesutnii|lesides|nissestiteiuietineesnymnimeteeeitenieinesionoside	0=e,31=t,90=w,30=o,2=s,5=e,6=s,1=i,99=c,45=n,91=a,34=d,35=u,43=n,33=l,46=f,95=i,36=m,93=t,3=a,94=h,96=r,8=q,81=b,41=k,85=p,80=g,98=x,49=z,32=y
0	793	-2.816024	3	31	aiqueseetiianaiieiiue|sepreniitselinalicsiissitintgenueu|nimsuisseilite|eeileliitaitlieif|ipilntnytsauineeitizf|asimaiitbineeiitsyreen|aireeiteb|aipiisetseauh|siilairesnatisseilite|sutiiidiltiieetsuiteelaixespin|nweneetaiuprein|sienneelineetdentpreauiitairdyeeelmaiktbieiiitentiineetsutbieneelaseii|pqnenapeiiue|iialnypeiiue|suisseiliiite|sienbieipurieetaiitseieslunii|sairet|nitsesuiteilieuineetnomnimeueeeitenieinetienesire	03=a,1=i,90=q,31=u,30=e,2=s,5=e,6=t,99=i,02=a,45=n,91=p,34=r,35=l,43=n,46=c,33=s,09=g,36=m,93=t,3=f,04=y,94=z,01=b,96=r,8=h,08=d,95=x,41=w,98=k,32=o
0	794	-2.870170	3	35	alrliniielrnranlfauli|niamirueniunidinenuddontagelil|rsenlsoisilu|iisiiuuealeuss|luureraydanlniiiole|andsealoauriiuedaerie|alwiiluab|anlusuenianlk|nuualmineatsoisilu|nlexuaqueuiienloiiuanliinanc|rzieiieallamini|dseriiunuieapeeamianlueanleadriiutanlhauiulureuriienleauieiiuandiu|areiranaiuli|lrnuratsauli|nlsoisiulu|dsrauilslesiealonisnuleu|dansre|eoninllusislnuieroteseiliiiluesniiesaeinsr	0=a,31=l,90=r,30=i,2=n,5=i,6=e,19=l,45=r,93=f,11=u,91=a,34=m,35=u,14=n,33=d,16=o,36=t,95=g,43=e,13=s,32=o,15=s,46=y,96=w,1=b,8=k,99=x,81=q,3=c,41=z,85=p,80=d,86=h,49=t
0	795	-2.984763	2	32	stsaeiistkouetzpai|oitbiuesoiraguiasoeuuracxilnin|uasonamiaitr|iiaiiressrria|terusunsuenaiiirtl|euassespaiiiesunbiil|stsiitrp|etearsoienq|oersalelssamiaitr|onsdefaiseiisonriiretiiotay|uwiliissatauai|uiluiirarisfilstbienesetsfniiircethpietruseuiisonspiliireuie|tkliuetgeni|tkoruntgeni|onamiaietr|uiupitatsiissesoiiornle|ueaus|lroiontraiinarisumclasiniiitrliaiisanueau	03=s,19=t,13=a,02=e,5=i,6=s,90=k,2=o,45=u,93=z,01=p,15=i,91=t,34=b,11=e,35=r,14=a,30=g,33=u,16=r,36=c,09=x,43=l,31=n,32=m,04=n,8=q,99=d,08=f,3=y,41=w,86=h
0	796	-2.912548	3	34	alklesenioarealoeiile|schesiinstiuareiglirriniunadulel|siitiirsitiue|eeitetiinalntieio|icitsnsagratiiseeinibo|atlialinaiiseeiinrauseu|almeeiueai|alciirensatiq|litalhereiirsitiue|tinoiiantniieentiineetaldepiiu|sweueenallcheis|rieuseetiueenayuncheatiiinalmaaseetialznaiieiiiuesniiseentinaiieueetattii|ckuesapieiile|ioatesafieiile|tiirsitiiiue|riesaiieiclmieenalinsieteluii|ralhen|uinstiiueitieliueensxiuiieleeeiueuieisenieuelhe	0=a,31=l,90=k,30=e,25=s,5=e,6=n,1=i,99=o,24=r,21=l,91=c,34=h,45=s,35=t,43=u,33=r,46=g,95=d,36=i,23=t,93=u,3=o,94=b,96=m,8=q,81=n,29=p,41=w,85=y,80=a,98=z,49=f,32=x
0	797	-2.840083	3	35	tewantinegiuiegneeai|tumiueentreltrepressenelnoilaia|uesdeestereli|iierireentenreieq|euerunuensiaeuiienezq|isesteenceuiieensemiil|tefiielic|ieueesintiay|rertemnonsestereli|dengeederneeiindeeniiriehixeel|ukiliinteaumieu|seiluiireliindilnumiiaeeniefdeiiirsieanceieeeliuneeuiindenceiliirisiee|uwliuiuneeai|egirueuneeai|deestereeeli|seiuceieuafeiinteenteidialee|siemin|lentdeeliereiaeliinubslesiaiiielileieuinenlnrmi	03=t,1=e,90=w,31=a,30=n,25=t,5=i,6=n,99=g,02=i,45=u,91=u,34=m,35=r,43=l,46=p,21=r,33=s,09=o,36=s,23=d,93=l,3=q,04=e,94=z,01=c,96=f,8=y,24=o,08=d,95=h,29=x,41=k,98=a,32=b
0	798	-2.929792	1	38	inantliurasiimpteni|ldcideuleltsilumusnuloimnnin|duuresluire|iiuiieeuinueou|reedudixsirediiarn|irnoinaiediieusindin|inwiireib|imdesiulirt|muiinctstouhiuire|rapeizeueiiureuiieimmigen|dyiniiuinndcili|sondiieleiuiknudciireaimwifdiieoimpuieiereduediiuraieiniieiree|danidiguieni|raridiquieni|resluiere|sodieiruruoiuinalorinne|simciu|nalreciuionleiudhonuuiniiirenoliiuuintmci	0=i,31=n,90=a,30=t,25=l,5=i,6=u,19=r,24=s,21=m,99=p,11=e,91=d,34=c,45=d,35=e,14=l,33=s,13=u,36=o,95=m,43=n,23=r,15=o,46=x,16=a,96=w,1=b,18=t,32=h,81=z,29=g,41=y,85=k,80=f,98=p,49=q,93=c
0	799	-2.869411	1	35	teturiinexpiresdui|aymitenanoblionqulanorwilaia|tundelauien|iiuiinentuniu|eentntonlraoiiiuel|rluntendoiiienlomiil|teniiend|reeunnaraf|quitulrltnuhiuien|dugesuineiindeniinreiicel|tkiliintueutoi|liltiinoninsilnymiraenrensoiiinrrezdieentnetiindudiliinrlie|yxlitrybeai|exditoybeai|delauieen|litdieueniintenaidiale|lrutn|luadesiuiiaoninthrluniaiiienlioiinuolrut	03=t,19=e,13=u,02=r,5=i,6=n,90=x,24=p,93=s,01=d,15=i,25=a,91=y,34=m,45=t,11=e,35=n,14=o,30=b,33=l,21=q,31=a,36=r,09=w,43=l,23=d,16=u,04=o,8=f,32=h,99=g,08=s,29=c,41=k,86=z
0	802	-2.858602	8	31	lislialenusfeirestleia|ezainscetsiiliisiueeiiiicoiulwiiiaiq|isiueieiiesistr|nanisclicissi|seindiriuiileieinsusii|leiiaulieuleinsciiliiinii|lisunsirq|leseaidereih|eeiriaiileiiliuaiesistr|eicbelgidenueieuniresnemoi|inaiinuliasaisir|iiaiiintsiinulkiiumiireieclesulxinttulesylesetndeindeicleninireiisq|mfiinremileia|sfeinrimileia|eieiiesisetr|iiairesmisuadlieuespitoie|iileaid|iicepietsisteiinuiteiuiiautansiniaonualiiileair	0=l,3=i,19=s,13=a,2=e,55=n,6=u,90=f,4=i,50=r,93=t,11=e,15=a,59=z,54=n,51=s,16=c,53=t,14=o,95=w,1=q,5=r,56=d,18=h,99=b,81=g,91=m,85=k,80=x,86=y,52=p
0	803	-3.069617	8	32	ctcarentwsiuststal|szaiaunsruiiciuinseiiiinpinbaiilig|iuinsieiisuiusq|eaeiuncniuui|teiamiuiniirieieuntii|riiancentpeuniifiieii|ctnetiug|rteaimsusix|seiuiaiiriicnaisuiusq|sinhedameensieneiustesopi|ialiiencataiuiq|iiliiieruiiendainoiiusienrtndferrnrtktletiameiemsintliieiusiiug|owiiausoital|twsiauioital|sieiisuiuesq|iiliueuoitnlmcensuyirpie|iiraim|iinsyiesuiureiienirsiniianrletiailpenafiiraiq	03=c,19=t,13=a,02=r,55=e,6=n,90=w,2=s,4=i,50=u,93=s,01=t,15=l,59=z,54=a,51=u,16=n,53=r,3=i,11=e,14=p,09=b,1=g,5=q,56=m,04=f,18=x,99=h,08=d,91=o,86=k,52=y
0	806	-2.987037	8	35	uetueluastkxlezeuien|adeirnsaenieueenireleeesderufieenem|inertieealnou|clcensuesenne|tiersilireeutiicnrtie|utelrueiruiicnseeuieicie|uetrctelm|uedieesautq|ellelieuxeuerlealnou|tsziugesicrtircelefodde|irniecrueltliniu|eenieicaniecrupierdeiltisuehuwicaaruebruiniorsiicstsuireceltenm|dkierlyluien|tktrlideuien|tieealniou|eenilindetrnsueirantadei|eeueeis|iesationenaiiecriatrielrancterendcrluieeueeiu	0=u,3=e,19=t,13=l,25=a,56=s,90=k,24=x,50=l,21=e,99=z,11=i,15=n,91=d,4=i,54=r,51=n,16=s,6=r,14=d,95=f,1=m,23=t,93=o,5=u,55=c,18=q,81=g,52=o,53=a,85=p,96=h,80=w,98=b,29=y
0	807	-3.016746	8	36	mrmediercbnchuret|lduaonolunaumunaeceuuuoluezouutup|anuetiuulenay|ieiunomounnu|riuosanaeuuduiainerau|duueemierlinouuxuaiau|mreirunp|drieuslduq|cenueaudaumeeulenay|tohiuesiietieiunckwdlu|aotauiemereanay|uutauaisnauieuoueduantiodreuxissedrgrtiruosiaistortauiuntunp|dcauonferet|rctonaduret|tiuuleniay|uutaninduretsmielttslui|uudeas|auoltianunsiauieasteaueestiruoutlieexuudeay	03=m,19=r,13=e,02=d,55=i,6=e,90=c,24=b,50=n,21=c,99=h,3=u,01=r,15=t,25=l,91=d,4=a,54=o,51=n,16=o,14=l,09=z,1=p,23=t,11=i,93=a,5=y,56=s,04=x,18=q,08=u,95=k,52=w,53=s,86=g,29=f
0	816	-2.876112	7	31	nesdesentiesontintsoenssesp|twseiissettnuneenrtsseeeesesuensuests|iseetesseetnenap|iseienseneseenne|srselainreentessiiseshe|nteeseenessenssiisseeenuile|nesmisacs|ntsrsseeatctesf|tsseceseuntuneeseetnenap|teseossnbeassietesseiectssyrsu|ixleienesesreisi|eesleiienuienquereintesssentsmnkiietentsgenssnssalassiietesenssleiecteens|rdulctrenssesp|sontelczsenssesp|tesseetnenssap|eeslcssnresmsienessetnyetsuss|eentseie|usetyessanentssuieieteeuseetsinalesniasenuentsei	0=n,3=e,1=s,90=d,2=t,55=i,6=e,99=o,45=i,5=p,59=w,53=t,51=n,43=u,46=r,95=s,93=a,91=r,54=l,56=a,94=h,96=m,50=c,8=f,81=b,52=y,41=x,85=q,80=k,98=g,49=z
0	817	-2.798357	7	33	giweielinitlulitedieil|tzieuuiintusagesqtiieeeeinianfreeiui|uienteiieetsesal|iieiesinginesse|iriersunneeleiiuiinixe|leeiengiindiuiiineeneure|gibiiaci|liriieestcteiy|tiieceiealagnieetsesal|teintiieiesiiinteiiniectimpria|ukreingieireuiu|eeireuiesainerenreuleiiinlibeniuunliondisiiarsiiuinteindireiecteesi|rwarctredieil|itlerchiedieil|teiieetsesiial|eeirciisreibiingiintspeuiaii|eelieun|aintpeiiasesuiiainuetenaienuiisareisusieneelieu	03=g,1=i,90=w,3=e,02=l,55=i,6=n,99=t,45=u,01=d,5=l,2=t,59=z,53=u,51=s,43=a,46=q,09=f,54=r,93=a,91=r,56=s,04=n,94=x,96=b,50=c,8=y,08=e,95=m,52=p,41=k,98=o,49=h
0	818	-2.835479	7	35	ieoieliinuoyieiioailes|iwleeluiarcieergileeeeuteuixcesep|eluieleeireraq|nlneruieuerre|olenseigeeiielenuoc|iieeluieluilenlueeicene|ieounoetp|iiollesitiek|iletelciicieuleireraq|ieublireslnuielunetionimte|eznenuieloletq|eescenercnuifcumeeiieluiiouideneauiiooilrlanslenuieuilnenetieerp|mycntimeiles|oyienthliles|ieleeirerlaq|eeseilrmeoussieluirdeatel|eeiileu|cuidelareralcnueeieucluasnoenestnuliceiile	0=i,3=e,19=o,13=l,2=i,55=n,6=u,90=y,45=e,93=a,11=l,15=s,59=w,53=a,51=r,43=c,46=g,16=u,14=t,95=x,1=p,5=q,54=n,56=s,50=t,18=k,99=b,81=r,91=m,41=z,85=f,80=d,86=o,49=h,52=d
0	819	-2.990861	7	36	ataroouthliotdern|lwriiuulsecaiexluiiiinciumliinir|iruliuiileiedy|oroienanieei|tuilsipuiioiuiontc|oiiruauuecoeniipiili|atuotiar|oturislalig|luiaircocaurileiedy|linqutrsuouliuuoialtolbci|ikliouartricy|iincioiecoutliubiioiunotutpossuotzenutilsuioulinencoialiier|bhclalbiern|thlilafrern|liuiileieudy|iinientrtunsauuledisciu|iioriu|cnldiudeiesucouiiliucrusnotilincourpiiori	03=a,19=t,13=r,02=o,55=o,6=u,90=h,2=l,45=i,93=d,01=e,15=n,59=w,11=u,53=s,51=e,43=c,3=i,46=x,16=n,14=c,09=m,54=l,1=r,5=y,56=s,04=p,50=a,18=g,99=q,08=t,91=b,41=k,86=z,49=f,52=d
0	820	-2.896760	7	34	tiekieitlrestolositeeiep|lditteenlinutiinfoeiiiieneuntguiece|teinieeiileinsp|eeieinentieninni|edeiarttfiitieeteenezi|tiieintieenteeteeeniitutai|tiereesle|todeeiirltieq|oeilieiutoitineiileinsp|ienseetaireeenieeneilogydeu|twaientieieditet|iieaiteinuentxundittieeentortmteicntounteeneesareetenienteeaieiliine|dkualbeiteeiep|estialheiteeiep|ieeiileineesp|iiealeendiereentieenleyiceuee|iitoitn|uenlieesninceeuentiinueinceensaientreituitoit	0=t,3=i,1=e,90=k,25=l,56=r,99=s,24=o,50=l,21=o,5=p,91=d,45=t,6=n,51=n,43=u,46=f,95=g,53=c,23=i,93=s,55=e,54=a,94=z,96=r,8=q,81=a,52=y,41=w,85=x,80=m,98=u,29=b,49=h
0	821	-2.896864	7	35	mewneniiaeditiednlenep|uuntteeauntlmntofennnneaelagennere|tenayeennuentsp|ieninteameanttn|euenertoannineetieaexn|innenameealetieeannonten|meniesde|ieueennruineb|fendnenlilmaennuentsp|yeadeesenreeiayeeaindfacuel|tqeniameneuntet|nneentintliasenauntineeeaiensoirraiehaleteesereetiayealeenindynte|uwledzenlenep|edinedkenlenep|yeennuenteesp|nneedeetuneneiameeauecnrelee|nnienta|leauyeestntreeliatnyalenareitsenettrenonnient	03=m,1=e,90=w,3=n,02=i,55=i,6=a,99=d,45=t,01=l,5=p,25=u,91=u,51=t,43=l,46=o,21=f,09=g,54=e,53=r,23=y,93=s,56=r,04=o,94=x,96=n,50=d,8=b,08=s,95=a,52=c,41=q,98=h,29=z,49=k
0	822	-2.845752	7	39	litliulontchnezileim|omilleuoiraliirceuiiirsiulyaimif|luuieiiourto|auairrlirirri|teienllciilielarta|liiuulieulelaeuiilalei|lituatinf|lemeiinoliq|euniualhiliuuiourto|irzelpineauieuaineygmsi|lweiauliutulso|iimalairaaulbaumillierleklplaisulexuleretenelauirleeiainiirf|mcaenduleim|tcienduleim|ieiioureto|iimllermitumnlieuomissie|iileilu|aroietrirseaauliiuauusmatieimsauulaileil	0=l,3=i,19=t,13=u,25=o,56=n,90=c,24=h,50=n,21=e,99=z,11=e,15=m,91=m,45=l,6=u,51=r,43=a,46=c,16=r,14=s,95=y,1=f,23=i,93=t,5=o,55=a,54=e,18=q,81=p,52=g,41=w,85=b,96=k,80=p,53=s,98=x,29=d,49=d
0	823	-2.933199	7	40	pdpinmedaprckesii|mdeuuremenepenscieeetleexteeieq|uieureeminaf|mimentptenne|dretouceeenerumtde|neeiepreslmnteeceute|pdemderq|ndrieomnez|cireienepeieminaf|utkrsiormeuremerchwdle|ugtemepidiulf|eeieumenemesteedeunertndescmllendysirdetorumeutsiemeruenq|daetroisii|dautrbisii|ureeminraf|eeiusidideiopremiuller|eeniue|etmuranenlremeueueeielimdeteilmeiceeniu	03=p,19=d,13=i,02=n,55=m,6=e,90=a,24=p,50=r,21=c,99=k,3=e,01=s,15=i,25=m,91=d,45=u,11=r,51=n,43=e,46=s,16=t,14=l,09=x,54=t,1=q,23=u,93=a,5=f,56=o,04=c,18=z,08=s,95=h,52=w,41=g,53=l,86=y,29=o,49=b
0	827	-2.844614	6	41	oeoituregeetequis|epieeireatsorareinncaybonsc|eirecistrer|uiurirocrsi|eirerearntcautres|tniroiruautcnamus|oerueru|teiirredech|eiroistsoristrer|ecrfidiliureccurteuenam|exorloieieak|nsseurarldoynmdecirterdauaartezusiererieurecrussurtntl|ngsodenwick|egereanwick|ecistrier|nseuseiersloiretprcsi|ntier|scepceritaisuresysirasuerssauriantie	03=o,19=e,13=i,02=t,55=u,6=r,90=g,2=e,45=e,93=q,01=u,15=s,59=p,11=i,53=a,51=t,43=s,35=r,14=a,33=n,16=c,36=y,09=b,54=o,31=c,32=s,04=a,34=m,50=d,8=h,99=f,08=d,56=l,91=n,3=m,41=x,5=k,86=z,1=l,30=w,52=p
0	831	-3.067926	7	44	nantrieadocxzuseo|sdbmutsituiugxtieetlkmise|lteesistupo|itiisentist|asilelreiretiueaa|ritenseatiutirbia|naeiaia|rastiesreq|xtcebuoultfuiai|etzsptcsieeseiirainsa|lwmicntatlto|isaliiticpmldbcestraeprinnerayassaileslieetasaiirium|ddamcntats|ademchtats|esistuspo|islasataescnsessentem|irtle|atsespuiseticlflatensiaiastietrirtl	03=n,19=a,13=t,02=r,55=i,6=e,90=d,24=o,50=c,21=x,99=z,30=u,11=s,31=e,5=o,25=s,91=d,34=b,54=m,51=u,16=t,35=i,14=t,33=i,46=g,36=l,09=k,15=s,45=l,23=e,93=p,04=r,43=a,01=a,8=q,32=f,08=p,56=c,29=n,41=w,53=n,86=y,1=m,49=h
0	832	-3.066241	2	26	uisxisiureetsurleurssiussise|reeilelessmeiesliuiieslmssiiiistliapliiseis|lesimissiiresiesde|eesieeiessaisyesesi|sesieleceulyiurissleeesthi|uriisiaissassleeessyiulileeli|uisgeesdeus|ursessiiemeurisq|rssieuisiliurliuitiiresiesde|risnesubietseemissoeieursperesli|lelselieeaisiseilesle|iiselileeeieslieeaflinsileurisssarsguwleeeieiarskassesssdeletsleeemisasselieeieuriiess|exlieleureiussise|ssurieleuleiussise|rissiiresiesssde|iiseleusseseisgseeaissmeserieisliss|iiursilez|lismerissdesieseisslieeceiricisioiseeesdelisesleetiuliiursile	0=u,3=i,1=s,90=x,2=r,5=e,61=t,99=s,4=l,91=e,62=m,60=a,95=p,93=d,63=y,64=c,94=h,96=g,8=q,69=n,81=b,65=o,85=f,80=w,98=k,6=z
0	833	-3.006213	2	28	fswisineetknuenskissise|neoiueuessleiesuifiesulssiiiistuiahuiiseis|uesilissiinesiesde|eesieeiessaisaesesi|sosieueremainissueeestxi|niisiaissassueeessaimiueeui|fsyeesdes|nsossiielenisg|nssiefsiuinuiftiinesiesde|nisposesietseelissceienshenosui|ueuseuieeaisisoiuesue|iiseuiueeeiesuieeaquipsiuenisssansyemeeeieiansbassesssdeuetsueeelisasseuieeieniiess|owuieuenoissise|sknieuemoissise|nissiinesiesssde|iiseuessesoisyseeaisslesenieisuiss|iinsiuez|uislenissdesieseissuieereinirisiciseeesdeuisesueetimiinsiue	03=f,1=s,90=w,3=i,02=n,5=e,61=t,99=k,4=u,01=s,2=n,91=o,62=l,60=a,95=h,93=d,63=a,64=r,04=m,94=x,96=y,8=g,69=p,08=e,65=c,85=q,98=b,6=z
0	834	-2.967790	3	30	rilriirseenersuerslhrnis|seoiueuenteiediriiedtniiiitdiaxuiisip|ueitiniiseielie|eeieeienaitiesi|lnieueferuairsinueeetlui|rsiiiainanueeenairuiueeui|rilcelierp|rslniietersib|snieriiuirsuiriniiseielie|sitenryiensetinceiersleesodi|ueusuieeaiiliuede|iisuiueeeiedieeaquimiuersintrslagueeeieiaslkrnenlieuendeeetitrneuieeiersiien|owuieuersoirnis|lwsieueruoirnis|siniiseienlie|iisuernelilneeaintessieidin|iirsiuez|uitsesinheiesinuieefeisifiiciseelieuisdeeniruiirsiue	0=r,3=i,19=l,13=i,2=s,5=e,61=n,99=e,4=u,93=h,11=n,15=s,91=o,62=t,14=d,16=t,60=a,95=x,1=p,64=f,63=a,65=c,18=b,81=y,85=q,69=m,80=g,86=k,90=w,6=z
0	835	-3.061235	2	33	ftfitnnuytentthlil|unmienensoninaifinaosiiiiaaiepeiilir|enioisiiunintin|nninninseiainli|tsinencngritisennnatei|tiiieisesennnsrigiennei|ftkntinl|ttsiinontin|usinfieiteifuiiunintin|uiayssinulnoiskninttnnumai|eneleinneiitienan|iileiennninainnedeixientisattezennninieutbllstinenuannnoialleinnintiins|mweinentmilil|twuinengmilil|uisiiuninstin|iilenlltitunneisonluiniais|iitienq|eiaunuishninliseinncniuiciikilnntineilannuigiitien	03=f,19=t,13=i,02=t,5=n,61=u,99=y,4=e,93=h,01=l,15=l,2=u,91=m,3=i,11=s,62=o,14=a,16=a,60=e,95=p,1=r,64=c,04=g,63=r,65=k,18=n,08=s,85=d,69=x,80=z,86=b,90=w,6=q
0	836	-2.996688	2	30	ileglelieircioiiaclieelei|eplaiaieeniliealillieaneelllleralnfalleile|aielnleelleelieti|iieliilieenletieiel|epeliaisiiatliueeaiiierkl|iulelnleeneeaiiieetlialaiial|ilesiietiie|iapeelliniiuem|aeliilelaliolilrlleelieti|uezpeiqlireiinleehiliiafideeal|aiaeialiinleleplaieai|lleialaiiiliealiinbalzelaiiueeenasixaiiililnayneeieeetiaireaiiinleneeialiiliiuliee|pgaliaiidelieelei|eciuiaiiaplieelei|ueelleelieeeti|lleiaiieeiepleseiinleenieiuilealee|llialaiw|aleniueetielieileealiisiluslelhleiiietialeieaiirliallialai	0=i,3=l,1=e,90=g,25=e,5=i,61=r,99=c,24=o,21=a,91=p,4=a,62=n,60=n,95=f,93=t,63=t,64=s,23=u,94=k,96=s,8=m,69=z,81=q,65=h,29=d,85=b,80=x,98=y,6=w
0	837	-2.997890	2	31	rlwilineesonuenloitlile|baiueuellneieluirielunlliiiilsuiaiuiileil|uelinilliiblielde|eelieeiellailfeleli|lalieuesetfinillueeelspi|niiliaillallueeellfitiueeui|rlreeldet|nlalliienenily|clierliuinuirsiiblielde|mlkaleliesleenillgeienliezllui|ueuleuieeaililaiuelue|iileuiueeeieluieeaquikliuenilllacreteeeieiachallellldeueslueeenilalleuieeieniiell|awuieuenaitlile|lonieuetaitlile|mlliiblielllde|iileuetlelailrleeaillnelemeiluill|iinliuex|uilnemlldelieleilluieeseimsiligileeeldeuilelueesitiinliue	03=r,1=l,90=w,3=i,02=n,5=e,61=s,99=o,4=u,01=t,25=b,91=a,62=n,60=a,95=i,93=d,63=f,64=s,04=t,94=p,96=r,8=y,21=c,23=m,69=k,08=e,65=g,29=z,85=q,98=h,6=x
0	838	-2.985614	3	35	uetuesunauiuraudieuies|nhelalailaeateueeatlieeeentempleeseg|lasleieensatea|aasaaeaimeneass|tiealacaulzeurilaaantle|uresmeimilaaaizeulelaale|uetdateaug|udhieealauro|dsauesleureueueensatea|rniiubeausaleidaeaudpaxile|lalsleaamestslata|eeslelaaaeateaamylefslaurinudeualaaaeaemdomiaitealautaaalenuialeaaeaureai|hwlealauxsuies|twralaulheuies|rieensaitea|eeslauiatstuaameilasraetei|eeudelaq|lennrikasaseileaacaercesdesaatealestaaueuleeudela	0=u,3=e,19=t,13=s,25=n,5=a,61=u,99=i,24=r,21=d,11=i,15=s,91=h,4=l,62=l,14=t,16=n,60=m,95=p,1=g,64=c,63=z,23=r,65=d,18=o,81=b,29=x,85=y,69=f,96=e,80=a,98=o,90=w,6=q,93=k
0	839	-2.855375	2	36	ftfineeuondentosit|uaidedenseierifiersniiiieriaddiitiq|deisiniiuietie|eeieeienaieieti|tniedecelpinindeeeetdi|niiiainandeeenpilideedi|ftleties|ntniieseniw|ciefidindifuiiuietie|meonzieutesinleienteekndi|dedtdieeaiitidere|iitdideeeierieeaydixideninentardeeeieiachanentiedeureeesiestdieeieniien|abdiedenaisit|tbmedelaisit|mniiuientie|iitdesttitueeainsetmeirin|iinideg|dieumnoeietindieeceimciiliteetieditreeuiliinide	03=f,19=t,13=i,02=n,5=e,61=u,99=o,4=d,93=o,01=s,15=t,25=u,91=a,3=i,11=n,62=s,14=r,16=e,60=a,95=d,1=q,64=c,04=l,63=p,65=l,18=w,21=c,23=m,08=z,29=k,85=y,69=x,80=r,98=h,90=b,6=g
0	840	-2.852950	6	33	eukuoseeamesneesimoiiue|sepreneiiteuinoleintiillianteanlieu|neitsuilseiuile|eeiueuiisuneieii|ipiunedeennosuineeeiayi|esliteuisiineeeiinonreeni|eureeileei|esipiileteesub|siiueurosnotilseiuile|suwpiequaieetuiceuesiaespini|nenienuesuupreine|lienreeeuinuesfntpreesuiissiregneeeutesixsiieiiileneaineeetusiienueuesleii|pknuneespoiiue|imesuneenpoiiue|suilseiuiiile|lieneeiieipurieesuiteiesuunui|lesirez|nutesuileiuieuinuedehtnuteueeeilenueineeaonlesire	0=e,31=u,90=k,30=o,2=s,5=e,61=a,99=m,4=n,1=i,91=p,34=r,62=t,35=u,33=l,36=t,95=a,93=l,60=s,63=n,3=i,64=d,94=y,96=r,8=b,69=w,81=q,65=c,85=f,80=g,98=x,6=z,32=h
0	841	-2.861912	6	36	fikuereesoineiioeiiue|renceneiideuineteindiittisnayentieu|neiaruitreiuile|eeiueuiiludeieio|iniunecesderuineeeisho|itiafiiliineeeiidenceeno|fireeilep|iiniitedeiug|riiuficerneaitreiuile|ruwniaiusieeduiteuiibernino|nenienueluunceine|tienceeeuinuelznanceiuiilriraseeeuaiixliieiiilenesineeeduliienueuiteii|nknuneineiiue|ioiunesneiiue|ruitreiuiiile|tienepieinurieeluideieruunui|tiiceq|nuderuileiuieuinuecemanuaeueeeilenueineesentiice	03=f,1=i,90=k,31=u,30=e,2=r,5=e,61=s,99=o,02=i,4=n,91=n,34=c,62=d,35=u,33=t,36=a,09=y,93=l,60=l,63=d,3=o,64=c,04=s,94=h,96=r,01=p,8=g,69=w,08=a,65=t,95=b,85=z,98=x,6=q,32=m
0	842	-2.929128	7	38	liziraiioylaeilanfleii|aipuieiesilsrnissennosalhenri|eiusiupiuinl|iiuiiletitiru|neleiciletraisiiioneq|lanutioleeiiietreuiieq|liwiinllc|laneulsilaim|aelliuraeraupiuinl|aixpbklorisioiillaniiapsq|eierelitiipuisi|nreuiiilslitdeapuilaietantdeiiilalangleienleiosiiisiteielillanie|pzeleilapreii|nzaleilepreii|aiupiuienl|nreileinunoiitioairalieic|nlaueim|eisiainluirislicipaeiaiiiiinleiisiiorenlauei	0=l,31=i,90=z,30=r,2=a,5=i,61=o,99=y,4=e,19=n,93=f,11=e,91=p,34=u,62=s,35=l,14=s,33=n,16=o,36=a,95=h,15=r,13=u,32=p,60=t,63=t,64=c,3=q,96=w,1=c,8=m,69=x,10=b,81=k,85=d,80=d,86=g,6=m
0	843	-2.859190	6	41	aeauliiablcilepeut|tionicislirunaiulsaasuificate|ciuleudiuier|iiuiirsseoitu|esrcimironteuiiisecc|lauseseuiiisoncniicc|aewiere|lesurlilex|tsraucntcniudiuier|tekoygratilesiirleiitouc|cictcriseeoniui|atcniiirurisdcionilesstesmciiirilezetserciauiiilessicrirlais|ohcrcilonsei|ehtrcironsei|teudiuiser|atcieteueaiisestittreceq|alucip|celiteeruiteurimidiceiieiiierceiuiiancaluci	03=a,19=e,13=u,02=l,5=i,61=a,99=b,4=c,93=p,01=e,15=t,2=t,91=o,34=n,11=s,62=l,35=r,14=u,30=n,33=a,16=s,36=i,09=f,31=e,32=d,60=s,63=o,64=m,04=r,3=c,65=w,8=x,69=k,10=y,81=g,85=d,80=m,86=z,90=h,1=q,6=p
0	844	-2.973601	6	37	itwtcdilaioiicaceeti|droiaieenileactieaneettelarieateit|aierueetdelesi|iielileentsieieu|erelaigiiascueeaiiielqu|iutriteneeaiiieescaoiiau|ithiiesiie|icreetiniiuez|celitococretdelesi|uexreiklleiintemiliceideeau|aiaeialinttroieai|teiaoiiilealinparroiiueeenchimaiiilricyneeieeesiaileaiiintneeialiliulee|rwalaiideceeti|eaiuiaiiarceeti|ueetdeleeesi|teiaiieeiertheiintenieiuitate|ticoif|atniueesieleitealigibratritiiiesiatieaiilcaticoi	0=i,31=t,90=w,30=c,25=d,5=i,61=l,99=a,24=o,21=c,1=e,91=r,34=o,4=a,62=n,35=l,33=t,36=r,95=e,23=u,93=s,60=n,63=s,3=u,64=g,94=q,96=h,8=z,69=x,81=k,65=m,29=d,85=p,80=m,98=y,6=f,32=b
0	845	-2.906336	6	40	miyeupulcnlunicuiieu|pteuluiicueiluauilciiaaillagulaiue|luiatiiapieiou|uuieueiireduiuin|itieluousdutiiluuuilzn|naiamiiriiluuuiiduleuuln|miiuuiour|nitiiaucuneh|kiemieuquaiapieiou|tiwtifieliuuceixuenidupiiln|luliuleureeteuilu|aiuleuuueileurslateuneiirkifsuuueanibriiuiiioululiluuuceriiuleuenauii|tyleluntuiieu|icnelustuiieu|tiiapieiiiou|aiuluriuiteiiuureicuiutuelei|anieum|lecutiiouieiueileuousaleaueuuuiouleuiluululanieu	03=m,1=i,90=y,31=e,30=u,25=p,5=u,61=l,99=c,02=n,4=l,91=t,34=e,62=c,35=e,33=a,36=a,09=g,23=t,93=o,60=r,63=d,3=n,64=o,04=s,94=z,96=i,01=r,8=h,21=k,24=q,69=w,08=f,65=x,95=d,29=p,85=s,98=b,6=m,32=s
0	846	-2.894138	6	40	auquependaxeaudesue|pemesestetceiectsiilcracsiau|serturierest|eereetsoumear|sstsegeasmensseeelsso|anuraulasseeesmesmeeso|auzeestap|auesieteanw|ureaumexerrierest|nldsaftnaetuleetaucelsso|sesasteouuemece|iasmeeetcteobsremeanslauzayseeetrauhosesstsenceeetuosestetants|eqstsealrasue|sqneseaseesue|nsipresst|iaseasesrsneeoulpaneusup|iaumek|sutensdereauctegeirsureueeestsueceenesiaume	0=a,31=u,90=q,30=e,25=p,5=e,61=n,99=d,24=x,21=u,11=s,91=e,34=m,4=s,62=t,35=t,14=c,33=i,16=l,36=r,95=c,15=a,13=r,32=i,19=s,60=o,63=m,64=g,23=n,3=o,96=z,1=p,18=w,81=f,29=l,85=b,80=y,98=h,6=k,93=d
0	847	-2.822777	6	43	hehnieesfireiebonu|almereusetsacessucctsexercui|rensinteneet|eeneetunileun|eutremenladureeetera|icnnitoseeeularmeera|hezeeto|ieuntseiik|rnehnracaenteneet|dtfuynesuesiteetieeegura|rerurteniilmese|curmeeetstendrelmeiiunroyneeeteiepouuetresseeesinuerteticeu|lwrtreilauie|ewderenlauie|ducaneuet|cureoueneseenitaudeiriq|cinrep|risedubeneuistemeterieeieeeetrieseesarcinre	03=h,19=e,13=n,02=i,5=e,61=s,99=f,4=r,93=b,01=o,15=u,25=a,91=l,34=m,11=u,62=s,35=t,14=s,30=a,33=c,16=t,36=e,09=x,31=i,32=t,60=n,63=l,64=m,04=n,23=d,3=a,65=z,8=k,21=r,24=c,08=y,29=g,85=d,96=o,86=p,90=w,1=q,6=p
0	848	-2.939436	2	30	ielzeleiuiiskiuaiulkeilleli|uineaallcieilnieeilsulleeeelsnamneliel|alecelleeuileilei|iileiieillaelfilile|lnleiadiiseeiuellaiilshe|iueeleaellallaiillfeinain|ielpiileiil|iulnlleeiciiuelq|ulleiieleniunieseeuileilei|uelonlibeisliicellrieiiulmiunln|awiniiaelelneala|eelinaiieilniiagnoleaiuelllaulpitaiieieaulxallillleiaslaiicelalliniieiiueeill|nzniaiuneilleli|lkiueiaitleilleli|uelleeuileilllei|eeliaillilnelpliiaellciliueielnll|eeiuleay|nlciuelleileiliellniidieuedelereliiileinlilaiseineiulea	0=i,3=e,1=l,90=z,2=u,5=i,61=s,99=k,45=a,91=n,62=c,43=n,46=s,60=a,95=m,93=e,63=f,64=d,94=h,96=p,8=q,69=o,81=b,65=r,41=w,85=g,80=t,98=x,49=t,6=y
0	849	-2.975138	2	31	qukiuileethlsluhisuiue|deaissuuneieurqieuxduuiiiiutrnyriueiu|suiniuuiideuieure|eeuieeieuuniuceueui|uauiestemciliuuseeutbi|liiuiniuunuuseeuucimiser|quoeeures|luauuiieneliuf|duuiequirlrqtiideuieure|diuiauauietueeniuugeieluyedaur|szereeniuiuaisus|iiuerseeieureenwriuisliuuunduoameeeieinduenuueuuurestuseeniunuuereeieliieuu|akreslaisuiue|uhliesmaisuiue|diuuiideuieuuure|iiuessueuaiuoueeniuuneuedieiuruu|iiluisp|runediuureuieueiuureeteiditiuigiueeeurerueusetimiiluis	03=q,1=u,90=k,3=i,02=l,5=e,61=t,99=h,45=s,01=s,2=d,91=a,62=n,43=r,46=x,60=n,95=y,93=r,63=c,64=t,04=m,94=b,96=o,8=f,69=i,08=a,65=g,41=z,85=w,98=e,6=p
0	850	-2.848145	3	34	ruirunreiiouretreisreul|eifutteniuiluruuilneuuuurlushaulup|tnnueuueiniiui|iiniiuiesuruiln|ieuittirouureuetiiria|reuunsuesetiieduratia|ruiciiuirp|reienuinireux|eeuirunarearuouueiniiui|euruerquiolinueciuireiiieflu|twiaiisunintli|uulatiiuiluiismagntreuerreisytiiuiuseikreieiuitoliiinurreiaiiuireuuie|fzaitrefureul|izeuitranreul|eueuueinieiui|uultreiinioiisuenileuiulue|uurentb|areieuesinilueaiitiueutunculiiiuialliiouraurent	0=r,3=u,19=i,13=n,2=e,5=i,61=o,99=u,45=t,93=s,11=e,15=l,91=f,62=n,14=l,16=r,60=s,95=h,43=a,1=p,64=t,46=o,63=d,65=c,18=x,81=q,41=w,85=m,69=g,80=y,86=k,90=z,49=a,6=b
0	851	-2.972986	2	35	ueulruuntrarefill|ousiaaenuiusiuiusneiiiicsirdailig|alnieiioulueiu|uuluuiuericiull|eeiuaoutdirieauucea|riilriereauueditiaua|uequeiui|reeliunurih|oeiuularauniioulueiu|oictezlunluniequiureuuossi|akuauurilelasu|iilaauuiusiuuryaplariecrermauuiuiroexileeiuansuuunicilauuiuriiue|swauarsiill|ewoiuatsiill|oieiioulueeiu|iilailelenuurienuloiuisie|iirlab|acouoiefululieauuouioioilqiluueiualsuunitiirla	03=u,19=e,13=l,02=r,5=u,61=n,99=t,45=a,93=f,01=i,15=l,2=o,91=s,3=i,11=e,62=n,14=s,16=c,60=r,95=d,43=a,1=g,64=o,04=t,63=d,65=q,18=h,08=z,41=k,85=y,69=p,80=m,86=x,90=w,6=b
0	852	-2.861745	2	34	elixlileoecbereesbleiilie|ollrriiteleiuelleiasillllicuadulieli|riltliilloileine|eeileeleiialigeieil|ililerieealleniireeicyl|enlilaliiaiireeiigleureu|eliteeineei|esliilleteeniw|sileeliluerlelclloileine|nipliezlecieetliiseleesdeqiiu|rkeueealilillrir|llieureeleiueeahupilreniiiasteureelelasmaiieiiinercireetliaiieueeleenleii|lxuereqileiilie|ibenerefileiilie|niilloileiiine|lliereiieillitieealiiteieneliuii|lleslro|uiteniineileieliiueeielnililslieeeineuieirecleuleslr	0=e,3=l,1=i,90=x,25=o,5=e,61=c,99=b,24=r,21=s,91=l,45=r,62=t,43=u,46=a,60=a,95=d,93=n,63=g,64=i,23=n,94=y,96=t,8=w,69=p,81=z,65=s,29=q,41=k,85=h,80=u,98=m,49=f,6=o
0	853	-2.940532	2	34	xlwiliaeelharalhislile|uoirrllreieluxielznliiiilluaduileil|rlirilliiulielie|eelieeiellailceleli|loliertenciaillreelloi|aiiliaillallreellcinireu|xlgeelies|alolliiereailp|nliexliuauxliiulielie|slfolelielleerillyeiealdebllu|rkeueeaililoirlr|iileureeielueeaquflirailllangeneeeieiantallelllierllreerilalleueeieaiiell|owueraoislile|lhaiernoislile|slliiulielllie|iilersleloilgleeaillreleseilull|iialirm|ulresllielieleillueeteistiliyileeelieulelreliniialir	03=x,1=l,90=w,3=i,02=a,5=e,61=l,99=h,45=r,01=s,25=u,91=o,62=r,43=u,46=z,21=n,60=a,95=d,93=i,63=c,64=t,04=n,94=o,96=g,8=p,23=s,69=f,08=e,65=y,29=b,41=k,85=q,98=t,6=m
0	854	-2.852218	3	39	retreersiupriirepernel|sweaanuieilereeiluneeeesletprelec|aeueneeseitei|iieiieinteseile|tneiamirmeeranaiistr|raeetentnaiinferrair|retditeirc|rewneeiuiray|eeireerriereueeseitei|aspnrheiuliuendieirepicnr|akiriiteeteali|eelraiieileiitorzearansregroaiieietentninteiauliiiuesrniriieiraein|wbriarcernel|tbaiardernel|aneeseintei|eelarnitetuiitenuilaielen|eereeaq|rssanxieilenriimieameedeliiteirlliiuerrereea	0=r,3=e,19=t,13=e,25=s,5=i,61=u,99=p,24=i,21=e,11=n,15=l,91=w,45=a,62=u,14=l,16=s,60=t,95=p,43=r,1=c,64=m,46=m,23=a,63=f,65=d,18=y,81=h,29=c,41=k,85=o,69=z,96=g,80=o,98=n,90=b,49=d,6=q,93=x
0	855	-2.930423	2	38	mumacllogcncuslae|ptinnerliltimiltreiiiintiihaieif|narieiipaluil|llallileiinilea|ueilnolsdicienllnua|ciiaiieienlledisinla|mucluill|cueailrlcix|ualmaacamoiipaluil|rngemaloelrieclilcullyea|nwlalliiauantl|iieanlliltillizabanciencuiknlliliiupieleuilnotlllrinleallilciile|tqalnctilae|uqrlnstilae|reiipaleuil|iienleuauolliierlerlitie|iicand|anpreslaleiealloliroiacielluilaetlloisiican	03=m,19=u,13=a,02=c,5=l,61=o,99=g,45=n,93=s,01=l,15=e,25=p,91=t,3=i,11=e,62=r,14=t,16=n,60=i,95=h,43=a,1=f,64=o,04=s,63=d,65=c,18=x,21=u,23=r,08=m,29=y,41=w,85=z,69=b,80=k,98=p,90=q,6=d
0	856	-2.859995	4	37	nikistllcontinteoseeil|tlralieealueennlesteenneceureili|iectientleuell|lleulueeuitlelep|ereuiolnsnntieillecyp|ntnecnieueeilleetseile|nimllellne|ntereenlalntig|teeuniastencentleuell|tixrenducellaiedlunterltree|iwlelluiiralei|neleillueellumexealntieeutemnfillucntequeeleeelliceillaiueelelluntnlee|rkelintrseeil|eontuinheseeil|tientleueeell|nelineelerimelluiealeltuieee|nntealb|eealtielleuelieellolzceeclilllelleeleilcsesteal	0=n,31=i,90=k,30=s,2=t,5=l,61=c,99=o,45=i,1=e,91=r,34=a,62=a,35=u,43=e,33=n,46=s,60=u,95=r,36=c,93=l,63=t,3=p,64=o,94=y,96=m,8=g,69=x,81=d,65=d,41=w,85=m,80=f,98=q,49=h,6=b,32=z
0	857	-2.875097	4	38	tezsuriirfiuiefueesi|rildiueelineetnebreesserendesis|ueprsesrieneti|iienineensqieiey|elenuoiaqurseuiieray|isepteeneeuiieequeuie|teciietim|ieleesiliisk|reenteduretrsrieneti|rsmlehenreiilsepiniedirlee|uwieiinssldieu|seieuiineeiincemediiseenrechaiiinpiegneeieeetiureuiilsneeieiinisiee|lzeiuilueesi|efinualueesi|rsesrieneeeti|seiumeielsceiinselieirnseee|siedix|eelirsetieneiseeiioiopeepisiiietieeieuirueuredi	03=t,1=e,90=z,31=s,30=u,2=r,5=i,61=r,99=f,02=i,45=u,91=l,34=d,62=l,35=n,43=e,46=b,33=s,60=n,95=d,36=p,93=t,63=q,3=y,64=o,04=a,94=a,96=c,01=m,8=k,69=m,08=h,65=p,41=w,85=c,98=g,6=x,32=o
0	858	-2.903489	4	43	aeweaniiscaneanchanei|niamientienatintnttrnmasseie|elteliilice|iiliienuepiul|cneetiaytaneniiircs|antlueraneiinpaseis|aekiiceap|ancnletianeq|nneaemansamliilice|nebargesuiteriieanciinano|ezisiiueeamini|tuseiieneiuosbleanenuncudeiiemancdaninceesniiiteunisiieantin|awsieanaanei|cwneeallanei|neliilince|tueaniclcsiiuerniuneesn|tanlex|srnineceliueneitiimslfeiiicesuniisasanle	0=a,31=e,90=w,30=a,2=n,5=i,61=s,99=c,45=e,19=c,93=h,11=n,91=a,34=m,62=t,35=e,14=n,33=t,16=r,36=m,95=s,43=s,13=l,32=i,60=u,63=p,15=u,64=t,46=y,96=k,1=p,8=q,69=b,10=r,81=g,3=o,41=z,85=o,80=d,86=d,49=l,6=x,65=f
0	859	-2.801235	3	42	oeouliisklalexcut|tiayiadminauiiamdiisaprieeie|aumeuniuien|iiuiindreqitu|ednafinquteaiiisee|liurescaiiidqueaie|oedienc|ledunmiles|tdnoueleositiuien|tezamonstimesiinleiitaag|apieiireeayiai|iteaiinanirlezualedrterbaiinplehctdenasaiiimerdieiinliid|aweialaudei|ewtnanaudei|teuniuiden|itacteuesiirestittneed|iluac|estiteenuiteanifinpeudeiiienetaiisueutua	03=o,19=e,13=u,02=l,5=i,61=s,99=k,45=a,93=x,01=c,15=t,2=t,91=a,34=y,11=d,62=m,35=n,14=a,30=u,33=i,16=s,36=p,09=r,43=e,31=e,32=n,60=r,63=q,64=f,04=n,65=d,8=s,69=z,10=m,81=o,3=g,41=p,85=l,80=b,86=h,90=w,6=c
0	860	-2.763393	4	41	likimpiralaileameeii|pdsineedireulsieueesserunbuiii|neeleespereti|iierireenitieiep|edernoiluslleeniiersp|llielieneeniieetmuniu|liciietile|ledeesidilleq|eerlismameespereti|leydelarreiidieoirlebigeeu|nwiuiiniidsien|seiuniireuiinfuyesilleeeneclcniirelezneeieeetinreniidineeiuiirllree|dkuinlgemeeii|eallinlmemeeii|leespereeeti|seinleeiediceiiniedieiliiuee|slesix|uedileetiereiieuiioiheueeiiiiietiueienirmumesi	0=l,31=i,90=k,30=m,25=p,5=i,61=r,99=a,24=a,21=e,1=e,91=d,34=s,45=n,62=d,35=r,43=u,33=s,46=u,60=n,95=b,36=e,23=l,93=t,63=t,3=p,64=o,94=s,96=c,8=q,69=y,81=a,65=o,29=g,41=w,85=f,80=c,98=z,49=m,6=x,32=h
0	861	-2.863950	4	42	dizearnstnenitaiien|rmoneiienuiiduismissisitriene|eilliisriuion|nniunuiiteuninip|imiueqnaualiiennisyp|nsildiitiienniiuaieni|dianniond|nimiisnenneg|miudioacalisriuion|lixminiusinneeibnunirnkiii|ewninnteemonie|siniennuiinnthixionneiitmanannnulniftiiniiionesienneetiininnunsnii|mzinenmaiien|itnueamaiien|liisriuiiion|sinedinimeainnteieninlneiii|snionp|iienliioniuineiinnqncliilnennnioniiniensaiamon	03=d,1=i,90=z,31=e,30=a,25=r,5=n,61=s,99=t,02=n,45=e,91=m,34=o,62=e,35=u,43=i,46=s,21=m,33=s,60=t,95=r,36=l,23=l,93=o,63=u,3=p,64=q,04=a,94=y,96=a,01=d,8=g,24=c,69=x,08=n,65=b,29=k,41=w,85=h,98=f,6=p,32=c
0	862	-2.858212	2	45	takaclicntsitinceai|lprireliuectielettneattraia|rulaumiuiou|iiuiiuesafinu|oeurpitattieriinor|tiaatanteriiefcrrir|tadiioute|tipetilitim|iuitarcscaumiuiou|innetxucnilaniiutitioer|rhiriisaapriei|tnrriiueuisqrwurtientidtbriiuatisseieourceiiilaseiriiutiue|pkrirtouteai|okiirtduteai|ietluieou|tnrteiouociisanlniiare|ttirig|rnlieziuinaeuipimaruyaiiiourneiiccrciri	0=t,31=a,90=k,30=c,25=l,5=i,61=c,99=n,24=s,21=i,11=e,91=p,34=r,45=r,62=l,35=u,14=e,33=t,16=n,36=a,95=t,43=r,13=u,32=m,19=o,60=s,63=f,15=n,64=p,46=a,23=i,96=d,1=e,18=m,81=x,29=o,41=h,85=q,69=w,80=b,98=s,49=d,6=g,93=z,65=y
0	863	-2.900931	2	43	hahiteetotetamoir|cydeeusenuaieusuiiluecesses|eissizeiean|eeieenuasperi|aunelenparueeelas|tiiasloueeeupasees|haxeano|tauinsetsd|miehistshticiean|rlougietressleentaeetus|ekeseeassydeue|irseeenuneanspietsuamfgneeenetaboruanetueeessaueseentieu|ywseetyause|awreenyause|ruicieuan|ireoraiateeaslcrressu|itieq|slcrumeiersunelezesixseeeansrueetasamde	03=h,19=a,13=i,02=t,5=e,61=t,99=o,45=e,93=m,01=o,15=r,25=c,91=y,34=d,11=u,62=s,35=n,14=u,30=a,33=i,16=l,36=e,09=c,43=s,31=s,32=z,60=a,63=p,64=l,04=n,23=r,65=x,8=d,21=m,08=g,29=t,41=k,85=n,69=p,96=f,86=b,90=w,6=q
0	866	-2.832873	8	38	siusiossicyssuesunseil|swoutanslauisiiaumeiiiindirxuiilip|uaimieiisaiant|ioiiansiniaai|ueitrueukissieuiacfi|ssiioriereuianiisuiuiui|siucanep|ssueoirsesig|seieiouissuisiciisaiant|sinyespireimieclesuisadi|utluiiriououaut|iiluiuilauiirduizouesienssurquillrsuoseaentreuirsinsetiiiesiiap|ahuitesaiseil|uhsiteuaiseil|sieiisaiaent|iilueeaaiuciriemabildie|iissour|uinsbienaialeuiimlsimiociliuitildicisuiissout	0=s,3=i,19=u,13=o,2=s,55=i,61=c,99=y,4=u,50=e,93=n,11=e,15=l,59=w,54=t,51=a,16=n,53=l,62=m,14=d,60=r,95=x,1=p,5=t,56=r,63=k,94=f,65=c,18=g,81=p,91=a,85=d,69=z,80=q,86=o,90=h,52=b,64=m
0	867	-2.816614	8	41	nrnualamaisersauc|epuiseueceiinieireiiiiuyilkiiicit|ieirieiieeiest|lulieunuieei|reisdisihiaieileami|aiiulieleileuiioiilii|nrdesst|areuideseig|eeisiuiiaiinaiieeiest|eiumequdelriedcserlenyi|isciilliuruieit|iiciiilceiilloiipuiseieuarlwilcclerfacerisdeildeiuaciiliseiiet|nbiisseniauc|rbeissiniauc|eieiieeieest|iiciseenirallierezicyie|iiauid|iiuezieseieceiilxceixiudiclrisicylaioiiauit	03=n,19=r,13=u,02=a,55=l,61=a,99=m,4=i,50=s,2=e,93=s,01=a,15=c,59=p,54=s,51=e,16=u,53=c,3=i,62=r,11=e,14=y,60=l,95=k,1=t,5=t,56=d,63=h,94=m,04=o,65=d,18=g,08=q,91=n,85=o,69=p,80=w,86=f,90=b,52=z,64=x
0	870	-2.855037	8	42	teptestnappleixetsen|nsetrauneateteeatlseeeeudencteenec|taeleseensauo|isieauteueaae|pseratetdetastiarge|taesnesnstiaueettetite|tepmauec|tisseeantaq|iseestetletereensauo|auxstfeasilesmeeicysde|trnteinespstato|eentetieateinwtehsteasutiktbtieenionsasurastiaautsreieeaeac|spterezstsen|pparetsetsen|aseensasuo|eentesaseprineslayeedes|eetieta|teunasuaeaesteimeamesmeniperendiretteetieto	0=t,3=e,19=p,13=s,25=n,56=a,90=p,24=l,50=e,21=i,99=x,11=s,15=n,91=s,4=t,54=r,51=a,16=u,62=l,14=d,60=n,95=c,1=c,93=u,5=o,55=i,63=d,23=a,61=r,94=g,65=m,18=q,81=f,53=e,52=y,85=w,69=h,96=k,80=b,98=o,29=z,64=m
0	871	-2.823758	8	43	asairaturesouilil|apieenuaineiainereiiiiudicceiiliq|enirieiiaintd|aiainuauinni|seiemesenirieeantbi|riiicieceeanuiifieaei|askntsq|rseiimariw|oisiieireiatiiaintd|suuegimearieknsocopdi|eeleiaciisiened|iileieanneiacmeixiesseurscheanncopcenetemeeamsulleiaissinq|pzeiestilil|szsesepilil|seiiainetd|iilesenpistaciernoindie|iiriem|eiuasetninneeiaynsyiikilasieildatifiiried	03=a,19=s,13=i,02=r,55=a,61=t,99=u,4=e,50=s,21=o,3=i,01=l,15=l,25=a,91=p,54=e,51=n,16=u,62=r,11=e,14=d,60=c,95=c,1=q,93=t,5=d,56=m,63=n,94=b,04=f,65=k,18=w,23=s,08=g,53=n,52=o,85=m,69=x,80=h,98=p,90=z,29=t,64=y
0	880	-2.929472	8	38	elixlilersoberueribleiilip|rziluuiiccesellenriilllliosanslici|uilcliillrelemp|silsleialiteel|iriliouenllerliiusiohl|erllilaliiaiiusiitlesuil|elimsimai|eririillorarlid|riilalilserselollrelemp|rliuriekloiiscliigcarinlris|uwilsalilirluiu|lliiluslessadsuiluerliiiarimefuslcariqaiieiimioiiuscliaiiilslarllei|rxsiarrleiilip|iberliatileiilip|rliillreleiimp|lliiaiierlimisaliicellcisii|lleriluy|siclliimeleciisspcrlplilglisemilieuoileslerilu	0=e,3=l,1=i,90=x,2=r,55=s,61=o,99=b,45=u,5=p,59=z,62=c,53=c,51=e,43=s,46=n,60=a,95=n,93=m,63=t,91=r,54=i,56=o,94=h,96=m,50=a,8=d,69=u,81=k,65=g,52=l,41=w,85=d,80=f,98=q,49=t,6=y,64=p
0	881	-2.912755	8	40	tuwiuimefamimuaisuiuy|oxuiiiuuneretirpouuiiiiufenseiueu|iuiniuuiioriray|euieiruniucrri|uouilliucimiuuieufgi|miiuiniuunuuieuuciuiili|tuseuacu|muouuiilocoium|ouuiciuiemetfiioriray|oiuzouquiluueniuurecousdoue|ihlieniuiuoiiui|iiuliieireentezuiimiuuunousqueeenouknuuruualluuieniunuulieicoiiru|owelcooisuiuy|uamilcpuisuiuy|oiuuiioriruuay|iiulcuuroiusueniuunrdieueuu|iimuiib|eundiuuarireuueedeoidiuiriueraliuriluiuiimuii	03=t,1=u,90=w,3=i,02=m,55=e,61=f,99=a,45=i,01=s,5=y,2=o,59=x,62=n,53=e,51=r,43=e,46=p,60=n,95=s,93=a,63=c,91=o,54=l,56=l,04=u,94=g,96=s,50=c,8=m,69=z,08=q,65=r,52=d,41=h,85=t,98=k,49=p,6=b,64=d
0	882	-2.722346	8	42	ieaietinrraineinauited|nwteetassiieesonteeeempeeniedep|etaeteensesuo|rtresmiemesse|atelleioeeinetermai|ineeteetetertheiiele|ieansuup|inattelnuneg|nteuetiiniiereensesuo|nematiceltraetnsunarndpe|eklereetatepo|eedieresiremixteinetminaeferesenabitstullteraemitlereuneesp|dzilundeited|azneluytited|neteensestuo|eedeitsdearreetassespet|eeinteq|imnsetusesstircsnecetnedraeledprreiieinte	0=i,3=e,19=a,13=t,2=n,55=r,61=r,99=a,45=e,93=u,11=t,15=d,59=w,62=a,53=s,51=s,43=i,46=o,16=m,14=p,60=e,95=n,1=p,5=o,54=l,56=l,63=h,65=n,50=u,18=g,81=c,91=d,41=k,85=m,69=x,80=f,86=b,90=z,49=y,52=s,6=q,64=c
0	883	-2.725625	8	45	tituaenmalaisiuo|rbulledcentiepreiiiislircnioim|ludieiireiest|eueiestsieei|ieitulaniaielesin|aiiuriereleeniailti|tiresam|aieuiurariz|reiaiunantniireiest|rismefuueediercarierdli|lqtieriuiullt|iionleienerynoulaiesairkleicrrigioeiitueledisioneiariiem|dwntardiiuo|iwritahuiuo|rieiireieest|iiolioiuineriedepiclie|iiaulx|nsrpieseiecenescrisiurioeiitioleniaiiaul	03=t,19=i,13=u,02=a,55=e,61=n,99=m,45=l,93=s,01=i,15=o,2=r,59=b,11=e,62=d,53=c,51=e,43=n,3=i,46=p,16=s,14=l,60=r,95=c,1=m,5=t,54=t,56=u,04=a,63=n,65=r,50=a,18=z,08=f,91=d,41=q,85=y,69=o,80=k,86=g,90=w,49=h,52=p,6=x,64=s
0	884	-2.863199	8	41	neiheientniondsdoeniieia|teeaaiirasuneestdieeeeiuuleueiai|aiereiieetiespa|lielesileimsse|ieieinanteensiialiuxe|nseieleiiliialiimenuaie|neiclipsi|ndeiieentnsiq|dieseieundeneueetiespa|sizeingeniilreiimasdeceiu|awielleieieeaia|eeiiealesullouzieansiiildcnyalealdkliisiipiniialreiliiielessesi|ehuisbieniieia|ionsisrieniieia|siieetiesiipa|eeiisiiseeicilleiirsceaiuii|eendeaf|uirceiipsesaiiulpaspeiemeilspieisanienuendea	0=n,3=e,1=i,90=h,25=t,56=n,99=o,24=d,50=s,21=d,5=a,91=e,45=a,62=r,53=a,51=s,43=u,46=t,61=u,60=l,95=e,93=p,55=l,63=m,54=i,23=s,94=x,96=c,8=q,69=z,81=g,65=m,52=c,41=w,85=o,80=y,98=k,29=b,49=r,6=f,64=p
0	885	-2.821677	8	42	yiweienlionanioepieie|tneaaiiderayerquieeeeiialoaeiei|aiedeiieetierue|lielerileicrre|iniensarceneiialiibe|neeieleiiliialiicereane|yipliuti|niniieestneig|uieteieanayieetierue|mimniaiesiildeiicetuosnia|aznelleieineaia|eeinealerallxamieaneiiiluparleelukliiriiunsiialdeiliineletmeri|nwantsiepieie|ionenthiepieie|miieetieriiue|eeintiirneipilleiidrseeiaii|eenieaf|aidseiiurereiialdemdeieceilruneirasiereeniea	03=y,1=i,90=w,3=e,02=n,55=l,61=i,99=o,45=a,01=p,5=e,25=t,91=n,62=d,53=e,51=r,43=a,46=q,21=u,60=l,95=o,93=u,63=c,54=n,56=s,04=r,94=b,96=p,50=t,8=g,23=m,69=m,08=a,65=c,52=s,41=z,85=x,98=k,29=s,49=h,6=f,64=d
0	886	-2.843258	8	46	eiteinekrtcontpielin|kaiaalmauieiiudtniiiliiesiinio|anmiliiknuer|unuiuleiliuui|tliuraediieslaulti|esineilelaulxieiaui|eittueno|etaliirkesq|tnninieoieiriiknuer|slplebirlumiltantscaii|awuiueintnair|iiniauiuiuezignaeslletdemauiaetfeluleurlaumileluiuinsiuo|aciunhnelin|tcsunsnelin|sliiknuler|iinaeluaitrueilmuciaiil|iietiay|ilksleuiualiupaspintinutiuiniurieiietia	0=e,3=i,19=t,13=n,25=k,56=r,90=c,24=o,50=n,21=t,99=p,11=l,15=n,91=a,45=a,62=m,53=a,51=u,43=i,46=d,16=l,14=i,60=e,95=s,1=o,93=e,5=r,55=u,54=u,23=s,63=x,65=t,18=q,61=r,81=b,52=c,41=w,85=z,69=g,96=d,80=m,98=f,29=h,49=s,6=y,64=p
0	887	-2.734237	8	47	bubenilfnenueset|upieelmasibisyceiiiouinhiitio|eemiliiueset|ieiisoboissi|ulinteglinileioui|niienilnleilligieni|burseso|nuleituniq|cesieinibliiueset|aoflretlimilraschapui|ewniinieueeut|iitieiisiinkireenilonundeiianccnlslentleimiostiiisaiso|pzinsdeset|uzanspeset|aliiueslet|iitestueulinilmsaiauil|iineex|ioualesisaliimaamieritiuinituiligiinee	03=b,19=u,13=e,02=n,55=i,61=l,99=f,45=e,93=e,01=s,15=t,25=u,91=p,3=i,11=l,62=m,53=a,51=s,43=i,46=y,21=c,16=o,14=u,60=n,95=h,1=o,5=t,54=n,56=t,04=g,63=l,65=r,50=s,18=q,23=a,08=r,52=a,41=w,85=k,69=r,80=d,98=c,90=z,29=d,49=p,6=x,64=m
0	896	-3.030044	1	19	seizeiestuunicstlusticesiieiu|tudeluluiintueuileseeuilntiieeeeinilensbleeiuei|luienteiieetuieuiou|uuieuueuiinseineuiuie|idieulunluslneesteiiluuuinihe|steeienseiinsiiluuuiineesleluule|seiauuiousi|stidiieeuntusteim|tiieuseielestlesenieetuieuiou|teinciisreuniiuunteiinuueustibutdile|luliuleuunseieideluilu|eeiuleluuueuileuunsylendelusteiiinstiaspluuueuenstifnsiiuiiiouluniiluuunteinsiiuleuueusteeuii|dzleulustdesiieiu|icsteulusldesiieiu|teiieetuieuiiiou|eeiulusiiuideiaiuunseiintuiuteueileii|eestielun|leintuteiiouieuiueiileuunluetenleienueiuuuiouleiuiluuniesleestielu	0=s,3=e,1=i,90=z,2=t,5=u,6=n,99=c,4=l,91=d,95=b,93=o,94=h,96=a,8=m,81=r,85=y,80=p,98=f
0	897	-3.085581	1	21	ulzelesiialcsnislcerleli|tideninillatieilneueilnatlleeeelalneafineeliel|nileatelleetileiloi|iileiieillaulaeilile|ldleinianimaeesellniiilalhe|seeleaullarlniiillaeemeniine|ulkiiloir|sldlleeiatiselq|tlleiulenesneualeetileiloi|telacllbleialliiatellaiieislgitdlne|ninlineiiauleldenilni|eelineniiieilneiiabineadeniselllaslkbmiiieieaslparlillloiniallniiiatelarlineiieiseeill|dzneinisderleli|lcseinimderleli|telleetileillloi|eelinirlildelkliiaullatiliteielnell|eeslenia|nelatitelloileiliellneiianieteaneleaieliiiloinelilniialemeesleni	03=u,1=l,90=z,3=e,02=s,5=i,6=a,99=c,4=n,01=r,2=t,91=d,09=f,93=o,04=m,94=h,96=k,8=q,08=b,95=g,98=p
0	898	-3.121402	2	23	uiauiluceetagcseucamunir|ceoisesentceiepiuiieptcniiiidpituksiiriq|seltciniiceleaie|eeleeientuidierl|aniesetseustiiucinseeedasi|uciiltuintunseeentiiusiseesi|uiateeaieuq|ucanlietceucib|cnieuilsiucsiuitliceleaie|cidfnuzietneetcinteeieucaeecopi|sesrsieetuilalsepe|iirsiseeeiepieetuwsitoiseucinducatuyseeeieitucahunenaiesetnseeetcidunesieeieuciien|ogsieseucoiunir|agcieseusoiunir|ciniicelenaie|iirseunealatretuintcercieipin|iiuclset|sidcecinmelerinsieetseicitsilteireeaiesirpeetlusiiuclse	0=u,3=i,19=a,13=l,2=c,5=e,6=t,90=g,4=s,93=m,11=n,15=r,91=o,14=p,16=d,95=k,1=q,18=b,99=f,81=z,85=w,80=y,86=h
0	899	-3.343134	1	24	mdmatiicdwnlitdgoau|niheliliscnieiremeircnseeeebrecxileeueq|liacneseeniaidei|iiaiieiscmbeiua|dseiliclipceetesliiibdle|teeacmscoriiisceepeliile|mdciideio|tdsaeicnitez|nseimaletlemcaeniaidei|nebksfaicsiicnesciieitdiinhre|liluleiicmadaliri|eeuleliiieireiicfilechelitesbtdcfpiiieiectdyousdeilicsliiicnebouleiieiteeis|hwleilitheoau|dwneilipheoau|neseeniaisdei|eeulioudadcuicmscniuneieres|eetalic|lebninesgiaiuesleiiclienecleacieuiideileuriicapeetali	03=m,19=d,13=a,02=t,5=i,6=c,90=w,2=n,4=l,93=g,01=o,15=u,91=h,3=e,11=s,14=r,16=b,09=x,1=q,04=p,18=z,99=k,08=f,86=y
0	900	-3.099918	1	23	nelzelentialfnrincfenlleli|tdesisillateilseneeilsacleeeelalseanoseeliel|sileaulleetleilmi|iileiieillanelaeilile|ldleisiasinsaeenullsiiilalbe|nueleanellanllsiiillaeensesiise|nelkiilminl|ncdlleeiatnulx|cleinelesenrenealeetleilmi|ulafllnyeialliiaullaiieincoipllse|sisliseiianeleldesilsi|eelisesiiieilseiianqseadesinulllanckngsiiieieanchanllilllmisiallsiiiaulanlliseiieinueill|dzseisinplenlleli|lfnuisinsdenlleli|ulleetleilllmi|eelisinllildelkliianellatliuielsell|eencesia|selatullmileiliellseiiasieuaseleaieliiilmiselilsiialenseencesi	0=n,3=e,1=l,90=z,25=t,5=i,6=a,99=f,24=r,21=c,91=d,4=s,95=o,23=u,93=m,94=b,96=k,8=x,81=y,29=p,85=q,80=g,98=h
0	901	-3.095253	1	24	sukiuileenuclreluciauiue|goirereuungieurisieurnquiiiiunurinheriiueiu|reuinduuiiguieube|eeuieeieuunsunieueui|uouierenretniiliuureeeunuzi|liiuinsuunaureeeuuniitireeri|sumeeubea|luouuiiengliuf|quiesuirilrisnuiiguieube|duncuupuienuueenduuneeieluwexuuri|reruerieensuiuoireure|iiuerireeeieurieenperinoireliuuunlumpteeeieinluynaueuuuberenuureeendunauerieeieliieuu|okriereloiauiue|uclieretoiauiue|duuiiguieuuube|iiuereaueuoiumueensuunguedeiuriuu|iiluiren|riungduubeuieueiuurieenreidnriuineiueeeuberiueureenuitiiluire	03=s,1=u,90=k,3=i,02=l,5=e,6=n,99=c,4=r,01=a,25=g,91=o,21=q,09=h,23=d,93=b,04=t,94=z,96=m,8=f,08=p,95=w,29=x,98=y
0	902	-3.057392	2	28	uecuedusiecqaiuayeunes|smelilineseireueeireadeeetreeugleesex|lidenneesdicei|iidiieineueteisd|cneilieliuleeeunnliiitcle|unedeueneunliiineeeuleliile|ueceiiceiux|uamneeiesunf|adiuedleuaeueedesdicei|ntynuzeieniienneiieiuagionle|lilsleiieuedcdliri|eesleliiieireiieupleemeliunntuahuwliiieieeuabeuninceilienliiientunileiieiunein|mqleiliuodunes|cqniliulmeunes|nneesdincei|eesliunicdcesieuenessnieren|eeuaelie|letsnnkidisenleiielieneledeiesiiceilesriieduleeuaeli	0=u,3=e,19=c,13=d,25=s,5=i,6=e,90=q,24=a,21=a,99=y,11=n,15=s,91=m,4=l,14=r,16=t,95=g,1=x,23=n,18=f,81=z,29=o,85=p,96=h,80=w,98=b,93=k
0	903	-2.991511	1	28	scslniiecypincorla|sdeuiuineseimeseimebleeeameehiueeaex|uilegneeslicei|iiliieinesaeial|cneiuieuiteeenenuiiiacue|neelesnermiiineeeteuiiue|sceiiceir|ncnleiesnez|blisluenueseleslicei|gawnqlieniiegneiieinciiknue|uiuaueiieslcluimi|eeaueuiiieimeiieqiueedeuinenanceqtiiieieencfranceiuienuiiiegaraueiieineein|dyueiuinderla|cygiuitderla|gneeslincei|eeauiraclceaiesnesagiemen|eenluie|ueasgnoiliaenueiieuiegeueleieaiiceiueamiielteenlui	03=s,19=c,13=l,02=n,5=i,6=e,90=y,24=p,93=o,01=r,15=a,25=s,91=d,3=e,4=u,11=n,14=m,21=b,16=a,09=h,1=x,23=g,04=t,18=z,99=w,08=q,29=k,86=f
0	904	-3.123559	5	26	sawamceenikscuescikmiiae|cetreueiinceliumseiunciissiniuesfusiea|ueiecaisceilide|eeileliinsanlieio|itiluenuesunsscaiueeeinibo|scsiesainsiiueeeiinssureeuo|sapeeidesi|scitiisencescay|ciilsarmcumeisceilide|cankiishlniieencaineelscifectiuo|ueuieulensaatreiue|sieureeeliulensquetrescaiinscipsgueeelescixnsiieiiideueniiueeencansiieulelscseii|twuluesctmiiae|ikscluesutmiiae|caisceiliiide|sieuesiieitapieensainceieclauai|ssciren|uancecaideilieaiulenuezeuaeeaeeeideuaeiueenimusscire	0=s,31=a,90=w,30=m,2=c,5=e,6=n,1=i,99=k,4=u,91=t,34=r,35=l,33=s,36=e,95=f,93=d,3=o,94=b,96=p,8=y,81=h,85=q,80=g,98=x,32=z
0	905	-3.080599	5	28	cewsdeiiteysaiseydeesi|eiroiaieeteineadlieateeelleteaukialeis|aieueseleieneni|iienineetcetneieb|erenaitaiatlsseaiiietezb|sleuceetheaiiieetlaoiiab|cepiienih|sereeliteissg|eeenceodeadueleieneni|estyeementeeiitesetiinsefiereab|aiaeianitcesroieai|leiaoiiineanitmiauroisseetsepmaiiinusextheieeeniaiteeaiiitestheianinsliee|rwanaisrdeesi|eysnaiardeesi|eseleieneeeni|leiaiheierspeiitceeteieiensase|lseoit|asteiesenieneiseanitaiquasuisiiieniasieaiitedalseoi	03=c,1=e,90=w,31=s,30=d,2=e,5=i,6=t,99=y,02=s,4=a,91=r,34=o,35=n,33=l,36=u,09=k,93=n,3=b,04=a,94=z,01=h,96=p,8=g,08=m,95=f,98=x,32=q
0	906	-2.922928	6	31	eikianeeisknreensdeuie|neymereuinetsalesinulltscexrlai|rerinirperest|eereetuieiitar|sutreireerileniseeetsro|enlrieiteureeeuilermeero|eizeesteb|ensurtineeniw|nuteimanracrperest|niiquentiueeiniteetenseenyso|rerarteieiiymese|larmeeetsteiefrcymeeniuiensiegreeetcensheueustreiureeeiniieuertetenleu|ykrtreenyauie|skntreeryauie|nirpereust|lareeuesrsiaeieitneantirib|lenrrei|riinenistreaisteirepcriceieeestrieseeirerlenrre	0=e,31=i,90=k,30=a,2=n,5=e,6=i,19=s,4=r,93=d,11=u,91=y,34=m,35=t,14=s,33=l,16=t,36=c,95=x,15=a,13=r,32=p,3=o,96=z,1=b,8=w,99=q,81=n,85=f,80=g,86=h
0	907	-3.158074	5	31	hthuniictfleintgour|liydieiecliramiiacleiitaaxieirs|eiuclsuniuitr|iiuiirechtrru|tereiceiscinsaiiittep|niuchecoaiiiecisdiiep|htciitro|nteurclinsq|lerhuemlemauniuitr|lscbezuiceiiclstiirntiilyap|eiererichutueiai|irediiirariczieaydinsecntczsiiirantkoretreiceeiiiclscorerirniie|yfereinymesi|tflreisymesi|lsuniuietr|ireiortutcricheclirlrsesw|inueic|esclilstruirsariceinaesaisiiitresiaiicusinuei	03=h,19=t,13=u,02=n,5=i,6=c,90=f,2=l,4=e,93=g,01=o,15=r,91=y,34=d,11=e,35=r,14=a,30=m,33=i,16=t,36=a,09=x,31=s,32=n,04=s,3=p,8=q,99=b,08=z,86=k,1=w
0	908	-3.105046	5	30	tekensleidtalthdniiel|spoliliiesuiinsliiehissieiintbisile|ilinaiissiuicl|lliuluiieteeuilir|ipiuileiltiestaiiilllieiwr|taenteietiiillliiestiollir|tetlliclti|thpiislestaig|hiuteonannissiuicl|aiediitqueiilleaiielluthblmiiir|iliiliuleteepoliil|siliollluiiuletxinpoltaiiiethttfilllunthzetiiliiiclileiiillleaietiiliulutauii|pkiuiltminiiel|idtaliltipniiel|aiissiuiiicl|sililtiilipetilleteiesilaleiei|sthole|ieesaiicliuileiiuleilynienlellliclieliilleinisthol	0=t,31=e,90=k,30=n,25=s,5=l,6=e,1=i,99=d,24=a,21=h,91=p,34=o,4=i,35=u,33=s,36=n,95=b,23=a,93=c,3=r,94=w,96=t,8=g,81=q,29=m,85=x,80=f,98=z,32=y
0	909	-2.888911	5	32	aiqueuenicsnesiceiiue|upreneiinutineseinnkissininayensieu|neiafiisuitile|eeitetiinaintieim|ipitnenneinssuineeeiniwm|ssiaaiintineeeiinsireenm|aireeilet|sipiisenusub|kitairegeaisuitile|finciiditniieenfiineetsixehiinm|nenientenaiupreine|sienreeetintendenapresuiinsirdieeetasiontieiiileneniineeenfintientetsseii|pqntnespeiiue|icstneipeiiue|fiisuitiiile|sienetieipurieenaiinuiefeunui|ssiren|nunufiileitieuintennezanuaeueeeilenueineenienssire	03=a,1=i,90=q,31=u,30=e,25=u,5=e,6=n,99=c,02=s,4=n,91=p,34=r,35=t,33=s,21=k,36=a,09=y,23=f,93=l,3=m,04=i,94=w,01=t,96=r,8=b,24=g,08=d,95=x,29=h,98=o,32=z
0	910	-2.938611	5	35	esksatinlkdiescausi|titieiuntroanionsunsnomepenls|eiunauntuilr|iiuiirunesnrlu|lureineieenneaueiiidler|easmesdeueiiiunneetiier|eswiilreb|esiuninteaf|suiestadamuyiuilr|adcuehrnuiinauniirespiquer|eielerinessitioi|nletiiirorinezemitieaudeswegeiiirmesoneuiulreinueiiinadeuierirearu|ikereiequeusi|lkaieieeiausi|auntuiulr|nleieuilulnlinesdtlaisesb|nestin|esntauxiuilsorineiymesmisiiilresioiinueenesti	0=e,31=s,90=k,30=a,25=t,5=i,6=n,19=l,24=d,21=s,99=c,11=u,91=i,34=t,4=e,35=r,14=o,33=n,13=u,36=m,95=p,15=l,23=a,16=d,3=r,96=w,1=b,18=f,32=y,81=h,29=q,85=z,80=g,98=o,93=x
0	911	-3.033150	5	35	noneliieokmilopres|rfailiuerunitinezetaencyiltsa|lieedutreiou|iieiiuuenouse|ouulielisetlaniiioolx|lteenuerniiiuetsaiilx|noeiiour|loueuerlaq|zeinelimicebieiou|dowuteieuiiedueiiuloiigulx|lilsluieneoelini|tslaiiiunuietilcfailaueloetsiiiuclohrsuoulieuliiiedorsluiultiu|fklulilfiuai|okdilisfiuai|dutreiuou|tslirsoeoesienuersdialad|tlelie|laerdupieisanuielibclaciaiiioulainiieestleli	03=n,19=o,13=e,02=l,5=i,6=e,90=k,24=m,93=p,01=r,15=s,25=r,91=f,34=a,4=l,11=u,35=u,14=n,30=i,33=t,21=z,31=a,36=c,09=y,23=d,16=o,04=s,3=x,8=q,32=b,99=w,08=t,29=g,86=h,1=d
0	912	-3.001596	1	23	ailhiliaueeclsauraulsiallile|ueoirrllcueieltaiielbulliiiilcltcantileil|rlicuilliiuelielde|eelieeiellcailcieleli|loliercrabiiauillreelclwi|auiilicaillcallreellciiatret|ailmeeldeal|aulolliiecueauilz|ullieailitautaicliiuelielde|uilcsllafieclleecuillceeieaulneuolt|rketeecaililoirlr|iiletreeielteecaptcoirauilllcaulmagreeieicaulxcallellldercllreecuilcalleteeieauiiell|ohterauoiallile|lsauierayliallile|uilliiuelielllde|iileralleloilmleecaillcueleuieiltll|iiaulirc|tlcueuilldelieleillteecriuictliceileeeldetlelrecliatiaulir	0=a,3=i,1=l,90=h,2=u,5=e,6=c,99=s,45=r,91=o,43=t,46=b,95=n,93=d,94=w,96=m,8=z,81=f,41=k,85=p,80=g,98=x,49=y
0	913	-3.108544	1	24	pukiuioeeauhonouhiquiue|delinnuuadeieuspieufduuiiiiuausagesiueiu|nuiadiuuiideuieure|eeuieeieuuapuaieueui|uluienanbaiioiuuneeuauxi|oiiuiapuuaquneeuuaiibines|puteeureq|ouluuiieadeoiuc|duuiepuisospauiideuieure|diuahuumuieauueeadiuuaeeieouyedlus|nweseeapuiulinun|iiuesneeieuseeamesalinoiuuuaoutmbeeeieiaouzaqueuuurenauuneeadiuaqueseeieoiieuu|lksenoliquiue|uhoienbliquiue|diuuiideuieuuure|iiuenqueuliutueeapuuadeuedieiusuu|iiouina|suadediuureuieueiuuseeanidiasuiaeiueeeuresueuneauibiiouin	03=p,1=u,90=k,3=i,02=o,5=e,6=a,99=h,45=n,01=q,2=d,91=l,43=s,46=f,09=g,93=r,04=b,94=x,96=t,8=c,08=m,95=y,41=w,98=z
0	914	-2.992454	2	27	aitaicaneestenmantpasio|nedimmssneieuiaiieusnsiiiiluisabrioih|mcsnisiinecetie|eeceeiessailieoc|tsiemsmaxiianismeeltr|aniicsaissasmeessiiarmer|aitseetieah|antsciesneaniq|nsieaicranraiscinecetie|nilysafiesseesnisseeieanteendui|mwereesaictcmue|iiormeeieuieesagrsdimanislantsaameeieisantkasestiemssmeesnilasereeieaniies|deremandiasio|teniemazcasio|nisiinecestie|iiomasetctsoesaissneonieiuis|iiancms|rlnenispeceoisreesminisrcseioeetieroueescariancm	0=a,3=i,19=t,13=c,2=n,5=e,6=s,90=e,45=m,93=p,11=s,15=o,91=d,14=u,16=l,95=b,43=r,1=h,46=x,18=q,99=y,81=f,41=w,85=g,80=a,86=k,49=z
0	915	-3.220704	1	26	tltaeiielzncelgram|niduccseniuioutuioensuuuufouebisumuk|caenusuuniailui|iiaiiuisetfuima|lsuicecheuueusciifls|euuaetseroiiiseuuhucis|tleiiluir|elsauienieux|nsuitasesteauniailui|nufqspaiesiienuseiiuieliindou|cwisiietalacoi|uumsciiuiouiiepiseduceusfelephiiiuiueelyrmsluicesciienufrmsiiuieuuis|dzsiceduram|lznuichduram|nusuuniaislui|uumcrmlalemietsenimnuiuous|uueace|sfninusgiaimussiiecunuesaeiumiiluismoiieahuueac	03=t,19=l,13=a,02=e,5=i,6=e,90=z,2=n,45=c,93=g,01=r,15=m,91=d,3=u,11=s,14=o,16=f,09=b,43=s,1=k,04=h,18=x,99=q,08=p,41=w,86=y
0	916	-2.981542	1	27	elialileoenipezeespleiilie|oslrriinoleiuelleiasilllliniuneculieli|rilntiilloileide|eeileeleiinelinleieil|isilernrealletiireeinibl|etlilneliineiireeiinlleureu|eligeeideei|essiillenoetiq|sileeliluezlelnilloileide|tinpiiekleniieentiineeleescexiiu|rweueenelilislrir|llieureeleiueenefunslretiiinesgehreelelnesyneiieiiiderniireentineiieueeleetleii|sauerexileiilie|ipeteremileiilie|tiilloileiiide|lliereiieisligieeneliinoieteliuii|lleslrn|uinotiideileieliiueenrltnuilnelieeeideuieirenileuleslr	0=e,3=l,1=i,90=a,25=o,5=e,6=n,99=p,24=z,21=s,91=s,45=r,43=u,46=a,95=c,23=t,93=d,94=b,96=g,8=q,81=k,29=x,41=w,85=f,80=h,98=y,49=m
0	917	-3.029445	1	27	auzeueaiieuralaurequeui|ncelluueneiusaeiuyfueeeeueusehiseuieu|lueeduueenueiuoi|iiueiieiuueaueeiuiue|ucueilelteeeaeuuliiueuxe|aeeueeauuequliiuueeetelis|aukiiuoiq|aucuueeienaeup|fueiauesasaeueenueiuoi|dueruusueieuuiieduueiieiaubiguus|lwisiieaueucelul|eeuisliieiusiiesisecelaeuuueaukstiiieieeaumequiuuuoileuuliieduequisiieiaeeiuu|czsilacequeui|uraeiltcequeui|duueenueiuuuoi|eeuilquiuceukuiieauuenuidieusuu|eeauele|suenduuoiueiuieuusiieledesueeieuiiiuoisuiulieueteeauel	03=a,1=u,90=z,3=e,02=a,5=i,6=e,99=r,45=l,01=q,25=n,91=c,43=s,46=y,21=f,09=h,23=d,93=o,04=t,94=x,96=k,8=p,08=s,95=b,29=g,41=w,98=m
0	918	-2.847230	2	32	ueuuesuniauxdiusyeunec|ngeeenaneileueeilasseeetleautreceq|esaineensiuei|iisiieinaueteics|uneieaeumeeuineiitur|uiesauenauneiinaeeureir|ueuaiiueiuq|usgneeianuif|ssiuesrudeueasensiuei|itynuzeianiiainaiieiustiknr|ewiriiauesuseli|eecreiieileiiaubrageeuintusoupeiieieaushauninueieaneiiaituniriieiuiein|gxrieuksunec|uxiieursunec|ineensinuei|eeceuniusuaciauenanciielen|eeuseea|rtninaisicenriiaeeiarsaieciiueircliiasureusee	0=u,3=e,19=u,13=s,25=n,5=i,6=a,90=x,24=d,21=s,99=y,11=n,15=c,91=g,45=e,14=l,16=t,95=t,43=r,1=q,23=i,46=m,18=f,81=z,29=k,41=w,85=b,96=o,80=p,98=h,49=r,93=a
0	919	-2.961659	1	30	nuneassauxksauglet|sfittnasisminismazeiiicmiayseitiq|teainiisesuis|ssessisnanciste|unistatdaiiaintsscue|aiieannalmsssnaiiditse|nuassuisl|auneisasaib|zesneeaenaeisesuis|icwnresanssainassisaussone|thsessaneuetms|iitetssismissarseafitaincauardsssisiaaupltnuistantssaicltessisaiisn|fxestafilet|uxistdfilet|iniisesnuis|iittltueuatsannastisimin|iiaeta|ecsingsestinessatiiaeeasitssuisetmssaediiaet	03=n,19=u,13=e,02=a,5=s,6=a,90=x,24=k,93=g,01=l,15=t,25=s,91=f,3=i,45=t,11=n,14=m,21=z,16=c,09=y,43=e,1=q,23=i,04=d,18=b,99=w,08=r,29=o,41=h,86=p
0	920	-2.881472	3	30	itkttniiueainnineateeti|niceineeunirelisiegneesseueluifltit|neantesnieresi|iierireeuitureiep|ecernunigsinteniieuezp|inseaiteuieeniieeusilnil|itdiiesiie|ineceesiuniintb|neeritetnliaesnieresi|ntuaeeiorueeiiunteuiirinefincel|nmiliiuittceien|seilniireliiuihluceiinteeuinedixniirainequieeieeesinueeniiuntuieeiliirinsiee|cklinincteeti|eainrniweteeti|ntesniereeesi|seinieeiectdeiiuiteunieinrtlee|sineeiu|leunintesiereiteliiunyaleaitiiiesileieniuetltneei	0=i,31=t,90=k,30=t,2=n,5=i,6=u,1=e,99=a,45=n,91=c,34=e,35=r,43=l,33=s,46=g,95=f,36=a,93=s,3=p,94=z,96=d,8=b,81=o,41=m,85=h,80=x,98=q,49=w,32=y
0	921	-2.905291	3	31	tewurtiisepiniepreeui|tilaineestineetnexteerreseeshieuiu|nectuertienesi|iienineestesneiea|elennsnosriueniiesega|irecteesdeniieesroaiie|teziiesid|ieleeristiiuk|teenteartetsertienesi|tuspeemenseeiistuesiiniebitlee|nqieiisteulaien|reieniineeiismieslaiiueesiezmoiiinciefsdeieeesinseeniistusdeieiiniriee|lweinilreeui|epinnolreeui|tuertieneeesi|reindeieluzeiisteestieitnueee|rieais|eestituesieneiueeiisnyceeciuiiiesieeienisererteai	03=t,1=e,90=w,31=u,30=r,2=t,5=i,6=s,99=p,02=i,45=n,91=l,34=a,35=n,43=e,46=x,33=r,09=h,36=c,93=s,3=a,04=o,94=g,01=d,96=z,8=k,08=m,95=b,41=q,98=f,32=y
0	922	-2.928783	3	35	iuculleestcluiltxieue|leameuesleirlterslettsroianueu|unslundeneti|eeneeiesiusidn|teiusuiktilureeestn|iltnsiusieueeestinuen|iuzeetiip|iltenisleiluy|leiiumllniondeneti|lusfeiriseeesluseeiilteelarb|uweneesiuuamere|tdnueeiriesionsameiluesiltsiqueeioilthieeetiuseueeslusieeneeiiltee|acneuilaleue|tcliuignieue|lundeneeti|tduieetntsdesiusledliune|tilnus|nslelutineduriesudonnseueeetindreesninllnu	0=i,31=u,90=c,30=l,2=l,5=e,6=s,19=t,45=u,93=x,11=e,91=a,34=m,35=i,14=r,33=t,16=s,36=o,95=a,43=n,13=n,32=d,15=d,46=k,96=z,1=p,8=y,99=f,81=r,3=b,41=w,85=o,80=q,86=h,49=g
0	923	-3.009458	2	32	sastciieaknscayttu|niafisleniunbiinenliihnowireie|stenetmitiau|iitiiuleshuut|alusesdeiceniiihar|citesletniiileidfiir|saeiiaut|caltueniceq|nlustrcrsetmitiau|neexlrtieliienehiiucaiinang|sziriiestatsni|iursiiunuierireaficelecaerdiiiuocaptulauselsiieneeturiiuciil|akriscablei|aknusdablei|netmitilau|iustuataeuiesleniunuerl|ictse|rhnineautiuenuiesmorteieiiiauruniietdicts	03=s,19=a,13=t,02=c,5=i,6=e,90=k,2=n,45=s,93=y,01=t,15=u,91=a,34=f,11=l,35=u,14=n,30=b,33=i,16=h,36=o,09=w,43=r,31=e,32=m,04=d,8=q,99=x,08=r,3=g,41=z,86=p
0	924	-2.764736	3	34	erwrocenilemeesloiire|cageriincuiueleissilliniunedurer|riitiilciuine|eeiueuiinernuieia|iaiurnresletiireeiniba|etrierineiireeiinleureu|erteeineei|esaiilencetio|siuergomoiilciuine|tinliiexuniieentiineeuesdepiiu|rkeueenerrageir|lieureeuiueenezunageetiiinestefreeuiesqneiieiiinerniireentineiieueeuetuii|awuerepioiire|ileterehioiire|tiilciuiiine|liereiieiartieenerincieteruii|lesgen|uinctiineiuieriueenryiuiiereeeineuieireniouosge	0=e,31=r,90=w,30=o,25=c,5=e,6=n,1=i,99=l,24=m,21=s,91=a,34=g,45=r,35=u,43=u,33=l,46=s,95=d,36=i,23=t,93=n,3=a,94=b,96=t,8=o,81=x,29=p,41=k,85=z,80=f,98=q,49=h,32=y
0	925	-2.882621	3	35	diwcasleiriaiiraiicl|sntlaiieseiudeiknissieiuemluclc|airpiissieill|llieleiiedieeilig|inieaeatesiciallieiog|isirdiiedialliiesttllu|difllilld|iiniislesicy|nieditaharissieill|pieriiuieeiillepiielleiixloiiu|aqlulledicntlia|silualleiulleuluentliciieiifutllleriizediliiillaeiiallepiedilulleislii|nwulainaiicl|irieatnaiicl|piissieiiill|siladilincfillediiesilplcuii|siitle|uiespiillieilciulleabruirlclllilluilialeiauantl	03=d,1=i,90=w,31=c,30=a,25=s,5=l,6=e,99=r,02=i,45=a,91=n,34=t,35=e,43=u,46=k,21=n,33=s,09=m,36=r,23=p,93=l,3=g,04=t,94=o,01=d,96=f,8=y,24=h,08=u,95=x,29=o,41=q,98=z,32=b
0	926	-2.842297	1	38	esksreiulkcietprisi|eouiniuelorrioutdrsuotecasis|ndumiredill|iidiiliuesulsd|lilnunegreminiidla|emstesdeiniiiureania|eshiillem|etoiriueemp|tdiesurcrtdaidill|mdpiewluiiiumiuiiletcinia|nyiaiiuessouioi|rsaniiloliuefauouiemidethexniiltetqueiiillnuiniiumdeiiaiilemli|okainendeisi|lkminezdeisi|mirediill|rsneiildlusiuesdesmisai|retuiu|ademibidissoliunataduisiiillasoiiudeartui	0=e,31=s,90=k,30=r,25=e,5=i,6=u,19=l,24=c,21=t,99=p,11=i,91=o,34=u,45=n,35=l,14=o,33=r,13=d,36=t,95=c,43=a,23=m,15=s,46=g,16=d,96=h,1=m,18=p,32=a,81=w,29=n,41=y,85=f,80=x,98=q,49=z,93=b
0	927	-2.953026	1	35	rursiiieukpiiuonso|nfaitsenerdaireysalermwiulil|tsetsansiue|iisiieserdeos|usetetleailriiiduu|iasersenriiisealaiiu|rueiiuen|iusseenilq|ysirsuiureshisiue|tdzscsiesiietseiieiuiixsu|tgiuiiersustri|aoutiiereieciuefaiilseiuecliiiemiubnosuetestiietdnouiieiais|fkuitifdsli|uktitlfdsli|tsansisue|aotnousueoiersenotilus|aiste|udntsoisiolreiethmuseiliiiueuoriieslaist	03=r,19=u,13=s,02=i,5=i,6=e,90=k,24=p,93=o,01=n,15=o,25=n,91=f,34=a,45=t,11=s,35=e,14=r,30=d,33=a,21=y,31=l,36=m,09=w,43=u,23=t,16=d,04=l,8=q,32=h,99=z,08=c,29=x,41=g,86=b
0	930	-2.916539	8	31	aeeaesainteziiuieranem|iwsistliatieaeetitineeeelcetafieemep|itetieneeitetro|nsnetlaelette|enesdiuiteeaienintteie|aieestaentanintleeaieinie|aeetneeup|aiensediuiek|ineuesieaiieaetseitetro|ielqnagednntientneuienirce|ismientaesesitio|eemieinatientayietreiuienlaietabinaataiexantnrsdnindielanseneuieetp|rziesuireanem|eziesuireanem|ieneeitetnro|eemiuntreetmdaentitheacen|eeaisid|ielihenrtetanientiaietiestamneesemcntsaieeaisio	0=a,3=e,19=e,13=s,2=i,55=n,6=t,90=z,4=i,50=u,93=r,11=n,15=m,59=w,54=s,51=t,16=l,53=a,14=c,95=f,1=p,5=o,56=d,18=k,99=q,81=g,91=r,85=y,80=b,86=x,52=h
0	931	-3.058678	8	32	nlneuinlkusaultres|uwesmedutesiniesnuriiiidaincmiisib|seinuiriiueietq|ieiiedndieei|lrimosasniiuirsienlsi|uiiennrnraiediifisisi|nlniliab|ulreiouauig|uriaiesiusinneiueietq|uidzryeorinuirniiauliupai|smssiinnelesesq|iissisitesiinyminpisauirdulnyfittnulhrsrlimorsiouidrssiiiauiieb|pksimaupires|lkuimaspires|uiriiueiertq|iissarepilnsonrnuexitair|iiueso|siduxirteietrsiinstuinsientsilimisainefiiuesq	03=n,19=l,13=e,02=u,55=i,6=n,90=k,2=u,4=s,50=a,93=t,01=r,15=s,59=w,54=m,51=e,16=d,53=t,3=i,11=r,14=a,09=c,1=b,5=q,56=o,04=f,18=g,99=z,08=y,91=p,86=h,52=x
0	934	-3.026953	8	35	entenneoutbarrwneint|omneacsoncenennceirnnnnsoniedenntny|ecnilinnoncpl|ununcsensnccn|tinauereinnelieuciten|elnnieniieieucsnneeneuen|entiutnry|erminnuoelq|rnrnneneaneninnoncpl|lswieknuiuiliiunrrdzmon|eatenuienntnecel|nnteneuscenuiexenimnerliserdefeussierhieicipauieuulseianunrlncy|mbenargneint|tblaremneint|linnoncipl|nntericmntitueniiotlsoni|nnerneu|ensolipcncsienuiesliennistutnantouineennernel	0=e,3=n,19=t,13=n,25=o,56=u,90=b,24=a,50=r,21=r,99=w,11=i,15=t,91=m,4=e,54=a,51=c,16=s,6=i,14=o,95=d,1=y,23=l,93=p,5=l,55=u,18=q,81=k,52=z,53=s,85=x,96=d,80=f,98=h,29=g
0	935	-2.976793	8	36	tltestelbkinwimen|ucisclauilsitilseneiiiauiezciiniq|slierriiuelap|tetilatailli|lricosiseiisirstlelsi|siieetremutlaiihistsi|tletliiq|slreiousix|neiiesissiteeiuelap|rawrgeorterretiindycui|scnsiteteleslsp|iinsistolsitegciecisirrasleghtooeslfmnrlicorstoramnsitiirilq|cbsicidemen|lbrciscimen|rriiuelrap|iinsirlcilenotreunrouir|iiseso|siaurralilorsitesoresieeontlicinuteehiisesp	03=t,19=l,13=e,02=s,55=t,6=e,90=b,24=k,50=i,21=n,99=w,3=i,01=m,15=n,25=u,91=c,4=s,54=c,51=l,16=a,14=u,09=z,1=q,23=r,11=r,93=a,5=p,56=o,04=h,18=x,08=g,95=d,52=y,53=o,86=f,29=d
0	944	-2.864552	7	31	nelzelentcelontintloenllelu|twleiilletmsineesttlleeeelelienfielml|ileetelleetsesau|clecesleneleesse|lslerninteentelliclelge|nteeleenellenlliclleeeniire|nelaclarl|ntlslleentrtelq|tllereleintineeleetsesau|teleollnyenllcetellecertlfdsli|ibrecenelelseili|eelreicesicenxieseintelllentlanpicementlhenllsllarnllicetelenllrecerteesl|szirrtsenllelu|lonterrklenllelu|telleetsesllau|eelrrllsselalcenelletsdemlill|eentleie|iletdellasesmlliceieteeileemlcsarelsinlenientlei	0=n,3=e,1=l,90=z,2=t,55=c,6=e,99=o,45=i,5=u,59=w,53=m,51=s,43=i,46=t,95=f,93=a,91=s,54=r,56=n,94=g,96=a,50=r,8=q,81=y,52=d,41=b,85=x,80=p,98=h,49=k
0	945	-2.845973	7	33	requeuestedeseedureuet|iyeusseetimiuruiwieeuuuueteutpauueme|seutiueeuuiiuint|seusuietretuiiu|eaeualsotuueueessetefu|euueutreetresseetuuousau|rezsenle|eeaeeuuliliueb|ieeulueuueurteuuiiuint|iuetdeeceuleestiueetsuliegnaeu|skaustreueauses|uueaussuiustcautauseueeeteezcosmmteextreieenaleesstiuetreausuliuuie|aqualiaureuet|edeualheureuet|iueeuuiiuieent|uuealeeiauezestreetiinumeuee|uueeust|uetinueeniuimeeustsuiutueutmesinaueisleuouueeus	03=r,1=e,90=q,3=u,02=e,55=s,6=t,99=d,45=s,01=r,5=t,2=i,59=y,53=m,51=i,43=u,46=w,09=p,54=a,93=n,91=a,56=l,04=o,94=f,96=z,50=l,8=b,08=c,95=g,52=n,41=k,98=x,49=h
0	946	-2.809317	7	35	seasensiruadiesialsuer|iwneeuuilniseenmiueeeetceushiereq|enuieueeinenlo|rnrentsetenne|auesaesmeesieuertai|sieenuseuusueruueesiese|seauraetq|siauneaitiep|iuetenisiiseuneinenlo|ietdusbeauruieuuretiarigce|ekserusenaneco|eerierenirusxiugeesieutsiausferelusiaysunulsaueruietsuseretieenq|gdistigesuer|adiestonsuer|ieueeinenulo|eeresungeauraseuuinzelceu|eesineu|itizeulnenluirueeieuinulrraesercrunsiesine	0=s,3=e,19=a,13=n,2=i,55=r,6=u,90=d,45=e,93=l,11=u,15=r,59=w,53=l,51=n,43=i,46=m,16=t,14=c,95=h,1=q,5=o,54=s,56=a,50=t,18=p,99=d,81=b,91=g,41=k,85=x,80=f,86=y,49=o,52=z
0	947	-2.931709	7	36	uaunrreafairaeont|akniileaslouilyaliiiiduiexniitiq|ineailiialiles|rnrildudilli|alincipeiirilirdao|riineuleourldiipiini|uaeraitq|ralnicataig|alitinorouenialiles|aidclznclreaileritaaradui|iwnireunanius|iitoirilorezniediirildraezprsseramotlainclireaidotoritaiilq|dfontadiont|afainthnont|ailiialilles|iitiotanaetculealbisuil|iirnie|odabilelilsloreiiaieonestrainiturenpiirni	03=u,19=a,13=n,02=r,55=r,6=e,90=f,2=a,45=i,93=e,01=o,15=t,59=k,11=l,53=s,51=l,43=o,3=i,46=y,16=d,14=u,09=x,54=n,1=q,5=s,56=c,04=p,50=t,18=g,99=c,08=z,91=d,41=w,86=m,49=h,52=b
0	948	-2.810545	7	34	seizeiestsilscrllesiieim|tdeuuiintenuseentlieeeeiniunsaueiai|uieneiieetienom|iieieninseinenne|idiersusteeseiiuiinihe|seeienseiinsiiuiiineesuure|seioiiori|sldiieestseig|liereieuscesenieetienom|einliiskesiiineiinierlabdiu|uxreinseieideuiu|eeireuienuinsfundeuseiiinslosquieanslwnsiiniiorsiiuineinsiireiereeni|dzurrpiesiieim|ilserryiesiieim|eiieetieniiom|eeirriindeioiinseiintibeaiuii|eesleun|uinteiionenaiiuinueenuienaiinoreinusiesuesleu	0=s,3=e,1=i,90=z,25=t,56=s,99=l,24=c,50=r,21=l,5=m,91=d,45=u,6=n,51=n,43=u,46=t,95=a,53=a,23=e,93=o,55=i,54=r,94=h,96=o,8=g,81=k,52=b,41=x,85=f,80=q,98=w,29=p,49=y
0	949	-2.867421	7	35	teyieileneallleaideiep|suilleensinitindoeiiiieneingaiieue|leinseeiiseintp|eeieinenteninni|eueiarloniilieeleenefi|liieinteendeleeeniioilai|tereetce|leueeiirsliez|oeicieiilitneiiseintp|senaeemeireeenseeneicokquei|lwaienteieuilel|iieaileinienmainuillieeenlermoeuunlexndeneetareelensendeaieicsine|uyiacbeideiep|ealiacheideiep|seeiiseineetp|iieaceenuiereenteenseqiueiee|iileiln|iensseetninueeienlisnieinueentaienlreioiileil	03=t,1=e,90=y,3=i,02=l,55=e,6=n,99=a,45=l,01=d,5=p,25=s,91=u,51=n,43=i,46=d,21=o,09=g,54=a,53=u,23=s,93=t,56=r,04=o,94=f,96=r,50=c,8=z,08=m,95=k,52=q,41=w,98=x,29=b,49=h
0	950	-2.829349	7	39	eideineetdwoitqieuic|eoirruleieueiiestniiinmilesuicip|rnlauiienech|anaieneinieei|duirtresiieaurandu|eainleiuleurauliieurri|eidladiip|etouiiteeay|tniinueoieilnienech|anquebitualaulaiitspomi|rkrialeindnrmh|iicuraieualexuloireaunetdefrailletzleueucrturalaneuriaiiaiep|owurimneuic|dwarigneuic|auiieneuch|iicreueoidlcteiulecalmiu|iietirl|uneauceieluualrialunllcadiricmalneuietir	0=e,3=i,19=d,13=n,25=e,56=t,90=w,24=o,50=i,21=t,99=q,11=u,15=c,91=o,45=r,6=l,51=e,43=u,46=s,16=n,14=m,95=s,1=p,23=a,93=c,5=h,55=a,54=r,18=y,81=b,52=p,41=k,85=x,96=d,80=f,53=l,98=z,29=m,49=g
0	951	-2.824339	7	40	lsleiersxknrduuee|dfuttirdusclusbreuuualurgouueup|termiuudespo|eeeusalaussu|siuostaruuiuiteasc|iuuerlirulesauuautou|lsresunp|isieusdium|renueciclreudespo|madicesiermireunrywflu|tzouerlesetlo|uuecteuscercourfutiuiaisrcaettrisqueisuositermaueceunmusp|fxconneuee|sxmonheuee|miuudesipo|uuetuesesreslirdemtlui|uuietr|cadmipsusticertumrcerteesuouelereauuiet	03=l,19=s,13=e,02=i,55=e,6=r,90=x,24=k,50=n,21=r,99=d,3=u,01=u,15=e,25=d,91=f,45=t,11=i,51=s,43=c,46=b,16=a,14=l,09=g,54=o,1=p,23=m,93=p,5=o,56=s,04=a,18=m,08=c,95=y,52=w,41=z,53=t,86=q,29=n,49=h
0	955	-2.876782	6	41	drdialerpasardsiu|azisseeamurditeaelletabolun|sieanimuiri|lilieedeiui|reisesoelantluerr|aliedeestlueloclr|drelris|areiieahang|aeidirardeimuiri|anesefixeleaneliarlantq|swoixdiristp|lurslitixfoanchaneearefolmmearcsueriseesleanesurlialuy|nprohantenp|rpaisontenp|animuieri|lussurireuxdeeaukinre|laise|reaknriiumerlesmariemulrirutleiolais	03=d,19=r,13=i,02=a,55=l,6=e,90=p,2=a,45=s,93=d,01=s,15=u,59=z,11=e,53=m,51=u,43=r,35=i,14=t,33=l,16=e,36=a,09=b,54=o,31=n,32=m,04=o,34=c,50=h,8=g,99=s,08=f,56=x,91=n,3=q,41=w,5=p,86=c,1=y,30=t,52=k
0	959	-2.854956	7	44	prpeuierklachoilq|nxfruinedoauwcealedomraal|neetianeutq|ieieiepieae|rienenteauldiuern|uaeepiemdiuiatfin|preirem|urieeenulb|cealfolooeyuere|tihipesiietieieurigin|nzresperendq|aanniedesproxfatiiureptisseursmaireneinietimanieuauc|xknragemea|rktrademea|tianeuitq|aanmarereaspienatsdlc|auene|nintituealdesnyoneesairenadieetauen	03=p,19=r,13=e,02=u,55=i,6=e,90=k,24=l,50=a,21=c,99=h,30=o,11=i,31=l,5=q,25=n,91=x,34=f,54=r,51=u,16=i,35=e,14=d,33=a,46=w,36=o,09=m,15=a,45=n,23=t,93=t,04=t,43=n,01=m,8=b,32=y,08=p,56=s,29=g,41=z,53=s,86=s,1=c,49=d
0	960	-3.044783	2	26	elizlilenuucgeneuenigleiiliu|nutleueuiisuluielelluiesiillllicelarelliuli|euilsliillnuiluiqu|uuiluuluiialifuiuil|itilueuoueeflenliieuuuichl|enllilaliiaiieuuuiifleeleuuel|elimuuiquei|enitiillusuenlib|niiluelilelenelelcllnuiluiqu|nlistiekluciuusliidulueniruntiel|eueiueluualilitleuieu|lliueleuuuluieluuayelsileuenliiianimepeuuululaniwaiiuiiiqueucieuuusliaiiueluuluenlluii|tzelueuentleiiliu|igenlueueetleiiliu|nliillnuiluiiiqu|lliueueiiuitlimiuualiisuiunlulielii|llenileux|elisunliiquiluiuliieluuoulnlolildliuuuiqueliuieuucleellenileu	0=e,3=l,1=i,90=z,2=n,5=u,61=c,99=g,4=e,91=t,62=s,60=a,95=r,93=q,63=f,64=o,94=h,96=m,8=b,69=s,81=k,65=d,85=y,80=p,98=w,6=x
0	961	-3.013185	2	28	flxiliseeansueslniblile|resiueuellteieluifielutlliiiilauiapuiileil|uelitilliirelielde|eelieeiellaileeleli|lslieuemeneisillueeelagi|siiliaillallueeelleiniueeui|flyeeldeb|slslliietesilh|rlliefliuisuifaiirelielde|rilksloliealeetillceieslperslui|ueuleuieeaililsiuelue|iileuiueeeieluieeaquikliuesilllarlyoneeeieiarlwallellldeuealueeetilalleuieeiesiiell|sxuieuessiblile|lnsieuensiblile|rilliirelielllde|iileueblelsilyleeailltelerieiluill|iisliuez|uilterilldelieleilluieemeirimilicileeeldeuilelueeainiisliue	03=f,1=l,90=x,3=i,02=s,5=e,61=a,99=n,4=u,01=b,2=r,91=s,62=t,60=a,95=p,93=d,63=e,64=m,04=n,94=g,96=y,8=h,69=k,08=o,65=c,85=q,98=w,6=z
0	962	-3.068274	3	30	eiieineullcheueleuipesir|ulnielelsslilaieiilassiiiitaiayeiiriq|elnsisiiulnliil|llnllilsaitilrn|isileloleedieuisellltiei|euiinaisaselllsdieeiellei|eiitliileq|euisnilsleuix|usileineieueieiciiulnliil|uithsefilcrlsistlileuillunai|elereillaininelal|iireielllilaillageikneleuisteuiabellliliauimeslsiilelcalllsitesleillileuiils|nweileleuniesir|iwuileleeniesir|uisiiulnlsiil|iireleslinicllaisslruiliais|iieunelz|eituluisplnlriseilloliuiointirlliileirallcieeiieunel	0=e,3=i,19=i,13=n,2=u,5=l,61=c,99=h,4=e,93=p,11=s,15=r,91=n,62=s,14=a,16=t,60=a,95=y,1=q,64=o,63=d,65=t,18=x,81=f,85=g,69=k,80=b,86=m,90=w,6=z
0	963	-2.961898	2	33	pupileenclueluysis|reaiueueedeietipietdeiiiiatinxuiisif|ueidieiireieuie|eeieeieeniaiesi|ueieuelertilieueeeauui|liiinieneueeeetiriueeui|pumeuies|lueiiedelig|reiepiuiluipniireieuie|riacebiensediemeielueerati|ueusuieeniiuiuete|iisuiueeeietieenquihiueliealunoueeeieinruksseuieuenteeediassuieeieliiee|awuieuelaisis|uwrieueraisis|rieiireieeuie|iisuessuiuneeniedesrieitie|iiliuez|uiarerieyeiesieuieeleiriliimiseeuieuisteeniriiliue	03=p,19=u,13=i,02=l,5=e,61=n,99=c,4=u,93=y,01=s,15=s,2=r,91=a,3=i,11=e,62=d,14=t,16=a,60=n,95=x,1=f,64=l,04=r,63=t,65=m,18=g,08=b,85=q,69=h,80=o,86=k,90=w,6=z
0	964	-2.984984	2	30	siukiuislethsmesahisuuiue|loirereuuneieurisiieurnuuiiiiutrincriiueiu|reuiniuuiiluieuie|eeuieeieuuniuaeueui|uouieretesraisduureeeutbi|sdiuiniuunuureeeuuaisrireeri|siuyeeuiesu|saouuiienesdux|auiesiuirismisitiiluieuie|dugouspietueeniuuseiesacequuri|reruerieeniuiuoireure|iiuerireeeieurieenwriguiresduuunaysfreeeieinaenuueuuuieretureeeniunuuerieeiesdieuu|okrieresquisuuiue|uhsderesroisuuiue|duuiiluieuuuie|iiueresuueuoiuyueeniuuneuedeiuriuu|iisairez|riuneduuieuieueiuurieeteidtiuisiueeeuieriueureetisriisaire	0=s,3=i,1=u,90=k,25=l,5=e,61=t,99=h,24=m,21=a,91=o,4=r,62=n,60=n,95=c,93=i,63=a,64=t,23=d,94=b,96=y,8=x,69=g,81=p,65=s,29=q,85=w,80=f,98=e,6=z
0	965	-2.976849	2	31	ctwitiueeseureuteistite|nairerettreietricietrrttiiiitsriagriiteit|retirittiintietie|eetieeiettaitheteti|tatieretemhiuittreeetsxi|uiitiaittattreeetthimireeri|ctdeeties|utattiiereuitq|ytiectiriuricsiintietie|ftkatotiesteerittleieutgenttri|rerterieeaititairetre|iiterireeeietrieeapriktireuitttaydomeeeieiaybattetttierestreeeritatterieeieuiiett|awriereuaistite|teuieremaistite|fttiintietttie|iiterestetaitdteeaittretefeitritt|iiutirez|ritrefttietieteittrieeteiftitiliteeetieritetreesimiiutire	03=c,1=t,90=w,3=i,02=u,5=e,61=s,99=e,4=r,01=s,25=n,91=a,62=r,60=a,95=g,93=i,63=h,64=t,04=m,94=x,96=d,8=q,21=y,23=f,69=k,08=o,65=l,29=n,85=p,98=b,6=z
0	966	-2.975728	3	35	liuliellsonlfslaniluin|lxiesesursistiliistruiiiictiiteiinia|eseriuiilesuis|ssessisuiicisne|uuisesyslemilouessscuei|loieiiuiuesssumileiessei|liussuisla|laxuiisrslog|aeslieeilfilioiilesuis|ocnulhisonsriussislatsduei|eseneissiieueests|iineiesssistissizeideeslouclaplwesssisiiakiusuuisesotsssricluseissisloisu|xbeisesldeluin|uboseslexiluin|ouiilesuuis|iineslusueuossiiursnositiu|iilaiesq|eicloursesniueissysioyiesinssuiseintssoileiilaies	0=l,3=i,19=u,13=e,25=l,5=s,61=o,99=n,24=f,21=a,11=u,15=n,91=x,4=e,62=r,14=t,16=c,60=i,95=t,1=a,64=y,63=m,23=o,65=s,18=g,81=h,29=d,85=z,69=d,96=p,80=w,98=k,90=b,6=q,93=r
0	967	-2.992876	2	36	mdmitnnantentduuil|scienenlonineimineoliiiiseioheiilig|enioiliisindin|nninninloisinli|dlinenantditilennnsdei|tiiioilolennnlditiennei|mdkndinu|tdliinontix|pinmieiteimaiisindin|ysnlfinalnoilknintdnnclei|eneleinnoiidienen|iileiennnineinnobeirientilstdozennninioprolnldinenaennnoisuleinnintiinl|cweinentciuil|dwynentciuil|yliisinldin|iilenuldidannoilonlynieil|iitienq|eissyluninlileinnaniyaiikilnndineilennaitiitien	03=m,19=d,13=i,02=t,5=n,61=a,99=n,4=e,93=u,01=u,15=l,25=s,91=c,3=i,11=l,62=o,14=e,16=s,60=o,95=h,1=g,64=a,04=t,63=d,65=k,18=x,21=p,23=y,08=f,29=c,85=b,69=r,80=z,98=r,90=w,6=q
0	968	-2.995233	6	33	cuquieiinaceeicelaillui|eialieillnirleiuilenlluulnercseuliu|eilreulueilrlti|iilrirlloudilils|lalreificedieuleiiilnys|ceulrculolleiiilldieliies|cutiilticl|celalluiniceux|ellrculieeirlueilrlti|euwalcmrnliinulkircelsieales|eielieriouualilei|ulieliiirlerioperaliceulloeltczeiiirrcelhollillltieinleiiinuollierirceuill|aqereiceaillui|lacereiceaillui|eulueilrlllti|ulieicllilautliioulnilierueul|ucellig|eunieultilrliulerifibreuriuiiiltieuileiinieucelli	0=c,31=u,90=q,30=i,2=e,5=i,61=n,99=a,4=e,1=l,91=a,34=l,62=n,35=r,33=u,36=r,95=s,93=t,60=o,63=d,3=s,64=f,94=y,96=t,8=x,69=w,81=m,65=k,85=p,80=z,98=h,6=g,32=b
0	969	-2.858962	6	36	yewtiliicfcuicefieeti|linuiuieedireuilieudeellecuabiuleit|uiealtelliereti|iierireentdieiea|eneruiriedilteuiiiecha|cleayeeneeuiiieediuuiiua|yesiietim|ceneelidicts|leeryeuiluiaelliereti|ltzneperceiidtekircexilneua|uiueiurinttnuieui|leiuuiiireurinquanuicteenlespeiiiraceoneeieeetiuiceuiiidtneeiurircliee|nwuruicnieeti|efcruienieeti|ltelliereeeti|leiuimeientseiintedieilrtute|lceuio|utdiltetiereiteuririgautaitiiietiutieuiiciulceui	03=y,1=e,90=w,31=t,30=i,2=l,5=i,61=c,99=f,02=c,4=u,91=n,34=u,62=d,35=r,33=l,36=a,09=b,93=t,60=n,63=d,3=a,64=r,04=e,94=h,96=s,01=m,8=s,69=z,08=p,65=k,95=x,85=q,98=o,6=o,32=g
0	970	-2.924324	7	38	eiwieniiayenuienlpeuii|nidoiuiurilresirrussorsetusni|uiariaciaill|iiaiilucidina|luluimieudeniriiiolut|ensacioeuuiiiudeuoiiut|eixiillem|enlualrienip|nuleioenuesaciaill|nizdkblanirioiilenliindrt|uiunuliciidoiri|snuoiiilrlicqusdoieniucnlcfuiiilsenlheuiulluiariiiricuiulilensiu|dwuluiendeuii|lwnluieudeuii|niaciaiull|snuieuilalaiicioninnliuim|senauig|uirinillainirlimicsuisiiiiilluiiriiaeusenaui	0=e,31=i,90=w,30=e,2=n,5=i,61=a,99=y,4=u,19=l,93=p,11=u,91=d,34=o,62=r,35=l,14=r,33=s,16=o,36=s,95=t,15=n,13=a,32=c,60=c,63=d,64=m,3=t,96=x,1=m,8=p,69=z,10=k,81=b,85=q,80=f,86=h,6=g
0	971	-2.876275	6	41	oeorleesdllelebcrc|teureleusestaietsuiintezelici|lersirderees|eereesunimecr|euslegeamatiteeenela|lirnincteeeumalreela|oeweesc|leursseliq|tusorlatlaerderees|tihuymsscesineesleeetuta|lelclseniiurete|iclreeestsenfleureliuntenpleeeseleoccueslesteeesinuelseslieu|uklsleluauie|ektsleauauie|tirdereues|icleccereseenintectsilip|ilrlex|lisetiesrecitsegedelieeieeeeslieteesalilrle	03=o,19=e,13=r,02=l,5=e,61=s,99=d,4=l,93=b,01=c,15=c,2=t,91=u,34=r,11=u,62=s,35=s,14=t,30=a,33=i,16=n,36=e,09=z,31=i,32=d,60=n,63=m,64=g,04=a,3=a,65=w,8=q,69=h,10=y,81=m,85=f,80=p,86=o,90=k,1=p,6=x
0	972	-2.913354	6	37	eroraieumeueesmaiire|ioseneiitetinaceintiicciunlemncier|neilniiciitile|eeitetiiardeieiq|ioitnereendaniineeeiuyq|enrleriaiineeeiidanseenq|erdeeileei|esoiiceteenig|sitersaualiciitile|nikoiectuieetrixetesmehiinq|nenientearroseine|cienseeetinteapnloseeniiiasdewneeetlesbaiieiiileneuineeetraiientetentii|oontneehiaiire|imeneneenoaiire|niiciitiiile|cieneeiieiordieeariteienernri|cessez|nrteniileitierintereflnrlereeeilenreineeuancesse	0=e,31=r,90=o,30=a,25=i,5=e,61=u,99=m,24=u,21=s,1=i,91=o,34=s,4=n,62=t,35=t,33=c,36=l,95=m,23=n,93=l,60=a,63=d,3=q,64=r,94=y,96=d,8=g,69=k,81=c,65=x,29=h,85=p,80=w,98=b,6=z,32=f
0	973	-2.898631	6	40	peksicilduuiuedieesi|crriuieeliseuinieuleennelusfiuneis|uiesmeenceseti|iiesiseenstieiep|eresuieietimeeuiiielap|unespeeneeuiiieetiuriiup|peciietim|uereeniliusq|aesperioisenceseti|meyredesleiilsezisuexigeeup|uiueiusinssrrieui|neiuriiiseusinousrriuseenacdeiiissuehneeieeetiuileuiiilsneeiusisuniee|rkusuiurieesi|edusuierieesi|meenceseeeti|neiuimeiersceiinselieimisuse|nuerib|uslimeetieseiseusieiwsussisiiietiusieuiiliunueri	03=p,1=e,90=k,31=s,30=i,25=c,5=i,61=l,99=d,02=u,4=u,91=r,34=r,62=l,35=s,33=n,36=s,09=f,23=m,93=t,60=n,63=t,3=p,64=e,04=e,94=a,96=c,01=m,8=q,21=a,24=o,69=y,08=d,65=z,95=x,29=g,85=o,98=h,6=b,32=w
0	974	-2.850087	6	40	eukuelilzemierzenui|louisinditeesiednsscepenssiu|sirduroirict|iiriitnautiir|cntsixiesteansiiiccsd|eaupeucensiiintesuiisd|eubiicteg|eronsidieah|rrieuuemeproirict|acznestliiduciiternipnsd|sisistiauuouiei|sisuiiitetiayspouieancerbefsiiitpermaninctsileiiiduanistiteatn|okstsieprenui|ckaisiesoenui|anslrinct|sisienicrcliiaucliaiusug|seruiq|sudianwiriiuetixiopsupiuiiictsuieiilesserui	0=e,31=u,90=k,30=e,25=l,5=i,61=l,99=z,24=m,21=r,11=n,91=o,34=u,4=s,62=d,35=t,14=e,33=s,16=c,36=p,95=n,15=i,13=r,32=o,19=c,60=a,63=t,64=x,23=a,3=d,96=b,1=g,18=h,81=s,29=p,85=y,80=f,98=m,6=q,93=w
0	975	-2.842816	6	43	deduciioycliceleur|ontiliidistuaitdiaastamilare|liudeuniuies|iiuiisireniru|eisligianutiliiisels|cauresetiiiinultiils|deziese|ceiusdicef|huiduluquauniuies|tsyipuioridesiisceiikils|lilrlsireentiti|arltiiistsirblanticeirhmpaiiisaceperiesliotiiideriilsiscaii|nwlslicnuiei|ewtilianuiei|tiaouiies|arliereueoiiresortielex|aculic|leditiliuiretsiginaleaieiiiesleitiioulaculi	03=d,19=e,13=u,02=c,5=i,61=o,99=y,4=l,93=l,01=e,15=r,25=o,91=n,34=t,11=i,62=d,35=s,14=t,30=u,33=a,16=s,36=a,09=m,31=e,32=n,60=r,63=n,64=g,04=a,23=t,3=s,65=z,8=f,21=h,24=q,08=p,29=k,85=b,96=m,86=p,90=w,1=x,6=c
0	976	-3.061198	2	30	uairaiauillequiauiiqauiiail|ilnaaaiielalinuaalisiiiaaaaienmfnailai|aiaeaiiaailialicl|lliallaliimaihlilia|inialaplusaauiaiiallieza|uiaaiamaiimiialliihaunaln|uaislliclui|uiiniiaaleluiaid|iiialuaianuinuaeaailialicl|iaitniuyaleilleaiitlaluiiflinin|awlnllmaiainaaia|aailnallalinllmontiaauiaiiimiisugallalamiikmiiliiiclaeialleaimiilnllaluiaalii|nrnlauinauiiail|iquialauxiauiiail|iaiiaailialiiicl|aailauiilinaisillmaiielilialainii|aauiiaab|nieliaiiclialilaiinllplaiapaiataillliclnilialeaunauiiaa	0=u,3=a,1=i,90=r,2=i,5=l,61=e,99=q,45=a,91=n,62=e,43=n,46=s,60=m,95=f,93=c,63=h,64=p,94=z,96=s,8=d,69=t,81=y,65=t,41=w,85=o,80=g,98=k,49=x,6=b
0	977	-2.956950	2	31	slweleniiignanlgenleli|siteaalluieileseilyslleeeeliermeeliel|aleuelleesileilci|iileiieillreldilile|ltleiaritdenellaiilixe|neelerellrllaiilldeteaie|slaiilcin|nltlleeiuinelz|slleisleenesieesileilci|selbtlhleiiliiuellfieinlmistle|apieiirelelteala|eelieaiieileiirkebleanelllrslahtiiieierslorllilllciailaiiuelrllieiieineeill|tweiantenleli|lgneiattenleli|selleesileilllci|eelianliltelaliirelluiliseielell|eenleaq|eluisellcileilielleiirieserelefeliiilcielilaiieteenlea	03=s,1=l,90=w,3=e,02=n,5=i,61=i,99=g,45=a,01=n,2=s,91=t,62=u,43=e,46=y,60=r,95=m,93=c,63=d,64=r,04=t,94=x,96=a,8=z,69=b,08=h,65=f,41=p,85=k,98=o,6=q
0	978	-2.708514	3	34	eiteiieneeshenrentlenir|neoirrnueiemieiiemuniiiitmiaduiris|riuiniineietie|eeieeienaitieri|tnierceexiieninreettu|eniiiainanreenlieureu|eitzetiees|entniieueeniw|nnieeiiuenueisiineietie|nithnefiesreuinzeieenteenomi|ryeueeaiitirme|iirureeiemieeaquoirenintentapreeieiantgenentiersmeeeuiteneueeieeniien|okuerenoienir|tknierebienir|niniineientie|iirrenetitseeainuernieimin|iienira|utneninleierinueeceiniciizireetieurmeesieuienir	0=e,3=i,19=t,13=i,2=n,5=e,61=s,99=h,45=r,93=l,11=n,15=r,91=o,62=u,14=m,16=t,60=a,95=d,43=u,1=s,64=c,46=x,63=l,65=z,18=w,81=f,41=y,85=q,69=o,80=p,86=g,90=k,49=b,6=a
0	979	-2.840605	2	35	fufsleenplulucast|leoiuueneierifierneiiiioriskiitia|usnieiileseuie|eeseeieesioiets|ueieumertilieueeoui|liissieseueeetiriuei|fudeuiea|luesienelig|leiefsilifniileseuie|liopezsenteniedeielueelori|uweieesisusure|iitiueeierieesdixsulieolusqueeieisluyateuieunreeenioatieeieliiee|ohieuloiast|uhlieuroiast|lieiileseeuie|iituatusuneesienetlieirie|iilsub|ioleliecesetieieemeilimisditeeuieitreeniriilsu	03=f,19=u,13=s,02=l,5=e,61=n,99=p,45=u,93=c,01=a,15=t,2=l,91=o,3=i,11=e,62=n,14=r,16=o,60=s,95=k,43=i,1=a,64=m,04=r,63=t,65=d,18=g,08=z,41=w,85=d,69=x,80=q,86=y,90=h,6=b
0	980	-2.902085	2	34	nelzelentilenginteenlleli|tiennlluieilaneeilstleeeellacraeliel|nleuelleetleilsi|iileiieillcelmilile|lileindinseenullniillye|nuelecellcllniillmenania|nelaiilsinl|ntilleeiuinulb|tleineleangeneleetleilsi|ulwilnoeilliiuellrieintriolla|nfiaiicelelienln|eelianiieilaiickawlennulllctanxniieiecthcllilllsinllniiuelclliaiieinueill|izainnolenlleli|lenuinnplenlleli|ulleetleilllsi|eelinnllilielaliicelluiliuielall|eentenq|aluiullsileiliellaiidieudelereliiilsialilnilenaenten	0=n,3=e,1=l,90=z,25=t,5=i,61=l,99=e,24=g,21=t,91=i,45=n,62=u,43=a,46=s,60=c,95=r,93=s,63=m,64=d,23=u,94=y,96=a,8=b,69=w,81=o,65=r,29=o,41=f,85=k,80=x,98=h,49=p,6=q
0	981	-2.978572	2	34	nlkiliuaalxueulxinlila|csieellmaialinialorliiiilliotiilail|elimilliiclialea|aaliaaialloilaalali|lsliaetasaiuilleaallwi|uiilioillolleaallaisieai|nlyaalean|ulslliiamauilz|rlianliiuinliiclialea|ulfslpliallaamillgaiaultablli|eqaiaaoililsiele|iilaieaaialiaaodiflieuilllorypsaaaiaiorhollallleaelleaamilollaiaaiauiiall|skiaeusinlila|lxuiaessinlila|ulliiclialllea|iilaenlalsilylaaoillmalauailill|iiulier|ilmaullealialailliaataiutiligilaaaleailalealisiiulie	03=n,1=l,90=k,3=i,02=u,5=a,61=l,99=x,45=e,01=n,25=c,91=s,62=m,43=i,46=o,21=r,60=o,95=t,93=e,63=a,64=t,04=s,94=w,96=y,8=z,23=u,69=f,08=p,65=g,29=b,41=q,85=d,98=h,6=r
0	982	-2.782771	3	39	netneanmilrncintrenned|mweuunsieileneeilsneeeealeumeedeg|uaseneemaitei|iiaiieinueaeida|tneiudinceeninuiiate|nieauenunuiinheneuie|netsiteing|ntwneeisinio|taineaenceneleemaitei|iarnnoeildisensieintmiene|uqieiiueatauli|eedeuiieileiiupezauninantynxuiieieutpuninteiulliiiseannieiieiniein|wkeiuneanned|tkiiunbanned|ineemaintei|eedunnitatliiuensidiielen|eenteur|eaminfiaideneiidieideasediiteiedliileneenteu	0=n,3=e,19=t,13=a,25=m,5=i,61=l,99=r,24=c,21=t,11=n,15=d,91=w,45=u,62=s,14=l,16=a,60=u,95=m,43=e,1=g,64=d,46=c,23=i,63=h,65=s,18=o,81=o,29=e,41=q,85=p,69=z,96=y,80=x,98=p,90=k,49=b,6=r,93=f
0	983	-2.855841	2	38	doditssustetobril|ndieelcsismidismcliiiiamiehailig|eiciliinisois|ssissisleiaisli|olisenstoitilessaoa|tiiieilelessloitiesa|doysoisr|toliiscstim|qisdiataduiinisois|caslkisulscilysistosspla|exsasseiioiems|iilaessismisseparietilatoefessisiequelsloiseumsssciarlassistiisl|dwasetdiril|owcsetdiril|cliinislois|iilerloiousseilcslcsimil|iitiez|aanclbsislilassnsicniiyilssoisalmssuitiitie	03=d,19=o,13=i,02=t,5=s,61=u,99=s,45=e,93=b,01=r,15=l,25=n,91=d,3=i,11=l,62=c,14=m,16=a,60=e,95=h,43=a,1=g,64=n,04=t,63=o,65=y,18=m,21=q,23=c,08=k,29=p,41=x,85=p,69=r,80=f,98=u,90=w,6=z
0	984	-2.783885	4	37	etktiniilhentenehieeti|niusiteesireueriepneerrelunmutit|tednterniereli|iierireentdieiea|euertyieprentetiielza|enredeteneetiieediutiu|etciieliee|eneueerisiento|neeretsinuederniereli|ntwueeorleiistefireneminueu|txiuiinttusiet|reiutiireuiinbuwesienteenneceqtiirdenegneeieeelitletiistneeiuiirenriee|ukuitenuieeti|ehenrtemeieeti|nterniereeeli|reiteeeieutceiintesieinrtuee|renesic|uesinteliereiteuiiyiadueditiiieliueietiliuinesi	0=e,31=t,90=k,30=i,2=n,5=i,61=l,99=h,45=t,1=e,91=u,34=s,62=s,35=r,43=u,33=r,46=p,60=n,95=m,36=d,93=l,63=d,3=a,64=y,94=z,96=c,8=o,69=w,81=o,65=f,41=x,85=b,80=q,98=g,49=m,6=c,32=a
0	985	-2.887224	4	38	mixtaneeameneimaiite|nerdeniiseuiimuikniilliaisoitet|nicntilneiuile|eeiueuiistteieio|iriungeutantineeiayo|elicmiisiineeiitainei|mireeilep|eiriileseetd|niiumidanimalneiuile|ntbriqiuaieesticeueioenrii|nheieesttrdein|lieineeuiieespibideetiisnirqueeeuceiwsiieiiilenaineestsiieieeueleii|rxieneraiite|imeunuraiite|ntilneiuiiile|lienpieirtrieestiseienutiii|leidef|iisentileiuietiieegezciiceteeeileiieineaaianide	03=m,1=i,90=x,31=t,30=a,2=n,5=e,61=a,99=m,02=e,45=n,91=r,34=d,62=s,35=u,43=i,46=k,33=l,60=s,95=o,36=c,93=l,63=t,3=o,64=g,04=u,94=y,96=r,01=p,8=d,69=b,08=q,65=c,41=h,85=p,98=w,6=f,32=z
0	986	-2.739798	4	43	eeheitiimpeteetomenei|tianienliuaiaialnaasadebreie|eslesoisiou|iisiiunsefils|onueriecaeteaiiisor|etasseseneiinfireir|eewiiouez|etonsulieten|tnueenitredsoisiou|teyaqxumlilesiiuetoiitaag|ekiriiseeaniai|alreiiuauiscryseetenstosteiiudetoueninouemaiiilesniriiuetain|ahrieetainei|ohtueetsenei|tesoisinou|aleeniosomiisestiltuern|aetsep|rstiteousileauiriodrsdeiiiourlaiimiritse	0=e,31=e,90=h,30=i,2=t,5=i,61=m,99=p,45=e,19=o,93=m,11=n,91=a,34=n,62=l,35=u,14=a,33=a,16=s,36=d,95=b,43=r,13=s,32=o,60=s,63=f,15=l,64=r,46=c,96=w,1=z,8=n,69=y,10=q,81=x,3=g,41=k,85=c,80=t,86=u,49=t,6=p,65=d
0	987	-2.858025	3	42	didetiipntstifseu|cipoisrriecaaicrraascumineie|sereenieiie|iieiierlediue|iresoitdaceciiisin|taelessciiirdansin|dimiies|tireeriteq|credentndpacieiie|ceypagepuiresiietiiicpch|swiniileepoici|aunsiieceilznyesterlcilksiieutilsuriespciiirelriniietair|pxnistparei|ixcestparei|ceenieirie|aussuieipiilesciuceenr|atesb|nsciceieeiueceioinunemeiiiienuciipanaces	03=d,19=i,13=e,02=t,5=i,61=p,99=n,45=s,93=f,01=s,15=u,2=c,91=p,34=o,11=r,62=r,35=e,14=c,30=a,33=a,16=s,36=u,09=m,43=n,31=e,32=n,60=l,63=d,64=o,04=t,65=m,8=q,69=y,10=a,81=g,3=h,41=w,85=z,80=k,86=l,90=x,6=b
0	988	-2.789323	4	41	eixiupuiseeuessueeiu|ptquaeeaurelesuersesseilnoliui|aelteesperenu|uuerureenigueued|eteraauerseteeauueiyd|etileieneeauueegulaul|eiduuenuee|esteesuauetez|sereiqueulesperenu|tecteeprieuuaiefuresoumeel|awuluuniitquea|seulauureluunhlcequeteeensdemauurlesbneeueeenuaieauuaineeuluuretree|txluaemeueeiu|esetuaeceueeiu|teespereeenu|seuaeeeuetideuunieaueutuilee|sesquo|leauteenuereuieluuauklleluiuuuenuleueauiulusqu	0=e,31=i,90=x,30=u,25=p,5=u,61=i,99=s,24=e,21=s,1=e,91=t,34=q,45=a,62=a,35=r,43=l,33=s,46=r,60=n,95=o,36=l,23=t,93=n,63=g,3=d,64=a,94=y,96=d,8=z,69=c,81=p,65=f,29=m,41=w,85=h,80=m,98=b,49=c,6=o,32=k
0	989	-2.773164	4	42	dewutlissiniesteeui|lneineeoireadrezcellesanmauiu|neureellereti|iierireenusieiem|enernciestreeniiesam|ileudeeneeniieestania|deyiietih|ieneelioiiub|cerdeetktuellereti|regneperseiioueoiriemideea|nfiaiinuuneien|leianiireaiinpageeiiueencypeiiiruiexneeieeetinseniiouneeiaiiriliee|nwaininteeui|esirnenteeui|reellereeeti|leinheienuyeiinueoieiriuaee|lieeia|aeoireetiereiueaiiciquaeuiuiiietiaeienistatcei	03=d,1=e,90=w,31=u,30=t,25=l,5=i,61=s,99=s,02=i,45=n,91=n,34=e,62=o,35=r,43=a,46=z,21=c,33=l,60=n,95=m,36=u,23=r,93=t,63=s,3=m,64=c,04=e,94=a,96=y,01=h,8=b,24=k,69=g,08=p,65=o,29=d,41=f,85=p,98=x,6=a,32=q
0	990	-2.580762	2	45	eiwieieapereespeiie|ikdelitetsecesticctsdeluiei|lutiureuent|eeueetiniaenu|nitlreexcesileetnu|esideiteileeiaeuleu|eimeentez|eskiceteesp|sueeideredureuent|stpiectanetiteeteslegiu|lheueeniikdese|cnuleetstenaumulesitesmebleetdesonieintlaseeetinieueetesti|kwuelegueiie|nwselequeiie|siciueint|cnleienunaeenitinseiui|cesdef|utisiyeuenistererduuoieeentunseeaeuesde	0=e,31=i,90=w,30=e,25=i,5=e,61=a,99=p,24=r,21=s,11=i,91=k,34=d,45=l,62=t,35=t,14=s,33=c,16=t,36=d,95=l,43=u,13=u,32=r,19=n,60=n,63=a,15=n,64=r,46=x,23=s,96=m,1=z,18=p,81=c,29=g,41=h,85=a,69=m,80=b,98=o,49=q,6=f,93=y,65=o
0	991	-2.870976	2	43	nunetiioktstumsec|rpuiselietrtitlettatsfiaiii|seliedieiue|iieiieenicice|ueespiacrlesiiaua|tteniastiiiecrasia|nuxiues|tueeelitiq|oeineatanotreiue|lakemeiociliaiietuiihea|swiaiiniipuiti|tcasiieteingayestienozmaiiiestunsceuesotiiilineiaiiettie|pbaistpreii|ublisapreii|letreieue|tcsscueuoiiniarcliiae|ttesd|aarlemieiciteipidsaexiiiiueactiioraroui	03=n,19=u,13=e,02=t,5=i,61=o,99=k,45=s,93=m,01=s,15=c,25=r,91=p,34=u,11=e,62=l,35=e,14=t,30=r,33=t,16=a,36=s,09=f,43=a,31=i,32=d,60=n,63=c,64=p,04=a,23=l,65=x,8=q,21=o,08=m,29=h,41=w,85=g,69=y,96=z,86=n,90=b,6=d
0	994	-2.880548	8	38	limlirlancolaalameluim|akractuastailiitaduiiiiuoiezaiimiq|atidiuiiatiten|nrnituliuitti|muictalagilaiuantcpi|laiireiueuantuiilaianai|limitelq|lamuritalaiw|auilirailaailiciiatiten|aiuoulpitundiuislamnaroi|acmaineirmratan|iimaianstainedaibralaiuulamexansseamylutuectuantaiulucinilaiitq|rfaiclariluim|mfaiclariluim|aiuiiatituen|iimalutrimcneiudthisoiu|iilarat|aiuahiuetitsuainssaisiriimnmicimoncilaiilaran	0=l,3=i,19=m,13=r,2=a,55=n,61=c,99=o,4=a,50=l,93=e,11=u,15=m,59=k,54=c,51=t,16=u,53=s,62=d,14=o,60=e,95=z,1=q,5=n,56=t,63=g,94=p,65=i,18=w,81=p,91=r,85=d,69=b,80=x,86=y,90=f,52=h,64=s
0	995	-2.845346	8	41	oaousimosnulaseua|lbunderlaenioientniiiirtilfniiair|neitiniileiesp|iuiierorieei|anidenunhisinniempi|siiulinlnnieriiminini|oadesur|sanuieluliz|lniuiunisniomiileiesp|lironquenitindaulailsti|ndaniiliuaunenp|iianiniaeniilkniwunulinrsalyniaallaceanaidennielireaniiiuliier|sxnidulsieua|axlidunsieua|liniileiensp|iianunesiamilinteciatin|iisune|nirlcinseieanniigaligiudiaiaidiatimimiisunp	03=o,19=a,13=u,02=s,55=i,61=m,99=o,4=n,50=u,2=l,93=s,01=e,15=a,59=b,54=d,51=e,16=r,53=a,3=i,62=t,11=n,14=t,60=l,95=f,1=r,5=p,56=e,63=h,94=p,04=m,65=d,18=z,08=q,91=s,85=k,69=w,80=y,86=c,90=x,52=c,64=g
0	998	-2.831818	8	42	nioninnesormeafinein|edislaueiasiniiasseiiiiuciiksiinip|saisieiienaco|tntiauniuiaai|oeilsseslintestaubi|ntiniieiestauiinsistsi|niopacep|nadeiisentq|aneinsinminiuiienaco|tufendisetsiepreakmdci|slnsitiinonsaso|iinsistrasitixsihnseteunawngstrriayieaeclseststunelitietiap|drsileznnein|ortlesdinein|teiienaeco|iinseeadioutiiesamircie|iinaiss|siuetecaiaresitartainpintoilinctuinsiinaiso	0=n,3=i,19=o,13=n,25=e,56=s,90=r,24=m,50=e,21=a,99=f,11=e,15=n,91=d,4=s,54=l,51=a,16=u,62=s,14=c,60=i,95=k,1=p,93=c,5=o,55=t,63=l,23=t,61=u,94=b,65=p,18=q,81=d,53=r,52=m,85=x,69=h,96=w,80=g,98=y,29=z,64=a
0	999	-2.837053	8	43	slseuilduuaydirea|dsiueetdieuisieumsiiiitciamuiiain|ueimisiideeto|ieiietstieei|lsienuauxiuisuielhi|uiieaisasuietiikiuiui|sltetan|ulseinduiz|yeaieuiuuisliideeto|otdsbensimistraymcsci|ueauiiaieleueuo|iiauiuireuiianuifeuaostulaquirraypasestensuinotrauiiiaoien|swuieagerea|lwoeausirea|osiideesto|iiauasesilliaismecircis|iiueun|uitdosteiersuiipropietiailieiacilikiiueuo	03=s,19=l,13=e,02=u,55=i,61=l,99=d,4=u,50=a,21=y,3=i,01=r,15=a,25=d,91=s,54=e,51=e,16=t,62=m,11=s,14=c,60=a,95=m,1=n,93=t,5=o,56=n,63=x,94=h,04=k,65=t,18=z,23=o,08=b,53=r,52=c,85=n,69=f,80=q,98=p,90=w,29=g,64=p
0	1008	-2.965730	8	38	eilmilienistenuenltiellilp|nkliuullcnereiiecnlliiiilsrafrilnl|ulicilliineieup|iliiielailleei|lrlisaueciienilluilspi|eniiliaillalluilllierusi|eiltiluol|enlrlliianonilz|nllioilirenreisiineieup|nilorlediallicillgnonlfmrlr|uwsiiaililriulu|iilsiuiieriayroliuenilllanltequiinanlhallellusalluicilallsiiioniiel|rmrsonriellilp|ltenisobliellilp|nilliineiellup|iilsolleriltliaillceminlrll|iienliux|rlcmillueienllridnnidiligilieusileualierienliu	0=e,3=i,1=l,90=m,2=n,55=i,61=s,99=t,45=u,5=p,59=k,62=c,53=n,51=e,43=r,46=c,60=a,95=f,93=u,63=l,91=r,54=s,56=a,94=p,96=t,50=o,8=z,69=o,81=d,65=g,52=m,41=w,85=y,80=q,98=h,49=b,6=x,64=d
0	1009	-2.886704	8	40	nlxiliundouauloitlils|awliaalltseeniezalliiiildeeheilsl|alitilliiaeieus|nlinieleilreei|lfliimarriuillanldpi|uiilieillellanllririaii|nlcnluml|ulflliimamailq|allimilieuendiiaeieus|aillflolimllntillysmalhcfle|akiineililfiala|iiliianieenedelliauilllealcornssealbellelluimllantilelliinimaiiel|fxeimafitlils|louiimplitlils|ailliiaeiellus|iilimllefilclneilltecislell|iiuliag|eltcillueiesllenssaisiliyilneuiileamliriiulia	03=n,1=l,90=x,3=i,02=u,55=n,61=d,99=o,45=a,01=t,5=s,2=a,59=w,62=t,53=s,51=e,43=e,46=z,60=e,95=h,93=u,63=r,91=f,54=i,56=m,04=r,94=p,96=c,50=m,8=q,69=l,08=o,65=y,52=c,41=k,85=d,98=b,49=p,6=g,64=s
0	1010	-2.691783	8	42	seasenstruostestaister|twneetesuiseeuntteeeenceafierem|eneeteetueuil|rnreunseneuue|atelsesneesteternai|steenaetatertbesiele|seamuiam|statnestateh|tteaenistiseueetueuil|tenotsdestreetmsatartyce|ekleraenanecl|eeriereuiradixnestetnstaageresataostutilstereenstlereateeum|yzilatyester|aztelaqnster|teteetueutil|eerestuyeauraeteupescet|eestnep|intpetiueustircstecenmerraelercruesiestne	0=s,3=e,19=a,13=n,2=t,55=r,61=u,99=o,45=e,93=i,11=t,15=r,59=w,62=e,53=s,51=u,43=i,46=n,16=n,14=c,60=a,95=f,1=m,5=l,54=l,56=s,63=b,65=m,50=a,18=h,81=d,91=y,41=k,85=d,69=x,80=g,86=o,90=z,49=q,52=p,6=p,64=c
0	1011	-2.804438	8	45	nanerimarsracien|lkessurceuniezluiiiietinxuinip|seriuiileiect|ieiieeneieei|auisostoiriusieau|riieniunusiuoitissi|namecap|raueiolalig|luiaieurunmiileiect|lieauheouiriumcalailqti|swsiinieaestt|iinusiieuindusesriuerandsiicnlafinuaisousirieinuiialiiep|qbusalqiien|ablisayeien|liuiileieuct|iinsinaeaminiurelictiu|iiresp|uelliuceiecuuirclirieminiaisintimitiires	03=n,19=a,13=e,02=r,55=i,61=m,99=a,45=s,93=c,01=i,15=n,2=l,59=k,11=u,62=r,53=c,51=e,43=u,3=i,46=z,16=e,14=t,60=n,95=x,1=p,5=t,54=s,56=o,04=t,63=o,65=m,50=a,18=g,08=h,91=q,41=w,85=d,69=s,80=d,86=f,90=b,49=y,52=l,6=p,64=r
0	1012	-2.830947	8	41	olizliloorigolangloiilit|ocluuiisieuollesnillllikuaculiii|uilsliilloilett|eileleialimeel|icilaruoslloniiueikhl|onlilaliiaiiueiimlouual|olideitai|onciillroonib|nilaliluollolklloilett|nircioflriiesliipianceciu|uwalealilicluiu|llialueleueapuriluoniiiandoquelianyaiieiitariiuesliaiialelanlei|czuaamiloiilit|igonaadiloiilit|niilloileiitt|lliaaiieclidiealiiseeliiuii|llonlux|uiseliiteleiiiuesinslilplieetalieuriloulonlu	0=o,3=l,1=i,90=z,25=o,56=r,99=g,24=l,50=a,21=n,5=t,91=c,45=u,62=s,53=i,51=e,43=u,46=s,61=k,60=a,95=c,93=t,55=e,63=m,54=a,23=n,94=h,96=d,8=b,69=r,81=f,65=p,52=e,41=w,85=p,80=q,98=y,29=m,49=d,6=x,64=s
0	1013	-2.858891	8	42	miweielueslalisedieie|tneaaiimisamesydieeeeieancaeiii|aiemeiieetieste|uieuesineilsse|inierparleleiiauieze|leeieneiiniiauiilereare|miuuitci|liniieeptleix|dieceiealameeetieste|signifiepiiumeiinicdconia|abreuneieineaia|eeireauesaunpagiealeiiindufruiindaniisiitrpiiaumeiniireuecsesi|nwarckiedieie|islerchiedieie|siieetiesiite|eeirciisneiuiuneiimsoeiiaii|eelieaq|aimoeiitsesiiiauoisoeieneiustreisapiereeliea	03=m,1=i,90=w,3=e,02=l,55=u,61=e,99=s,45=a,01=d,5=e,25=t,91=n,62=m,53=i,51=s,43=a,46=y,21=d,60=n,95=c,93=t,63=l,54=r,56=p,04=r,94=z,96=u,50=c,8=x,23=s,69=g,08=f,65=n,52=o,41=b,85=p,98=a,29=k,49=h,6=q,64=o
0	1014	-2.786952	8	46	eiteineestablicietit|eiiootaoedeiieminiiirsinqditiu|onaitiienera|unuiereirieei|tticsoemiiestourtd|esinnitntoutliedoci|eitderlu|eiitiiseesp|inlindebieipiienera|srctehistuaitdoliquisi|ogciunintnosa|iitdouiedunydknoestreizemouioninntetrcstouairetciuilsieu|iadclwnetit|tasclxnetit|stiienetra|iitoeteiitpunitaeuiosit|iieiior|drestreieotdufosfindituticitsupiedieiio	0=e,3=i,19=t,13=n,25=e,56=s,90=a,24=b,50=l,21=i,99=c,11=t,15=t,91=i,45=o,62=a,53=o,51=e,43=d,46=m,16=r,14=s,60=n,95=q,1=u,93=r,5=a,55=u,54=c,23=s,63=l,65=d,18=p,61=p,81=h,52=u,41=g,85=y,69=k,96=z,80=m,98=n,29=w,49=x,6=r,64=f
0	1015	-2.715132	8	47	msmeeiodeteslrea|ufnttenaitmnibsennncunistnanc|tennennueill|ieinicmcniin|senontagneneticst|enneineietiegnanton|msziluc|eseennuent|seunetetmonnueill|lcdemeneinnezaussyfun|thoniinesetul|nnattinitiiktdetenecesixtinaisqieielonetinncratinulnic|fwtourerea|swlouperea|lennueiell|nnatrasesoiineniynaune|nneetp|tculeliniaetiralrneznaisnonauionanneet	03=m,19=s,13=e,02=e,55=i,61=o,99=d,45=t,93=l,01=r,15=a,25=u,91=f,3=n,11=e,62=n,53=a,51=i,43=t,46=b,21=s,16=c,14=u,60=i,95=s,1=c,5=l,54=o,56=n,04=a,63=g,65=z,50=u,18=t,23=l,08=m,52=y,41=h,85=k,69=d,80=x,98=q,90=w,29=r,49=p,6=p,64=r
1	3	-3.294365	6	24	znkntriifdkrlpmddtuni|rioeliliucrieslteeslcrueeenfleadilenin|lsecreueersesdei|iseiieiuancesse|qdueiliclplcetreuliisfdle|zreneaeuauliiiucetleliile|zndcisdeix|zmoueeicrprnb|ruepneltrltefeersesdei|rncdohgeicuiicreuciiepmdiirdule|liwileiiannoelsli|enileliiiesleiiabilecoelprnuamdayliiieieamdbausudeiliculiiicrnauileiiepreeiu|okleilprotuni|qdkreilplotuni|reueersesudei|enilpusondfiiaeucrsireinleu|etmelic|lncrireudesesieuleiicliereclneciniisdeilnsliiftletmeli	5=i,31=n,11=u,30=t,9=d,21=m,50=p,4=l,2=r,90=k,61=f,0=z,3=e,60=a,6=c,51=s,91=o,1=q,01=x,8=b,81=g,10=h,41=w,80=y
1	5	-3.188358	6	19	hliklilnaauieensanieeoiilia|waeilsasaiicalaisollaisciilllliuislmeaslliali|sailcliilyailaiela|aailaalaiimliulaiail|ieiilasaustsullnliisaaaiuiesl|nllilmliimiisaaaiiuloslsaasl|hlieuaaielti|nieiiillacanlib|wiiltlilslnsoluilyailaiela|wliueeifbilauiiaacliiuaalanieareiisl|sasiaslaamlilieilsaisa|lliaslsaaalaislaambaslueilsanliiiuniempsaaalaluniebmiiaiiielasauiisaaaclimiiaslaalanllaii|eikslasaneioiilia|ieenlastseioiilia|wliilyailaiiiela|lliastiiaieilieuiaamliicairlalislii|llnilsau|slicrliielailaialiislaausayluslilualiaaaielasliaisaauiosllnilsa	5=a,1=i,3=l,30=o,9=e,02=n,4=s,6=u,90=k,0=h,60=m,62=c,2=w,32=y,50=t,8=b,52=r,10=f,80=p
1	6	-3.071610	6	22	ntcntesiimccslingccenrti|bipelilirdieuleneeuldreeetmleanciletit|luederequeucei|iueiieirantaeuue|ycreilialinlaeeserliiumcle|seteaneranrliiiraeenleliile|ntcaiuceix|ngpreeidisto|breinteleslenemequeucei|btaccrnfeiariideraiieingcihcrle|liwileiianttpeluli|etileliiieuleiianoileapelistrangcanonliiieieangcoanrurceiliarliiidtanrileiieiseeir|pcnleilispenrti|yccseilinlpenrti|berequeurcei|etilinruptcmiianerduheitler|eengelia|ltdherceueuierleiialiqealteaitiiuceiltuliimenleengeli	5=i,31=t,11=r,0=n,3=e,9=c,21=g,4=l,02=s,61=m,6=a,62=d,51=u,91=p,2=b,32=q,1=y,01=x,8=o,52=h,81=f,41=w
1	9	-3.382813	3	23	testecoiileswoamoessceuei|oisuaiaieelorieacpiealoeeppelengsiapere|aiulyeepoiuiedi|iiuirieeltezieiu|eseuiailamazcyeeaiiielesn|bopulteegeeaiiieezcnaiin|tesliiedme|boeseeepilomyeh|oeuituacontlepoiuiedi|yelssexhuileeiilyeelirmoesiioseen|aiaeiniiltuesuaieai|peinaiirieniighinlsuamyeeegoesgfaiirrgoeshgeeieeediaileeaiiilyegeeinirmopiee|sewniamoseceuei|eswyiamaseceuei|yeepoiuieeedi|peiameeiesuesleiilteeloieiyrenee|qcouail|neloiyeediuiereeniilarylnulreiiiedineieaiilecncouai	5=i,1=e,13=u,30=c,9=s,2=o,50=m,4=a,90=w,6=l,03=t,53=r,33=p,60=g,43=n,93=d,23=y,63=z,0=b,8=h,10=x,80=f,3=q
1	10	-3.163736	4	25	taomitseepootsrethodteae|seoirereensflutclrnhicapuntoeuaea|reingecseilde|eeiefeentablei|wzierenretrnctgereelpou|tscinmentereeeenctureeu|taoneldeq|thzecensetsay|hiemiutsumpcseilde|sanooetyieneeengenefethoeesoeu|rexeueentaaoirlre|kaeureeflueentyeunoiretsaenthontytreeffnthoyntelederenereeensanteeuefetscee|zotueretsoiteae|wootgeretroiteae|gecseilede|kaeretelzaopeenmenslegeaue|ctsiren|ransegedeilfeueenrfgnuineaeelderalreenitrctsire	5=e,31=a,11=e,0=t,93=d,9=o,21=h,4=r,2=s,61=p,13=i,03=m,43=u,6=n,33=c,51=l,53=f,23=g,63=b,91=z,1=w,01=q,8=y,41=x,3=k
1	12	-3.192741	2	20	siosupeeniooptepiodciuie|zeouteteiixleircfeitxiiffinirncoetfili|teunaiuyeueide|eeueleiinsigeieu|ioiuetentectnfcaiiteeeinior|pfunsiinciiteeeiinfcrteer|sioneeideci|pioiiifexecaih|ziuesurprsnuyeueide|ainooiichueniieenaiinelepioemoiir|tetiereensuiouteite|fierteeleireenchernoutecaiiinpionchcteellnpiohnciieiiideteniiteeenainciierelepfeii|oiocretepouciuie|ioocaetectouciuie|aiuyeueiiide|fieteciieiouionieensiixeiealirii|fputen|rixeaiideueiliireentlanrunlieeeiderieiteenuctfpute	5=e,1=i,13=u,0=c,93=d,9=o,02=p,4=t,6=n,03=s,53=l,33=f,43=r,62=x,2=z,32=y,23=a,63=g,8=h,52=m
1	13	-3.233889	2	25	aieanseetieeslesieeuinie|qeenleleiixceilumeilxiimmitirdeelmici|lentpinyeneife|eeneceiitaigeien|ieineletlolgupiileeeitier|smntaiidiileeeiigurleer|aieteeifoi|sieiiimexopih|qineanrsratnyeneife|piteeiwhnetiieetpiitecesieezeiir|leliereetanienleile|mierleeceireedhertenlopiiitsiedbleecctsiehdiieiiifeletiileeetpidiierecesmeii|eikreleseiuinie|iekpeloleiuinie|pinyeneiiife|mieloiieienietieetaiixeiepcirii|msnlet|rixepiifeneiciireetlcptrntcieeeiferieileetiulmsnle	5=e,1=i,13=n,30=u,9=e,02=s,4=l,6=t,03=a,53=c,33=m,60=d,43=r,62=x,2=q,93=f,32=y,23=p,63=g,50=o,8=h,52=z,10=w,80=b,90=k
1	14	-2.912005	7	29	elianceeoiicteepimeule|weinteteuxsanerattpnrlonteienlel|tenxlnyename|eeneseutelgaen|qbnetetteettreduteeaoin|crntauteuteeeutrenteen|eliteamez|epburexecls|pneanncnatnyename|wltiiuesnetueetduteseepiefiun|tekeneetellintate|hlenteesaneetesentinteclutepiteseteesstepisteuaumetetuteeexlteuenesecreu|bienetecineule|qiiedeteetineule|wlnyenaume|hleteeuablioeetauxaedelnu|rcntet|tlxedumenasuneettsdtnnteleeametlateetnetrcnte	5=e,31=l,11=u,0=e,93=m,9=i,21=p,4=t,02=c,61=o,13=n,03=a,43=n,6=t,33=r,51=a,53=s,62=x,2=w,32=y,63=g,23=d,91=b,1=q,01=z,8=s,52=f,41=k,3=h
1	17	-3.216727	7	21	hiexiedcllresxymcessdeeiel|clsetuleercliladiilarceeiiiierainsuiielie|kleircieeiicleilesil|lleillileenierilelei|eseeiulfloridcieallleregi|hciieinieeneallleeriiotlui|hiesrllesime|hceseeeiilrcmciep|ceeimietdydireiicleilesil|cierssezpeilreellrcieerllimcesllcseai|kueuillnieiesetlal|iieutlllilaillnpuirsetmcieeencesnpolllilincespneeleeesiulrealllrcieneeuillimciilee|sesoiumcsedeeiel|esxciulosedeeiel|cieeiicleileeesil|iieumeeleseiesrellnieerclelciliaiee|idcetlr|kierclcieesileilelieaillflicifieirlielllesiuielallreioidcetl	5=l,1=e,3=i,30=d,9=s,2=c,50=m,24=y,90=x,6=r,0=h,54=u,60=n,14=a,34=t,4=k,94=g,04=o,64=f,8=p,10=z
1	18	-3.224199	5	25	ealeaieteecllezeefllieuae|teydreunteiemieiiemntuiiianminelriaea|wsintiuiitsislie|esieeieuneanissi|kluiregeoniietameeschi|etiaineiunqmeeeuniioderi|ealneslieq|efyuiienteetap|tuieeadiezieiciitsislie|tanlluexienueentiuneeieefleetymi|webrieeneaaydeme|iardeeeiemieeneprinydeetauneflnepoeeeieineflpneusulirecmeeentaneurieeieetiieu|yloireetyieuae|klletireoyieuae|tiuiitsisulie|iareeusyalceeneiuntsetieimiu|iiefden|wantetiulisiseamieegeitigaineaeesliraemeecioiiefde	5=e,31=a,11=u,0=e,3=i,9=l,21=f,24=z,61=c,2=t,54=r,6=n,14=m,34=d,91=y,51=s,4=w,94=h,04=o,64=g,1=k,01=q,8=p,81=x,41=b
1	20	-3.081625	7	20	nelanelesiiulaangislaaenlleli|qialodillcieireneeirclleeeelureunadeeliel|zilecellemileilaei|iileiieillunelueilile|lalleditipueeselriiilulxe|seeleunellunlriiillueepoide|nelauiilaeinl|slallleeicisely|qlleineloengeneulemileilaei|qeluaallnyleiulliicelluiieislaihalre|zdldeiiunelelaloiri|eeldoiiieireiiunydeualoisellluslaunypiiieieuslayunllilllaediulriiicelunlldeiieiseeill|alapedisalenlleli|laasedipalenlleli|qellemileilllaei|eeldinllilalelauliiunellcilheierell|eesloiu|zelchellaeileilielreiitimeteleuieliiilaedeliriiulepeesloi	5=i,1=l,3=e,0=n,9=a,02=s,24=g,6=u,54=d,14=r,62=c,34=o,2=q,32=m,4=z,94=x,04=p,64=t,8=y,52=h
1	24	-3.251230	2	22	gesgruniiaessuqiunesduerei|nisefoieeanliecutixaneetteaecausotele|yirameetniriedi|iirilieeagezieir|eseroihibatumexiiieaesc|untrageeauexiiieeatbfiic|gesaiiediue|uneseeetianiumep|nerigrcuncgaetniriedi|measseeupriaeeiiameeailiunesiinseec|yoeiciiagresefixi|teofiilieciiaupicasefiumeeeaunesaupbiillaunespaueeieeedoiaexiiiameaueeiciliuntiee|sesucoiunsruerei|essumoibsruerei|meetnirieeedi|teoiueeiesresaeiiageeanieimlecee|tunefia|ceanimeedirieleeciihlmacraleiiiediceixiiarbtunefi	5=i,1=e,13=r,0=u,93=d,9=s,2=n,24=q,6=a,03=g,53=l,33=t,54=o,43=c,14=x,34=f,23=m,4=y,63=z,04=b,64=h,8=p
1	25	-3.191971	5	28	dindimalleinwxrainnmieil|alnisfliieaalomploeaiippieiunnfpiai|bleesiipalelicl|llelaliiediglile|inieflylkgmsiolllieinu|qapeediiniollliiepksllu|dinellicri|qainiiiplearsit|aieldismaudeipalelicl|siennihteleiillesiielarainllaniiu|bfilulledeinislol|pifsllaliullntluenisrsiiinainntkllaanaintniiliiicfleiolllesiniilularaplii|niwufranimieil|inwsflknimieil|siipaleliiicl|pifriilineineillediiealilsaiuii|zmaisle|uiealsiicleliaiiullyaseueeailllicluilolleimumaisl	5=l,1=i,13=e,30=m,9=n,2=a,50=r,24=x,90=w,6=e,03=d,53=a,33=p,54=f,60=n,43=u,14=o,34=s,93=c,23=s,4=b,63=g,04=k,64=y,0=q,8=t,10=h,3=z
1	26	-2.948907	7	31	eatoeesiinttebiectneiai|sitrpiirsualesigrcesanlretilaia|kiermissieani|iieiuiireaqaie|xtepiwidrsesagiiantl|esseroirygiiiirsdriil|eatrianiy|ectisirsiesaf|ceioeleslonssieani|sarttiefeiriiirmiriuiectiistil|kihiliireaatrigi|zapriiualiirefilrtriesairectrefdiiuurectfreiainpingiiirsareiiliuiessii|ttelpiesteeiai|xttempidteeiai|missieaini|zapieiatatniiroirsaimiali|secrir|karsiminieauiliiwumrleriaiianpaigiiredsecri	5=i,31=a,11=i,0=e,93=n,9=t,21=c,24=b,61=n,2=s,13=e,03=o,43=l,6=r,33=s,14=g,51=a,53=u,54=p,34=r,91=t,23=m,4=k,63=q,04=d,64=w,1=x,01=y,8=f,41=h,3=z
1	28	-3.336602	4	26	olaousiielaasbislaysluli|kialhpillmnilcsrifmllrrlelcesaprlnl|qiueeluxiuilyi|iiuinilleolziliu|lalupigiterselfiiilelac|srueolleslfiiillerthiic|olaeiilyisl|slalllrimiseld|kluioucscoeuxiuilyi|eleaallsduielliieelleinislaiwallc|qpliciieoulalhifi|rlphiinilciiesdicealhisellleslaesdtiinnesladesllilllypielfiiieelesllicinisrill|alascpisausluli|laasepitausluli|eluxiuilllyi|rlpisllilaulaeliieollmilienlcll|rslhie|clmiellyiuilnllciigneecuenliiilyiclifiieutrslhi	5=i,1=l,13=u,0=s,93=y,9=a,02=s,24=b,6=e,03=o,53=n,33=r,54=p,43=c,62=m,14=f,34=h,2=k,32=x,23=e,4=q,63=z,04=t,64=g,8=d,52=w
1	29	-3.057821	4	30	aieacleetiekgelieeficie|weeinieiimserfoermiiooitinueioisi|qectaicheceide|eeceseiitaiyeiec|ieiciezetyfaireeeitien|loctaiiuireeeiitotneen|aieteeidpi|lieiiioempais|wiceacnlnatcheceide|aiteeibscetiieetaiiteselieexeiin|qiieneetacieinere|oiineeseineeusenteinpaiiitlieusteesstliesuiieiiidietireeetaiuiieneseloeii|eiknieleificie|iekaieteificie|aicheceiiide|oiipiieiecietieetaiimeieasinii|olinet|nimeaiideceisiineezsatnctsieeeideniereetctoline	5=e,1=i,13=c,30=f,9=e,02=l,24=g,90=k,6=t,03=a,53=s,33=o,54=i,60=u,43=n,62=m,14=r,34=n,2=w,93=d,32=h,23=a,4=q,63=y,04=t,64=z,50=p,8=s,52=x,10=b
1	33	-3.144081	4	22	wuibuilaseinbaomainnliiuc|pniurriiepdioludioeaiiuuuuieioutgouucui|riueauiiuupidind|siusdiituiedciu|iniidreomoeulauiirsieinou|wauuiutuiitiirsiieulouosou|wuinesinumi|wainiiiudeamauif|aiiumuiuolaolueiuupidind|auiennizfideiiseauiiesumainsaniiou|rocoustuiuiniurir|uucoursdiousthoueniuomauiiitaintkrsdutainfticiiindreiirseauiticousumaudii|nibodomaniliiuc|inbadomoniliiuc|auiiuupidiiind|uucomiciniuineistuiiepcaduiouii|ulaiure|ouiepauiindidcuiiouseruaueouiuqucsindoucioseiloulaiur	15=c,3=u,1=i,30=l,9=n,2=a,50=m,4=o,90=b,6=e,55=s,0=w,95=g,60=t,35=d,25=p,45=r,8=f,10=z,80=k,85=h,65=q
1	34	-3.254339	3	25	eateaiesobttesderttienip|myiddnumiclieiiclusniiiabliuekliipa|lciusiniiscicte|wcioenueauicci|qtnedudeluiiesinlocbtli|esiaiueinuendonuiieliloli|eathctex|erynieumesaf|sneeailieslieibiiscicte|sauttnegeunousinuoeertostnli|dlplioueaayilcd|iiplidoicliouezliuyidesanuertuefedoeiuertfuencntedundousauxplioeesien|yteledesyienip|qttesedelyienip|siniiscicnte|iipdencyatboueinumpsealin|iieridu|laumsinticepinlioudisiulaihaoctelaclobieliierid	15=p,3=i,11=n,0=e,9=t,21=r,45=d,2=s,61=b,55=o,31=a,4=l,95=k,6=u,51=c,25=m,91=y,35=e,5=w,1=q,01=x,65=h,8=f,81=g,85=z
1	35	-2.921420	7	31	zsgstienogiialootuer|acedduraeniteeniriueeesnietxieers|inerieueeinenos|wneesutsrenne|qousdriairetieuiennoie|zieseteutudeuretieieie|zsoynosp|zlcuesriaisb|iueaseitiiteneeinenos|isrochfsruerieureealoeiouie|dirieetssceind|eeriedeenieetmierceiaisutlotkdesetlobtunuosdruderisrprieeeaiesu|cgisiaictuer|qogisiaictuer|ieueeinenuos|eeriauncsoneteurarissieu|etledr|israieuoensreuieerdeieriseysenosisnientietled	15=r,3=e,11=u,30=t,9=o,21=l,50=a,4=i,2=i,90=g,61=n,55=e,31=s,0=z,95=x,60=t,6=r,51=n,25=a,45=d,91=c,35=s,5=w,1=q,01=p,65=y,8=b,81=f,10=h,80=k,85=m
1	36	-3.146625	3	20	luinluiutrainntetinnuliium|cniueeiiacsioulusiodiiuuuuiaioualpouumui|eiuduiiuucisins|riursiialuiasmiu|iniiseaeloauutuiieriainou|tuuiualuiialiieriiauulouorou|luinarinsli|tiniiiusactuif|biisluiuoutouluaiuucisins|buianniilfisaiirduiiarstipxniiou|eomouraluiuiniueie|uumouersiouralyouaniuetuiiiatinalflersuatinfalimiiinseaiierduialimourstusii|ninlosetniuliium|inntseloniuliium|buiiuucisiiins|uumeliminiuinairaluiiacixsuiouii|uutiuea|ouidxuiinsismuiiouraeguaouiukumrinsoumioraiulouutiue	15=m,3=u,1=i,0=l,9=n,02=t,45=e,6=a,55=r,4=o,95=p,62=d,35=s,25=c,8=f,2=b,52=x,85=y,65=k,32=g
1	37	-3.085348	5	26	keiweiesorieestsieepiies|ceiettiircuilpeuildiieeeeirilenyleesei|tiedeiieeciuieu|oieouiineirusie|ieiiutrlalreeseiitoiriele|seeieneiiniitoiireplelole|keieroieeai|sieiiieurcseig|ziieaeieleslperieeciuieu|zeireeibgiuriiodeiirousiyfeiile|tlsleoneieieietit|eesletouileonxlereietseiiirsienqtouersiegnisiiieutriitodeinisleouseuii|eiwlutseipiies|ieesulaleipiies|zeiieeciuiiieu|eeslaisieieierioneiircifueileii|eesietr|leidfeiieuiuseiileortherleiemesoieulesiloripleesiet	15=s,3=e,1=i,30=p,9=e,02=s,45=t,6=r,55=o,90=w,0=k,4=l,95=y,60=n,62=d,35=u,25=c,50=a,8=g,2=z,52=f,10=b,80=q,85=x,65=m,32=h
1	38	-3.018876	6	29	acuacirenuursamuuianif|hoissnthitliaiitlaniiicnlitapliifc|ltiainistitue|qtieentactitti|wunestsaltiirinletnuli|ricitaintansentiialileli|acuxtuez|amoniethrcy|kneacilirliainistitue|kctuunagetneainteeampdunli|slflietaccoilts|iifliseitlietablitoisrcntamutayaseeitamuytantnuestnseactzflieerien|oualesroianif|wuuresaloianif|kinistitnue|iifsantocunetainatdeclin|iiamist|lcadinuitefinlietssitlcixcetuelctlenialiiamis	15=f,3=i,11=n,0=a,9=u,21=m,45=s,02=r,61=n,55=e,31=c,4=l,95=p,6=t,62=a,51=t,25=h,91=o,35=e,32=s,5=q,1=w,01=z,65=x,8=y,2=k,52=d,81=g,85=b
1	40	-3.399941	0	21	minmouslainnusdusinquioc|ynoddiiaytiemtirasiibbiaieauxrbipi|doafiibyitint|loltiiamiatco|iniitdadurabufiidliaine|usboamiiauiidliiabuerle|minalintui|usiniiotayufig|siitmoeusemaibyitint|fianniiugitaiilafiialtusinlsniie|drcelamoinodid|bcedltielauzeanodufiiiausinaugurlppausingauiciiintdaiidlafiauiceltuftii|ninurtdusnouioc|innustdurnouioc|fiibyitiiint|bcduicinoinailamiiaycfpieii|busoda|eiayfiintitipiielarpfaeoapclintecirlaourbusod	15=c,13=o,1=i,0=u,93=q,9=n,2=s,45=d,6=a,55=l,03=m,53=p,33=b,4=r,95=x,43=e,35=t,25=y,23=f,8=g,85=z
1	41	-3.027332	3	30	cieciarouiebrierieeailp|melaaiiumnitcniiuriikkiuitnyikisi|alutiikminien|oloniiuciunpl|ieiinauieigatiiaoiuiet|wrkluciiniiaoiigatiot|cieuoidei|wrieiilnuretif|riincliartcuikminien|tiueeixfinuiioutiihserieoreiit|aiptouclielaia|kptaonitonstuelietiiinrienqiossnriefnipiiienauiiaoutinipinsetnii|eibiniereiailp|iebrnieieiailp|tiikminiiien|kpieipielieuiouciiumptsitii|zarlau|tiumtiieninisiitouistutluspoientpiiouiatarla	15=p,13=l,1=i,30=a,9=e,2=r,50=e,4=i,90=b,6=u,55=o,03=c,53=s,33=k,95=y,60=n,43=t,35=n,25=m,45=a,23=t,63=g,0=w,93=d,8=f,65=h,10=x,80=q,85=s,3=z
1	42	-3.090856	2	30	eotmaenanttentestyfai|xtatteungcresclusasonrueklsio|taudesxacti|aaaieueouiia|qteitutelusedelacntr|ensaumeueetaeuserlar|eotpctif|esteaiuxenob|neimarenrmnsxacti|noutteeziueaudeuaiestanter|tliraueootalct|sirlagcrauewrutatenoeuestuebelagguestbueecetituetaunoufiraiedie|htelitentafai|qtteniteltafai|desxaceti|siteechotnaumeuxiniore|senatu|louxdetiacgeraulgdurapoactiloclauaelsenat	15=i,13=a,01=f,93=y,9=t,21=s,0=e,45=t,2=n,61=n,55=a,03=m,31=o,33=s,4=l,95=k,6=u,43=r,51=c,53=g,11=e,25=x,35=i,23=d,1=q,65=p,8=b,81=z,85=w,91=h
1	43	-2.954006	7	38	xiqiauscrquenorwpar|crannetuoueatuetoaticldmetri|natsetcauri|sasieditira|hreintenegaseesucrl|xutatyedensegalesl|xirmurip|xoreaitunuil|ueiyaeaulyctcauri|uitrkpditestsemonorsurel|nerlsdiiraeun|trlesoulsdfltraenuiedordbesoodorldeuerintenstuitpreionsie|kqeienurapar|hrquienerapar|setcaueri|treneukircstyetcruiile|zauant|eitcseriauoelsteostlamisurieiuescalauan	15=r,13=a,01=p,93=w,9=r,21=o,50=n,4=e,2=u,90=q,61=c,55=s,30=a,31=i,0=x,33=t,95=m,60=d,43=l,6=t,51=u,53=o,11=e,45=n,25=c,35=i,23=s,63=g,1=h,03=y,65=m,8=l,81=d,10=p,91=k,80=b,85=f,3=z
1	44	-3.502143	1	24	giagcfuriaaflfiayeich|kaclliirkniognisxiippiriorezspidi|lcrtiipkinian|ucuniirgirnhc|iaiinlrlesrpetiiluiriao|fpcrgiireiiluiirpeosuo|giaruianei|fiaiicnrketim|wiingcofogripkinian|tiraaiieminriiurtiirunfizbaiio|lshourgciaclil|pholunioureqoracletiiirfiaremesuddrfiamreihiiianlriilurtireihounetnii|aiaesnlfaceich|iaafnlesaceich|tiipkiniiian|phleihiaciariurgiirkhtdioii|pfclr|oirktiianinidiioursdtrocrdhuianohisurcespfcl	15=h,13=c,1=i,0=e,93=y,9=a,02=f,45=l,6=r,55=u,03=g,53=d,33=p,4=s,95=z,43=o,62=x,35=n,25=k,23=t,8=m,2=w,52=b,85=q
1	45	-2.950826	1	30	tentiatsennasaennceio|pnisseespuentueexeellesenmbelere|sisieelpeuenu|titueestesuoi|eneeussedeacieestesenn|alisteemeesteeacnetn|tenstezde|aeneeiuxdief|qeeutinantselpeuenu|iesnnekfeuseetsieestuaebgneen|seontstienises|lonstuentmwnsniedieeesaenmyetrrsaenfmeoeeenusseestsiemeoeurdiuee|neheusaneceio|ennauedeneceio|ieelpeueeenu|loedeoeniensetsteespoirenee|laiss|nespieenueuereentserisnisrotenunoeetsecelais	15=o,13=i,1=e,30=c,9=n,02=a,45=s,6=s,55=t,03=t,53=r,33=l,4=e,95=b,60=m,43=n,62=x,35=u,25=p,23=i,63=a,50=d,93=z,8=f,2=q,52=g,10=k,80=y,85=w,90=h
1	46	-2.989583	4	33	tuulratluuantduzpro|rurnnignaitcasedrculietkscou|nresicrraue|trteietueeor|wuienentsectsistalui|acrelietintiectisti|tuufauep|tduireerauh|qielriaillcrraue|queuuitbeeitesietetdkmuii|nsoitetuuursan|coistnaitetxieurnauietduethtstnnetduhetiaiueneintguepoitetsei|yutsenaurpro|wuuaentsurpro|sicrraiue|contiayuulteligameuii|carne|suersiueraniitesnseirfutauesuastertscarn	15=o,13=r,01=p,93=z,9=u,21=d,0=t,45=n,02=a,61=l,55=t,03=l,31=u,33=c,4=s,95=k,6=e,43=i,51=a,53=n,62=g,11=i,25=r,35=e,23=s,1=w,65=f,8=h,2=q,52=m,81=b,85=x,91=y
1	47	-2.803318	7	40	kiesuccheeceudemoul|feusseparebsreidusihrndesli|suilesfuret|cucteniitlu|weetsieuembleecrher|csuisenescembrecr|kienreto|kdeeutifcip|qetsurcrshsfuret|qiietxatiecilenauddoeer|selrcniieuers|slrecarrcngrieusciendenzecaandepnereetsiescpiioletaulte|tyetsceuoul|weecteueeuoul|lesfureet|sleuertiehciseprotire|scusi|eiifleeturaerciealirunicreteirechbescus	15=l,13=u,01=o,93=m,9=e,21=d,50=u,4=e,02=c,61=h,55=c,03=s,31=i,0=k,33=s,95=d,60=n,43=r,6=i,51=r,30=b,53=a,62=p,11=e,45=s,25=f,35=t,23=l,63=m,1=w,65=n,8=p,2=q,52=o,81=a,10=x,91=t,80=z,85=g,90=y
1	48	-3.113722	2	21	reilreiercmaillrcurcilleriies|nlieuuiianotereotaciieeeeiatearldeesei|uieaceiieenioilo|miemoiiareiaosie|iliiouaupaeerceiiumiaihe|rceeieareiiariiumiiaeepeude|reilamilori|rciliiieoanrceiy|ciioreibergereaieenioilo|ceialliiryioaiimaceiiamorcilmclite|kdidemareieilieuiu|eeideumotemarydealieurceiiiarcilaryrumoearcilyarisiiilouaiiumaceiariidemorceoii|lilpourclieriies|illrcouplieriies|ceiieenioiiilo|eesurisilieilaimareiianscoeteii|eercieua|keianceiiloioseitemauecexeiefesmiledestmaiepeercieu	15=s,3=e,1=i,0=r,9=l,2=c,45=u,6=a,55=m,54=d,14=t,35=o,25=n,94=h,04=p,8=y,24=g,34=b,4=k,65=f,64=x
1	49	-3.119028	6	27	kiegieurctesgheressueeia|pseinneetpasuiastreeiiiietsilsdiiaie|neitrieeiipeaesa|ceicaeelietaaei|eseeantnotiurieenceteyi|kriieilieeleenceetiioindi|kiestcesiee|kreseeeiatrerieb|reeieiemuhuiteiipeaesa|rietssezbeateectrieetcierescrsesi|qdediclieieseinen|iiedincasiclbditsemerieeelreslwncailresbleaeeesanteenctrieleedicieriaee|sesoiderseueeia|esgranoseueeia|rieeiipeaeeesa|iiedeeaeseiesteclieetparaisiee|iureint|qietprieesaeaaiesictnirifieixiacesidiascteioiurein	15=a,3=i,1=e,30=u,9=s,2=r,50=e,24=h,90=g,6=t,55=c,0=k,54=d,60=l,14=s,35=a,25=p,45=n,94=y,04=o,8=b,34=m,10=z,4=q,80=w,65=x,64=f
1	50	-2.877508	5	31	saisaistraiistussiiiscim|noiuucenenisienetciiiaeniesidiima|wlieticiitlilie|qlirecesaeilli|kiceueureiistanrlayi|stiaiesicescurceiiriudi|saibliez|ssocieenstat|tcesafishisiaiitlilie|taeiicspeecreticeressirtoni|uxdiresaaoflu|iadiurenirestdieoiustacessiestsureiessitesclcieuecuretaescdirestiec|oireustoiscim|kiisteuroiscim|ticiitlilcie|iimuscloaiaresicenmteinic|iissiue|waenticiilemanireuitigaibarliidimnrairiissiu	15=m,3=i,11=c,0=s,9=i,21=s,45=u,2=t,61=a,55=r,31=a,54=d,6=e,14=n,35=e,25=n,91=o,51=l,4=w,5=q,94=y,04=r,1=k,01=z,65=b,8=t,24=h,34=f,81=p,41=x,64=g
1	52	-2.992827	5	26	nelineletceliitutliienlles|sileuullesameneamdlleeeelemeenireesel|uledelleeslalia|clecalleneleasle|lillaueugeeetelluclelwe|teeleenellenlluclleeegeure|nelieclianl|tlillleaestelf|qllanelzenheneeleeslalia|qeleiillnflaellcdellecatloyilme|xrlrecenelelileulu|eelreucamecenfreeileutellletlienfnucaeetlifenlsllliauellucdelenllrecateall|iligautilenlles|liitaugilenlles|qelleeslalllia|eesunlslilelielcenelleslyaemell|eetleue|xeldyellialaselmeceukebelepesclieresmcelegeetleu	15=s,3=e,1=l,0=n,9=i,02=t,45=u,6=e,55=c,54=r,14=m,62=d,35=a,25=s,94=w,04=g,8=f,24=h,34=z,2=q,52=y,95=o,4=x,65=p,64=b,32=k
1	53	-2.923587	7	32	klizliltseinntstinnaiilu|nnilssiieneraleroiillllierlanilluli|siloliillnieine|silseiialieeuil|iniiesescelltliissieifl|tllilaliiaiissiiellclsil|klinesinlri|tiniiileentliu|wiilrlimagaleillnieine|wlienniquieeiisoliiesetidtnirl|xiiilsalilinilsis|lliilsserlsauilenilstliiietinaysseletinuaiuiiineseiissoliaiiilsetleii|nincestniaiilu|inntescniaiilu|wliillnieiiine|lliiriuinilineisaliienitelrlii|lltilse|xliotliineieulirlsesblhlilplusinlilurseilclltils	15=u,3=l,1=i,30=a,9=n,02=t,45=s,6=e,55=s,90=z,0=k,54=i,60=a,14=r,62=o,35=e,25=n,94=f,04=c,50=r,8=u,24=g,34=m,2=w,52=t,95=d,10=q,4=x,80=y,65=p,64=h,32=b
1	54	-2.720570	8	36	auiauediliidsamiieauen|gressurgedeaeedaueeeurderaiteenu|wneaeuesnenie|fneieuraurenne|hiuesrstreedudinlle|deueraeurausiureeteste|auioniez|amrueergduc|kueauoeapeaelesnenie|kuriiuayeruiaeurieambcrde|sxteirauurons|eutesiedeiracterresduuramiracasieeramicraunuiesrusiaurauteiedeeu|ritesdreauen|hiidestreauen|keuesnenuie|eensaunruiliraeuanceedeu|eeamesr|wuaceuienenudeirssequeouinietendileteeames	15=n,3=e,11=u,0=a,9=i,21=m,45=s,02=d,61=l,55=i,31=u,54=t,6=r,14=d,62=a,35=e,25=g,91=r,51=n,32=s,4=w,5=f,94=l,04=t,1=h,01=z,65=o,8=c,24=p,34=o,2=k,52=c,95=b,81=y,41=x,64=q
1	56	-3.258844	1	25	riersamceieeamtamiezaiso|festtiiefniurnyemiillieiueaexligi|tsepiilfinien|cscniierienos|ieiintetdelapiitcieieu|amlseriieaiitciieldhcu|rieecienai|amieiisnefapib|miinrsuamureilfinien|pieeeiiabineiicepiiecnamiecmeiiu|wxoucersiestit|loutcniuceaqueestapiiieamieeabdcggeamiebeaioiiienteiitcepieaioucnapnii|eiedntamesaiso|ieeamntdesaiso|piilfiniiien|lotaioiesieeiceriiefopgiuii|lamste|uiefpiieninigiiuckgpeusegocienuoycesdlamst	15=o,13=s,1=i,0=a,93=z,9=e,2=m,45=t,6=e,55=c,03=r,53=g,33=l,54=x,43=u,14=y,35=n,25=f,23=p,04=d,34=h,8=b,4=w,85=q,64=k
1	57	-2.861819	4	34	sinsionieinozaninnoict|rnclliiersiessdeniippieieantpili|lceuiiprisins|icisiiesiestc|iniisleluyouiiliieine|knpcesiiaiiliiiepubie|sineiimai|kniniicsenauir|niissiboneseiprisins|uiennihriseiiieuiixlanininniie|qtteiescinclil|ptelisieiageenibauiiianinaruillaninraitiiinsleiilieuiaiitslausii|nioetannioict|inonslunioict|uiiprisiiins|pitaitincineiiesiiertulieii|woncle|eieruiinsisiliieiflueeceltiinsetdieioeoncl	15=t,13=c,1=i,30=o,9=n,2=n,50=a,24=z,90=o,6=e,55=i,03=s,53=l,33=p,54=t,60=a,43=e,14=d,35=s,25=r,45=l,23=u,63=y,04=u,34=b,0=k,93=m,8=r,65=x,10=h,4=q,85=g,3=w,64=f
1	58	-2.997065	5	35	eotmeetiuttetlestylep|ntellnitraumarisesouuietxspo|leignsneata|ieianieoiape|wtnaliloisetoriautu|etseimnienlinisodiu|eotdatal|estneainetob|tnameuetumusneata|toittnefainiigniiaestittnu|zxpuiieoocdal|hoxdirauiiequiteletoniestieboirriestbienantalinliitoilpuiaegan|ctoalettelep|wttetalotelep|gnsneanta|splenacotuiimninptaoun|seteli|zoingntaearnuikrgiuedoiataupriieosetel	15=p,13=e,01=l,93=y,9=t,21=s,0=e,45=l,2=t,61=u,55=i,03=m,31=o,33=s,54=x,6=i,43=u,14=r,35=a,51=a,53=r,11=n,25=n,23=g,04=o,1=w,34=d,65=d,8=b,81=f,91=c,4=z,85=q,3=h,64=k
1	60	-3.005799	2	29	sensacsuennctcenbleam|rnatteeurteestoyeenneueeulngnede|tauieenretent|sasteeuseutma|eneettutaunlieetseuene|cnauseeuleetseeunahse|senusentle|ceneeaturliep|keetsaecesuenretent|ieunneelpetueesuieeustcexwneee|qgmesusaenatet|nmetsteesulzeunatlieeeucenulpasdducenpulemeeenttueetsuieulemestlitee|nenattcnaleam|enncttanaleam|ieenreteeent|nmtlemenaenuesuseeurmideeee|ncatu|eeurieentetedeeesfdiueaudmsentemosuaancat	15=m,13=a,1=e,0=l,93=b,9=n,02=c,45=t,6=u,55=s,03=s,53=d,33=n,54=g,43=e,62=y,14=o,35=t,25=r,23=i,04=a,34=h,8=p,2=k,52=w,95=x,4=q,85=z,64=f
1	61	-2.877265	2	33	tintsileinniliinnmisa|pnslliiepeiutebriiuuieiuanduisi|lseriiupieine|lsleiietieeas|iniielelonmriillieinu|iusetiiaiilliieuoylu|tinelifti|iiniisertric|ziietsuiuteiupieine|riennigcieeiileriieleiikxniiu|hdauletsinslil|uaulleiulaqueniytriiieiinacolsseiincaiaiiineleiilleriaiidestreii|ninoelinimisa|innielonimisa|riiupieiiine|uidtiainsineiletiieparsiuii|uisle|uiepriineieisiiulwsreusesalineuablesouisl	15=a,13=s,1=i,30=m,9=n,02=i,45=l,6=e,55=l,03=t,53=s,33=u,54=d,60=a,43=u,62=r,14=b,35=e,25=p,23=r,63=n,04=o,34=y,50=t,93=f,8=c,2=z,52=x,95=k,10=g,4=h,85=q,64=w
1	62	-2.882616	7	39	eueditereetcecexnia|yeiccidausdrmncioursneeboau|cinpioyiuer|eierineunrai|geircnctnotumeures|toindineiceinotles|euequern|eceiirnytus|kirdistsdroyiuer|kuneeiefrnienpinerechoeis|wbaseneuumluc|zubleausenelsneictuinecenesteaanecesneiuiercnicedunnaserepri|metrcteinia|geetrcteinia|pioyiuier|oaceiumuerendiduorusi|oticn|wunypieriuaisepapnsiqueuersamenitotic	15=a,13=i,01=n,93=x,9=e,21=c,0=e,45=c,02=t,61=r,55=e,03=d,31=u,33=o,54=b,6=n,43=s,14=m,35=r,51=u,53=a,62=d,11=i,25=y,23=p,04=t,1=g,34=l,65=q,8=s,2=k,52=o,95=h,81=f,91=m,4=w,85=l,3=z,64=p
1	65	-3.141903	4	19	huipuiralditpaesaittriiuil|altiuelelicalulieruulimaiiuuuucieuftleuuilui|elinauiiuualiulitul|lliulluliifuculiliu|itiiuledesmurauiielllciteu|hauuiufuiifiielllicureuelleu|huibllitusi|haitiiiuudasauio|aiiusuiueraerniuualiulitul|aucttigoiudiildauicllusaitllatiieu|eleileullfuiuitiueliel|uuileuelllulieullfolentiuesauiiifaitfzelllulufaitofiiliiitulediielldauifiileullusauulii|tipeulesatiriiuil|itpaulesetiriiuil|auiiuualiuliiitul|uuilesiilitiuibillfuicalilauluieuii|uraiued|eucalauiituliuliluiieuldeluaneuinluilllituleuilieldireuraiuel	5=l,1=i,3=u,30=r,9=t,2=a,50=s,4=e,90=p,56=d,0=h,60=f,16=c,46=m,36=n,96=b,8=o,10=g,80=z
1	66	-3.207820	2	23	nclncinseemllnsuenpllinace|sehiueutoseituiniitksaiiicmudnleuicec|utdsiaiistitlie|etieeitonioitti|qlaieuruenkiinsiaueetmlui|nsicdnconaueetoiinuiueeui|ncxetliez|nphaiirsenscy|saienciuinsuinimiistitlie|siollanfiraerscoeeienpleeslaui|uebeuierncchiutue|iceuiueeeituiernyeudhiuensiaonpxnynueeeiednplgnatalieuraueersionaeuieeiensiiea|hlnuieuenshinace|qllnsieuenuhinace|siaiistitalie|iceuenathclmerncostesiecuia|iinpiur|uiosesialititeiauierueisducdeceetlieuctueeminuiinpiue	5=e,31=c,11=a,0=n,3=i,9=l,21=p,4=u,2=s,61=m,36=d,46=k,51=t,16=o,91=h,56=r,1=q,01=z,96=x,8=y,81=f,41=b,86=g
1	67	-3.050761	6	28	wehenallcshaerussnsel|alaielentalineniinqasiiieceiosleiele|enmaisiianinsil|lnillilsoitinni|kssilegerqinaisellncsei|waieioisosellntineiellei|weflnsily|wuasiigaraed|asireienaeniciianinsil|aitsapzigslgaetllirusllassei|elxleilloeeaienel|ieleielllineillodlemaieraesousobellliliousdosnssilegsellgaeosleilliraiils|aheileraansel|kshailereansel|aisiianinssil|ielersnaesclloetanlaileeis|inuieg|eitalaissininliseilgeliameemlellnsileenellcneinuiel	5=l,31=e,11=s,30=n,9=s,21=u,50=r,4=e,2=a,90=h,61=c,0=w,3=i,60=o,46=q,51=n,16=t,91=a,36=m,56=g,1=k,01=y,96=f,8=d,81=z,10=p,41=x,80=b
1	69	-3.105441	6	23	wleglelcimettcaicettreelei|qitelaiaieeniliearllieaneellllxealutialleile|aielnleelpielietli|iieliilieeulxlieiel|eteeliamayollcleeaiiixetal|clleluleeueeaiiiexlralaiial|wlefiietlye|ceteeellinicled|qeelylelalcarselpielietli|qlxttezdelmeeiinlexiilicetihteeal|aiaeialiiuleletelaieai|lleialaiiiliealiiudiastelaicleexcetubaiiiliscetdueeieeetliameeaiiinleueeialiiliclliee|tegaliaictereelei|ettcliayatereelei|qleelpielieeetli|lleiayeeietelefeiiuleeniehlilealee|llcelam|alenhleetlielieileealimaipsalesileiiietlialeieaimerallcelai	5=i,1=e,3=l,30=r,9=t,02=c,4=a,56=m,90=g,0=w,60=u,16=x,62=n,2=q,32=p,46=o,50=y,96=f,8=d,36=s,52=h,10=z,80=b
1	70	-2.955902	6	27	eslesiseeallsreetllieuse|geoirereuceiarieiiarcuiiisarmelerises|raiciuiyaialie|eaieeianeiniaai|bluierdreexiisiureeaalri|sismesneureeaniierireeri|eszealieq|etouiiecessf|guieesirisrieiaiyaialie|ginlluekidueecsneeieetlepluri|reweriedessoirare|iserireeeiariedefermoiresiunetzefereeeiemetlheuaulierdureeecineuerieeiesiieu|olerieresoieuse|bllsiereeroieuse|giuiyaiaulie|isereeuaoslaedeiucapiesriu|iietird|rscpiuliaiaeiuriedreymrsmeseealiersareeaieriietire	5=e,31=s,11=u,0=e,3=i,9=l,21=t,4=r,02=s,61=a,36=m,62=c,51=a,91=o,2=g,32=y,16=n,46=x,56=d,1=b,01=q,96=z,8=f,52=p,81=k,41=w,86=h
1	72	-3.149226	0	21	oilotauesillaureauilmaitie|ueltrereinuceidageikuiiggnirfalergici|reifpiigueteime|eeteceinoiheiet|ilitersreakgapiireeenild|augifoinaiireeeingadreed|oixeeimeai|auiliiigsueapiy|uiteotdaudafigueteime|pnlliiaytsiiespineceauileeuliid|reriedesotiltreire|giedreeceidesayerfltreapiinauixayareecefauilbaiieiiimersiireespnaiiedeceaugeii|liladereaultaitie|illaperearltaitie|piigueteiiime|giereaiieiltixiesoinueiepcidii|gautrs|dnuepiimeteiciidesrcufdifcieeeimedieirestargautre	5=e,1=i,13=t,0=a,93=m,9=l,2=u,4=r,56=s,03=o,53=c,33=g,36=f,16=n,46=k,43=d,23=p,63=h,96=x,8=y,86=b
1	73	-3.201696	3	27	pilpiteusilzeeseilltiaiu|eulaeueuirenuietfuiyeiiffriacluefini|euimoiifeuauidu|uuaunuirpixuiua|iliauesesextoiieuuurila|qefimpiiciieuuuiixtaeuua|piwuuidsi|qeiliiifsesoig|eiaupaeteetmifeuauidu|orllibgasiiusoirunseiluueliia|eueiuauspailaeuieu|fiuaeuunuiauucguemlaesoiiiceilcheuunnceilgciiuiiiduesiieuusoiciiuaunsefuii|lizaueselitiaiu|ilzoueselitiaiu|oiifeuauiiidu|fiuesiiuilaiwiuspireuiuoniaii|kteaes|areuoiiduauiniiausenemaimniuuuiduaiuieusitateaeu	5=u,1=i,13=a,30=t,9=l,2=e,50=s,4=e,90=z,56=s,03=p,53=n,33=f,60=c,43=a,16=r,46=y,93=d,23=o,36=m,63=x,0=q,96=w,8=g,10=b,80=h,3=k
1	74	-2.970358	4	30	itahtineepaainleimariete|neatleluinsusioukmtotplaiaestet|luadeoneture|eetesuiitquet|wxtelnleikoideleeupas|idtaitiieleeuioislees|itfeureb|imxeonneintc|mtehtsinshponeture|diaaeictneenntieseimaeenaes|legesenittatlule|ztesleesusenicelaatleideiimficileeseaimayieuerelneleendiieeseseinoee|xaiseleinatiete|waaideleilatiete|deonetuere|zteleieuxtapenitinuedetse|ointln|sinederetusesenlsnaltaeteeureltulentilointle	5=e,31=t,11=e,0=i,93=r,9=a,21=m,4=l,2=n,61=p,13=t,03=h,43=s,36=a,33=o,46=k,51=u,53=s,16=i,23=d,63=q,56=n,91=x,1=w,01=b,96=f,8=c,41=g,86=y,3=z
1	76	-3.233072	2	25	piaprcesiaacleciahtirie|qearleleiixdeintoeilxiioofiletaeloidi|leieuirmereihe|eeredeifpizeier|iairelsletkotuiileeefian|coiepiftiileeeifotnleen|piweeiheti|ciaiiioexetuib|qireprncntermereihe|ufaaiitbrsiiesuifedeciaegaiin|lelienespriarleile|oienleedeinestbelearletuiifciwtbtleedeeciaytiieiiihelsiileesuftiienedecoeii|aiatnelecartirie|iaatueletlartirie|uirmereiiihe|oieletiieiariwiespiixeieudinii|ocrls|nixeuiihereidiineslemeniedieeeihenieilesrtlocrle	5=e,1=i,13=r,0=t,93=h,9=a,02=c,4=l,56=s,03=p,53=d,33=o,36=e,16=f,62=x,43=n,2=q,32=m,23=u,63=z,46=k,96=w,8=b,52=g,86=y
1	77	-3.056374	2	28	sirscoesirroueoirreicie|yercueueiigdeiueneiugiinnmilareunidi|ueinticheceife|eecedeimsixeiec|iriceusuauxetiiueeemirl|oninsiiaiiueeeiixelueel|sizeeifai|oiriiinegatib|yicesclouencheceife|tmrrikbcsiiestimedeoirepriil|ueuielesscircueiue|nielueedeileeabeunrcuatiimoiraqueedenoirbaiieiiifeusiiueestiaiieledeoneii|riwleueorieicie|irwteuaurieicie|ticheceiiife|nieuaiieirciziessiigeietdilii|nocus|ligetiifeceidiilesuehnlindieeeifelieiuesieunocue	5=e,1=i,13=c,30=e,9=r,02=o,4=u,56=s,03=s,53=d,33=n,60=a,43=l,16=m,62=g,2=y,93=f,32=h,23=t,36=n,63=x,50=a,96=z,8=b,52=p,10=k,80=q,90=w
1	78	-2.677526	6	34	esaoiueedaauneeracense|weainenentlateraprirsdnleaetses|neitsiueiace|eeielageshaei|koiensneepreinneeadat|eislesgenneeagretneet|esbeaceq|eronreteusm|rieoituteliueiace|igaanemisneetsgeleeraexant|nezetesessainane|fsetneelatesemenlaineeingerbemeneelelerayenancensnneesigeneteleuren|oaeteneuaiense|kaaeieneenaiense|wsiueiance|fseneenaosadesontaeiestn|ruins|nsteinceialntesneulnsleseeacensanesienruine	5=e,31=s,11=n,0=e,93=c,9=a,21=r,4=n,02=u,61=d,13=i,03=o,43=t,36=l,33=r,46=p,51=a,53=l,62=t,2=w,32=u,63=h,16=g,23=i,56=s,91=o,1=k,01=q,96=b,8=m,52=x,41=z,86=y,3=f
1	80	-3.143457	3	21	ainoainialesnooagealnooiannine|leonctenuleiediaiienflnniiiiudpaotiinein|qenplinniilenienoie|eenieeienuaiuieneni|nonnitexeafiialindeeeunbi|aliinpainuandeeenuiimceti|ainyeenoiean|alnonnniislealinr|lnnieainciagiapniilenienoie|liuoonnarnisnneslinueeiealnoeelondi|qtntiesaininoncede|iintceeeiediesartponcealinnualnyarmeeeiepalnozannennnoitsndeesliuanntieeiealiienn|onomitealoniannine|nooalitemoniannine|linniileniennnoie|iinteannenoninynesainulenelieidinn|iialncs|qiulelinnoienieneindieexeilixinpeineeenoitinedesnimiialnce	5=e,1=n,3=i,0=a,9=o,2=l,24=g,56=s,54=t,36=p,14=d,16=u,46=f,34=c,4=q,94=b,64=x,04=m,96=y,8=r,86=z
1	81	-3.091817	7	25	qlehlereidethymeettreelei|eitenaieseilicrlliebeeellllsclutalleile|kiezeleelleielietli|iieliilieeulslieiel|eteelaiwmblreleciiisegl|qelleluleeueciiiesllonial|qlefiietlme|qeeteeelldemelep|eeelmlenryrzelleielietli|elsttexpeldeeidelesiilmeetiietecl|kaealiiuleletenici|lleaniiilicliiupaztenmeleeeueetupoiiililueetpueeieeetladeciideleueealiilmelliee|tetolametereelei|ethelaiotereelei|eleelleielieeetli|lleameeietelefeiiuleseieielilclee|lreend|klseieleetlielieilecliiwilelwlezileiiietlaleicidelolreeni	5=i,1=e,3=l,30=r,9=t,2=e,50=m,24=y,90=h,56=d,0=q,54=a,60=u,14=c,16=s,46=b,34=n,36=z,4=k,94=g,64=w,04=o,96=f,8=p,10=x
1	82	-2.991210	5	30	sidsiisseetddsbesaddiseie|seamutnseierisiitkseiiiinrcsduiiei|wtcsieiistitdie|etieeitnsinitti|zdeiuefeskiissireetthi|ssiicsingreetniilmeui|sixetdieg|saaeiinsessio|seiesimisbisitiistitdie|sinddespineensineeiesadeesari|wequiensiiamere|iiumeeeieriensoucamessiensaxsoleeeiecsadysetediuetreensinseuieeiessiiee|adliuessaiseie|zddssiuelaiseie|sieiistitedie|iiuesetaidtensinstesieirie|iisamn|winsesiedititeirieefeisificeieetdiuiereetiliisame	5=e,31=i,11=e,0=s,3=i,9=d,21=a,24=b,61=t,2=s,54=u,36=c,14=r,16=n,46=k,51=t,34=m,91=a,4=w,94=h,64=f,1=z,04=l,01=g,96=x,8=o,56=n,81=p,41=q,86=y
1	84	-3.201027	7	25	uileuiliterleeuzetleeiullile|weelonellceiemiuiiemclliiiiamsueniileil|felicillibelieleie|eelieeielauiaieleli|lellinexeukiitilmeeealhi|tiilsuilaulmeeelaiidoeni|uilgeeleieul|tlellliiecetily|wllieuiloiuziuslibelieleie|wiaeelluylirlleecilaeeietleepelmi|fnlnieruilileloeme|iilnoeeeiemieruynseloetillatlguydeeeiestlequllellleinrlmeeeciaullnieeietiiell|eledineteliullile|leetinedeliullile|willibeliellleie|iilneullelelilgleruillcelpieimill|iitlor|filcpilleielieleilmieexebixilseileeeleinilemerlidiitloe	5=e,1=l,3=i,0=u,9=e,02=t,24=z,56=r,54=n,36=s,14=m,16=a,62=c,34=o,2=w,32=b,4=f,94=h,46=k,64=x,04=d,96=g,8=y,52=p,86=q
1	88	-3.251289	2	27	piopradesiooaxeadiohairie|deoismeiadteilaneifdiinnageaomniti|keieuiindereihe|eereteiapiweier|ioirmeyeafnauigeeeaiol|adniepiaaigeeeiancseel|pizeeiheai|adioiiinsdeauib|direprladlaeindereihe|uaooiiabrsiiesuiaeteadioeedoiil|kmielesprioisege|nimseeteilesabmeoiseauiiaadizabceeteeadioqaiieiiihmsigeesuaaiieleteadneii|oioalmeadorairie|iooaumecorairie|uiindereiiihe|nimeaiieioriziespiadeieutilii|nadiss|ladeuiihereitiileeytdelietieeeiheliegesrcnadise	5=e,1=i,13=r,0=a,93=h,9=o,2=d,24=x,56=s,03=p,53=t,33=n,54=m,36=e,14=g,16=a,46=f,43=l,34=s,23=u,4=k,63=w,64=y,04=c,96=z,8=b,86=q
1	89	-2.961643	5	32	mermeiuileraycuerriesei|uireteiesunipitiequeettseunretene|kierdeetuisiexi|iisiniesmefieis|ereseioiafidepiiiseru|zutermeenepiiiestatiiu|mehiiexce|zuereeetlucdeg|uesimetiyiretuisiexi|dsrrebgsleeildesincueriiureeu|keeiuilmseretipi|teetiinieuiingerretcdeeenuerngaiinnnuergneeieeexelepiildeneeiuincutiee|reauecureiesei|eradeiareiesei|deetuisieeexi|teeceeierseheilmesuieidneuee|wiuetl|usuideexisieneeuiionuruerneiiiexiueipileiuiueti	5=i,1=e,13=s,30=i,9=r,2=u,50=c,24=y,90=a,56=l,03=m,53=n,33=t,54=e,60=n,43=u,16=s,46=q,14=p,34=t,93=x,23=d,36=r,4=k,63=f,04=a,64=o,0=z,96=h,8=g,10=b,3=w
1	90	-2.982534	6	36	etideeniiuiiezieriaelti|nilorsantsuecsonlccampeiiutit|wspclcniesai|iieitsaetysie|blerifieocentmiisuiu|ectpetadmiisachoiiu|etgisaid|erllcnnients|reideuenuducniesai|caiilesenlinntaitieriiinilu|wixiuinettloimi|qtroiitsuinesrploieclaergeshiitiperikelslariumiincaeliuitiencil|lieurienieelti|biiecrihieelti|clcnieslai|qtrielsltiuinetansicitul|ceron|uaniclaiestluiiftcftpitiisartiminehceroi	5=i,31=t,11=l,0=e,93=a,9=i,21=r,24=z,61=u,2=n,13=e,03=d,43=u,36=p,14=m,16=a,33=c,46=o,51=s,53=t,54=r,34=o,91=l,23=c,4=w,63=y,64=f,1=b,04=h,01=d,96=g,8=s,56=n,41=x,86=k,3=q
1	92	-3.035094	4	31	yinysuetinnifeuinliisie|wenirteiicneisiremciirramointrini|qeioaispeseile|eeseneiayiheies|inistedeikriaimeeeains|urioyiaiimeeeiarerees|yigeeileii|uiniiireceiaib|wiseyssusiospeseile|aanniiibstiietaiaeneuinexniis|qtiesetysinireme|ritreeneisetibtonireiaiiauigibeeeneouinziiieiiilttimeetaaiiieseneureii|ninisteunsiisie|inniateensiisie|aispeseiiile|riteiiieinsigietyiiceieanisii|ruirt|siceaiileseiniiseedeposionieeeilesiemetseruire	5=e,1=i,13=s,0=i,93=l,9=n,02=u,24=f,56=t,03=y,53=n,33=r,54=t,36=o,14=m,16=a,62=c,43=s,34=r,2=w,32=p,23=a,4=q,63=h,46=k,64=d,04=e,96=g,8=b,52=x,86=z
1	93	-3.001807	4	33	cencrgieenwxigennuerei|qinealieetlinuiinteeiiseptnliele|kieureroiriesi|iiriliescebieir|enerlimifbureniiisenp|gieuceeteniiiesifaiip|cehiiesde|geneeeiitdrea|qericeauxuuroiriesi|rsnnezareeeieresiligeniyneep|kleipiecreneaini|ielaiiliepiitaluneadreesgentafiiliugenateeieeesleeniiereteeipiligiiee|newpligneuerei|enwrlifneuerei|reroirieeesi|ieldeeienreheieceetieirlepee|igeae|petireesirieleepiimioupeuleiiiesipeinierfigeai	5=i,1=e,13=r,30=u,9=n,02=g,24=x,90=w,56=e,03=c,53=l,33=i,54=l,60=t,43=p,16=s,62=t,14=n,34=a,2=q,93=s,32=o,23=r,36=u,4=k,63=b,04=f,64=m,50=d,96=h,8=a,52=y,10=z
1	96	-3.204370	0	21	eiareiaietcarresdesarrieaaip|traiddantlauieilabsaaiiiinaumequiipia|damsiaaiitalarl|oaiolaneinlpai|araalucdebiiesiaadonarui|esiiameianeaadoaniieuiuoui|eiayoarlea|esaraaaiictesiaf|saaleiaiuiesuiemaiitalarl|sinrraaefaicapcsianolesarosraaui|dupulceiaiaraidad|iipuidolaulcexumraidesiaanesayefedolmesargeapaaarlucaauocsineapuiolesilaa|rareuldesraieaaip|arresldeuraieaaip|siaaiitalaaarl|iipdeaparaiaypceiantpsliauiaa|iiesaiuc|uintsiaarlalpiaaulcdismuiaihipoarluipadcaieuiiesaid	15=p,3=i,1=a,0=e,9=r,2=s,45=d,56=c,25=t,4=u,95=q,36=m,16=n,46=b,35=l,55=o,96=y,8=f,86=g,85=x,65=h
1	97	-3.148107	4	26	wsihsirylinheeseinnriisd|ynisttiayuiersuikeiissssaiescbessdsi|tipesiissyiuinu|mismuiicsaudis|iniiuelesksresiitmaines|wessiscsiiciitmiasresemes|wsixminssi|weiniiisslesesig|eiisssisereerpissyiuinu|esanniogislidlesiamsseinmeniies|tedesmcsisinistit|ssdestmuiesmczepnisesesiiiceincftmusceingcidiiinueliiemlesicidesmssesuii|niheueseniriisd|inheueseniriisd|esiissyiuiiinu|ssdesidinisiximcsiaydeusiesii|sreisel|esayesiinuiudsiieultsepesisqsdminuesditliresreist	15=d,3=s,1=i,30=r,9=n,2=e,50=s,4=e,90=h,56=l,25=y,0=w,95=b,60=c,16=a,46=k,35=u,45=t,36=p,55=m,96=x,8=g,10=o,80=f,85=z,65=q
1	98	-2.953613	3	30	itliteinitllinsiflleinea|adesusmaesueieesonneeettupigueeat|uspneneensesle|wseiesmiemesse|zlneursioeeinenuistlue|inetpitminuismeeiueuiue|itlcsley|ifdneerainth|nneiteueinueieteensesle|nemllnixetarntmieiflinlnue|suauerittdeuss|eeauesiesuerikupdesinenmifbihisiepiflqinsnleurnuirnemyaueieineen|dliuesindeinea|zllinesiudeinea|neneensesnle|eeasinsdtbaritmaanetuen|eeifeur|uemanenleseaenuersenputectisleutsuiteiueeifes	15=a,3=e,11=n,0=i,9=l,21=f,45=s,2=n,61=t,55=i,31=t,4=u,95=g,36=p,46=o,51=s,25=a,16=m,91=d,35=e,5=w,56=r,1=z,01=y,65=c,8=h,81=x,86=q,96=b,85=k
1	99	-2.830199	7	34	znwnnuariwuerciintio|seileutsiueniiudutiiinreiaheiion|euguitiiuuiuil|quialtaitiuui|kitleserdinuiteauriei|zuiniaitateautineieaei|zniouilf|zcetiisurunp|utirnienueniriiuuiuil|uitiexblrosuntairciauitei|leoeiaanneieul|iioeilaiueiaamegeieruntaciaylaliacipatutilesteasuitfoeiairuilt|eweleruentio|kiwulereentio|uitiiuuiutil|iioertueniraantsoulneit|incies|eitsuitiiuloitelsliugenionauilenuearneincil	15=o,3=i,11=t,30=n,9=i,21=c,50=r,4=e,2=u,90=w,61=r,55=a,31=n,0=z,95=h,60=a,46=d,51=u,25=s,16=t,45=l,91=e,35=l,36=g,5=q,56=s,1=k,01=f,65=o,8=p,81=b,10=x,80=y,85=m
1	100	-3.184489	3	25	eniteninepsittalaittneiinu|ptinllicprienenriehiinnnnciedekennuni|linhniinnpiritr|oinoricencruin|itiireslexnnaniilociten|annideniceiiloicnneeneoen|enimoitrei|aitiiinnspaniz|wiireninenaenedinnpiritr|wncttiiezinsiiohnicoraikftiien|leuerseninitinlil|nnuenloriersegedtinlaniicaimezelordaitbeiuiiitresiilohnceiuenoranrii|titeerlatineiinu|ittarleetineiinu|wniinnpiriiitr|nnuleiuitinimusenicpifrnienii|nnaines|enihfniitriruniierslydeninqnuoitrenuilsineennainl	15=u,3=n,1=i,0=e,9=t,02=a,45=l,56=s,25=p,4=e,95=k,36=d,16=c,62=h,35=r,55=o,46=x,96=m,8=z,2=w,52=f,86=b,85=g,65=q,32=y
1	101	-2.929153	5	30	qneknendressitiessneent|dsentteadueennueegeennnnaeenlxenntne|tengneenndeuesu|ieniueelnauten|eseeuerescnnineetiaesen|innenlneeleetieanneneien|qnepiesnse|ieseeennrdineh|weensnenenienyenndeuesu|wnassezhenreeigneaiuiexaseeen|tetenilnenesentet|nntentiueenilmeysentineeaieslbtiuyieshleteeesuereetigneleteniuinuee|sekeutiseneent|essiueseseneent|wneenndeueeesu|nntesetesenepeilneadeauneenee|nniener|eneganeesueutneeeurtfyenenontiesuentetrenennient	15=t,3=n,1=e,30=n,9=s,02=i,45=t,56=r,25=d,90=k,0=q,4=e,95=x,60=l,16=a,62=g,35=u,55=i,46=c,50=s,96=p,8=h,36=y,2=w,52=a,10=z,80=b,85=m,65=o,32=f
1	102	-2.954120	6	34	rlsrliunossuarossirein|mriaelamileiriileteiiiloeurgeiinl|elitieiplilss|klinilariailli|zsesedarqiiuieenlosei|uilurlareenlaiireienei|rlsblssy|roreiidmult|wesrlieiueirioiplilss|wiasserfidentlansrogiseei|aenesdrllriela|iineianilesdrheuriauiearocrtransurosxrelessedeantiayneinsuise|rsresaurirein|zssusarerirein|wieipliless|iinarelrlcndrietlisleie|iiroied|eltiiesilsnieesdapueliblnlssellenoireiiroia	15=n,3=i,11=e,0=r,9=s,21=o,45=a,02=u,61=o,55=n,31=l,4=e,95=g,36=u,62=t,51=l,25=m,16=a,91=r,35=s,32=p,5=k,46=q,56=d,1=z,01=y,65=b,8=t,2=w,52=i,81=f,86=x,96=c,85=h
1	104	-3.308839	0	26	bilbaehtillessesilyeiau|hlassirheimbeixsiipprinfeqnpioi|sifdiiphieile|caceirbreua|iliientsexpediiscrilm|espifbireiiscirpemncm|biwcileei|esiliiipthedig|siiebamesmefiphieile|drlliiegatiutdirceesilcsliim|snunetbailasis|pumsceineteknflasediiresiwegescefesilzeiuiiilentiinctdreiumceedeii|lileneseslaeiau|illesesenlaeiau|diiphieiiile|puseiuilaiwutbirhudoimii|pesant|mrhdiileieioiinetnosfmifoucilemuistaenpesas	15=u,13=a,1=i,0=e,93=y,9=l,2=s,45=s,56=t,25=h,03=b,53=o,33=p,4=n,95=q,36=f,16=r,46=x,35=e,43=m,23=d,55=c,96=w,8=g,86=z,85=k
1	105	-2.873525	3	34	nilnicmuilyaauaillcien|mlessiomlitnlifaiittoitegatisi|siroiitmilill|ieilionolne|iliilauauadcoiisioilt|xatirniieiisiiidctait|nikiiqui|xailiiituauoir|aiilneacaacritmilill|oollibreuinuoiiwsuailialiit|sanaluneilesis|tntsilitieparleauoiiieailezaisseailreiniiillauiiaiuoieinalsuolii|liyalaualicien|ilyalaualicien|oiitmiliiill|tnauinileiknuniomnositii|hcaeau|tomoiillilisiialuasartirsniilltnisuictcaes	15=n,13=e,1=i,30=c,9=l,2=a,50=u,4=a,90=y,56=u,25=m,03=n,53=s,33=t,95=g,60=e,43=t,16=o,46=f,35=l,45=s,23=o,36=r,55=i,63=d,0=x,93=q,96=k,8=r,65=w,10=b,80=z,85=p,3=h
1	106	-3.034560	3	36	iieouilsneeilnidemous|feunetulattirtydurinecibersi|etcrlrfutea|ktaatuouasu|qelaecniyrirlestnet|iriciiuilesturitest|iiehteao|idxlrcfilig|llaoutiltonrfutea|rueelizanscliusaideslelt|neseaciiieuetn|rstesateacideceunirluidpiginsacidewiltleaeclescruostsairal|xeieanileuous|qeeilanieeuous|rlrfutlea|rsniltxipsciiufslaitl|riluec|tufrleautaleacealctuhisteaeitncuierilun	15=s,13=u,01=o,93=m,9=e,21=d,0=i,45=n,2=l,61=n,55=s,03=o,31=i,33=r,4=e,95=b,36=c,46=y,51=t,43=t,53=a,16=u,25=f,35=a,11=l,23=r,5=k,56=c,1=q,65=h,8=g,91=x,81=z,86=w,96=p,85=d
1	107	-2.692004	8	42	miyileurnyeesonfant|innteeleseeldepondiracxedti|eemandinenu|qeuselolutn|knnuereseslaneuerna|maimoncntunslaeua|mindenua|mocndreseig|enuoneleaordinenu|alnczburtrandssonuenna|tetauciinneet|dtaeuseauchemnneseinconcpeusscongcnennuerneuralateussaun|cyeuesennant|knyeuesennant|andinennu|dtesnecinruciliteuian|wlener|aliannunesneuresemandiuenueieeurlalent	15=t,13=n,01=a,93=f,9=n,21=o,50=s,4=e,2=e,90=y,61=r,55=u,30=l,31=i,0=m,33=d,95=x,60=c,43=a,46=p,51=e,53=s,16=l,45=t,25=i,35=u,11=n,23=a,36=m,03=o,5=q,63=s,56=r,1=k,65=d,8=g,91=c,81=b,10=z,80=p,85=h,3=w
1	108	-2.990064	1	30	ricreipsicctsticqiiel|pcessinpeiareinwiiuuninaiknuimi|siaoiiupieice|teteinrnele|iciienssixuioiistnica|tuiariniiistinuianta|rifticeii|ticiiiuspioid|ziiereataiaiupieice|oncciiidesilsointetikbciia|snlnesreicesis|ulasteinesignacesioiintifidisteatichiiliiicensiintsoniilateioeii|cicinestceiiel|icctesinceiiel|oiiupieiiice|ulsiiliceiflsrinplomiaii|utens|anpoiiceieimiinessyaaiamlticealisseinutes	15=l,13=e,1=i,0=i,93=q,9=c,02=t,45=s,56=s,25=p,03=r,53=m,33=u,4=n,95=k,36=a,16=n,62=w,35=e,43=a,23=o,55=t,46=x,96=f,8=d,2=z,52=b,86=h,85=g,32=y
1	109	-2.909550	1	34	tenteptienndsdennpeuu|tnusseetlestleaxeenneescbanege|serreentelenl|iuileeteluu|eneelaialampreesieens|dnerteeceesieempsais|tefiezle|deneeulxlrea|qeeltusdaprentelenl|rennehauieuireeildebonees|saualituenuses|nussilesickarnualreeedencysilrdenaceueeenlaieeaiireceualglrlee|newalsdnepeuu|enndlalanepeuu|reenteleeenl|nualeuenuefuiteeturgesee|nduai|setreenlelegeealisorserguienlsuesiepandus	15=u,13=u,1=e,30=p,9=n,02=d,45=s,56=i,25=t,03=t,53=g,33=n,4=a,95=b,60=c,43=s,16=e,62=x,35=l,23=r,36=r,55=i,63=m,50=l,93=z,96=f,8=a,2=q,52=o,10=h,80=y,85=k,90=w,32=o
1	110	-2.928979	4	39	esamiiryaaidelaptio|oaidducarleurbliusyemeceuos|ermnuuoirat|zrtaremetoi|wautesdebuenuerryal|ensmeseeuerreuelerl|esagratt|elpuusoisn|qutmililmyuoirat|neaauenisurcsertelchaul|deoetsessaierd|uoleraretsexemaidenueeldenedrtmelafeuruatesuersnetolrtentu|paeetdiaitio|waaitdeeaitio|nuuoiruat|uodeurpsdosmucrhtslu|uiies|leonuatirauetsdkmligsrratesrdsieeuiid	15=o,13=i,01=t,93=p,9=a,21=l,0=e,45=d,02=i,61=y,55=r,03=m,31=s,33=u,4=e,95=c,36=m,46=b,51=r,43=l,53=a,62=c,11=u,25=o,35=t,23=n,16=e,5=z,56=s,1=w,65=g,8=n,91=p,2=q,52=h,86=f,96=d,85=x,32=k
1	111	-2.684958	8	46	wueriunoeeuencegoiu|teilleraleanlhcinuoispenuu|elprentilet|fltaltrttui|keeteienemareenloei|wrupreselnemaieni|wuesleto|wcdenituus|metriiuirontilet|rtedbytouiresancpaeei|leuinsuueiell|nuienalinscepeiluuescesdenaascesseleeteieenirtouetanrte|dxetlueioiu|keeuteneeioiu|rentileet|nuenelduquirerlatuie|nuiei|ittreetilaeetilzpiisunleteulenoaenuil	15=u,13=i,01=o,93=g,9=e,21=c,50=n,4=e,02=u,61=o,55=n,03=r,31=u,0=w,33=n,95=p,60=s,43=i,46=h,51=l,30=a,53=a,62=r,11=e,45=l,25=t,35=t,23=r,36=p,16=t,5=f,63=m,56=i,1=k,65=s,8=s,91=d,2=m,52=a,81=y,10=b,80=d,85=c,90=x,96=q,32=z
1	112	-3.068434	2	26	seiuseiestaiuuslrsliuuesiies|tuierrintedeseeihliieeeendosumeesei|rioleiieetieiue|cieceinsenesie|iuiiemarsheesleiircnife|sleeioseinsiircineegerme|seikciuesi|sliuiiieeatsleiy|liieseizesbesoieetieiue|lenuuiisyieaisaleincesliucluide|wmimeaseieiuierir|eeimercedeasymouiersleiinsliksysrceosliuqsisiiiuemaidcalensiimecesleeii|uiugersluiesiies|iuuslerguiesiies|leiieetieiiiue|eesrsisiuieiksaseintsleedeii|eesliza|wentleiiueieseidearelexeiepesciuemesiraiegeeslier	15=s,3=e,1=i,0=s,9=u,2=l,45=r,56=a,25=t,54=m,36=o,14=d,16=n,46=h,35=e,55=c,94=f,04=g,96=k,8=y,24=b,34=z,4=w,86=q,65=p,64=x
1	113	-3.015336	6	31	wneknecydenkhaiennceenm|ynensseaytucnterieennnnauntnennmne|sesineennyetent|ieniteetnatmen|eneetsgarncineesiaexn|winnentneeteesieannonsen|wnefiennae|wieneeenndiainel|ieenanerchcsennyetent|inanneblendemdineainaieniineun|peeenitnenenenses|nneensitunitlesneraineeetientzsitntienltemeeennedeuidineteeeninaintee|nenoneaineceenm|enkitsoneceenm|ineennyeteeent|nneeaemenenefeitneaymitnunee|ncierd|pnayineentetmneutdsningnenqnmiennenmesdenonciens	15=m,3=n,1=e,30=c,9=n,2=i,50=a,24=h,90=k,56=d,25=y,0=w,54=e,60=t,14=u,16=a,46=r,35=t,45=s,36=s,55=i,94=x,64=g,04=o,96=f,8=l,34=r,10=b,4=p,80=z,65=q
1	114	-2.857386	5	36	uesueiurlussurluissiunic|pcrdespatiuiietrniiiistousdiice|keoriniireiesa|qeiliesuisieei|fsnidolutiiuretleuxi|urieouesbtlesiidildi|uesmesab|uicniiopurea|rnaueriugiuiuiireiesa|risssnuzaucoreslauislrcti|lwdaoueecrel|iedillataouadocilurinsuinuaullaouisyunensalutlorisundilaurian|csdalurciunic|fssuraldciunic|riniireiensa|iiclunecencouespcraitin|iiuiro|kisprinsieacetaoliriheimelesidictluidiiuiil	15=c,3=i,11=n,0=u,9=s,21=i,45=l,2=r,61=u,55=l,31=e,54=d,36=o,14=t,16=s,46=t,51=e,35=a,25=p,34=r,91=c,4=k,5=q,94=x,56=o,1=f,04=d,01=b,65=m,8=a,24=g,81=z,41=w,86=y,96=n,64=h
1	116	-2.891165	5	31	uiliuiliuncliinenliiiullit|nilieelaneriuierslliiiiarouiriitil|elisilliinlelie|sliselauiaetli|lillirceuqiinillesalfi|niilouilaulleslaiitieri|uilhslieul|nlillliicnnily|wlleuilaiugiuoliinlelie|wiaiilluylicllssilasenlzdilri|xrlrecuilililiele|iilrieserecuyroilienillanlhuyueseonlimultllliircllessiaullriseniell|iliteeniliullit|liineetiliullit|williinlelllie|iiteultlililhtcuilanldeirill|iinlac|xilsdillieletilrecepibilikitsliiritleclitiinlie	15=t,3=i,1=l,0=u,9=i,02=n,45=e,56=c,25=n,54=r,36=o,14=r,16=a,62=s,35=e,55=s,94=f,46=q,04=t,96=h,8=y,24=g,34=a,2=w,52=d,95=z,4=x,86=m,65=k,64=b,32=p
1	117	-2.872439	7	36	zilyilfutlaaueulaafllie|ualieelouilfiilslliiiiolinaniieil|elisilliiulilai|clicillnioieli|lallierchiiuillecolbi|uiilinillnllecloiirieni|zilpclaicl|ulallliituuilo|wllicilafmftliiulilai|wioaaldolitllcsilociulkdalli|qnlnicnililaliele|iilniecilicnontalieuilloulangecitulaonlelllaintllecsilnllniciuiill|alarieualfllie|laauieralfllie|williiulilllai|iilnclelalilplcnilouldiilill|iiulat|qilsdillailieillitesirilixieclainieletliriiulie	15=e,3=i,1=l,30=f,9=a,02=u,45=e,56=t,25=u,90=y,0=z,54=n,60=n,14=l,16=o,62=s,35=i,55=c,94=b,46=h,50=c,64=r,04=r,96=p,8=o,36=t,24=m,34=a,2=w,52=d,95=k,10=d,4=q,80=g,65=x,32=s
1	118	-2.777666	8	41	retreenacttnrretteries|glsdungisereislieeeensurtdeese|xueleiepueuti|kueaeunreneuue|qtiedarryeenesauche|neeurenosauneemerde|retcutio|relieeagnea|wiiresermerecepueuti|wenttirdeaialenairezolse|rbdiareelsur|eederaisiaradulerneinrefrarraiuretpriuitedairalenrideaineii|ltmirnleries|qttnirmleries|weiepueuiti|eesrriulefsareiluoiesei|eeresa|xeloeiteuisesiarpeteeceautedessacemeereer	15=s,3=e,11=i,0=r,9=t,21=e,45=r,02=n,61=c,55=a,31=e,54=d,36=u,14=s,16=n,62=l,35=i,25=g,51=u,34=s,91=l,32=p,4=x,5=k,94=h,46=y,56=a,1=q,04=m,01=o,65=c,8=a,24=m,2=w,52=o,95=z,81=d,41=b,86=p,96=f,64=t
1	120	-3.172510	1	29	siastemeiaaestesiageito|matttinmuilsuizsiirrnqceabridi|ticniirmiuiau|atauinsnuot|iaitbetezreniitanial|esricsineiitainrphal|sifaiauei|esiaiiiremenix|siiustleslecirmiuiau|nnaaiiexteioeninauesiaasaiil|wbibuestiattit|roltauqueexbcatteniinesifexetaucesiayeioiiigbeiqaenneiolauenuii|aiaputesateito|iaaesutpateito|niirmiuiiiau|roteioiatifoesinmondilii|resihe|lnmniiauiuidiilakdsclicdoaiauloitetprestt	15=o,13=t,1=i,0=e,93=g,9=a,2=s,45=t,56=e,25=m,03=s,53=d,33=r,54=b,36=c,14=q,16=n,46=z,35=u,43=l,23=n,55=a,34=h,04=p,96=f,8=x,4=w,86=y,64=k
1	121	-3.056416	4	37	oieoiaisiekmplieeaidt|iedeeidirisorigliiccdisueuciai|eimoiiciirier|tdtridodrtd|ieidusechaoiietdies|wlcimoiiuiietidcclts|oiftixpi|wlieiiicslpoin|liiroilamamiciirier|odeeibndsitsoiiyaplietleiis|zuiursodiedeie|ctsetristunumeilpoiiiulieunctaaulienuitiiixusintsoiuiiuraporii|eiksupleiaidt|ieklreceiaidt|oiiciiriiier|ciupitiediftsoiditoaisii|qalils|sdioiieririaiistralmsimattierstiesiasalde	15=t,13=d,1=i,30=a,9=e,2=l,50=p,24=m,90=k,56=s,25=i,03=o,53=a,33=c,54=u,60=u,43=s,16=d,46=g,35=r,45=e,23=o,36=m,55=t,63=h,04=c,34=l,0=w,93=x,96=f,8=n,65=y,10=b,4=z,14=n,3=q,64=r
1	122	-2.957962	4	40	eildueniullenseclmyuo|osteeancelerefntrrappeleroi|wepntrouela|qeaceadaaou|gsuersefrenipieull|enipeiaypiearmtil|eilselay|ecstrroenid|ntadulenldurouela|nalltezauorniaiaeclinltl|sxeareiistes|rolsiaparedeplusentaecbedesiapeclhetetlasupirnayoliaenat|slmasenluyuo|gllenasmluyuo|ntrouetla|rosetesiboreiaoonailt|rectr|laontlauectlikcnplusiiemeiesrumrenus	15=o,13=u,01=y,93=m,9=l,21=c,0=e,45=s,2=n,61=u,55=i,03=d,31=i,33=r,54=e,36=p,14=p,16=a,11=t,46=f,51=e,43=l,53=c,34=t,91=s,25=o,35=a,23=n,4=w,5=q,56=r,1=g,04=m,65=s,8=d,81=z,41=x,86=h,96=b,64=k
1	124	-2.978633	2	33	siasnedeiaautuiageinc|danttiidlioslafiinniamearnipi|timsiindilial|lnlliisilcn|iainreteznesiitliiao|unimsiieiitliinutlo|siblialei|uiaiiinedesir|wiilsnouoemindilial|siaaiierneicesiilluikhaiio|qrirlesniantit|ncotllaleerrmantesiiiuiberetllmuiayeiciiigreialesieicolleslii|aiaultuaneinc|iaaultuaneinc|siindiliiial|ncteicianibcesiidcspioii|nuite|oidsiialilipialetxmoimpclialocitenununt	15=c,13=n,1=i,0=e,93=g,9=a,02=u,45=t,56=e,25=d,03=s,53=p,33=n,54=r,36=m,14=a,16=i,62=f,35=l,43=o,23=s,55=l,46=z,34=t,04=u,96=b,8=r,2=w,52=h,95=k,4=q,86=y,32=x
1	125	-3.032404	2	37	rilrianuillisiillaiec|nlessioneiurerpiiggoiudlngidi|sitliignieile|seseioroece|ilienuscbaliissoilu|igitriidiissiogctsu|riwsifai|iiliieepalio|qiieritamatignieile|lollimoeuiculioseiixkliiu|znineureilesis|gcusseiusdontlitaliioiildhssetiilodiciiifnuirsulidiinedaleii|lilcesiliaiec|illiescliaiec|liignieiiile|ginaicileiwcurioncldiuii|giitu|uonliileieidireusytuitdcsileucisuecgies	15=c,13=e,1=i,30=a,9=l,02=i,45=s,56=u,25=n,03=r,53=d,33=g,54=n,60=d,43=u,16=o,62=p,14=r,35=e,23=l,36=t,55=s,63=b,04=c,34=t,50=a,93=f,96=w,8=o,24=m,2=q,52=k,95=x,10=m,4=z,80=h,32=y
1	126	-2.855294	5	43	eaimeruoiirdesipdeu|tieddesansmicsennacteilnua|zntrentenii|wnianamaiue|gbelldepnracunois|erateaadcunancous|eaifniid|esbenltran|qeimesrsmontenii|raiieeneleusaauiesmyies|dhlileaabond|nusduicilenltiedereaesteneduitesixeeneiidoculradusuierie|bicidriedeu|giiridciedeu|renteneii|nudeenbatulmesnyiase|nesol|satrepniuacildktsefaunplandlecnred	15=u,13=e,01=d,93=p,9=i,21=s,0=e,45=d,02=r,61=o,55=u,03=m,31=a,33=n,54=l,36=t,14=c,16=a,11=e,62=s,35=i,43=s,51=n,53=a,25=t,23=r,4=z,5=w,46=p,56=l,91=b,1=g,34=o,04=c,65=f,8=n,2=q,52=y,95=m,41=h,86=x,96=t,32=k
1	131	-3.308253	6	24	kagapriimogrudboopnai|riceuiuintrielupeelutrneeeamuesoiueaia|uletreneerleloei|ileiieinsatelle|zoneiuituduteprenuiilmoue|kreaesensnuiiintepueuiiue|kaotiloeix|kbcneeitrdray|rnedaeuprupemeerleloei|ratochfeitniitrentiiedboiironue|uiwiueiisaaceului|eaiueuiiielueiisyiuetceudransbosquiiieiesboysnlnoeiuitnuiiitrasniueiiedreein|cgueiudrcpnai|zogreiuducpnai|reneerlelnoei|eaiudnlcaomiisentrlireiauen|epbeuit|uatrirenoelelienueiituieretuaetiaiiloeiualuiimpuepbeui	5=i,31=a,11=n,30=p,9=o,21=b,50=d,4=u,2=r,90=g,61=m,0=k,3=e,60=s,6=t,51=l,91=c,1=z,01=x,8=y,81=f,10=h,41=w,80=q
1	133	-3.117395	6	19	yilkiliseenlaasueslaaollile|xealiueuellceieluoiieluclliiiilnluitaeuiileil|uelicillirelielaie|eelieeielltilnieleli|lallieuenumuniisillueeelnlaui|siilitilltllueeellniouiueeui|yilaneelaiml|slallliiecesilf|xllimiliuisuoinlirelielaie|xilnaaldflienlleecillneeieslaepallui|ueuleuieetililaliuelue|iileuiueeeieluieetfeuinaliuesilllnslatqueeeieinslaftllelllaieuenllueeeciltlleuieeiesiiell|alkuieuesalollile|laasieumualollile|xillirelielllaie|iileumllelalilanleetillcelpieiluill|iisliuen|uilcpillaielieleilluieenuerinuilineileeelaieuilelueenlouiisliue	5=e,1=l,3=i,30=o,9=a,02=s,4=u,6=n,90=k,0=y,60=t,62=c,2=x,32=r,50=m,8=f,52=p,10=d,80=q
1	134	-3.106599	6	22	aulauiceepllcreamllianue|keoirerenseifriaiifrsniiiupritaleriueu|rfisinibfiflie|efieeientautiffi|wlnieretreartiicinreefplri|ciuitaintanreeentiiarireeri|aultefliez|amoniiesecuy|knieauiricriaipibfiflie|kutllnagietneesinteeieamledlnri|reherieetauuoirfre|iuerireeeifrieetayeritoirecuntamltayareeeieitamlytanfnlieretnreeesutanerieeieciien|olarierecoianue|wllcierearoianue|kinibfifnlie|iuereanfoulpeetainsfdieurin|iiamiret|rusdinlififeinrieetrebitruiteueeflierufreepiariiamire	5=e,31=u,11=n,0=a,3=i,9=l,21=m,4=r,02=c,61=p,6=t,62=s,51=f,91=o,2=k,32=b,1=w,01=z,8=y,52=d,81=g,41=h
1	137	-3.255661	3	23	minmioreetinqrlarinnoisie|rensleleiitrdeilopeiltriippitiucnelpidi|lestfiipreseiye|eesedeiitmiheies|iniseletlalhofiileeeitinu|zrpstmiiciileeeiihouleeu|minteeiyai|zriniiipetrafig|risemslorumtipreseiye|fitnnibgsetiieetfiitedarineerniiu|lelieueetmsinsleile|pieuleedeiueecgeutnslafiiicrinckleeddcringciieiiiyeletiileeetficiieuedarpeii|niquelarnioisie|inqfelalnioisie|fiipreseiiiye|pielaiieinsintieetmiitreiefdiuii|xorslet|uitrefiiyeseidiiueetldftustdieeeiyeuieileetiouorsle	5=e,1=i,13=s,30=o,9=n,2=r,50=a,4=l,90=q,6=t,03=m,53=d,33=p,60=c,43=u,93=y,23=f,63=h,0=z,8=g,10=b,80=k,3=x
1	138	-3.253020	4	25	autheadiikttadniaytpaeui|diteniniesdoclarcnsyeruklsatiluiu|niesmerdiecpi|iieioiesauxcie|zfeinisniansrameniicktl|adreshesaeniiiesralniil|autsicpig|ayferisdiadub|yeiheladlhkrdiecpi|dustteabeiseiismesioiaytiidtel|niwiliisauutencni|quilniiocliisabilsteniaduesaytsabaniioosaytbsaecepiniseniiisdusaeilioiadrie|ftaliniadteaeui|zttaminianteaeui|merdiecepi|quiniaecfutkiishesdcimiule|radenis|nusdimepiecoeliisnomslesiuiicpinucniiseanradeni	5=i,31=u,11=e,0=a,93=p,9=t,21=y,4=n,2=d,61=k,13=e,03=h,43=l,6=s,33=r,51=c,53=o,23=m,63=x,91=f,1=z,01=g,8=b,41=w,3=q
1	140	-3.222461	2	20	qisquoeetissoreoisdaiuie|hesurereiifceinameirfiimmitintasermici|reutliuyeueide|eeueceiitqikeieu|isiueretreartmaliireeeitisn|omutqiitaiireeeiitmanreen|qisteeideai|oisiiimefealig|hiuequnonqtuyeueide|litssiiaguetiieetliiteceoisezsiin|rerieneetquisureire|mienreeceineetagentsurealiiitoistagareecctoisgtaiieiiideretiireeetlitaiieneceomeii|sisanereosuaiuie|issalerearsuaiuie|liuyeueiiide|miereaiieisuistieetqiifeielcinii|mouret|nifeliideueiciineetrcltnutcieeeidenieireetuarmoure	5=e,1=i,13=u,0=a,93=d,9=s,02=o,4=r,6=t,03=q,53=c,33=m,43=n,62=f,2=h,32=y,23=l,63=k,8=g,52=z
1	141	-3.268400	2	25	tistralleissaelaissoiril|qlsreleliipulieobliepiibbieichslebiui|elrenirglrlifl|llrluliietimlilr|isirleleedemoniielllieisc|abretiihiiellliimocellc|tisellifdi|aisiiiblpdnik|qirltrcacterglrlifl|niessizkrleiilleniielulaislysiic|eleilclletrisreliel|bilcellulicllhklcesredniiieaishxelluueaiskhiiliiifleleiielllenihiilclulablii|siwclelasioiril|iswnledesioiril|nirglrliiifl|bilediilisriseilletiiplilnuicii|barele|ciplniiflrliuiiclleeunecreuillliflcilielleioebarel	5=l,1=i,13=r,30=o,9=s,02=a,4=e,6=e,03=t,53=u,33=b,60=h,43=c,62=p,2=q,93=f,32=g,23=n,63=m,50=d,8=k,52=y,10=z,80=x,90=w
1	142	-2.903532	7	29	aceosneemeenteagedance|weestetentriualitsgslcmusaeeucec|testcspeside|eeserensachies|qfsetesteatslaanteeimeu|nlssonsanteeenslauteeu|aceseideb|agfnletency|gseosunuosspeside|wcseenaysesneesansereageexenu|tekeueesaccestite|zceuteeriueesayeusestencnsagesayateerrsageysanindetesnteeetcsaneuerenlen|feauetenesance|qeeaaeteatesance|wcspesinde|zceteanifcemeesontieaecun|lnstes|tcteandesirnueestrasusseceeidetciteessatlnste	5=e,31=c,11=n,0=a,93=d,9=e,21=g,4=t,02=n,61=m,13=s,03=o,43=u,6=s,33=l,51=i,53=r,62=t,2=w,32=p,63=h,23=a,91=f,1=q,01=b,8=y,52=x,41=k,3=z
1	145	-3.181988	7	21	kneynecuiiserymduerrceenei|uirelaieesuinifcnnifsueennnnesfntranneine|biensuneennuienierni|iieniinieetnesnieien|ereenaigiosncunefiiiesexn|kunnentneetefiiieesnnolian|knersiiernde|kuereeennisudunep|ueendnelcmcnsennuienierni|unesrrezpeniseeiisuneesiindueriiurefn|baeaniitnenerelifi|nnealiiinifniitpansrelduneeetuertpoiiinintuerpteeieeernaisefiiisuneteeaniindunniee|reronadureceenei|eryunaioreceenei|uneennuienieeerni|nneadeeierenerseiitneesuieiuninfnee|ncuelis|bnesuiuneernienieinefniiginungnensineiiiernaneifiisenoncueli	5=i,1=e,3=n,30=c,9=r,2=u,50=d,24=m,90=y,6=s,0=k,54=a,60=t,14=f,34=l,4=b,94=x,04=o,64=g,8=p,10=z
1	146	-3.240326	5	25	taotauteiicootfitroouteai|eiphdieneiuilutuuilneeuuuanluntoduaia|bsuneueuuesusoui|isuiiuientanussu|zoeudiximnuutealiiscgu|teuauntuenkliiienuumhidu|taonisouik|trpeuuineiteay|eeuitahutfutucuuesusoui|eanooetquineiineueniiuitroiieplu|biwduiintaaphili|uadhiiiuiluiintydunphiteaentrontymiiiuiuntroynteseoudicliiineanteduiiuiteuuie|pomuditeputeai|zooteudimputeai|eueuuesuseoui|uaditespaociintuenesieuiulue|uutrhin|baneieueoususialuiixiueuxauniaiisoudailiicumuutrhi	5=i,31=a,11=e,0=t,3=u,9=o,21=r,24=f,61=c,2=e,54=d,6=n,14=l,34=h,91=p,51=s,4=b,94=g,04=m,64=x,1=z,01=k,8=y,81=q,41=w
1	148	-3.197947	7	20	nilaniliueeolaangeulaainllile|qealdsellceieminiiemclliiiilomionasiileil|welicillibelielaie|eelieeielloniloieleli|lalliseferoiiuilmeeelolzi|uiilionillonlmeeelloiirdesi|nilaoeelaienl|ulallliieceuilt|qllienildinginiolibelielaie|qiloaallntlieolleecilloeeieulaepalmi|wslsieeonililaldeme|iilsdeeeiemieeontsioaldeuillloulaontreeeieioulatonllelllaiseolmeeecilonllsieeieuiiell|alariseualinllile|laauiseralinllile|qillibelielllaie|iilsenllelalilaoleeonillcelpieimill|iiuldeo|wilcpillaielieleilmieefebifilioeileeelaisilemeeoliriiulde	5=e,1=l,3=i,0=n,9=a,02=u,24=g,6=o,54=s,14=m,62=c,34=d,2=q,32=b,4=w,94=z,04=r,64=f,8=t,52=p
1	152	-3.430928	2	22	sirscntlleirrnklntirfnicil|tlribyliietaliunolpetiiooieiuenryoiai|wlcediiotlclifl|llclaliiesixlilc|iricylmlheondiplllieiru|ntocesiienipllliieohbllu|sirelliflni|ntiriiioletlndig|ticlscuntuseiotlclifl|dierriingcleiillediielalntirlltriiu|wyilullesciriblpl|oiybllaliullenglueriblndiiientirenghllaaentirgeniiliiifyleipllledieniilulalntolii|rirnuylntrcnicil|irrndylhrcnicil|diiotlcliiifl|oiylniilircireillesiietlildaiuii|ontible|uietldiiflcliaiiullmadeuceailllifluilpllechontibl	5=l,1=i,13=c,0=n,93=f,9=r,2=t,24=k,6=e,03=s,53=a,33=o,54=y,43=u,14=p,34=b,23=d,4=w,63=x,04=h,64=m,8=g
1	153	-3.156636	5	28	sesseariiueskyaressaecei|risepoieeurlibanibureenneuentsonele|zicumeenriciedi|iicilieeusehieic|esecoifighamebiiieuesn|wrncuseetebiiieeungpiin|sesuiiedae|wreseeeniuramee|reciseparnsuenriciedi|meussexeciueeiiumeeuilaresiirseen|zoeiniiuscesepibi|neopiilieniiteinusepameeetrestegiilltreseteeieeedoiuebiiiumeteeinilarniee|seknoarseaecei|eskmoigseaecei|meenricieeedi|neoaeeiescesueiiuseeurieimlenee|qarepiu|neurimeedicieleeniiflmunculeiiiedineibiiueanarepi	5=i,1=e,13=c,30=a,9=s,2=r,50=a,24=y,90=k,6=u,03=s,53=l,33=n,54=o,60=t,43=n,14=b,34=p,93=d,23=m,4=z,63=h,04=g,64=f,0=w,8=e,10=x,3=q
1	154	-2.942860	7	31	nsifrnteediinqenpilntse|teyrietatsauneemapresduanieuses|zeracteterale|eeresetansbaer|kyrienegaentsmeeadiu|nteraftaxmeeetaegreeu|nsiaealex|npyteeatentso|prefruntufdeterale|tsaiitnoreateeactaesenpieetitu|zeheueeanssyreme|wsireesaueeanoeuayrentstanpianogeessanpioantatliedmeeeatsanteuesenteet|yinuientirntse|kiinciegirntse|cteteratle|wsientaysideeaftataecesut|enprea|zsatectlerastueenscauraeseealisemeeargenpre	5=e,31=s,11=t,0=n,93=l,9=i,21=p,24=q,61=d,2=t,13=r,03=f,43=u,6=a,33=e,14=m,51=a,53=s,54=i,34=r,91=y,23=c,4=z,63=b,04=g,64=n,1=k,01=x,8=o,41=h,3=w
1	156	-3.222633	4	26	mermcsiiuerrnkisersnecei|qirefoieeplieantixpeetteueaunrotele|zicudechiciesi|iicilieeumebieic|erecoiwieutndexiiieuera|stcumeeunexiiieeutefiia|meruiiesine|sereeetipindeg|qecimcasamuchiciesi|deurreengciueeiiudeeuiliseriyreea|zoeiaiiumcerefixi|teofiilieaiiungiaurefindeeeuserungeiilluserguneeieeesoiuexiiiudeuneeiailistiee|rernaoisrcnecei|errndoiercnecei|dechicieeesi|teoineeiercerueiiumeepieidleaee|tsefiu|aepideesicieleeaiiwlduaculeiiiesiaeixiiucetsefi	5=i,1=e,13=c,0=n,93=s,9=r,02=s,24=k,6=u,03=m,53=l,33=t,54=o,43=a,62=p,14=x,34=f,2=q,32=h,23=d,4=z,63=b,04=e,64=w,8=g,52=y
1	157	-3.074347	4	30	aieacreeliekberieeficie|qeeitieiiusetfoetuiiooilinseioisi|weclaicheceide|eeceseiilaigeiec|ieiciezengfaiteeeilien|roclaiisiteeeiilonteen|aieleeidxi|rieiiioeuxaim|qiceacnrnalcheceide|aileeiymceliieelaiileserieepeiin|wiieneelacieitete|oiiteeseineesmenleitxaiiilriesmneesslriemsiieiiidieliteeelaisiieneseroeii|eikniereificie|iekaieneificie|aicheceiiide|oiixiieiecielieelaiiueieasinii|oritel|niueaiideceisiineezsalnclsieeeidenieteelcnorite	5=e,1=i,13=c,30=f,9=e,02=r,24=b,90=k,6=l,03=a,53=s,33=o,54=i,60=s,43=n,62=u,14=t,34=t,2=q,93=d,32=h,23=a,4=w,63=g,04=n,64=z,50=x,8=m,52=p,10=y
1	161	-3.114600	4	22	weikeislauioklrclioosiiet|poieddiiupnirseniruliieeeeiuirembreetei|dieuleiieepinion|aieaniimeiuntie|ioiindurcruesleiidaiuiore|wleeiemeiimiidaiiuesrerare|weiouaioeci|wlioiiienulcleif|liieceierslrseuieepinion|leiuooixfinuiiauleiiuaeclioaloiire|drtreameieioiedid|eetredanireamyreuoiercleiiimliomhdanemliofmitiiionduiidauleimitreaeclenii|oikrnrcloisiiet|ioklnrcroisiiet|leiieepiniiion|eetrcitioieiouiameiiuptlneireii|esliedu|reiupleiioninteiireaudeleureiezetaionretirauisreslied	15=t,3=e,1=i,30=s,9=o,2=l,50=c,4=r,90=k,6=u,55=a,0=w,95=b,60=m,35=n,25=p,45=d,8=f,10=x,80=h,85=y,65=z
1	162	-3.222938	3	25	ieoieeisapooiscimooeinez|ydeccnryetleieetlrsneeeepleribleeze|lterseneestetou|wteaunrierette|qonucrcilreeisenlatpole|iseeerienrincanreeilelale|ieoxtouf|imdneuryiseg|snuieeleisleiepeestetou|seroonikurnarsenrauimoasonle|clzlearieedeltc|eezlecaetlearihlerdecisenrimorigicauerimogrintnoucrncarserfzleauiseun|doilucisdeinez|qooisucildeinez|seneestetnou|eezcintdeoparienryzsuelen|eeimecr|lerysenoetuzenlearceserleexeatouletlapeileeimec	15=z,3=e,11=n,0=i,9=o,21=m,45=c,2=s,61=p,55=a,31=e,4=l,95=b,6=r,51=t,25=y,91=d,35=u,5=w,1=q,01=f,65=x,8=g,81=k,85=h
1	163	-2.986195	7	31	qapasratlpritcllsein|omirreuoisisiisiureiiiatiinkiiina|isiurieiirsisle|wsiaeenauissi|bleeruitiuisrieiastlii|qriainieneraeuisiiiaii|qalfslex|qcmeieurtrag|reitaiisrisitiirsisle|raulmyheueaurieuaitclarleii|riniianaamiisr|iiniiraisiianziiumiitraenclndraeinclgneselerueraurauxniiaitriee|mpieitrmsein|blpreitimsein|rieiirsisele|iinitesmaltanieuonreaiie|isciru|iauorielisenieiiauririuiaifaasleiasiatsiiscir	15=n,3=i,11=e,30=s,9=l,21=c,50=t,4=i,2=r,90=p,61=t,55=a,31=a,0=q,95=k,60=n,6=u,51=s,25=o,45=r,91=m,35=e,5=w,1=b,01=x,65=f,8=g,81=h,10=y,80=d,85=z
1	164	-3.142244	3	20	celaceletoulaatstlaaecllep|nalessllunilreceilrylleeeelulreucmreepel|sleyelleenlilai|oleoilluceluiple|lallisuscrueetellsolulare|teeleucellucllsollueecrerore|celauolaicl|tlallleiunteld|qlliceleretreceuleenlilai|qeluaallcdliulloyelluoitlmballre|srpreoucelelalesls|eepresoilreouchreualestelllutlaucdcsoieutladuclplllaisullsoyeluclpreoiteill|alacristalecllep|laatiscralecllep|qelleenlilllai|eepsclplalelauloucellunlbielrell|eetlesu|relybellailipellreousfeurelegepolaireplroulecreetles	15=p,3=e,1=l,0=c,9=a,02=t,45=s,6=u,55=o,4=r,95=m,62=y,35=i,25=n,8=d,2=q,52=b,85=h,65=g,32=f
1	165	-3.044954	5	26	weikeietauieetstieeoiiec|meiessiiumniloenilpiieeeeiuiledbleecei|siepeiieeminien|aieaniideiuncie|ieiinsulslueeteiisaiuiele|teeiedeiidiisaiiueolelale|weieuaieesi|tieiiienumteif|qiieseieletloeuieeminien|qeiueeihfinuiiapeiiuantibreiile|slcleadeieieiesis|eeclesanileadxleueiesteiiiutiedysaneutiefdiciiiensuiisapeidicleantenii|eiklnsteioiiec|ieetnlsleioiiec|qeiieeminiiien|eeclsicieieieuiadeiiumirneileii|eetiesu|leipreiieninceiileauszeuleiegecaienlecilauioleeties	15=c,3=e,1=i,30=o,9=e,02=t,45=s,6=u,55=a,90=k,0=w,4=l,95=b,60=d,62=p,35=n,25=m,50=s,8=f,2=q,52=r,10=h,80=y,85=x,65=g,32=z
1	166	-3.055370	6	29	tlutlisesuusetduuitait|kpieeankiraitiiramaiiilsainthaiitl|arimiaifrirun|qrienantlnirri|yuanenetaniisiaaersuai|silintiantaeeaniitaiaeai|tlubrung|tdpainnkslc|wantliaisaitisifrirun|wlnuuatznnaemianentdhouaai|eataientllpiare|iitaieeiraientxainpieslantduntcteenintducntaraunenaeemlngtaiensina|putanespitait|yuusnetapitait|wiaifriraun|iitetarplusentiamronlaia|iitdien|almoiauirntiaaienefinaliblerunalraesitaiitdie	15=t,3=i,11=a,0=t,9=u,21=d,45=e,02=s,61=s,55=e,31=l,4=a,95=h,6=n,62=m,51=r,25=k,91=p,35=n,32=f,5=q,1=y,01=g,65=b,8=c,2=w,52=o,81=z,85=x
1	168	-3.300824	0	21	yiayresouiaaesdesiabeirh|marddiiumlinylipusiittiuinuezptifi|druciitmilial|oroliiuyiulhr|iaiildudeputeciidoiuian|estruyiiueiidoiiutenpon|yiauoialei|esiaiirlumecig|siilyrnesnyuitmilial|ciuaaiiegiluiiouciiuolesiaosaiin|dphnouyriardid|thndolinoueqnuardeciiiuesiauegepoffuesiagueihiiialduiidouciueihnoleclii|aiaepldesareirh|iaaesldepareirh|ciitmiliiial|thdeihiariauiouyiiumhcfinii|tesrdu|niumciialilifiinoupfcunrufhoialnhipoureptesrd	15=h,13=r,1=i,0=e,93=b,9=a,2=s,45=d,6=u,55=o,03=y,53=f,33=t,4=p,95=z,43=n,35=l,25=m,23=c,8=g,85=q
1	169	-2.954601	3	30	nennemeuiengeireennmetd|antsseeiateanteiieeesseiealhisepe|sticeesaetent|ututeeineitdt|eneetsiiriomceesueiena|qestineeleesueeomaiua|neniuezre|qeeneettiercef|eeetntimeaniesaetent|ceinnekfetieeuiceexpreenueneea|sidauintentses|sdasuteaulbaintirceeeleenlyiuppleenfledeeentsieesuiceleditprctee|negitirenemetd|engetirinemetd|ceesaeteeent|sdiredentenieuineeiadcpeaee|wmetsi|aeiaceentetepeeauiipciatipduentadeiuiemamets	15=d,13=t,1=e,30=m,9=n,2=e,50=r,4=i,90=g,6=i,55=u,03=n,53=p,33=s,95=h,60=l,43=a,35=t,25=a,45=s,23=c,63=o,0=q,93=z,8=f,65=x,10=k,80=y,85=b,3=w
1	170	-3.218839	2	30	ntebinsrmeensangezdit|neiaalisseonceuigictmoinquctt|aiiplcnieea|riralintiati|welaaianuicnpluremeo|nsciiblinlarlicnouro|nteheead|ngeliainnstf|slabionsobmcnieea|stieelnyailriplirangerselo|autorintteiuea|ctourseorinkoieianstlingeinfnurssingefinleleaailaristidtoranpal|xenuaanseidit|weensaanueidit|plcnielea|ctanlextemriblintsatol|cnsiai|utinpleaiesloriuspioihtreeauteuriinucnsia	15=t,13=i,01=d,93=z,9=e,21=g,0=n,45=a,2=s,61=m,55=r,03=b,31=t,33=c,4=u,95=q,6=i,43=o,51=e,53=s,11=l,25=n,35=a,23=p,1=w,65=h,8=f,81=y,85=k,91=x
1	171	-2.988361	7	38	zsgsuesougeecoupdam|nuallaiecleurleioarsoitperms|lairarnalun|sasnatsinma|wuanlieceduraesloui|zeraitatalsaduiesi|zsuylund|zouaaniecesh|eantaeueitornalun|esiumfxniasirayccouseuai|lemistssuaell|rmiesclistkiiuaecesatoutbescctouhtalaunlialsiesidmenccrna|mgeneceuadam|wugeneceuadam|rarnalaun|rmecalmsuositainmensia|queali|esinraunalcaisiecriiayssluneslesouiueal	15=m,13=a,01=d,93=p,9=u,21=o,50=c,4=e,2=e,90=g,61=o,55=s,30=u,31=s,0=z,33=r,95=p,60=t,43=i,6=i,51=l,53=c,11=a,45=l,25=n,35=n,23=r,63=d,1=w,03=t,65=y,8=h,81=x,10=f,91=m,80=b,85=k,3=q
1	172	-3.447401	1	24	niunloreiuuotoiuzailp|multtiiemsicnsibhiiffieiceaxbfiyi|tlediifmisius|rlrsiieniespl|iuiistetabefadiitrieiuc|ofleniieaiitriiefacbrc|niueriusai|oiuiilsemadig|wiisnlcocneifmisius|dieuuiiagiseiirediiersoixquiic|tbpcrenliultit|fpctrsicreakceultadiiieoiueagabryyeoiugeaipiiiusteiitredieaipcrsadsii|uiuabstoulailp|iuuostabulailp|diifmisiiius|fptaipiuliueireniiempdyicii|folte|ciemdiiusisiyiicrebydecleypriuscpibrelabfolt	15=p,13=l,1=i,0=a,93=z,9=u,02=o,45=t,6=e,55=r,03=n,53=y,33=f,4=b,95=x,43=c,62=h,35=s,25=m,23=d,8=g,2=w,52=q,85=k
1	173	-3.045317	1	30	tiltiareillauailloiic|dliuuiiednietniaqiimmieienfamisi|uiesiimdiniln|rirniietienci|iliinueataposiiurieile|amietiiniiuriipoeare|tilerigti|ailiiinqtsih|wiintieaeteimdiniln|siellikhineiiresiiernaifxliie|uaceretiiliuiu|mceurniernyeeliatsiiieailnbarsseailhniciiilnueiiuresinicanstsnii|lizanualioiic|illanatalioiic|siimdiniiiln|mcaticiliileiretiiedcssieii|maiue|eiedsiilninisiiereasseeiescrilneciareioamaiu	15=c,13=i,1=i,30=o,9=l,02=a,45=u,6=e,55=r,03=t,53=s,33=m,4=a,95=f,60=n,43=e,62=q,35=n,25=d,23=s,63=p,50=t,93=g,8=h,2=w,52=x,10=k,80=b,85=y,90=z
1	174	-3.059119	4	33	eluniosduuoretufgil|cuirraymaieuanetiuldieeznull|rierauciaut|sistaeeletli|wuatrereneueransadui|ouienaeearsaeueinsi|eluhautg|etuaitecols|katniioinduciaut|kleuuaexteaseraestetzquai|rnliseelluinar|ulinsmaiseepieuirolaeetueesensmmeetuseeaaautrearsyleglisterta|buentrouigil|wuuotrenuigil|rauciaaut|ulreaabludsenayaqtlia|uoire|nlecrautiamaisenmreiihlsautnlanseienuoir	15=l,13=i,01=g,93=f,9=u,21=t,0=e,45=r,02=o,61=d,55=s,03=n,31=l,33=u,4=n,95=z,6=e,43=i,51=a,53=m,62=y,11=a,25=c,35=t,23=r,1=w,65=h,8=s,2=k,52=q,81=x,85=p,91=b
1	175	-2.763795	7	40	wlideaioiiaustimdeu|piettebacucscueteslosnousul|teelespecin|ieinenlenue|xienteusurcleuicois|aseedenetiercsuis|wlifcind|wtieenepalg|kendesasdospecin|kleimphneeielefastories|tuusinllieuct|susuiacsinyseietalentinquiaantigneceinteetibleduunaslne|mzuntaiedeu|xiianusuiedeu|lespecein|suusecmlioiedebcrnlse|saete|ulepleinecaesieualeseflicinulcuiocusaet	15=u,13=e,01=d,93=m,9=i,21=t,50=s,4=u,02=a,61=o,55=i,03=d,31=l,0=w,33=s,95=o,60=n,43=s,6=e,51=c,30=c,53=a,62=b,11=e,45=t,25=p,35=n,23=l,63=r,1=x,65=f,8=g,2=k,52=r,81=h,10=p,91=m,80=q,85=y,90=z
1	176	-3.089844	2	21	uilauiliurtelaaurnurlaaiullic|palinnlleposiuioserlliiiilesieuadiicil|nlierilliiplolao|tlitolleuileocli|lallonenmeiiurillntlelbi|uriilieuilleullntlleiimindi|uilaetlaoul|urlalllioepurily|rllouilfiukiuieliiplolao|rileaalluyloellterilletourlatralsi|zdlditeuililalinln|iildintositeuydiealinurillleurlaeuyuntoieurlayeulclllaonellnterileullditourioll|alamonuraliullic|laauronmaliullic|rilliiplolllao|iicnulclalilaelteuillepcroisill|iiurline|zileprillaolocilsitenirihiligictlaidicstelimiiurlin	15=c,3=i,1=l,0=u,9=a,2=r,45=n,6=e,55=t,54=d,14=s,35=o,25=p,94=b,04=m,8=y,24=k,34=f,4=z,65=g,64=h
1	177	-3.117541	6	27	xiscisounesecyduseeossim|sesiaassestpoitpeussiiiisepiaeliimis|asieuissiisstset|nsintssaisetmsi|sesstaeareiouissansesqi|xuiisiaissassansseiiriali|xiseenseids|xusesssiteuduisb|ussidisgoyoiesiisstset|uiseeeshbstessneuissenidusenuespi|wlslinaisisesiasa|iisliantpinablieesgduisssauseafantiausebasmsssetaessaneuisassliniduitss|eserilduesossim|secutaresossim|uissiisstssset|iisldsmsesiseesnaissesmutipiss|iousiae|wisesuissetstmispineaiuikisizimnseilimpnesiriousia	15=m,3=i,1=s,30=o,9=e,2=u,50=d,24=y,90=c,6=e,55=n,0=x,54=l,60=a,14=p,35=t,25=s,45=a,94=q,04=r,8=b,34=g,10=h,4=w,80=f,65=z,64=k
1	178	-2.970606	5	31	issiseinacssinrifsseiuer|oterruioeteieetinueeesiteiisleers|bneineueennense|wneaeuiisienne|ksuerirdieeinstanche|ineseiieuiiurauieederle|issanseq|iftueeioinsm|nueispeizeieceennense|nsissuigeiuaineuiaeifsantte|rxleaiisstpnr|esleraeteaiimleiterinsuiifsiimiraeeiifsmiiunuseriurainsiiuleaeineeu|tsderinteiuer|kssinerdteiuer|neueennenuse|eerriuntsscaiieuiorneeteu|eeiferi|bsioneusenersteaireneyseasanselertacedeeifer	15=r,3=e,11=u,0=i,9=s,21=f,45=r,2=n,61=c,55=a,31=s,54=l,6=i,14=t,35=e,25=o,91=t,51=n,4=b,5=w,94=h,04=d,1=k,01=q,65=a,8=m,24=z,34=p,81=g,41=x,64=y
1	180	-3.040303	5	26	telitelesreliisusliietllen|sileuullesadeteadclleeeeledeetimeenel|ulecelleeslalia|rleralleteleanle|lillaueupeeesellurlelfe|seeleetelletllurlleeepeume|telierliatl|slillleaesselo|qllatelwetyeteeleeslalia|qeleiilltolaellrcelleraslkbilde|zmlmeretelelileulu|eelmeuraderetomeeileusellleslietoturaeeslioetlnllliauellurceletllmeraseall|ilipausiletllen|liisaupiletllen|qelleeslalllia|eenutlnlilelielretelleslbaedell|eesleue|zelcbellialaneldereuxegelehenrliemendrelepeesleu	15=n,3=e,1=l,0=t,9=i,02=s,45=u,6=e,55=r,54=m,14=d,62=c,35=a,25=s,94=f,04=p,8=o,24=y,34=w,2=q,52=b,95=k,4=z,65=h,64=g,32=x
1	181	-2.874725	7	32	welmelesauliisesliinllet|sileeellusinneinplleeeelunecireetel|elepelleeslilii|aleaillceluitle|lillieuetueesellealulhe|seelecellclleallueeteere|weliualierl|slillleiussela|kllerelongneuleeslilii|keluiilyaliullapelluaislquilne|xrlreacelelileele|eelreeaineacareuileesellluslicbeaieusliacltllliieulleapelcllreaiseill|ilitiesilnllet|liisietilnllet|kelleeslilllii|eelrrltlileliulacellusluienell|eesleeu|xelpuelliilitelneauezedelefetalieretnauleteeslee	15=t,3=e,1=l,30=n,9=i,02=s,45=e,6=u,55=a,90=m,0=w,54=r,60=c,14=n,62=p,35=i,25=s,94=h,04=t,50=r,8=a,24=g,34=o,2=k,52=u,95=q,10=y,4=x,80=b,65=f,64=d,32=z
1	182	-2.775468	8	36	sinsiiulannussonnisuic|roissueralisialduiiiieliesnriici|keidiuiteiena|xeilauesieieei|znuasespeiiuilleafi|uiiiesiuesuslueiipisri|sindenag|soouiaeruit|quasinishisiaiteiena|qiennusbaeuldiuelasoymoli|swrilesiiones|iirislalilestrieoisuiuesonestsslaiesontesueunaseusldiesurilauiau|onpasuoisuic|znnuaspoisuic|qiuiteieuna|iicssueoinalesiudemailiu|iisoise|kidmiunieacililesticiidileniricllaipiisois	15=c,3=i,11=u,0=s,9=n,21=o,45=s,02=u,61=a,55=l,31=i,54=r,6=e,14=l,62=d,35=a,25=r,91=o,51=e,32=t,4=k,5=x,94=f,04=p,1=z,01=g,65=d,8=t,24=h,34=n,2=q,52=m,95=y,81=b,41=w,64=c
1	184	-3.243283	1	25	pilpoacduillacnacilxaiot|flonniiufeiepehuciissiuieualzsibi|noumiisfieile|dodeiiupiueto|iliienunyusamiindiuile|acsoupiiuaiindiiusygde|piludileai|aciliioeufamir|ciiepoeacepuisfieile|miulliiarieuiidumiiudeacildcliie|qztedupoilonin|stendeieduaweulonamiiiuaciluarydbbuacilruaitiiilenuiindumiuaitedeameii|lilyenacloaiot|illacenyloaiot|miisfieiiile|stnaitiloiluidupiiuftmbieii|saconu|eiufmiileieibiiedkbmueoubtdileethduoysacon	15=t,13=o,1=i,0=a,93=x,9=l,2=c,45=n,6=u,55=d,03=p,53=b,33=s,54=z,43=e,14=h,35=e,25=f,23=m,04=y,34=g,8=r,4=q,85=w,64=k
1	185	-2.871317	4	34	lenlesantengodaennseur|anuiieetateultetaeelleteusnyleie|iutreelaetent|nunteetlettru|eneetitioqsreeinetenu|kalutleeseeineetlomnu|lentnezde|kaeneeuttadrec|aeetlemsaultelaetent|retnnepcetteentreexidaennaneeu|hyruntluenuiei|lruinteunsfutnemdreeesaensconiisaencsereeentiteeintreseeytidrtee|neguydaneseur|engationeseur|reelaeteeent|leyderenuententleetarrieuee|wsauit|uetareenteteieeunbirtuutirnenturentesusaui	15=r,13=u,1=e,30=s,9=n,2=a,50=d,24=o,90=g,6=t,55=n,03=l,53=i,33=l,54=y,60=s,43=u,14=e,35=t,25=a,45=i,23=r,63=q,04=o,34=m,0=k,93=z,8=c,65=x,10=p,4=h,85=f,3=w,64=b
1	186	-2.893781	5	35	eatueesontteslenthmea|ctellirsusluidrneranlretyraa|leroircesti|oeoiireariae|qtiilrlprresadosntl|esreruireiloirrpfol|eatkstim|entieircesat|siiueleslunrcesti|sarttiedirioroiroientostil|wyaloreaabfsl|zayfouslorexlrtelesairentretpouurenttreisitilrilorsarmaloieoii|btpilestemea|qttesilptemea|oircesiti|raleisbatnoruircasiali|reselr|warcoitiesuiloguorlekaostiladorepresel	15=a,13=e,01=m,93=h,9=t,21=n,0=e,45=l,2=s,61=n,55=o,03=u,31=a,33=r,54=y,6=r,43=l,14=d,35=i,51=s,53=u,11=i,25=c,23=o,04=p,1=q,34=f,65=k,8=t,81=d,91=b,4=w,85=x,3=z,64=g
1	188	-3.001074	2	29	siussoreiuuotoiubaist|musttiiemniesnyfiillieieeauxlini|tsediilminiun|rsrniiesients|iuiintetaeladiitrieiue|olsesiieaiitriielapre|siueriunai|oiuiisnemadic|wiinsseoeseilminiun|dieuuiiacineiirediiernoihkuiie|zxteressiustit|ltetrniereageeustadiiieoiueacarnneoiuceaitiiiunteiitredieaiternadnii|uiuantousaist|iuuontausaist|diilminiiiun|lttaitiusiueiresiiemtdnieii|loste|eiemdiiunininiierqndeesentriunetyresalost	15=t,13=s,1=i,0=a,93=b,9=u,02=o,45=t,6=e,55=r,03=s,53=n,33=l,54=x,43=e,62=f,14=y,35=n,25=m,23=d,04=a,34=p,8=c,2=w,52=k,95=h,4=z,85=g,64=q
1	189	-2.933303	2	33	diedelauieeltlieepiet|meettiiumniadnryiiuuiuiaresuici|teuoiiuminien|aeaniiudiunte|ieiintutifpoiitaiuiea|lueudiiriitaiiuuilaa|dieuaixsi|lieiienysoin|wiindealaduiuminien|oiueeibninuiiauoiiuanlikheiia|qstaaudeieetit|utataniaarzaueilsoiiiulierniacculienritiiientuiitauoiriisncsonii|eieintleipiet|ieelntieipiet|oiiuminiiien|uissitieeieuiaudiiumtociaii|uletu|aiumoiieniniciiaagcouaeuctaienatraueiulet	15=t,13=e,1=i,30=p,9=e,02=l,45=t,6=u,55=a,03=d,53=c,33=u,54=s,60=r,43=a,62=y,14=r,35=n,25=m,23=o,63=f,04=i,34=l,50=s,93=x,8=n,2=w,52=h,95=k,10=b,4=q,85=z,64=g
1	190	-2.797591	7	39	iuenetrteetainezdes|ueeaalrocenspineauteiiexasu|aeillaueces|rersliiuisse|qelsaiayiatuprctee|taeinliilarliaypre|iueccesd|inelesiutuo|wlsneetentaueces|wuieeligsilrillirsinfmele|kxseriiuumpca|buxproceriideieeatuliineiioyrooiineoiilclesailarruidsersilsl|meysateedes|qeetsayeedes|llauecles|asailcmuetrinlrcmsuel|ateai|kuiullesecolerholieecurcesesprieyatea	15=s,13=e,01=d,93=z,9=e,21=n,0=i,45=a,02=t,61=t,55=r,03=n,31=u,33=a,54=x,6=i,43=e,14=p,35=s,51=c,53=o,62=r,11=l,25=u,23=l,04=y,1=q,34=p,65=c,8=o,2=w,52=m,95=f,81=g,91=m,4=k,85=d,3=b,64=h
1	193	-3.194741	4	19	ziuxiudcetulxcrocullduuiue|celuirereunceieurdiieufcuuiiiinurialeriiueiu|reusciuuiiceuieulie|eeuieeieuuainieueui|uluuiertrofidciuureeenulri|zciiuiaiuuauureeeunidrireeri|ziugeeuliou|zculuuuiitcociup|cuuioiuirdcrdsuiiceuieulie|cinlluypuituuetciuneeioculeecluuri|reruerieeaiuiuluireure|iiuerireeeieurieeapersluirociuuuaculabreeeieiaculpauueuuuliertuureetciuauuerieeiociieuu|luxrierocluduuiue|ulxcierorluduuiue|ciuuiiceuieuuulie|iiuerouueuluiugueeaiunceuecieiuriuu|idcuirt|rinceciuulieuieueiuurietreicsriuseiueeeulieriueuretudridcuire	5=e,1=u,3=i,30=d,9=l,2=c,50=o,4=r,90=x,56=t,0=z,60=a,16=n,46=f,36=s,96=g,8=p,10=y,80=b
1	194	-3.247181	2	23	audauialeemddalteabddianue|leoitetscleistiaiisflniiiumtradetiueu|tsrliniilsisdie|esieeiscaicissi|wdniethteafiialinteesmdti|aliuraucanteesciiatiteeti|augesdieq|aboniihlealup|lnieauitialtiaimiilsisdie|licddnayihnehluceeieabdeeldnti|tezetiehauuoitste|iuetiteeeistiehapetroitealincabgapateeeierabdkansndiethnteehlicanetieeiealiien|odatietealoianue|wddalieteatoianue|liniilsisndie|iueteansoudmehauclselieutin|iiabith|ticlelindisiseintiehteilrtureueesdietusteemiatiiabite	5=e,31=u,11=n,0=a,3=i,9=d,21=b,4=t,2=l,61=m,36=r,46=f,51=s,16=c,91=o,56=h,1=w,01=q,96=g,8=p,81=y,41=z,86=k
1	195	-2.994035	6	28	bsgsnenncageelyaanusn|enaienesteniseniispeuiiisceioaneisns|esreiuiiesisain|nsinninuoitissi|wauinedelpineiuennscaei|beisioiuouennstineiennei|bsknsainf|byauiidelesm|euilsieneeniciiesisain|eitaaxhidundestnnilyanneauei|enqneinnossaiesen|isneiennniseinnomneraielesuoyaozennninioyamousuaineduenndesouneinnileiinu|ageineleanusn|wageineleanusn|eiuiiesisuain|isnelusasacnnostesneinseiu|inyied|eiteneiuaisisniueindenieresrnsnnsainessenncneinyien	5=n,31=s,11=u,30=n,9=a,21=y,50=l,4=e,2=e,90=g,61=c,0=b,3=i,60=o,46=p,51=s,16=t,91=a,36=r,56=d,1=w,01=f,96=k,8=m,81=h,10=x,41=q,80=z
1	197	-3.161037	6	23	wlikliloenirroueoirraiilie|yerilueueiiseleiualleiusiillllciultreullieli|ueilsliildeileirle|eeileeleiitlcleieil|iriileunumhlloliiueeecirul|olliltliitiiueeeiclaulueeul|wligeeirlmi|oiriiilleseolif|yiilmlilulouabildeileirle|ylcrrizfilniieesliceeleoirepriiul|ueuieuleetlilirilueiue|llieulueeeleiuleetfeubrilueoliicoirtqueeeleboirftiieiiirleuniiueeeslitiieuleeleolleii|rikuleueoriaiilie|irroleumuriaiilie|yliildeileiiirle|llieumiieiriligieetliiseipleliulii|lloilun|ulispliirleileieliiulenuedbulibelieeeirleulieiueniaulloilue	5=e,1=i,3=l,30=a,9=r,02=o,4=u,56=n,90=k,0=w,60=t,16=c,62=s,2=y,32=d,46=h,50=m,96=g,8=f,36=b,52=p,10=z,80=q
1	198	-3.081720	6	27	escesiouuaccoeuerccielsu|wuyieueulauineieiinealiiisaedecueisus|eniailikninciu|uniuuinteitinni|bcliueseuexiioileuunacei|oisdesteleuuntiieeieuuei|eszunciup|eryliiuauosg|wliuesieioeieiaikninciu|witcclefisluuastuuiuercumclei|euqueiusessyieneu|isueieuuuineiuseguedyieuoilterzegeeuuuiuderchelnlciuesleuuuaitelueiuuiuoiiul|yceeiueuoyielsu|bccoiueueeyielsu|wilikninlciu|isueuelnyscauseilanmiuseil|iieries|esamilcininuileiuseukdesdusuunciuesneuuaieeiierieu	5=u,31=s,11=l,0=e,3=i,9=c,21=r,4=e,02=o,61=a,36=d,62=a,51=n,91=y,2=w,32=k,16=t,46=x,56=s,1=b,01=p,96=z,8=g,52=m,81=f,41=q,86=h
1	200	-3.275225	0	21	mismdureaissurleurishuidie|resdleleitrceinuoeixriiootilfuseloici|leifpiioredeihe|eedeceitmizeied|isidelaleuxoupiileeetisn|uroifmituiileeeitounleen|migeeiheui|urisiiioareupib|ridemdnurnufioredeihe|ptssiiubdaiieapiteceuriseersiin|lelieneamdisdleile|oienleeceineaubelfsdleupiiturigubuleecefurisquiieiiihelaiileeaptuiieneceuroeii|sisuneleursduidie|issupeleulsduidie|piioredeiiihe|oieleuiieisdigieamitreiepcinii|ourdla|ntrepiihedeiciinealcrfnifcieeeihenieileadulourdle	5=e,1=i,13=d,0=u,93=h,9=s,2=r,4=l,56=a,03=m,53=c,33=o,36=f,16=t,46=x,43=n,23=p,63=z,96=g,8=b,86=q
1	201	-3.138218	3	27	pispimulaisgueduissmitil|ulstelelinualiemclixuiiccnieosleciai|elirsiicultlibl|lltlalinpihlilt|isitleaedehmsiielllnise|qucirpiioiiellliihmeelle|pikllibdi|quisiiicaudsif|uitlptemuemricultlibl|snssizftaiilasinladuisllusiie|eleilelaptisteliel|cileellalielloflerstedsiiiouisoyellaaouisfoiiliiibleaiiellasioiileladuclii|sigeledusimitil|isgsledesimitil|siicultliiibl|cilediilistikilapinulilsaieii|wmutea|enulsiibltliaiielaeaureirailllibleilielaimemutel	5=l,1=i,13=t,30=m,9=s,2=u,50=d,4=e,90=g,56=a,03=p,53=a,33=c,60=o,43=e,16=n,46=x,93=b,23=s,36=r,63=h,0=q,96=k,8=f,10=z,80=y,3=w
1	202	-2.897955	4	30	usigauieeoiiuineuniruese|ieianentdictsultpnalsonauiesses|ntamelieatre|eeaectdusytea|xzaentneuplumeneetois|umsausdueneetdlusnees|usketref|unzeltieuisb|naegasuisgolieatre|mdiieubateetisdeceunieeiies|newesetussiantne|hsesneectsetubenaianeumedunkubuneeceauniqueterenteneetmdueeseceuilee|ziuseneuiiauese|xiiumeneuniauese|melieatere|hseneuetzsioetusditemesse|luiant|sdiemereatcesetnciansaeseetrenstnetaunluiane	5=e,31=s,11=e,0=u,93=r,9=i,21=n,4=n,2=i,61=o,13=a,03=g,43=s,36=a,33=l,46=p,51=t,53=c,16=d,23=m,63=y,56=t,91=z,1=x,01=f,96=k,8=b,41=w,86=q,3=h
1	204	-3.185657	2	25	oicoupesiccpnepicheiuie|wecuneneiigdeireleingiillfinaecenlidi|neiatiumeueihe|eeuedeifoixeieu|iciuensneekletiineeeficr|pliaoifeiineeeiflerneer|oizeeiheei|piciiilegeetib|wiueourpreaumeueihe|tfcciiebusiiestifedepiceyciir|nenieresouicuneine|lierneedeiresebenacuneetiifpizebeneedeapicqeiieiiihensiineestfeiieredepleii|cicerenepcueiuie|icceteneencueiuie|tiumeueiiihe|lieneeiieicuiziesoiigeietdirii|lpuns|rigetiiheueidiiresnemariadieeeiherieinesuenlpune	5=e,1=i,13=u,0=e,93=h,9=c,02=p,4=n,56=s,03=o,53=d,33=l,36=a,16=f,62=g,43=r,2=w,32=m,23=t,63=x,46=k,96=z,8=b,52=y,86=q
1	205	-3.274701	2	28	cescruimessuaiuessferei|qisraiaieetbieafgieateeggnendsiagebe|aiealeroiriesi|iiribiencehieir|eseriamapahfleeaiiinesn|ugeaceedeeaiiieehfnaiin|cexiiespe|ueseeegitplee|qericrnuafaroiriesi|lnssezermeeimlenibiuesikseen|aiaeinimcresraieai|geinaiibieniideiaasrapleenuesdyaiibiauesedeeieeesiameeaiimledeeinibiugiee|sewniaiuseferei|eswliapaseferei|leroirieeesi|geiapeeiesrexeimceetieilbenee|guram|netileesiriebeenimaioaneabeiiiesineieaimefagurai	5=i,1=e,13=r,30=f,9=s,02=u,4=a,56=m,03=c,53=b,33=g,60=d,43=n,16=n,62=t,2=q,93=s,32=o,23=l,36=a,63=h,50=p,96=x,8=e,52=k,10=z,80=y,90=w
1	206	-2.732054	6	34	eniotaeeuiiareeniretne|heitreretadilelifntlnurueielnen|retantpetire|eetedicenxiet|wotersreeflestreeiuil|esnuencetreeiclelreel|enyeireq|enotleaeanm|nteotlaleutpetire|sciitemtsteeancedeeniebitl|rezelesennitrire|knelreedilesemeruitreestcenyemereedeuenigetitrerstreessceteledealet|oielereaitetne|wiiesereeritetne|hntpetitre|knereetioniuesotaiesenlt|latrs|rnaestretidtlesrepurnueneeirerniresterlatre	5=e,31=n,11=t,0=e,93=r,9=i,21=n,4=r,02=a,61=u,13=t,03=o,43=l,36=u,33=l,46=f,51=i,53=d,62=a,2=h,32=p,63=x,16=c,23=s,56=s,91=o,1=w,01=q,96=y,8=m,52=b,41=z,86=g,3=k
1	208	-3.164226	3	21	alenalelauicennayiauennlaeelei|uinersietuiliflalliebueelllltfpanslleile|kiepuleelluielienli|iieliilietaltlieiel|eneelsixiabllaulefiiitezl|aullepaletaefiiietllorisl|alediienliae|aueneeellcuiaulem|ueelialerlaylapelluielienli|ultnneeamelceeiculetiiliaueniiunefl|kseslicalelenerifi|llesriiiliflicamspneriauleetauedamoiiilipauengaeeieeenlscefiicultaeesliiliaulliee|nenolsiaunelaeelei|ennaulsionelaeelei|uleelluielieeenli|llesiaeeieneledeicaletuieiulilflee|llauerc|kltuiuleenlielieilefliixilulxlepileiiienlsleificelollaueri	5=i,1=e,3=l,0=a,9=n,2=u,24=y,56=c,54=s,36=p,14=f,16=t,46=b,34=r,4=k,94=z,64=x,04=o,96=d,8=m,86=g
1	209	-3.262523	7	25	wuifuiratlinfymainnriiuit|atniseticatutoruutibaiiuuuucoueneuuitui|xtipauiiuuatiutinut|ttiuttutiieucutitiu|iniiuethmburauiotttciqu|wauuiueuiieiottticuugsteu|wuikttinumi|wainiiiuulamauid|aiiumuisryrpiuuatiutinut|aucnnizdiuliitlauicttumainttaniou|xeieutteuiuinistot|uuiestttutouttedepnismauiiieainedgtttutueaindeiitiiinueliottlauieiieuttumauutii|ninguemaniriiuit|infauetgniriiuit|auiiuuatiutiiinut|uuiemiitiniuikitteuicatitautuouii|uraisl|xucatauiinutiutituioutthtuauhuiptuitttinueuitotliuguraist	5=t,1=i,3=u,30=r,9=n,2=a,50=m,24=y,90=f,56=l,0=w,54=e,60=e,14=o,16=c,46=b,34=s,36=p,4=x,94=q,64=h,04=g,96=k,8=d,10=z
1	210	-2.967043	5	30	utsutiuneenssuyeuissiuete|necrdlaneietiuiilkneiiiiatousditet|glonieiinlilsie|elieeilauiailli|wseidepeukiiuntteelnfi|unitoutasteelaiibredi|uthelsies|uiceiianeuntm|neieutriuyiuiniinlilsie|niasseuxiaeeantaeeieuiseencti|gezdieauttcrete|itdreeeietieaumdocreunieauihumbeeeieouisquelesidenteeaniauedieeieuniiee|csbideunciuete|wssunidebciuete|nieiinlilesie|itdeuelctsneautanlenieitie|iiuira|gianeniesililettieepeiniptoeteelsidteteenibiiuire	5=e,31=t,11=e,0=u,3=i,9=s,21=i,24=y,61=n,2=n,54=d,36=o,14=t,16=a,46=k,51=l,34=r,91=c,4=g,94=f,64=p,1=w,04=b,01=s,96=h,8=m,56=a,81=x,41=z,86=q
1	212	-3.114405	7	25	aliualilnemiuuageniuulaiilie|weuireeiiteleslallestiillllcsdauellieli|qeiltliilzeileiule|eeileeleicalcleieil|iuiileexeafllnliseeecikl|nllidalicaiseeeiclloreel|alibeeiuleai|niuiiilletenliy|wiilealirlagladilzeileiule|wlcuuiiayilmiieetliceeleniuepuisl|qeielemaliliuirese|lliereeeleslemayeduirenliicnibayoeeeledniuhaiieiiiulemiseeetlcaiieleelenlleii|uiuoleenuilaiilie|iuunleeouilaiilie|wliilzeileiiiule|llieeaiieiuilibiemaliiteiplelslii|llnirm|qlitpliiuleileielisleexezlxlidelieeeiuleliesemilollnire	5=e,1=i,3=l,0=a,9=u,02=n,24=g,56=m,54=e,36=d,14=s,16=c,62=t,34=r,2=w,32=z,4=q,94=k,46=f,64=x,04=o,96=b,8=y,52=p,86=h
1	216	-3.232718	2	27	airacenesirreweenirmeicie|nerisyeianueideleikniillapgeryliui|qeigtiilneceime|eeceueiaaizeiec|iricyexeekletipeeeaird|enligaiaeipeeeialoseed|aifeeimeei|eniriiilsneetib|niceacdendegilneceime|tarriiebcsiiestiaeueenireenriid|qyiedesacirisepe|liyseeueidesebygriseetiiaenifeboeeuegenirheiieiiimysipeestaeiiedeueenleii|riredyeenrceicie|irretyeorceicie|tiilneceiiime|liyeeiieircifiesaianeietuidii|leniss|danetiimeceiuiideexungdiguieeeimediepescolenise	5=e,1=i,13=c,0=e,93=m,9=r,2=n,24=w,56=s,03=a,53=u,33=l,54=y,36=g,14=p,16=a,46=k,43=d,34=s,23=t,4=q,63=z,64=x,04=o,96=f,8=b,86=h
1	217	-3.000392	5	32	retreasieetzpisettaetei|siteraiensuifaliekseellneuntaleue|qiesmeelsitiedi|iitiuienregieit|etetaibiogamefiiinetu|yslesreenefiiienloriiu|rexiiedie|yseteeelesimec|setirerapaselsitiedi|mnttehcteeeiemeniuisetiisteeu|qaeiuierteterifi|leariiuieuiincasterimeeensetncoiiuunsetcneeieeedaeefiiemeneeiuiuisliee|tezuaisteaetei|etzmaioteaetei|meelsitieeedi|leaieeiettexeierensieimueuee|wasere|unsimeeditieueeuiibussuesueiiiediueifieeauaseri	5=i,1=e,13=t,30=a,9=t,2=s,50=i,24=p,90=z,56=e,03=r,53=u,33=l,54=a,60=n,43=u,16=n,46=k,14=f,34=r,93=d,23=m,36=s,4=q,63=g,04=o,64=b,0=y,96=x,8=c,10=h,3=w
1	218	-2.893406	6	36	ieadriciioaaibiinariuei|ciacseuctenisexcussulpiaineie|wepouscireri|iiriteuiefeir|qarsidiixsiceliieoan|ioepieugliieusmciin|iezierig|inaustciicel|nridrnicndoscireri|ouaauilrtuitceuitiinaiicaun|wikinitieeacili|hesciitenitilspaciiouuinzilmiitipinayiueursioliitouiuinitiicsiu|aainsiicariuei|qaaiosimariuei|ouscireuri|hesiiueaeaoitieuceioienu|sinct|nuciouriretuniidtodepieiierseilitrmsinci	5=i,31=e,11=u,0=i,93=r,9=a,21=n,24=b,61=o,2=c,13=r,03=d,43=n,36=p,14=l,16=u,33=s,46=x,51=e,53=t,54=s,34=c,91=a,23=o,4=w,63=f,64=d,1=q,04=m,01=g,96=z,8=l,56=t,41=k,86=y,3=h
1	220	-2.948586	4	31	pioprietiootheiiontirie|qeoirceiisleintuemsiiuuametocuili|keiesirdereine|eereleiapiweier|ioircezetfutsimeeeaion|iuiepiatimeeeiauxreen|pigeeineti|iioiiiuesetsia|qireprninterdereine|saooiitartiietsiaeleiioeboiin|kcienetprioireme|uicreeleinettaceoiretsiiaiigtaxeeleeiioytiieiiinctimeetsatiieneleiueii|oiotnceiortirie|iootscexortirie|sirdereiiine|uicetiieiorigietpiiseieslinii|uiirt|nisesiinereiliineezedenielieeeineniemetrxuiire	5=e,1=i,13=r,0=t,93=n,9=o,02=i,24=h,56=t,03=p,53=l,33=u,54=c,36=e,14=m,16=a,62=s,43=n,34=r,2=q,32=d,23=s,4=k,63=w,46=f,64=z,04=x,96=g,8=a,52=b,86=y
1	221	-2.954883	4	33	ailattenilzyetillaitie|qelileeiipdemasempiissuiublesidi|weinsitoeteife|eetedeiuaireiet|iliteexecrasimeeeuilu|tsinaiibimeeeiuscleeu|aireeifhi|tiliiisephsii|qiteailayantoeteife|sullikitniiensiuedetilegliiu|weieuenatilileme|sieleedeiueebienlilhsiiutilbiceedentilibiieiiifenimeensibiieuedetseii|lizueetliaitie|ilzseecliaitie|sitoeteiiife|siehiieiltirienaiipeiesdiuii|stiln|uipesiifeteidiiueexeonuindieeeifeuiementcstile	5=e,1=i,13=t,30=a,9=l,02=t,24=y,90=z,56=n,03=a,53=d,33=s,54=e,60=b,43=u,16=u,62=p,14=m,34=l,2=q,93=f,32=o,23=s,36=n,4=w,63=r,04=c,64=x,50=h,96=r,8=i,52=g,10=k
1	224	-3.305725	0	21	uainuaiaumcinnusousinnauiiad|mniaooilmtieauatipsiiaaaaliebuzeaadai|oibsaiiaamitint|riartilualtdia|iniitecoupaausaiiorlinea|usaaibuailuiiorilaaueaerea|uaifrintui|usiniiiaacmusaik|siituaiaeauseaubiaamitint|salnniiukiacidcsailrtusinrsniiea|oedetcuaiainiaoio|aadeaortietcuhebniaousaiilusifukuortbusinquidiiinteciiercsaluideartusatii|ninuetousniauiiad|innustoueniauiiad|saiiaamitiiint|aadouidiniaifdcuailmdstaieaii|aausiaec|ealmsaiintitdaiietcoasbeaiayadrinteadiociaueaausiao	15=d,3=a,1=i,0=u,9=n,2=s,45=o,56=c,25=m,4=e,95=z,36=b,16=l,46=p,35=t,55=r,96=f,8=k,86=q,85=h,65=y
1	225	-3.138838	4	26	wuifuirosinfleslinnriium|oniueeicodierudipliiuuuucieuabeuumui|eixluiiuuoidind|tiutdiiaucdmiu|iniidesespurluiietcineu|wluuiuauiiaiieticureueteu|wuiktinusi|wliniiiuuslsluiq|liiusuiuerlerxiuuoidind|lucnnizqiusimsluictuslintlniieu|eemeutauiuiniueie|uumeuetdieutagexniuesluiiialinayetdualinqaimiiindesiietsluiaimeutusludii|nifedeslniriium|infldeseniriium|luiiuuoidiiind|uumesiminiuikitauicomlduieuii|urliues|eucoluiindidmuiiedseulxeuiuhumtindeumiesireurliue	15=m,3=u,1=i,30=r,9=n,2=l,50=s,4=e,90=f,56=s,25=o,0=w,95=b,60=a,16=c,46=p,35=d,45=e,36=x,55=t,96=k,8=q,10=z,80=y,85=g,65=h
1	226	-2.970525	3	30	euieuienapiientemiiienic|aoitessaiseieiisfnniiiupedeheiicu|esdniniinsisit|wsiaisseisissi|qintertefiienineaspiei|eniudeuseneassiieeieaei|euilsity|emoniiraenuz|nnteuieieneieipiinsisit|nisiinektpcrnusatemianinei|tecetreuuoiest|iiceitaisetregedoiteninsembezetatdemixensniternearnisyceiatenitn|oieettenoienic|qiientteeoienic|niniinsisnit|iictensoubcreusacntuein|iiemier|eisaniniistcinetrtindeuiluasiteuseapieeiiemit	15=c,3=i,11=n,0=e,9=i,21=m,45=t,2=n,61=p,55=a,31=u,4=e,95=h,36=d,46=f,51=s,25=a,16=s,91=o,35=t,5=w,56=r,1=q,01=y,65=l,8=z,81=k,86=x,96=b,85=g
1	227	-2.859371	7	34	glklrinrokiilcoorset|aeeaitmaetireetfiseeelrieuhieetl|itxieseeitetou|qtenusuemette|wosuisilferiesintroie|gieleuesusintmerieinie|glontouy|gceseesililp|iselleiriirereeitetou|iemoebourtsilmnelconiosie|aitienulleeita|eetieanetienudixeeililsucouzanueucopustsouissinsiemytienelieus|ekiuilierset|wokiuilierset|ieseeitetsou|eetilstelornulmatiulies|erceis|iemaiesoetutesiusaeixilenlntouiltinrriercea	15=t,3=e,11=s,30=r,9=o,21=c,50=l,4=i,2=i,90=k,61=r,55=n,31=l,0=g,95=h,60=u,46=f,51=t,25=a,16=m,45=a,91=e,35=u,36=x,5=q,56=s,1=w,01=y,65=n,8=p,81=o,10=b,80=z,85=d
1	228	-3.157293	3	25	aliualilaotiuucsciuulaiiln|ouilssiroeielaleiepiillllriemazellnli|silpliilloieiue|dildeiralrenil|iuiieetsaqllcliisdriuel|cllimaliraiisdirllaeledel|alihdiueai|ciuiiilltoclib|wiiealilelcelamilloieiue|wlruuiiabiltiidplirdecizfuiiel|seneetaliliuilsis|llnelsdeieetagemuilscliircihabasdemciuxainiiiueetiisdplraineldecleii|uiuaeescuilaiiln|iuucesaeuilaiiln|wliilloieiiiue|llnsainiuilihntaliroifelielii|llcilet|elipfliiueienliieetsymelilklndiueelnistilaellcils	15=n,3=l,1=i,0=a,9=u,02=c,45=s,56=t,25=o,4=e,95=z,36=m,16=r,62=p,35=e,55=d,46=q,96=h,8=b,2=w,52=f,86=x,85=g,65=k,32=y
1	229	-2.937751	5	30	wuiquimolinnieiinnmiius|oniueeidoeiamueiaciiuuuudiauahauusui|eiucuiiuuoieine|riureiiaudesiu|iniiealatpuuiuiierdinau|iuuiuauiiaiieridumauarau|wuisrinuti|iiniiiuuloiuif|kiiutuiuauiamniuuoieine|kudnnibfiuliircuidreiihtniiau|easaurauiuiniueie|uusauereiaurayanniueiuiidiinagereniinfaisiiinealiiercuiaisaureiueii|niqaeeinimiius|innieatanimiius|kuiiuuoieiiine|uusatisiniuisirauidoiteuiauii|uuiiual|auictuiineiesuiiaeleznauiuxusrineausielimauuiiue	15=s,3=u,1=i,30=m,9=n,02=i,45=e,56=l,25=o,90=q,0=w,4=a,95=h,60=a,16=d,62=c,35=e,55=r,46=p,50=t,96=s,8=f,36=n,2=k,52=t,10=b,80=g,85=y,65=x,32=z
1	230	-2.859149	6	34	enleniulalluretllieniu|aoiristaisiieiisioniiinaimehiiiun|isioinissisle|zsilisteitissi|wlneirrexiiuinilsalii|uinmentenilstiieiiilii|enlcsleq|etoniiraunb|kneeniiiuiieiaissisle|kitllnefirnlontleethplnii|riuierennoiisr|iiuiirlisieregimoiruintetdeberlemetlyensnleirnrloitquiileuien|oleieruoieniu|wlluereioieniu|kinissisnle|iiurensondureinospeniin|iietiir|inopinliseuinierrsminicnlsleinsilaieiiietir	15=u,3=i,11=n,0=e,9=l,21=t,45=r,02=u,61=a,55=l,31=n,4=i,95=h,36=m,62=o,51=s,25=a,16=t,91=o,35=e,32=s,5=z,46=x,56=r,1=w,01=q,65=c,8=b,2=k,52=p,81=f,86=y,96=d,85=g
1	232	-3.378967	0	26	mesmeipoessilnileswieed|psennehpteumtekleexxhesaifsxeye|neareexpetest|cectehmhtde|eseetsonikxireenchesu|ilxeamehieencehxiuscu|mezcestie|ileseeexopireg|leetmeuiluiaexpetest|rhsseeigeoedorehctilesclseeu|nsdstomeesenen|xdunctestoibsasenireehileziginctailesqiedeeestsoeescorhieductirtee|sesistnilseieed|essiltnisseieed|reexpeteeest|xdniedeseezdomehpdryeuee|xileso|uhpreesteteyeestosylaueaydcestudenoeisxilen	15=d,13=e,1=e,0=i,93=w,9=s,2=l,45=n,56=o,25=p,03=m,53=y,33=x,4=s,95=f,36=a,16=h,46=k,35=t,43=u,23=r,55=c,96=z,8=g,86=q,85=b
1	233	-2.958211	3	34	uiluiauailhclicillaire|ulrttimusinusixciioominrkloiti|tisniiouisils|eresimumser|iliislalilbaniitemiln|wcoisuiiriiteiibanlen|uideipii|wciliiioacinio|ciisurlaclasiouisils|nmllizoraieaniigticilecliin|tlelsaurilrtit|oentesinerflslrliniiircilrylettrcilorieiiilslaiileanirielstinsii|lihlslicliaire|ilhcslilliaire|niiouisiiils|oeliieilrideauimuentinii|qacrla|nmuniilsisitiilsaltcsnisteeilsneitaianacrt	15=e,13=r,1=i,30=a,9=l,2=c,50=i,4=l,90=h,56=a,25=u,03=u,53=t,33=o,95=k,60=r,43=n,16=m,46=x,35=s,45=t,23=n,36=s,55=e,63=b,0=w,93=p,96=d,8=o,65=g,10=z,80=y,85=f,3=q
1	234	-2.829831	3	36	euiceeaooiieanelibces|tieniurasureluyleluoitefilsu|iutmalteuin|wunsurcrnse|kianidneylemaiouoir|emuteureaiourlerior|euiquinc|elpaldteauh|aancerearcolteuin|mriiaexnosdauronelioaiar|nisindeuuieiun|lsriosuindegitienemareldehenontelizeauainidaiodmrcsronemna|pieinneaieces|kiieanneiieces|malteuain|lsneaupudsdeurtsanura|leaeid|rrtmaineusaindisatrequouiniuundeeileaen	15=s,13=e,01=c,93=b,9=i,21=l,0=e,45=n,2=a,61=o,55=o,03=c,31=u,33=l,4=i,95=f,36=t,46=y,51=u,43=r,53=s,16=r,25=t,35=n,11=a,23=m,5=w,56=d,1=k,65=q,8=h,91=p,81=x,86=z,96=d,85=g
1	235	-2.715164	8	42	qrmrainsemiercepali|helleeniteeaceyclcrsuadecir|eenoschlees|xestenonsil|wesseuerefaoseneseu|qornosaslnsfauenu|qredeesa|qctscuirirp|issoleaiuoschlees|onetbkssiuosdtrceniesu|leiunarreleel|ciuenteunagenelerirsaceamenttacepaseseseusenuonaiestross|tmeserielali|wemisereelali|oschleses|ciersetresnarnhiisrus|zaileu|unhosesletsesuetinuldrneesereensauaill	15=i,13=l,01=a,93=p,9=e,21=c,50=r,4=e,2=i,90=m,61=s,55=n,30=a,31=r,0=q,33=c,95=d,60=a,43=u,46=y,51=e,53=t,16=n,45=l,25=h,35=s,11=s,23=o,36=n,03=o,5=x,63=f,56=u,1=w,65=d,8=p,91=t,81=k,10=b,80=m,85=g,3=z
1	236	-2.882315	1	30	oenouiaiennclcenyieur|anullesatesotengeettsenaixntede|leameetaetent|euetesostru|eneetnilihtimeelesens|cteaoesieeleestisnes|oepeentie|ceneeetiaimeb|qeetouscsiaetaetent|msnneeibuierimesetcexwnees|lnrntiouenulel|trsletentiiknanulimeescepibiletacenfiereeentnieeneimsiersetimtee|nenintlcnuieur|ennctlinnuieur|meetaeteeent|trlierenueprioesarmdesee|tcuni|ssameentetedeentilzaseadreentsreliuintcul	15=r,13=u,1=e,0=i,93=y,9=n,02=c,45=l,56=i,25=a,03=o,53=d,33=t,4=n,95=x,36=a,16=s,62=g,35=t,43=s,23=m,55=e,46=h,96=p,8=b,2=q,52=w,86=f,85=k,32=z
1	237	-2.951502	1	34	letlercietteneettreau|ctannemcseslseupeennmesitunede|nelreencesets|oaosemlmsua|eteesuiuaubrreenomets|enelleeieenoeebrsuos|leqoeyae|eeteeasparef|weeslaseurlencesets|rmttezfaieuiremoseethtees|nuuusilaetanen|nusnosesoixultauareemeetignosleetfieueeetsuieeuoireieuusdarsee|tekusnetereau|ettesuautereau|reenceseeets|nuuaeuetaequilemcurdesee|neaui|smcreetsesedeeusinolselduoetssuenierunean	15=u,13=a,1=e,30=r,9=t,02=e,45=n,56=i,25=c,03=l,53=d,33=n,4=u,95=t,60=i,43=s,16=m,62=p,35=s,23=r,36=l,55=o,63=b,50=a,93=y,96=q,8=f,2=w,52=h,10=z,80=g,85=x,90=k,32=o
1	238	-2.968497	4	39	useautnleeteurezduc|deueeitcisuaixruaslepuyeacs|eipriaduien|wincioaoncu|heineleuxaurieniles|urspusouienioausens|usebiend|urpialdtso|kinaustsaladuien|roeeiuoulintsonnuryfeis|eecenlusseueie|acsencienlumepeueuriourguouennpurequiiienelienlrodcsnnurni|peueneteuduc|heetneueeuduc|riaduiien|aceuiipsgclaitifnssi|atuel|sodrienuicienlempsubsnienesieluueatue	15=c,13=u,01=d,93=z,9=e,21=r,0=u,45=e,02=t,61=l,55=n,03=a,31=s,33=a,4=e,95=y,36=p,46=x,51=i,43=s,53=c,62=t,11=i,25=d,35=n,23=r,16=o,5=w,56=l,1=h,65=b,8=o,91=p,2=k,52=f,86=q,96=g,85=m,32=m
1	239	-2.641593	8	46	zenliisannieronmoin|tnisseptaeunapoineaumyenne|earientiant|wattaulutni|fnetesereguieesaanu|zierlemesseguuesu|zencanto|zocenstiel|xetliuiulantiant|iunckhtansiectroyrneu|senusmeenieas|nnuestausmdernisieemonmdesttmonlmeaenteseessiuonettrite|cqetsinioin|fnniterenioin|ientiaent|nnereaceansleparteue|niies|uutientiateetssbruicesanteeaesaueniis	15=n,13=i,01=o,93=m,9=n,21=o,50=r,4=e,02=i,61=a,55=s,03=l,31=e,0=z,33=n,95=y,60=m,43=u,46=p,51=a,30=u,53=t,62=p,11=e,45=s,25=t,35=t,23=i,36=r,16=u,5=w,63=g,56=s,1=f,65=c,8=l,91=c,2=x,52=r,81=h,10=k,80=d,85=d,90=q,96=a,32=b
1	240	-3.159057	2	26	ieleieleinoleeicticleeeilles|nelettlunareiealmclleeeeurpiedeesel|tlpcelleenlalea|slesaluieuasle|lelledotimeeicelltsulze|iceelpieluilltslueegetde|ielysleail|iclellleeonicelf|cllaielheixeipleenlalea|ceueellifleolsocelusaiclescelre|qdldaoieleleletlt|eeldetsaraoifdpeleticelluiclyifitsapiclewilsllleedolrsoceuilldesaiceall|elegaticeleilles|leeicatgeleilles|celleenlalllea|eestilslelelysoielunscaerell|eeiclho|qeuncellealaselraotecebelekessleedesltolegeeiclet	15=s,3=e,1=l,0=i,9=e,2=c,45=t,56=o,25=n,54=d,36=p,14=r,16=u,46=m,35=a,55=s,94=z,04=g,96=y,8=f,24=x,34=h,4=q,86=w,65=k,64=b
1	241	-2.991853	6	31	qeizeintailzysdillniien|tlierricterneeifdiieeeecretlueenei|rixdeiieetieile|iieieiitecenie|iliierhsfendeiiricipe|qdeeieteiitiiriiceeserue|qeiwiilesi|qdiliiieeadsdeia|diieseignynxieetieile|decllibaieainadeiciesdilidlire|kuiueiteieilierir|eeiueriereitauxligsdeiiitdiltorieetdilatiniiileuairiadeitiiueiesdeeii|lilseusdliniien|ilzdersliniien|deiieetieiiile|eeiusinilieiwiiteictndeereii|endiga|kectdeiileieneirearedeheiemeniileueniraiesendier	15=n,3=e,1=i,30=n,9=l,2=d,50=s,24=y,90=z,56=a,25=t,0=q,54=u,60=t,14=r,16=c,46=f,35=e,45=r,36=x,55=i,94=p,64=h,04=s,96=w,8=a,34=g,10=b,4=k,80=o,65=m
1	242	-2.833557	5	36	liuliillsauullslouuilair|mecttomeuiliitplaiiiiourlutiiri|wtrliaiiltitue|ztisitolioitti|yuaitcslpiilliustabi|lliirliofustoiidisti|liuntuef|loeaiicmllid|laelicilkiliaiiltitue|liouualhearclioselousleui|sqtecliiects|iitisseuecldtreislliaolonldlsserlouxlatauesauscliolatiselliea|eudeslleilair|yuullesdeilair|liaiiltitaue|iirslateinrcliomrleiuia|iilocc|wiomliauiteriuecsiligiinistuitirusaidiilois	15=r,3=i,11=a,0=l,9=u,21=o,45=s,2=l,61=a,55=s,31=i,54=t,36=r,14=u,16=o,46=p,51=t,35=e,25=m,34=c,91=e,4=w,5=z,94=b,56=c,1=y,04=d,01=f,65=n,8=d,24=k,81=h,41=q,86=x,96=n,64=g
1	244	-2.932865	5	31	eilaeilientlaaueulaaiellis|nalieelcnifieiifslliiiicfreaoiisil|elisilliinlilai|tlitilceicisli|lallioteexiiuilletclbi|uiilreilcelletlciirieoi|eilatlaiel|ulallliitnuiln|wllieilkiemierliinlilai|wicaallenlitlltsilctiuldpalfi|zoloiteililaliele|iiloietifitenoralieuillculaeneetirulayelslllaiotlletsicelloitiuiill|alarieualiellis|laauieraliellis|williinlilllai|iiseelslalilasteilcnlpiifill|iiulkt|zilspillailisilfiteqihiligistlaioisletliriiulie	15=s,3=i,1=l,0=e,9=a,02=u,45=e,56=t,25=n,54=o,36=r,14=f,16=c,62=s,35=i,55=t,94=b,46=x,04=r,96=a,8=n,24=m,34=k,2=w,52=p,95=d,4=z,86=y,65=g,64=h,32=q
1	245	-2.934600	7	36	qiehiedclessdldessdeeiu|cseillenctsditsteeiiiinsinsuiiuie|leitieeiicetest|eeieteenintuei|eseetlockiidieelenefi|diieinieeneeleeniioilui|qiereesice|deseeeiilcdiep|weeicierdadieiicetest|winssezpeileeetienetdemasesi|gueuienieieseilel|iieuiletsienpuiseildieendesnyletidespneueeesiuleeletieneeuietditee|sesotldsedeeiu|essdtlosedeeiu|wieeiiceteeest|iieuceueseiereenienceatisiee|iiderl|gietaieestetuiestllbioieixiueesiuiuelleioiideil	15=u,3=i,1=e,30=d,9=s,02=d,45=l,56=l,25=c,90=h,0=q,54=u,60=n,14=s,16=n,62=t,35=t,55=e,94=f,46=k,50=c,64=o,04=o,96=r,8=p,36=i,24=a,34=r,2=w,52=a,95=m,10=z,4=g,80=y,65=x,32=b
1	246	-2.810086	8	41	uosuoilsassleurssiueia|tcyrluteniuienteiiiiunousriiao|wlitieiililse|zlisiluuiuilli|kseirdeuxiilonslami|lioououansluiinieri|uosslsea|urceiidtlog|peeuoyiupiuiaiililse|piusseufidestouseurchcni|ebreduoocyle|ioriesenedugrocielieuurdugueseoursquelesirdeestiuueriseliee|csneelciueia|kssleenciueia|pieiililese|iiaeuelcodaduietlheinie|iiuryd|wothiesileaonedeiimoisoslsiriansainiiurie	15=a,3=i,11=e,0=u,9=s,21=r,45=e,02=l,61=a,55=s,31=o,54=r,36=o,14=n,16=u,62=t,35=e,25=t,51=l,34=y,91=c,32=i,4=w,5=z,94=m,46=x,56=d,1=k,04=n,01=a,65=s,8=g,24=p,2=p,52=h,95=c,81=f,41=b,86=q,96=d,64=m
1	248	-3.150695	1	29	ailaaeosilletdetilheiau|oladdimosinasibtiirrmpnelcrifi|dintiiroisils|eaesimamsua|iliacsdebretiidemiln|etrinaimeiideimryken|aiweilsei|etiliiirsoetig|tiisaanetneniroisils|tmlliiegasiustimesetiletliin|qcicssaailadid|rundespssegcnladetiimetiwegedesnetilzeiuiiihcsipestmeiunesetsii|lilysdetlaeiau|illetsdylaeiau|tiiroisiiils|rudeiuilaiwusaimoutfinii|retiks|nmotiilsisifiinexftnninfueilsnuidsayretad	15=u,13=a,1=i,0=e,93=h,9=l,2=t,45=d,56=s,25=o,03=a,53=f,33=r,54=c,36=n,14=p,16=m,46=b,35=s,43=n,23=t,55=e,34=k,04=y,96=w,8=g,4=q,86=z,64=x
1	249	-3.005697	4	37	oiooiudniobmecioouinc|donttilduisouimciiaalisdoraiii|titsiiadiuiou|eneuilolucn|ioinrntplusiitelios|kcaitoiidiiteilapres|oiweifei|kcioiiiancesia|ciiuoirumutiadiuiou|slooixannicnsiiyiecioecoiis|grirunoniontit|acsteuisedartoiresiiidciodapeiidcioadiciiifrnihensidiiruiesuii|oibsrecoiuinc|iobcutpoiuinc|siiadiuiiiou|aireicioniwcnoildcsiisii|qucirn|sldsiiouiuiiiisezictsiticeiouscitniusucnt	15=c,13=n,1=i,30=u,9=o,2=c,50=e,24=m,90=b,56=n,25=d,03=o,53=i,33=a,54=r,60=d,43=s,16=l,46=m,35=u,45=t,23=s,36=t,55=e,63=l,04=p,34=r,0=k,93=f,96=w,8=a,65=y,10=x,4=g,14=h,3=q,64=z
1	250	-2.861578	4	40	eacneerioccertescsdeu|dbornirtnleungrauuimyecruua|qnylaudence|knetninieue|wberctegueraminocl|elayeaidminiusoil|eacmnced|esbaucderap|raenelerlnoudence|liccaexeoucraiieescircal|tzreceaabont|uultiemeceprycetelaiespepetieyescheanacetomiclidulieelea|bcsetercedeu|wcceretscedeu|laudenace|uuteanbapuceaidureala|uesoc|lidlaceentaliftrylemainsrantcesueret	15=u,13=e,01=d,93=s,9=c,21=s,0=e,45=t,2=r,61=o,55=i,03=n,31=a,33=u,54=r,36=y,14=m,16=i,11=a,46=g,51=n,43=l,53=t,34=o,91=b,25=d,35=e,23=l,4=q,5=k,56=c,1=w,04=s,65=m,8=p,81=x,41=z,86=h,96=p,64=f
1	252	-2.969392	2	33	oenonumiennclcenfuenu|mnnlletmtelotageesstarunssede|lerreesmetent|anatetottun|enensiluzsureelatenl|cseroetueelaetsipal|oeqaentue|ceneeesimuree|beetonlcluresmetent|rtnneeuenieuiretatcexwneel|ksestionennlel|sullatatiuesrnnlureetcequeulatrcenyueueeefsieaairtueulaturtee|nenitlcnnuenu|ennctlinnuenu|reesmeteeent|sulueuennequioetmurdelee|scepi|ltmreentetedeatilhrlerduaentlueliniscnl	15=u,13=n,1=e,0=u,93=f,9=n,02=c,45=l,56=i,25=m,03=o,53=d,33=s,54=s,36=r,14=a,16=t,62=g,35=t,43=l,23=r,55=a,46=z,34=p,04=i,96=q,8=e,2=b,52=w,95=x,4=k,86=y,32=h
1	253	-2.948206	2	37	telteouiellcncelloeur|ulunnenuiertifleeccnerdlacede|nesmeecueieli|auaientniru|eleuainekomeenanelr|ccesteedeenaencesar|tezaexte|celeeuiltmeo|qeeitesoposecueieli|mnllehouierimenaicembleer|waeaiituelunen|crrnaieradoaslestmeenceldynaiscelodereeexaiefaimedeeaidtmiee|leleincleoeur|ellcineleoeur|meecueieeeli|ceatereluezritenurmderee|ccesi|rnumeelieiedefiingsresdraelirreniueccun	15=r,13=u,1=e,30=o,9=l,02=c,45=n,56=i,25=u,03=t,53=d,33=c,54=a,60=d,43=r,16=n,62=l,14=f,35=i,23=m,36=s,55=a,63=k,04=e,34=s,50=t,93=x,96=z,8=o,24=p,2=q,52=b,95=m,10=h,4=w,80=y,32=g
1	254	-2.807140	5	43	erspoacassanensanou|lsonnetkimpelterrilsesurur|xisterloise|wiekiipieuo|bpousnefrarlciasm|etrserinlciirdocm|ershisen|enperslard|zeepomamparloise|tisseedosectriceengtsem|nqueserrpoin|rumncelesedussoneteiencedencesensmeeiesenalcstinumceetee|psdenasonou|bssaendsonou|terloiese|runeeiprcuspetiterme|renos|milteaieurlesnysmohrciaurinsodraon	15=u,13=o,01=n,93=a,9=s,21=n,0=e,45=n,02=a,61=a,55=c,03=p,31=r,33=r,54=u,36=s,14=l,16=i,11=e,62=t,35=e,43=m,51=i,53=k,25=l,23=t,4=x,5=w,46=f,56=s,91=p,1=b,34=o,04=d,65=h,8=d,2=z,52=t,95=g,41=q,86=m,96=c,32=y
1	258	-3.131682	2	20	nalnaentiifllntrincllenoai|tigeririoutiesreneesrutoeeeafreunlireaia|rseuteoeetseslei|iseiieiounauesse|qloeiriurinrueenteoriisflre|nteaeuneounoriiioueenreriire|naluisleix|ncgoeeiutintem|toeinaerentrenefeetseslei|taullonzeiuoiiuteouiieincliitlore|riwireiiunaagersri|eaireriiiesreiiudireugerintaouncludnriiieieuncyunosoleiriuoriiiutaunoireiieinteeio|glnreirintgenoai|qllnteirinrgenoai|teoeetsesolei|eairinosgalfiiuneoutsiteiareo|eenceriu|rautiteolesesieoreiiurieteuraeuiaiisleirasriifenreenceri	5=i,31=a,11=o,0=n,3=e,9=l,21=c,4=r,2=t,61=f,6=u,51=s,91=g,1=q,01=x,18=m,81=z,41=w,98=y,08=d
1	259	-3.119264	6	26	zlflstiipcftuedccsali|timeuiuiantiesuseesuntaeeelpuerciuelil|usenteaeetsescei|iseiieiarlnesse|gcaeiuinueunesteauiispcue|ztelerearauiiianesueuiiue|zlcnisceio|zdmaeeintetex|taeeleustusepeetsescei|tlncmyheinaiinteaniieedciitcaue|uiwiueiirllmeusui|eliueuiiiesueiinkiuenmeuetlardcrquiiieierdbrasaceiuinauiiintlraiueiieeteeia|mfueiuetmsali|gcfteiueumsali|teaeetsesacei|eliueasmlcpiireantsiteiluea|esdeuin|ulntiteacesesieaueiinuietenuleniliisceiulsuiipsuesdeui	5=i,31=l,11=a,30=s,9=c,21=d,50=e,4=u,2=t,90=f,61=p,0=z,3=e,60=r,6=n,51=s,91=m,1=g,01=o,18=x,81=h,10=y,41=w,98=b,80=q,08=k
1	261	-3.098993	6	20	yelbeletiiclaatritlaaulleli|pialeririlloieilrueeilrolleeeelclrenaireeliel|rileoellesileilaei|iileiieillnelceilile|lalleiricrfrceetellriiilclare|teelenellnllriiillceureriire|yelaciilaefl|tlallleeioiteq|pllefeleretrueclesileilaei|pelcaallhleiclliioellciieitlaidallre|rirlireiinelelalerilri|eelireriiieilreiichirecaleritelllctlangriiieiectlmnllilllaeiricllriiioelnllireiieiteeill|albreiritalulleli|laateirfralulleli|pellesileilllaei|eelirfllilalelacliinelloildeielrell|eetleric|relodellaeileiliellreiicrisecrelecieliiilaeirelilriiclureetleri	5=i,1=l,3=e,30=u,9=a,02=t,4=r,6=c,90=b,0=y,60=n,62=o,2=p,32=s,50=f,18=q,52=d,08=h,98=m,80=g
1	262	-3.188686	6	24	tantaemiicnnmlitonnetrai|zidelilirpieuleteeulpreeeaclestnileaia|lueperequeunei|iueiieirstaseuue|xnreilislitlseemerliiucnle|meaesterstrliiirseetleliile|tansiuneik|todreeipimeh|zreitaelemletecequeunei|zasnnrtfeisriipersiieitonignrle|liwileiistaadeluli|eaileliiieuleiisbilesdelimarstonsbtliiieiestoystrurneilisrliiipastrileiieimeeir|dntleilimdetrai|xnnmeilitldetrai|zerequeurnei|eailitrudanciisterpugeialer|eetoelis|lapgerneueuierleiisliqeslaesiaiiuneilauliicetleetoeli	5=i,31=a,11=r,0=t,3=e,9=n,21=o,4=l,02=m,61=c,6=s,62=p,51=u,91=d,2=z,32=q,1=x,01=k,18=h,52=g,81=f,41=w,98=y,08=b
1	265	-3.273360	3	24	yicyioleeticxldaliccoisie|lecsdedeiitlreidoueidtliiuuitinhceduiri|destpiiuleseime|eesereiityifeies|icisedetdadfopiideeeiticn|qlustyiihiideeeiifondeen|yicteeimai|qliciiiuetlapb|liseysdolnytiuleseime|pitcciigsetiieetpiiteraliceelciin|dedieneetysicsdeide|uiendeereineetgentcsdapiiihlichwdeerrhlikhiieiiimedetiideeetpihiieneralueii|cixnedalcioisie|icxpedadcioisie|piiuleseiiime|uiedaiieicsictieetyiitleieprinii|zolsdet|nitlepiimeseiriineetdrptnstrieeeimenieideetionolsde	5=e,1=i,13=s,30=o,9=c,2=l,50=a,4=d,90=x,6=t,03=y,53=r,33=u,60=h,43=n,93=m,23=p,63=f,0=q,18=b,08=g,98=k,80=w,3=z
1	266	-3.091182	4	27	acoarauiimooausiapofasci|uiorsisiseuletadeseprdcmteaoitcic|sirensduirefi|iiriliseacgeir|qzrisiesiasedanssiiemot|audreaseassiiisedatsiit|acoeiefix|apzsdieuiany|priartautamduirefi|uceoosbriesiienseiliapoiiuost|sikitiieaccorsesi|wcitsiiletiiebiteorsiaucseapoebasiilleapheasesfisiessiiieuceasitiliaudis|zoatisiauorasci|qooanisiasorasci|nsduiresfi|wcisiasezcomiieaseueinicts|daursie|sceuinsfirelstiieslnetreiciiefiscesiierasdaursi	5=i,31=c,11=s,0=a,93=f,9=o,21=p,4=s,2=u,61=m,13=r,03=a,43=t,6=e,33=d,51=e,53=l,23=n,63=g,91=z,1=q,01=x,18=y,08=b,41=k,98=h,3=w
1	268	-3.201619	2	22	piopureenioorleriodsiuie|heouleleiimfeitsceilmiiccinitnsoelcifi|leunaiuyeueide|eeuefeiinpixeieu|ioiuelenleslncsaiileeeiniot|rcunpiinsiileeeiincstleet|pioneeidesi|rioiiicemesab|hiueputrtpnuyeueide|ainooiigueniieenaiineferioeqoiit|lelieteenpuiouleile|cietleefeiteengetnoulesaiiinriongsleeffnriknsiieiiideleniileeenainsiieteferceii|oiostelerousiuie|ioosaeleslousiuie|aiuyeueiiide|cielesiieiouionieenpiimeieafitii|crulen|timeaiideueifiiteenlfantunfieeeidetieileenuslcrule	5=e,1=i,13=u,0=s,93=d,9=o,02=r,4=l,6=n,03=p,53=f,33=c,43=t,62=m,2=h,32=y,23=a,63=x,18=b,52=q,08=g,98=k
1	269	-3.130662	2	26	nilntseeaillsresilloitie|qeltrereiihceirodeirhiiddiaiuslerdici|retamitzeteife|eeteceiianipeiet|iliterearerpomiireeeiailu|sdtaniisiireeeiipoureeu|nilaeeifei|siliiidehemw|qitentusunatzeteife|mialliibteaiieeamiiaecesilegliiu|rerieueeantiltreire|dieureeceiueeabeualtremiiiasilsyreeccasixsiieiiifereaiireeeamisiieuecesdeii|likuereslioitie|ilkmererlioitie|mitzeteiiife|diereiieiltilaieeaniiheiemciuii|dstrea|uihemiifeteiciiueearcmautacieeeifeuieireeaiordstre	5=e,1=i,13=t,30=o,9=l,02=s,4=r,6=a,03=n,53=c,33=d,60=s,43=u,62=h,2=q,93=f,32=z,23=m,63=p,50=e,18=w,52=g,08=b,98=x,80=y,90=k
1	270	-2.880578	7	31	ouialaiisiianioritonui|wiilninintdesomenerlmusseoiisuiu|niltulxileti|iilidineoupeil|bqlinienionemornniiesis|amleaneonniiinemosniis|ouieietif|orqnmitiory|rlialsasaelxileti|wueiinclieniierneidioriikins|nihisiieouuilneni|zuisniidesiieciseilniauneorieconiiddeorgeonentinienniiitueonisidiamin|qiosiniailonui|biiorinionilonui|wulxilenti|zuinionequisiieanteiriusn|malnie|nutirntilednsiiendresleiuiietinueniielonmalni	5=i,31=u,11=n,0=o,93=t,9=i,21=r,4=n,02=a,61=s,13=l,03=a,43=s,6=e,33=m,51=e,53=d,62=t,2=w,32=x,63=p,23=r,91=q,1=b,01=f,18=y,52=k,08=c,41=h,98=g,3=z
1	273	-3.189627	7	22	wligliaueecingypuinnaiilie|uenimreiicueletalletcuiillllictlonrllieli|feilculiillueileinle|eeileeleiiolicleieil|iniilredesclauliteeeicibl|wulliloliioiteeeiicllsmerl|wlinceeinlpi|wuiniiillecupulx|uiilplimayalcillueileinle|ulicnniihileciieeculiiceelpuineeunitl|frirleeolilinimete|llirmeeeletleechrlcnimpuliiiouinchseeelelouikoiieiiinlreciteeeculioiirleelpulleii|ninslrpuniaiilie|ingulresniaiilie|uliillueileiiinle|llirpiieinilincieeoliicueieuleltlii|lauimec|flicueuliinleileielitleedeluldlilcelieeeinlrlieteecilslauime	5=e,1=i,3=l,30=a,9=n,2=u,50=p,24=y,90=g,6=c,0=w,54=r,60=o,14=t,34=m,4=f,94=b,04=s,64=d,18=x,08=h,98=k
1	274	-3.064336	5	27	atrateaniicrrayiamrreauti|nioasiuenieileaeeilenueeeteleearsetit|qseeneueensesrei|iseiieiueateesse|kruesixideeeantliische|aneteeaeuegliiiueeedaise|atreisreig|amoueeienianep|nueiataeayeaeceensesrei|nterruazeieuiieneueiieiamriinole|qiwseiieattoaili|etsaiiieileiiefseeoaiantueamrefdiiieieeambeausuresicliiienteauseiieianeeiu|ordesianoeauti|krranesidoeauti|neueensesurei|etsiausotrciieaeuensineieleu|eeamaie|qtenineuresesitleiixienexteeitiisrestiliicedeeamai	5=i,31=t,11=u,0=a,3=e,9=r,21=m,24=y,61=c,2=n,54=s,6=e,14=l,34=a,91=o,51=s,4=q,94=h,04=d,64=x,1=k,01=g,18=p,81=z,41=w,98=b,08=f
1	276	-3.162197	7	22	aliualildeeniuuapediuulaiilie|weuitceiiselerlallersiillllinrlnaucllieli|keilsliilfeileiule|eeileeleiinalinleieil|iuiilcemeonlldlireeeinihl|dllilnaliinaireeeiinllotecl|aliuneeiuleai|diuiiillesedlz|wiilealitlaplalnilfeileiule|wlinuuiibileniieesliineelediuequirl|kcicleenaliliuitere|llicteeelerleenbclnuitedliiindiunboeeelelndignaiieiiiulcenireeeslinaiicleeledlleii|uiuolceduilaiilie|iuudlceouilaiilie|wliilfeileiiiule|lliceaiieiuiliunieenaliiseiqlelrlii|llditen|klisqliiuleileielirleemeflmlilnelieeeiulcliereenilolldite	5=e,1=i,3=l,0=a,9=u,02=d,24=p,6=n,54=c,14=r,62=s,34=t,2=w,32=f,4=k,94=h,04=o,64=m,18=z,52=q,08=b,98=g
1	280	-3.299202	2	24	getgruliiaettukiuletduerei|litefoieealpiecunixaleenneaecautonepe|wirameenliriedi|iiripieeageyieir|eteroihisanumexiiieaetc|ulnrageeauexiiieeansfiic|getaiiediue|uleteeenialiumq|lerigrculcgaenliriedi|meatteebriaeeiiameeaipiuletiilteec|woeiciiagretefixi|neofiipieciiabicatefiumeeeauletabsiippaulezaueeieeedoiaexiiiameaueeicipiulniee|tetucoiultruerei|ettumoistruerei|meenlirieeedi|neoiueeietretaeiiageealieimpecee|nulefia|cealimeediriepeeciihpmacrapeiiiediceixiiarsnulefi	5=i,1=e,13=r,0=u,93=d,9=t,2=l,24=k,6=a,03=g,53=p,33=n,54=o,43=c,14=x,34=f,23=m,4=w,63=y,04=s,64=h,18=q,08=b,98=z
1	281	-3.167140	5	29	sinsisalleinwymainnsitil|alniculiieaalostloeaiittieiennutiai|kltepiitaltlifl|lltlaliiesidlilt|initulxlrdspiolllieine|hattesiiniollliietrclle|sinellifmi|hainiiitleampq|aitlsicsaeseitaltlifl|pienniibtleiillepiielamainllaniie|kuilellestiniclol|tiucllaliellebleenicmpiiinainebrllaanaigniiliiifuleiolllepiniilelamatlii|niweumanisitil|inwpulrnisitil|piitaltliiifl|tiumiilintineillesiiealilpaieii|zsaicle|eiealpiifltliaiiellxapeeteailllifleilolleisesaicl	5=l,1=i,13=t,30=s,9=n,2=a,50=m,24=y,90=w,6=e,03=s,53=a,33=t,54=u,60=n,43=e,14=o,34=c,93=f,23=p,4=k,63=d,04=r,64=x,0=h,18=q,08=b,98=g,3=z
1	282	-2.829682	7	33	insctieiiossigiisstieni|eifalieuedunirirustrnonuisinnin|xitulereituti|iitidieuinhuit|zftlimiaurienriiuosn|iertuceubriiieuraaiin|insuiutib|isferiueiily|stictniencoreituti|enusseptiueiiuleuidiissiiesen|xikiniiuinnfairi|wnlaiiduniiupinufaiieneuissupaiidduisquieuetlioriiiuenuieinidiierie|fsinliiestieni|zssilliastieni|lereitueti|wnliieufnsoiiuceueuilinne|risaiu|xnueiletitudeniimdluntuiniiutlniriiutarisai	5=i,31=n,11=e,0=i,93=t,9=s,21=s,24=g,61=o,2=e,13=t,03=c,43=n,6=u,33=r,14=r,51=u,53=d,54=l,34=a,91=f,23=l,4=x,63=h,04=a,64=m,1=z,01=b,18=y,08=p,41=k,98=q,3=w
1	284	-3.019938	4	28	aieatseenieeshesiensitie|keeirdeiibleiuscembiicciniunsedcili|wetnaitpeteine|eeteleiinaizeiet|ieitdegeoncsaimeeeinieu|sctnaiinsimeeeiincoreeu|aieneeinesi|sieiiicebesaf|kiteatusuantpeteine|aineeiiyteniieenaiinelesieexeiiu|wdieueenatieireme|cidreeleiueenyeuneiresaiiinsienyoeellnsiqnsiieiiindenimeeenainsiieuelesceii|eiesudesetsitie|ieesadeoetsitie|aitpeteiiine|cidesiieietienieenaiibeiealiuii|csiren|uibeaiineteiliiueeglanutnlieeeineuiemeentocsire	5=e,1=i,13=t,0=s,93=n,9=e,02=s,24=h,6=n,03=a,53=l,33=c,54=d,43=u,62=b,14=m,34=r,2=k,32=p,23=a,4=w,63=z,04=o,64=g,18=f,52=x,08=y,98=q
1	285	-3.136147	4	31	tintesuueinwpusinncieiu|zuniiauiimourcsurmiissieitrnasioi|gueeniequeuilu|uueuouiietiyuiue|inieaubuaycniruuuieint|sseetiiriruuuiiesaiuut|tineuuilfi|siniiisumfnk|zieutetstteequeuilu|nienniideueiiuueniieuousinuhniit|gaiutuueteiniiuru|siaiuuouituueduteniifniiiesinedauuooesixriiuiiilaueiruuueniriiutuoussuii|niwtausnicieiu|inwnauanicieiu|niequeuiiilu|siafiiuineineiuuetiimuiunoitii|ssiiue|timuniilueuioiituuboneteeoiuuuilutiuruueeassiiu	5=u,1=i,13=e,30=c,9=n,02=s,24=p,90=w,6=e,03=t,53=o,33=s,54=a,60=r,43=t,62=m,14=r,34=i,2=z,93=l,32=q,23=n,4=g,63=y,04=a,64=b,50=f,18=k,52=h,08=d,98=x
1	289	-3.176197	4	23	wiekiemlusetklaclettmeeid|pteiooeespreamireasleeiiiieseainhaiidie|oeislieeiiperetr|ueiureeniesrdei|eteerosacasimlieeouesetai|wliieinieeneeoueesimaiauai|wietsuetice|wleteeeirslcliq|leeicieiamlamiseiiperetr|liestteegerseeuslieesuicletulteeai|oadaiunieieteioeo|iidaioureaiunfaisteiaclieeenletnyourinlexnedeeetroseeouslienedaiuicliree|tekaracltemeeid|etklracatemeeid|lieeiipereeetr|iidacedeteietseunieespdlrieaiee|imleios|aiesplieetrerdieeaiusoilisaieibiduetraideausemaimleio	15=d,3=i,1=e,30=m,9=t,2=l,50=c,4=a,90=k,6=s,55=u,0=w,95=h,60=n,35=r,25=p,45=o,18=q,08=g,98=x,80=y,85=f,65=b
1	290	-3.089045	3	27	rmlrmircnullrctrollireis|dhitteadisairiisaaceiiimuaiarfaiism|asiacieiicsisle|zsineearmaissi|wleetatraaiircieansulai|rcimiariearetneaiiraianai|rmlkslex|roheieadrciq|ceermiaircairiuiicsisle|cmallergeaenacieanerolncleai|tasainarmmhiast|iisaitnisainarbaiahitrcmearolaprtneiaroyareseletaetnacmaxsainerciee|hlraetrchireis|wllrcetrahireis|cieiicsisele|iistreshmlunarieadscemaie|iiroita|amadcielisesieainaticiaamikmnsleamsanuiraiiroit	15=s,3=i,11=e,0=r,9=l,21=o,45=t,2=c,61=u,55=n,31=m,4=a,95=f,6=a,51=s,25=d,91=h,35=e,5=z,1=w,01=x,65=k,18=q,81=g,98=y,08=p,85=b
1	291	-2.914568	7	32	qnwnsitlewintdeesueo|puessuapeinseeinaiueeenlnearneeon|nieaieueeiieier|kietruanaeiie|feursantnaesieuntilene|qieneaeuaustuaesnentne|qnemierc|qduueraitiez|iuetnensinseleeiieier|inaeuxgrautaieuatetdetieune|snonetannuenis|eeonesteinetayneauentinuadeabstreadhauiuersaustainaconetetieru|uwnrntiusueo|fewirntnusueo|ieueeiieiuer|eeontuiuneltaeuapoirnneu|esdesa|nnapieueeiroeunetaseieannemntiernnintlsnesdes	15=o,3=e,11=u,30=s,9=e,21=d,50=t,4=n,2=i,90=w,61=l,55=t,31=n,0=q,95=r,60=a,6=a,51=i,25=p,45=s,91=u,35=r,5=k,1=f,01=c,65=m,18=z,81=g,10=x,98=h,80=b,85=y
1	292	-3.098157	3	22	nuilnuiuaseillarailluniiuc|dliurriiedtiounutioyiiuuuuieiouengouucui|riuyuiiuuditilt|siustiienuietciu|iliitrernoeuuauiirsieilou|auuiuenuiieniirsiieuunouosou|nuilesiltni|ailiiiutedaup|ziitnuiuouaounueiuuditilt|zuielliimiteiisyuiiestaigfliiou|rocousenuiuiliurir|uucourstiousenboueliurauiiieailemnrstueaixeniciiiltreiirsyuienicoustautii|lilnotraliuniiuc|illatrnoliuniiuc|zuiiuuditiiilt|uucrniciliuileisenuiiediftuiouii|uuaiure|ouiyfuiiltitcuiiouserqueouiuhucsiltoucioseiunouuaiur	15=c,3=u,1=i,0=n,9=l,02=a,45=r,6=e,55=s,4=o,95=g,62=y,35=t,25=d,18=p,2=z,52=f,08=m,98=x,85=b,65=h,32=q
1	293	-2.973866	5	27	kniwninetailleseillgiinu|olinssiiaosiegnsieaiinnnniaiencyennuni|sinaniinnoisils|tintsiicniasuin|iliissaereanneniistiailen|ennincniiciistiiangeneten|knilatilnri|eiliiinsaoend|biinrnineneegnainnoisils|bnialliipisaiitaniiatseiymliien|seuentcninilinsis|nnuenstsientczenalinseniiiaeilchstsnaeixciuiiilssaiistaniciuentsensii|liwesseligiinu|illesereligiinu|bniinnoisiiils|nnueriuilinilaitcniiaoimsnienii|nneinsa|eniamniilsisuniientasqnaeninfnutilsenuietaigenneins	15=u,3=n,1=i,30=g,9=l,02=e,45=s,6=a,55=t,90=w,0=k,4=e,95=y,60=c,62=a,35=s,25=o,50=r,18=d,2=b,52=m,08=p,98=x,80=h,85=z,65=f,32=q
1	294	-2.983254	6	31	enienirsciirreniiieuil|tairrustidaieiidaouiiincaisemaiiln|adioiuifdidie|gdiseusensiddi|wiuersreasiiriuasdciai|riniseiuseursusiieaiasai|eniydiep|enauiestrib|kueeniairaieicifdidie|knsiiuezesusoiusseenmtiuai|ralaissennaiadr|iilairsidaissexaisairrnusenisherseisenqseuduiersursonsplaiserieu|aieaerraieuil|wiirereaaieuil|kiuifdiduie|iilreudanicsseiuodtenaiu|iienirs|anotiuiideliuaissrfisaniynsdieandascieaiienir	15=l,3=i,11=u,0=e,9=i,21=n,45=r,02=r,61=c,55=s,31=n,4=a,95=m,6=s,62=o,51=d,25=t,91=a,35=e,32=f,5=g,1=w,01=p,65=y,18=b,2=k,52=t,81=z,98=q,08=h,85=x
1	296	-3.414430	0	23	yilyeursaillurdurilkuiec|tleddiiatoinyoipariiffiainauxpfihi|deamiiftioilo|sesoiiayiaoce|iliiodadupafumiidsiailn|urfeayiiauiidsiiafunpsn|yilasiloui|uriliieoatumq|riioyenurnyaiftioilo|mialliibioaiisamiiasourilsrliin|dpcnsayeiledid|fcndsoinsaugnaledumiiiaurilabupshhauriwauiciiilodaiidsamiauicnsoumoii|lilupodurleuiec|illurodupleuiec|miiftioiiilo|fcduicileilaisayiiatcmhinii|fureda|niatmiiloioihiinsaphmaneahcsiloncipsaeupfured	15=c,13=e,1=i,0=u,93=k,9=l,2=r,45=d,6=a,55=s,03=y,53=h,33=f,4=p,95=x,43=n,35=o,25=t,23=m,18=q,08=b,98=w,85=g
1	297	-2.855324	3	31	uenueratienzaeraennresm|lnsnneeilteauteeiaeesseieacbeseie|nsideesletent|tstteeiueitms|eneetniereprdeenteiena|kassiueeceenteepraeta|uenitegre|kaeneestiardq|aeetuseraauiesletent|deinneefetieetideeoiraentaneea|nematiusensnen|smantteatchainserdeeecaencyetiicaexcemeeentnieentidecemetirdtee|nezeteraneresm|enzatereneresm|deesleteeent|smeremensenietiueeilmdieaee|wrasni|aeildeenteteieeatieidiasiimtentameetierarasn	15=m,13=s,1=e,30=r,9=n,2=a,50=r,4=e,90=z,6=i,55=t,03=u,53=i,33=s,95=b,60=c,43=a,35=t,25=l,45=n,23=d,63=p,0=k,93=g,18=q,65=o,08=f,98=x,80=y,85=h,3=w
1	298	-3.056161	2	32	aiideanauiiantamigneu|hiettelnorsacrtlmeciuslaftcui|telrecheris|aeaselailsue|xiestltatlcaretaruis|anceldelaetaelcastas|aiiprisn|amieeslharq|nesdesansducheris|niliieayslealrelasamianies|ttusalaiiietrt|custaorsalakslietanielamilzataoolamblaereistletalnilnusasarse|wiatstanieneu|xiianstatieneu|rechereis|cutaerwiiualdelhunsise|canetl|tilhreiseroesaltorlsepiaristirtaleatcanet	15=u,13=e,01=n,93=g,9=i,21=m,0=a,45=t,2=n,61=u,55=a,03=d,31=i,33=c,4=t,95=f,6=l,43=s,51=r,53=o,11=e,25=h,35=s,23=r,1=x,65=p,18=q,81=y,98=b,08=z,85=k,91=w
1	299	-2.891476	7	39	kufuelsreflincezdeu|neessialatieotiaceourcdyiouu|seationetel|seslidualue|qeilsainipetiistrec|kloeamidissipecisc|kuerteld|kceielalntm|lilmeielcmronetel|luaegxplaisatirancesleic|siucsduueeits|oucisatcsdocaeeinluidcedhisaadcbditielsaissaluaduilantli|gfilinleedeu|qefllinieedeu|tionetiel|ouinitguersamianulluci|welesa|iuantieletaicsaiatacerusteliutisreceles	15=u,13=e,01=d,93=z,9=e,21=c,50=n,4=i,2=l,90=f,61=r,55=s,30=e,31=u,0=k,33=o,95=y,60=d,43=c,6=a,51=t,53=a,11=i,45=s,25=n,35=l,23=t,63=p,1=q,03=m,65=r,18=m,81=p,10=x,91=g,98=b,80=h,85=o,3=w
1	300	-3.110211	1	26	silssadeillacailhoist|mlscciiemeiuseiryiiffieiueokrfini|csepiifmieile|dsdeiiesieets|iliiececorefopiicdieilu|afsesiieoiicdiiefourdu|siledileoi|ailiiseemopb|ziiessuauseifmieile|pielliigieeiidepiiedeaikwliiu|crtudessilscic|ftucdeiudeoquelscopiiieailegordnneaixeoitiiileceiicdepieoitudeopeii|lilorecalsoist|illaecorlsoist|piifmieiiile|ftcoitilsileidesiiemtpniuii|fasce|uiempiileieiniiudernpeusentdileutirdesorfasc	15=t,13=s,1=i,0=o,93=h,9=l,02=a,45=c,6=e,55=d,03=s,53=n,33=f,4=r,95=k,43=u,62=y,35=e,25=m,23=p,18=b,2=z,52=w,08=g,98=x,85=q
1	301	-2.967694	1	31	tirttnleirrnunirraitd|frtuuiiefaictaiigiinnieicominisi|utesiinfiaira|ltlaiietieadt|iriiaueieirasiiulieirc|nntetiioiiuliiracilc|tirelibei|niriitagesq|ziiattcncteinfiaira|sierriihiaeiilesiielanimpriic|uidclettirtuiu|ndculaiclowcertiesiiieniroyilssenikoidiiiraueiiulesioidiasesaii|rixiaunriaitd|irrnaieiriaitd|siinfiaiiira|ndieidirtireiletiiefdssicii|nntue|ciefsiiraiaisiicleissectesdliracdiileiainntu	15=d,13=t,1=i,30=a,9=r,02=n,45=u,6=e,55=l,03=t,53=s,33=n,4=i,95=m,60=o,43=c,62=g,35=a,25=f,23=s,63=r,50=e,93=b,18=q,2=z,52=p,08=h,98=k,80=y,85=w,90=x
1	302	-2.946822	4	35	ileounemeenaisedous|qeuaarttalicarisuclmliidrcsl|auiurcquaen|euenriilinsu|wernaiairiciurreamel|ncuioriiraericilrel|ileyaeno|iseruniqiuf|krnoulnlomcquaen|klieerihnireiurienisdperl|arsleiilleuraa|cslretaleiixlieuanlriiseizirettiisgiirarenairaetliosleniunr|beirnaneuous|weennaireuous|urcquaren|csairablemeiortapnllr|cnuai|rliqurenuatrleirtuiluyleaenrlareiuircnua	15=s,13=u,01=o,93=d,9=e,21=s,0=i,45=a,02=n,61=m,55=e,03=o,31=l,33=c,4=r,95=d,6=i,43=l,51=a,53=t,62=t,11=r,25=q,35=n,23=u,1=w,65=y,18=f,2=k,52=p,81=h,98=g,08=z,85=x,91=b
1	303	-2.853928	7	41	xeiselnaiilemlibced|diessurasetrsetlereaaiherde|setourdesiu|nenuuietude|ziuustementouensaia|lretsuiusnuntaena|xeipsiuc|xliueurmoq|puusealasardesiu|petimgoutuntoupamlhfiua|sedanieeieess|rdaenasanicatiesleuiliiyenaailkiusuiustusnretcdeuamouu|mweuslieced|ziiluemeieced|ourdesuiu|rdemusmeiantsursfueau|rlest|eetdouiuesauanteaotaepensiueesenaterles	15=d,13=e,01=c,93=b,9=i,21=l,50=m,4=e,02=l,61=a,55=n,03=s,31=e,0=x,33=r,95=h,60=i,43=a,6=t,51=s,30=t,53=a,62=r,11=u,45=s,25=d,35=u,23=o,63=n,1=z,65=p,18=q,2=p,52=f,81=o,10=g,91=m,98=k,80=y,85=c,90=w
1	304	-3.104896	2	23	teiateietrouiaatrstriaaetiiel|maiessiiumndetenduriieeeeiudeutaceelei|sieureiieeminian|oieoniiuteiunlie|iaiinsuspueetreiisoiuixe|treeieuteiiutiisoiiueepesce|teiauoianti|triaiiienumtreq|riinteizetyeteuieeminian|reiuaaiihinuiioureiiuontriaoraide|wciceouteieiaiesis|eeicesondeouhceuaiestreiiiutriauhtsoneutributiliiiansuiisoureiutiiceontrenii|aiapnstraietiiel|iaatrnspaietiiel|reiieeminiiian|eelstiliaieiauiouteiiumlrnedeii|eetriesu|weiumreiianinleideouseregeiefeloiaeceldouiepeetries	15=l,3=e,1=i,0=t,9=a,2=r,45=s,6=u,55=o,54=c,14=d,35=n,25=m,94=x,04=p,18=q,24=y,34=z,08=h,4=w,98=b,65=f,64=g
1	305	-2.968879	6	28	welzelansileznonleealles|teleuullitamaeaminlleeeelimecereesel|uleinelleetlalea|slesallceliasle|lellauiudieanelluslilye|wneelecellcllusllieedeure|weleisleeol|wnlellleainoneq|nlleoelbanaeileetlalea|nelieellplaillsinelliseonlesnelme|krlresceleleleulu|eelreusamesipreielbonelllcnlechusaecnlgclsllleauillusinelcllreseoneall|elederonelalles|leznaudelalles|nelleetlalllea|eelrolsleleleilscellitsnaemell|eanleui|kelitnellealaselmesiuenexelefessleeresmsiledeanleu	15=s,3=e,1=l,30=a,9=e,2=n,50=o,24=n,90=z,6=i,55=s,0=w,54=r,60=c,14=m,35=a,25=t,45=u,94=y,04=d,18=q,34=b,08=p,4=k,98=g,80=h,65=f,64=x
1	306	-2.828015	5	33	issiseiiedssiinilsseiueu|lgennutlareieartiueeestretismeeus|znetieueeinensa|wneeautistenne|qsuantntteeiisrendre|iiesetieutiuneuteetenme|issansap|ilgueatliieb|iuaisceixeiedeeinensa|istssuifatuetieuteailseigre|nkmeetissgcnn|esmeneareetometgeniisutilstoineaetilhtiunusantunetistiumeeaiieau|gstaniigeiueu|qssiiantgeiueu|ieueeinenusa|eeuniungssdetieutluiaereu|eeilent|zstlieusenausreetneieyseasensemeuredeteeilen	15=u,3=e,11=u,0=i,9=s,21=l,45=n,2=i,61=d,55=e,31=s,54=m,6=t,14=r,35=a,25=l,91=g,51=n,4=z,5=w,94=r,04=t,1=q,01=p,65=a,18=b,24=x,34=c,81=f,41=k,98=h,08=o,64=y
1	308	-2.897583	5	28	nelineletculiitatliienlles|sileaallusedeneedalleeeeludeunireesel|aleaelleeslelie|clecelluneluesle|lilleauagueetellaclulxe|teeleunellunllacllueegeare|neliuclienl|tlillleeusteq|wllenelfenneneuleeslelie|weluiillyleullcaellucetlobilde|krlrecunelelileala|eelreacedecuyreuileatelllutliuynaceeutlhunlslllieaullacaelunllreceteell|iligeatilenlles|liiteagilenlles|welleeslelllie|eesanlslileliulcunelluslbeedell|eetleau|kelabellieleseldecuamezelepesclieresdculegeetlea	15=s,3=e,1=l,0=n,9=i,02=t,45=a,6=u,55=c,54=r,14=d,62=a,35=e,25=s,94=x,04=g,18=q,24=n,34=f,2=w,52=b,95=o,08=y,4=k,98=h,65=p,64=z,32=m
1	309	-2.802698	7	33	wilkiliuraliiueuliiallic|nilieellanelaielslliiiilalioiuiicil|elisilliinlelie|rlirelloilaecli|lilleeaetaiiuillerlalbi|uiilioillollerllaiitieui|wiliarliisl|ulilllieanuig|qllisilparaialiinlelie|qilaiilldleallrsillareulxmilli|zuluiroilililiele|iiluiereliraduiailieuilllaulioyereiaulfolclllieeallersilolluireuiell|iliteeuilallic|liiueetilallic|qilliinlelllie|iiluslclililialroillanlmeilill|iiuliea|zilsmillielecilliraenihiliticrliiuiclralitiiulie	15=c,3=i,1=l,30=a,9=i,02=u,45=e,6=a,55=r,90=k,0=w,54=u,60=o,14=l,62=s,35=e,25=n,94=b,04=t,50=s,18=g,24=r,34=p,2=q,52=m,95=x,08=d,4=z,98=f,80=y,65=t,64=h,32=n
1	310	-2.682730	8	38	ntentesameesinceeenles|lceiililureneuraleeetireinedeest|wreaeleurereu|kreaulintierre|meluiiitieestrarmbe|seteinelinlialieeteide|ntenreuf|nccleuilsep|xluntpendenemeurereu|xtieelnouilaaeliauncygcre|iqdeainttcpri|etdeiaureaiodeiceistlinceioniaueinchinlrleuiiliaatinldeauseul|cetuiscenles|meesuitcenles|xeleurerleu|eesinlrctemainelarguerel|eenceii|wtageleerustreaiiueztentareedesrameteencei	15=s,3=e,11=l,0=n,9=e,21=c,45=i,02=s,61=m,55=a,31=t,54=d,6=i,14=r,62=a,35=u,25=l,91=c,51=r,32=u,4=w,5=k,94=b,04=t,1=m,01=f,65=n,18=p,24=d,34=p,2=x,52=g,95=y,81=o,41=q,98=h,08=o,64=z
1	312	-3.096431	1	27	mesmaisetessisuiseshieap|csauueetcdelmdktseenneteltisgneoe|uatreencedesd|eaedeetmetdpa|eseedutuatnireeueetesl|isnatmeetieeueeetnayel|mesteesdie|iseseeadtcirq|seedmalislmtencedesd|retsseezedteeetreetedisesesseel|wgpletmaesaueu|npluedeletibltsauireeetisestzaeootisextiepeeesduteeuetretiepledirdee|sesaduissaieap|essisduasaieap|reencedeeesd|npuiepesaesteetmeetcproelee|nisaut|letcreesdedeoeelefortlatopeesdlpketaanisau	15=p,13=a,1=e,0=i,93=h,9=s,2=s,45=u,6=t,55=e,03=m,53=o,33=n,54=g,43=l,14=k,35=d,25=c,23=r,04=a,34=y,18=q,08=z,4=w,98=x,85=b,64=f
1	313	-2.868294	4	35	nilniduuailkbouilldict|rlcssiiareienesauiiooiaienltoiri|scaliiorieile|ucueiianiaetc|iliiesasamdliisuiaile|wuocaniiniisuiiaoaiue|nilauihoi|wuiliiceauolf|uiieniiduenaiorieile|lialliiyieaiiualiiprouiluuliie|qtteuancilcsis|otesueieundealiioliiinuilayaurrnuignitiiilesaiisualiniiteroleii|liketoulidict|ilkuesalidict|liiorieiiile|oitoitilcilaiuaniiartlrieii|zducsa|eiarliileieiriieuxrlaecartuileetsuaideducs	15=t,13=c,1=i,30=d,9=l,2=u,50=o,24=b,90=k,6=a,55=u,03=n,53=r,33=o,54=t,60=n,43=e,14=s,35=e,25=r,45=s,23=l,63=m,04=a,34=i,0=w,93=h,18=f,65=p,08=y,4=q,98=g,85=d,3=z,64=x
1	314	-2.828829	5	37	aslraauiollauranlpcal|tlarreeustirudenansoiealfnls|raementatlu|iaiueeaseula|wleurerdenausditoli|aunaereeaerieendoii|aslytluc|anleauetamb|ueuraiauirontatlu|uselleaqueeiemeeiuanliulei|hfliieasscotr|zsfoistiieamielarauseeanlexdisseangeaetelureerieusecliiuamue|clduraulacal|wllauurdlacal|mentatelu|nlraetcsloiereetluusie|nauare|hsetmeluatseiiksmeiaysitluildieadnauar	15=l,13=a,01=c,93=p,9=l,21=n,0=a,45=r,2=u,61=o,55=i,03=r,31=s,33=n,54=f,6=e,43=i,14=d,35=u,51=t,53=s,11=e,25=t,23=m,04=d,1=w,34=o,65=y,18=b,81=q,91=c,4=h,98=g,08=x,85=m,3=z,64=k
1	316	-2.923010	2	31	tiltseieilledeilquisa|rlsddiiersintsygiirrieineultrimi|dseniirrisils|isisiietiesas|iliisdedaeruniidiieiln|ersetiieuiidiiierafin|tileiilsui|eiliisserunp|wiistsnenteirrisils|nielliiciseiiieniieiseiobliin|ztanietsilsdid|randisinieuxnelsduniiieeilecaimmeeiheuiaiiilsdeiidienieuianisunsii|lilasdelsuisa|illesdalsuisa|niirrisiiils|raduiailsileiietiieranminii|resde|nierniilsisimiinikmnensemaiilsnayiesaresd	15=a,13=s,1=i,0=u,93=q,9=l,02=e,45=d,6=e,55=i,03=t,53=m,33=r,54=t,43=n,62=g,14=y,35=s,25=r,23=n,04=a,34=f,18=p,2=w,52=b,95=o,08=c,4=z,98=h,85=x,64=k
1	317	-2.817967	2	34	sinstileinnisiinnoita|pntssiiepeilserhiiuuieilanduiri|steuiiupieine|ltleiiesieeat|iniiesestfouiislieinl|iutesiiaiisliieutmll|sineligoi|iiniitehouq|ziiestlilseiupieine|uienniinieeiileuiieleiikxniil|wdallestintsis|ualsleillablenimouiiieiinentlrreiiyaiaiiineseiisleuiaiideroueii|nintesinioita|inniestnioita|uiiupieiiine|uidoiaintineilesiiepaurilii|uitse|liepuiineieiriillcruelteralinelarlettuits	15=a,13=t,1=i,30=o,9=n,02=i,45=s,6=e,55=l,03=s,53=r,33=u,54=d,60=a,43=l,62=h,14=r,35=e,25=p,23=u,63=f,04=t,34=m,50=o,93=g,18=q,2=z,52=x,95=k,08=n,4=w,98=y,85=b,64=c
1	318	-2.874665	7	41	uindloeennosuonsplu|cnlsserlardinaolsierauntsui|slamesclani|eleieauiaiul|wneisasaasoineaenr|osladeaueseeasader|uinhanip|uoneliacump|keidlrordesclani|kianneuxiaeeameaeiuofcner|btureauiimdas|zitdelareaugranlsoieauonaqaellauoyaueaenisaeseriapureiumie|mnaisonlplu|wnnoisanlplu|mesclaeni|susueamineeaderaciire|solsa|biacmenilaleretlmarlhieanirunealasols	15=u,13=l,01=p,93=s,9=n,21=o,0=u,45=s,02=o,61=e,55=e,03=d,31=i,33=s,54=t,6=a,43=r,14=n,35=i,51=a,53=l,62=r,11=e,25=c,23=m,04=a,1=w,34=d,65=h,18=p,2=k,52=c,95=f,81=x,91=m,4=b,98=y,08=q,85=g,3=z,64=t
1	321	-3.059931	4	20	quihuineldicheameiccniiuil|elciualalirelulianuuliyeiiuuuuriauoclauuilui|aliteuiiuueliulicul|lliulluliiouruliliu|iciiuladamyuneuiialllricau|qeuuiuouiioiialllirunauallau|quisllicumi|qeiciiiuudemeub|eiiumuiuaneantiuueliulicul|eurcciifiudiildeuirllumeiclleciiau|alailaullouiuiciualial|uuilauallluliauldflatciuameuiiioeicopallluluoeigoiiliiiculadiialldeuioiilaullumeuulii|cihaulameciniiuil|icheulamaciniiuil|euiiuueliuliiicul|uuilamiiliciuisillouirelileuluiauii|uneiuad|aureleuiiculiuliluiiauldaluetauitluillliculauilialdinauneiual	5=l,1=i,3=u,30=n,9=c,2=e,50=m,4=a,90=h,56=d,0=q,60=o,16=r,46=y,36=t,96=s,18=b,08=f,98=g,80=p
1	322	-3.216351	2	24	aclacianeefllanteablliauce|neditetsoneistiaiisqnuiiicftmaleticec|tsmniuiinsislie|esieeisoaioissi|xluietrteaqiianiuteesflti|anicmacoauteesoiiatiteeti|ackesliez|abduiirneanip|nuieacitiantiaifiinsislie|niolluahiruerncoeeieableenluti|tewetieraccditste|icetiteeeistiergetmditeaniuoabkgateeeiemablyausulietruteernioauetieeieaniieu|dlatieteandiauce|xllanieteatdiauce|niuiinsisulie|iceteausdclferaconseniectiu|iiabitr|tioneniulisiseiutierteinmtcmeceeslietcsteefiatiiabite	5=e,31=c,11=u,0=a,3=i,9=l,21=b,4=t,2=n,61=f,36=m,46=q,51=s,16=o,91=d,56=r,1=x,01=z,96=k,18=p,81=h,41=w,86=y,08=g
1	323	-2.892347	6	30	qibidesstabeespaaduis|estieselnesilediilfeuiiiiteiaaseiisi|elneiuiielilais|slissisuainilli|zauiseresfideiuessltaei|qeiiiaiuauesslnideiessei|qikslaiso|qptuiireseig|euisiiedeeditiielilais|einatchirusreinssispasseauei|eswseissaiitieles|iiseiesssileisrysentieseiuapaamesssisiapxauluaiseruessreiauseissiseiisu|tbeisesetduis|zabeisesetduis|eiuiieliluais|iisesultiatssainelseisieiu|idpier|eineseiuaililsiueisresieneinsisslaiseilesstdeidpies	5=s,31=i,11=u,30=d,9=a,21=p,50=s,4=e,2=e,90=b,61=t,0=q,3=i,60=a,46=f,51=l,16=n,91=t,36=n,56=r,1=z,01=o,96=k,18=g,81=h,10=c,41=w,98=x,80=m,08=y
1	324	-3.074655	4	19	snilsninaerillaueaillnsiinie|felinueueiiteneiunsnneiutiinnnnciuosleunnieni|ueintniinpeineilne|eeineeneicsncneiein|iliineurueshnnaniiueeecilun|anniosnicsiiueeeicnnsunueeun|snimeeilnesi|ailiiinneteanb|fiinesninunaunsoinpeineilne|fnclliidinriieetniceeneailegliiun|ueuieunersninilinueiue|nnieunueeeneiunerdeuolinueaniicaimdsueeeneoailysiieiiilneuriiueeetncsiieuneeneanneii|lilsuneuealinsiinie|illaneuesulinsiinie|fniinpeineiiilne|nnieuesiieilinimiersniiteigneniunii|nnainur|unitgniilneineieniiuneruepounioenieeeilneunieiuerinsunnainue	5=e,1=i,3=n,0=s,9=l,02=a,4=u,56=r,36=o,16=c,62=t,2=f,32=p,46=h,96=m,18=b,52=g,08=d,86=y
1	325	-3.111011	6	24	zlihlilseriaasuesiaaoiilie|weailueueiiteleiuolleiutiillllciulnaeullieli|ueiltliilmeileiale|eeileeleiinlcleieil|iaiileurufbllsliiueeeciaul|sllilnliiniiueeeicloulueeul|zligeeialfi|siaiiilletesly|wiilflilulsuodilmeileiale|wlcaaiipilriieetliceelesiaexaiiul|ueuieuleenliliailueiue|llieulueeeleiulerpeudailuesliicsianqueeeledsikniieiiialeuriiueeetliniieuleeleslleii|aihuleuesaioiilie|iaasleufuaioiilie|wliilmeileiiiale|llieufiieiailigieenliiteixleliulii|llsilur|ulitxliialeileieliiuleruemdulidelieeeialeulieiuerioullsilue	5=e,1=i,3=l,30=o,9=a,02=s,4=u,56=r,90=h,0=z,60=n,16=c,62=t,2=w,32=m,46=b,50=f,96=g,18=y,36=d,52=x,08=p,98=k,80=q
1	326	-2.951969	6	28	estesiseehttsueenttiense|keoiueuenceiluieiilucniiishumeteuises|ulicinialiltie|elieeildeidilli|wtnieurueexiisinueelhtui|sismesdenueeldiieuiueeui|esyeltieq|enoniiecesib|knieesiuisuieihialiltie|kidttnefirneecsdeeieenteatnui|uezeuieressoiulue|iseuiueeeiluierpeumoiuesindenypeueeeiementgenlntieurnueeecideneuieeiesiien|oteuieuesoiense|wttsieueeuoiense|kinialilntie|iseueenlosthereinclaiesuin|iieniur|uscaintilileinuierueamusmeseeltieuslueehieuiieniue	5=e,31=s,11=n,0=e,3=i,9=t,21=n,4=u,02=s,61=h,36=m,62=c,51=l,91=o,2=k,32=a,16=d,46=x,56=r,1=w,01=q,96=y,18=b,52=a,81=f,41=z,86=g,08=p
1	328	-3.260006	0	22	piaprntesiaantdentiahnirie|teardedeiltmeiunceiwtiicclidonaedcimi|deiofiictereihe|eeremeilpizeier|iairedsdenwcnfiideeeliau|ntciopilniideeeilcnudeeu|pigeeiheni|ntiaiiicstenfx|tirepruntunoictereihe|flaaiibrsiiesfilementiaeetaiiu|dedieuespriardeide|cieudeemeiuesbedoardenfiilntigbndeemeontiayniieiiihedsiideesflniieuementceii|aianuedentarnirie|iaanfedendarnirie|fiictereiiihe|ciedeniieiarigiespilteiefmiuii|cntrds|ultefiihereimiiuesdmtouiomieeeiheuieidesrndcntrde	5=e,1=i,13=r,0=n,93=h,9=a,2=t,4=d,56=s,03=p,53=m,33=c,36=o,16=l,46=w,43=u,23=f,63=z,96=g,18=x,08=b,86=y
1	329	-3.060230	3	28	ninnieseainpslasinneidie|sendleleicsteileseiksiisscirunelsiti|leiomiissedeife|eedeteicniheied|inidelalalhemiileeecinr|qssioniiuiileeeiiherleer|nizeeifai|qsiniiisasamy|sidendlesleoissedeife|mcnniigdaiieamicetasineesniir|leliereandindleile|sierleeteireagelondlamiiiusinubleettusixuiieiiifelaiileeamiuiieretasseii|niprelasnieidie|inpmelalnieidie|miissedeiiife|sielaiieindizieanicseiemtirii|wesdla|rcsemiifedeitiirealtsoriotieeeiferieileaieresdle	5=e,1=i,13=d,30=e,9=n,2=s,50=a,4=l,90=p,56=a,03=n,53=t,33=s,60=u,43=r,16=c,46=k,93=f,23=m,36=o,63=h,0=q,96=z,18=y,08=g,98=x,80=b,3=w
1	330	-2.842577	4	31	iarreiuiiorriusiinrpieai|uiresisnluandisnynesaostiridaia|sntcesuienpi|iieianliagnie|zbeistsiiysicesiinord|icatialiesiinlsidsiid|iafinpix|inbestuiich|neirediudrosuienpi|clrremeteitualiaiinriiured|siwiditiaaresnsi|qaidsiianditmistresiicelinfmisiiaitinrkienepistesiitclieidiaiiusie|bridisiiureieai|zrricisiisreieai|cesuienepi|qaisiienbaroitialuniciade|siuest|dluicepienaeditsautsatiaiinpisansiteissiuesi	5=i,31=a,11=e,0=i,93=p,9=r,21=n,4=s,2=u,61=o,13=e,03=r,43=d,36=t,33=s,46=y,51=n,53=a,16=l,23=c,63=g,56=t,91=b,1=z,01=x,96=f,18=h,08=m,41=w,86=k,3=q
1	332	-3.183530	2	26	ailacresillrterilfsicie|belcteteiixdeiusneitxiinnoitesletnidi|teiepicheceife|eecedeioaiweiec|ilicetstesqnspiiteeeoilu|rnieaiosiiteeeionsuteeu|aigeeifesi|riliiinexespy|biceacurusecheceife|polliimcsiiespioederilezliiu|tetieuesacilcteite|nieuteedeiuesmetelctespiiorigmsteedeerilksiieiiifetsiiteesposiieuederneii|lilsueterlcsicie|illspetestlcsicie|picheceiiife|nietesiieilcigiesaiixeiepdiuii|nrcts|uixepiifeceidiiuesteheuiedieeeifeuieitescstnrcte	5=e,1=i,13=c,0=s,93=f,9=l,02=r,4=t,56=s,03=a,53=d,33=n,36=e,16=o,62=x,43=u,2=b,32=h,23=p,63=w,46=q,96=g,18=y,52=z,08=m,86=k
1	333	-3.066104	2	29	dindesuninnseusinntieiu|wuneeueuiixouietauiexiiaaliapnueaioi|euiscierueuiqu|uueuouildimuiue|inieuenetemtciieuuulina|saisdiipiieuuuiimtaeuua|diyuuiqti|siniiiauxtch|wieudeasetserueuiqu|clnniigeniiunciluousinufniia|eueiuaundeineeuieu|aiuaeuuouiaunguesneetciilsinpbeuuoussizpiiuiiiqueniieuuncipiiuauousauii|nikaueusnitieiu|inkcuetenitieiu|cierueuiiiqu|aiuetiiuineiyiundiixuiucoiaii|aseen|aixuciiqueuioiiauneursaisoiuuuiquaiuieuniteaseeu	5=u,1=i,13=e,30=t,9=n,02=s,4=e,56=n,03=d,53=o,33=a,60=p,43=a,16=l,62=x,2=w,93=q,32=r,23=c,36=s,63=m,50=t,96=y,18=h,52=f,08=g,98=z,80=b,90=k
1	334	-2.689940	6	35	iuaouteecaatreiladieue|xeaurereetsiriaimluaucroiaerueu|reutuufeuide|eeuesiliuyieu|hnuersreimainereeicar|inuoiuliereeilairreer|iukeideq|ilneaeteing|lueourtrioufeuide|nlaaeduseeetuleseilaezaer|reberesiuuaurire|wuerreesiresderoaureinelilkdireeseoilapieiedersereesnlieeresetaee|naireretauieue|haainereirauieue|xuufeuiede|wuereieinuacesoetieneure|aturs|rutenedeuiseresreforuoeueeideruiresuirature	5=e,31=u,11=e,0=i,93=d,9=a,21=l,4=r,02=t,61=c,13=u,03=o,43=r,36=o,33=a,46=m,51=i,53=s,62=t,2=x,32=f,63=y,16=l,23=n,56=s,91=n,1=h,01=q,96=k,18=g,52=z,08=d,41=b,86=p,3=w
1	336	-3.170839	3	22	nilanilinueslaantenulaainllile|uealdrelcueieminiielbulliiiicmonariileil|felouilliiuelielaie|eelieeielcnicieleli|lallirexenbiinuilmeeeclhi|nuiilonilcnlmeeelciigderi|nilzeelaienl|nulallliisuenuiy|ullienildintinoliiuelielaie|uicaallplisllesuilceeienulaeeualmi|frlriesnililaldeme|iilrdeeeiemiesproaldenuillcnulzpgeeeieonulaqnllelllairslmeesuicnllrieeienuiiell|alagirenualinllile|laanuiregalinllile|uilliiuelielllaie|iilrenllelalilzlesnilcueleuieimill|iinulds|ficueuillaielieleilmieexeiuixiloeileeelairilemesligiinulde	5=e,1=l,3=i,0=n,9=a,2=u,24=t,56=s,54=r,36=o,14=m,16=c,46=b,34=d,4=f,94=h,64=x,04=g,96=z,18=y,08=p,86=q
1	337	-3.197508	7	26	wuiyuihlesiaybeliaahiiuie|leairneisleuethuueikliiuuuustuoanuuieui|xeifluiiuuleiueiaue|eeiueeueiiousueieiu|iaiiunedekuhluiteeesiqu|wluuiuouiioiteeeisuuprenu|wuimeeiauei|wliaiiiuusleluz|liiueuirhbhfiuuleiueiaue|lusaaiiciusiiesluiseeueliaeelaitu|xninueeouiuiairete|uuinreeeuetuescnfaireluiiiolimcpeeeueuoligoiieiiiaunsiteesluioiinueeueluueii|aiapunelaihiiuie|iaylunepaihiiuie|luiiuuleiueiiiaue|uuineiieiaiuimieeouisleielueutuii|uhlirs|xusleluiiaueiueieuitueedeuluduifeuieeeiaunuietesiupuhlire	5=e,1=i,3=u,30=h,9=a,2=l,50=e,24=b,90=y,56=s,0=w,54=n,60=o,14=t,16=s,46=k,34=r,36=f,4=x,94=q,64=d,04=p,96=m,18=z,08=c,98=g
1	338	-3.020757	5	31	ercerleeiitccexiesccleuri|eimataieilislellayeullllispectlrir|qapelullealacli|ialiilaielilaal|kcultirieylleersiiatzl|eelrperigsiiaillnaitl|erbiaclig|esmulldeieelf|eulieralexleltllealacli|eliccuenlduideriiiliesciiemsl|qiwtliderrmaisi|lrtaiiilislidotpmaieeluiesboniiilipescheuaucltitsiidelieutliilieelliu|mcnltieemleuri|kcceeltinmleuri|elullealaucli|lrtieuamrctiderieaielilslu|llesad|qlieieluclalairsliirilelrrpiriiacltrisiitlnllesai	5=i,31=r,11=u,0=e,3=l,9=c,21=s,24=x,61=t,2=e,54=t,36=p,14=s,16=i,46=y,51=a,34=a,91=m,4=q,94=z,64=r,1=k,04=n,01=g,96=b,18=f,56=d,81=n,41=w,86=h,08=o
1	340	-3.147319	7	26	uileuiliserleeupesleeiullile|weeldcellteiemiuiiemtlliiiinmaueciileil|kelitilligelieleie|eelieeielnuinieleli|lelliceseufiisilmeeenlhi|siilauilnulmeeelniibdeci|uilyeeleieul|slellliietesiq|wllieuildiupiualigelieleie|wineellolirlleetilneeiesleezelmi|kclcieruilileldeme|iilcdeeeiemierocaeldesillnslyobeeeieaslexullellleicrlmeeetinullcieeiesiiell|elebiceseliullile|leesicebeliullile|willigeliellleie|iilceullelelilyleruilltelzieimill|iisldr|kiltzilleielieleilmieesegisilaeileeeleicilemerlibiislde	5=e,1=l,3=i,0=u,9=e,02=s,24=p,56=r,54=c,36=a,14=m,16=n,62=t,34=d,2=w,32=g,4=k,94=h,46=f,64=s,04=b,96=y,18=q,52=z,08=o,86=x
1	344	-3.139399	2	28	cescrisuaessiguisesdiereu|susepauensouenitueyseettnqlisateoe|wuelmeetsuruedu|uuruouencezueur|eserauxuiytimequuunesn|istelceniequuuentepuun|cehuueduie|iseseeetasuimk|serucrnisniletsuruedu|mnsseebraeeuamenuouisesuusseen|waeunuacresepuqu|teapuuouenuabalsepuimeenisehbeuuoulisesfieeueeedaaequuamnieeunuouistuee|sesinauissriereu|essimauesriereu|meetsurueeedu|teauieeuesreheuacensueumoenee|tisepa|nnsumeedurueoeenuuxoslneloeuuueduneuquaretisepu	5=u,1=e,13=r,0=i,93=d,9=s,2=s,24=g,56=a,03=c,53=o,33=t,54=a,36=l,14=q,16=n,46=y,43=n,34=p,23=m,4=w,63=z,64=x,04=e,96=h,18=k,08=b,86=f
1	345	-2.950322	5	33	mesmeauileskyiuessaetei|uiseneieauricatiequeettaelusetere|ziesreetuitiedi|iitirieamepieit|eseteifiopareciiiaesl|wutesmeeueciiieatoniil|mehiiedie|wueseeetluirg|uetimenayasetuitiedi|rasseentleeilreairiuesiiuseel|zeeililmtesenici|teeniirielilnessenireeeuuehnoiirruuebueeieeedeleciilreueeiliriutiee|sekleiuseaetei|eskreioseaetei|reetuitieeedi|teeieeiesteheilmeauieirrelee|xauenl|lauireeditiereeliifruslesreiiiedileicilealaueni	5=i,1=e,13=t,30=a,9=s,2=u,50=i,24=y,90=k,56=l,03=m,53=r,33=t,54=e,60=u,43=l,16=a,46=q,14=c,34=n,93=d,23=r,36=s,4=z,63=p,04=o,64=f,0=w,96=h,18=g,08=n,98=b,3=x
1	346	-2.869157	6	37	iesdeiliiossibiicstiuei|limornulannilnplullusdisineie|zndaullienti|iieianuiegnie|qmerimiiplilesiinosn|iaedieuxsiinulcoiin|iehintix|icmultliiay|ceidenilndollienti|aussuretuitleuiaiicsiilsun|zikinitieemoisi|weroiiannitrrdmoiiauuichrciiaidicsfiunutriosiitauiuiniaiilliu|msinriilseiuei|qssiaricseiuei|aullienuti|weriiunmesoitieulniaienu|licot|nuliautienauniimaamedieiintreisiteclicoi	5=i,31=e,11=u,0=i,93=t,9=s,21=c,24=b,61=o,2=l,13=e,03=d,43=n,36=d,14=s,16=u,33=l,46=p,51=n,53=a,54=r,34=o,91=m,23=a,4=z,63=g,64=m,1=q,04=c,01=x,96=h,18=y,56=t,08=r,41=k,86=f,3=w
1	348	-2.934858	4	32	inoisnemnooefennocensne|keontrennusenueiedunniitdreorinsn|wenranslesence|eesesentinqenes|nonsregeexieandeeetnou|ninrintendeeentipteeu|inyeenceen|nnonnnieueeab|knseisunuerslesence|atoonnasmnnemantesennoehonnu|wrneuemisnontede|inrteesenuemarronteeanntnnyapeesernnozennennncrmndeematenneuesenienn|onoeurenosensne|nooeareposensne|anslesennnce|inreennenosnyneminnueneasnunn|inntm|unueanncesensnnueegelrunrsneeenceunedemspinnte	5=e,1=n,13=s,0=e,93=c,9=o,02=n,24=f,56=m,03=i,53=s,33=i,54=r,36=r,14=d,16=t,62=u,43=u,34=t,2=k,32=l,23=a,4=w,63=q,46=x,64=g,04=p,96=y,18=b,52=h,08=a,86=z
1	349	-2.881998	4	34	siussreniuwyeriuuaisie|beuiuieiihdemaremhiirroilouiridi|qeienisteseile|eesedeiosiceies|iuisiezetcanimeeeoiul|rriesiioimeeeiortueel|sigeeilfi|riuiiirehfnp|bisesiuayaesteseile|nouuiiasniiennioederiuexuiil|qiielenssiuiueme|riiueedeilenaieuiufniiorigateedeerikoiieiiilinimeennioiielederreii|uiwlieruiaisie|iuwnietuiaisie|nisteseiiile|riifiieiusigiensiiheiendilii|rriun|liheniileseidiileezeteliedieeeileliemenstrriue	5=e,1=i,13=s,30=a,9=u,02=r,24=y,90=w,56=n,03=s,53=d,33=r,54=i,60=o,43=l,16=o,62=h,14=m,34=u,2=b,93=l,32=t,23=n,36=e,4=q,63=c,04=t,64=z,50=f,96=g,18=p,52=x,08=a,98=k
1	352	-3.152579	0	22	uiesuieiupoessurnuressiueeic|pseinnempteliuitezreeiiiimeldubliicie|nedrieeiipetest|aeiatemuimtcei|eseetlonuziiurieenamesli|uriieduiemueenaemiiulilali|uiefaestue|ureseeeiiopurig|reetuieiliurliudeiipetest|rimsseexeioecoriematuresarseeli|nlcltouieieseinen|iiclinateltouhldseinurieemurefxunatduresqueceeestloeelaorimuecliaturitee|sesultnurseiueeic|essurtnulseiueeic|rieeiipeteeest|iicnueceseiefcouiempcrtieliee|iiureilo|limprieestetcieeltonirdlieikicaestlicenoeiuliiurein	15=c,3=i,1=e,0=u,9=s,2=r,45=n,56=o,25=p,4=l,95=b,36=d,16=m,46=z,35=t,55=a,96=f,18=g,08=x,86=q,85=h,65=k
1	353	-3.113186	4	27	weioeitgaieorlarieetiies|geieddingsiltesikriieeeenilecbleesei|dihreiieegisies|uieusiicenssie|ieiislalaketreiiduniele|wreeieceiiciiduinetlelule|weixuieeai|wrieiiieeararez|riieaeieltrlthieegisies|reneeiifieaisareinuearieureiile|dlsleuceieieiedid|eesledusileucqlheielareiiicriecydusecripcisiiieslaiiluareicisleuearesii|eiolslareitiies|ieorslaleitiies|reiieegisiiies|eeslaisieieixiuceingsrseileii|etriela|lengreiiesisseiilsaderhleiemesuieslesidaitletried	15=s,3=e,1=i,30=t,9=e,2=r,50=a,4=l,90=o,56=a,25=g,0=w,95=b,60=c,16=n,46=k,35=s,45=d,36=h,55=u,96=x,18=z,08=f,98=p,80=y,85=q,65=m
1	354	-2.896362	3	31	uniuneuritiiurduliieures|acednsmaesneueesprreeentnauxneesn|nsarereersesie|wseiesmuemesse|hirentdupeeurernistine|urenaunmurnismeeunenine|unifsiey|ulcreetaureq|rreuneneurneueteersesie|remiiruzetstrnmieuliirirne|dnsnetunncensd|eesnediesnetubnacedurermulogudieaulikursrientrnitremysneieureer|ciunedurceures|hiiuredunceures|rereersesrie|eesdurscnostunmasrenner|eeulent|nemareriesesernetderannefnisiennsniteuneeuled	15=s,3=e,11=r,0=u,9=i,21=l,45=d,2=r,61=t,55=i,31=n,4=n,95=x,36=a,46=p,51=s,25=a,16=m,91=c,35=e,5=w,56=t,1=h,01=y,65=f,18=q,81=z,86=k,08=g,96=o,85=b
1	355	-2.865184	7	35	tnpnauedepuilmeeania|duitilsdiliaiilcuniiindiiokiiian|ilguiniiuliles|zliesnoisilli|wensioilciauinieldeii|tuinioinonielsiaiiieii|tnerlesf|tmuniiouluiq|unilniiauiaidiiuliles|uiseuxysdaounseilmeeuenii|tiaiieonnuiilt|iiaiiteiliieoriguiilunnomeobtesiomhonlnesionieouisfaiieiluisn|upisiluuania|wepusiliuania|uiniiulilnes|iiailnlunedeonsdausniin|iamiio|iisduineilsainisotiuginirnelesinliedaiiamit	15=a,3=i,11=n,30=a,9=e,21=m,50=l,4=i,2=u,90=p,61=d,55=e,31=n,0=t,95=k,60=o,46=c,51=l,25=d,16=s,45=t,91=u,35=s,36=g,5=z,56=o,1=w,01=f,65=r,18=q,81=y,10=x,98=h,80=b,85=r
1	356	-3.063675	3	26	ueitueieumaittdsditteuiiel|mtiessinmeireueeirciieeeenirouxreelei|sieceiieemieite|sieseinuenelie|itiierasugeedeiissnitre|deeioueinuiissineeurersre|ueiysiteui|ditiiieeamdeb|wiieueieredreuoieemieite|wenttiifieaiisceinsedixhtiire|srlreaueieitiesis|eelresseireauprotiesdeiindiyfusseoditquiliiiteraiisscenuilresedeeii|tituresdtieuiiel|ittdesurtieuiiel|weiieemieiiite|eelsuilitieiylaueinmiheeireii|eediera|reicheiiteieleiireaskoreiezelsiterelisaieureedies	15=l,3=e,1=i,0=u,9=t,02=d,45=s,56=a,25=m,4=r,95=x,36=o,16=n,62=c,35=e,55=s,46=g,96=y,18=b,2=w,52=h,08=f,86=q,85=p,65=z,32=k
1	357	-2.929673	5	31	heikeintaiuursriuuniien|tuiessiateilneeildiieeeeailembleenei|siedeiieetieiue|sieseiimeaenie|iuiielaliteereiissaiule|reeiemeiimiissiaenlelsle|heixsiueii|riuiiieeatrez|qiieieielerlnoieetieiue|qeauuiiyieaiisdeiaseribruiile|slnlesmeieiuiesis|eenlesseilesmwlouiesreiiariumcsseorigminiiiuelaiissdeiminlesereeii|uiklesruiniien|iuureliluiniien|qeiieetieiiiue|eenliiniuieixismeiatireeileii|eeriela|leidreiiueieneiileasfoleiepensiuelenisainleeries	15=n,3=e,1=i,30=n,9=u,02=r,45=s,56=a,25=t,90=k,0=h,4=l,95=b,60=m,16=a,62=d,35=e,55=s,46=t,50=i,96=x,18=z,36=o,2=q,52=r,08=y,98=g,80=c,85=w,65=p,32=f
1	358	-2.765114	6	35	ullulettalltsurlleuien|ddesisadesieueesirieeelaiouhieenl|isereieusesle|ysetesaueaesse|klieinsupeeteiitsalie|teloulauiitsaeeuieitie|ullfsleg|urdieendtez|wieuleietieueaeusesle|wealliuxenitrlateurhcliie|sinienulldeiss|eeniestesienumiodesteiaurobusteourlquisileinistreagnieteteei|dluiestdeuien|klltesuideuien|weieusesile|eensuisdlonnueirsceliei|eeurein|ilrceileseneiiensuoilefltsleilsitaeuieeures	15=n,3=e,11=i,0=u,9=l,21=r,45=s,02=t,61=a,55=t,31=l,4=i,95=h,36=o,62=r,51=s,25=d,16=a,91=d,35=e,32=u,5=y,46=p,56=n,1=k,01=g,65=f,18=z,2=w,52=c,81=x,86=q,08=b,96=o,85=m
1	360	-3.252132	0	27	eesepihuessisliseswiepr|hspllethdemedekseeccteanizacege|lenoeechedesd|apadetetdrp|eseedaulikcioeelatesm|isceneetieelaetcimaam|eeyaesdie|iseseeecuhioq|seedepmisminechedesd|otsseefpueruoetadisesasseem|laraduepesplel|crmladeaduixansplioeetiseyfiladnisesbiereeesdaueeaauotiermadiodee|sesiadlisspiepr|essisdliaspiepr|oeechedeeesd|crlierespeyrueethrogemee|cispau|mthoeesdedegeeaduagsnmengraesdmrelupiacispl	15=r,13=p,1=e,0=i,93=w,9=s,2=s,45=l,56=u,25=h,03=e,53=g,33=c,4=a,95=z,36=n,16=t,46=k,35=d,43=m,23=o,55=a,96=y,18=q,08=f,86=b,85=x
1	361	-2.944819	3	35	nilniodailbcrecilloitt|dltrriodeiuneidciinnoiuahrnili|riiuiindieile|stseionoett|iliierarerpouiirsoilu|wcniiniiaiirsiipoursu|nissizei|wciliiinaceux|ciientrocroiindieile|uolliiktaitauiimlecilscliiu|rrtreantiltrir|nturseiusayriltreuiiiacilagrsllacifaitiiileraiirsauiaitreleueii|librereclioitt|ilbcererlioitt|uiindieiiile|ntreitiltistaniodtuliuii|qoctra|uoduiileieiliirearlciuiiltsileutiraiouoctr	15=t,13=t,1=i,30=o,9=l,2=c,50=e,4=r,90=b,56=a,25=d,03=n,53=l,33=n,95=h,60=a,43=u,16=o,46=d,35=e,45=r,23=u,36=i,55=s,63=p,0=w,93=z,96=s,18=x,65=m,08=k,98=f,80=g,85=y,3=q
1	362	-2.892559	3	37	isefairaceeirriuembas|leareuoroucinumuanscedixenss|eudlinlauen|qunouofonsa|weinetrimnilieaucec|ilsdisoiieauoniceac|isepuenb|iukintlilz|rinfacircfcnlauen|loeeiigncstrsoaniueareic|resentisseaeur|nsceaouentitedearilioiuydirandiuehiiuienetieatlobscanilni|keienrireabas|weeirnrieeabas|linlauien|nsriiuksystisolsrnsci|niraet|collienauoienteordcapsauenesurtaienirar	15=s,13=a,01=b,93=m,9=e,21=u,0=i,45=r,2=r,61=c,55=a,03=f,31=s,33=n,4=e,95=x,36=d,46=m,51=u,43=c,53=o,16=o,25=l,35=n,11=i,23=l,5=q,56=t,1=w,65=p,18=z,91=k,81=g,86=h,08=d,96=y,85=t
1	363	-2.719544	8	43	zcdcueioideausignet|dietalaeslaunlosencormyantc|alprendelin|flnslacante|xienatauamureailoir|zrcpcemetiemurair|zcialinn|zssenteurq|eenceauercondelin|raishknottreasusiieier|tatrimcciealt|ntraislrimlapieauecemsimpaissmswmeleinateaitrantansurne|sdanaueienet|xidenauaienet|rendelein|ntauelscioimcadtencre|bueeat|radreinelseantasepreacilinaclaiourueet	15=t,13=e,01=n,93=g,9=i,21=s,50=u,4=a,2=e,90=d,61=o,55=i,30=u,31=c,0=z,33=n,95=y,60=m,43=r,46=o,51=l,53=s,16=a,45=t,25=d,35=n,11=e,23=r,36=p,03=c,5=f,63=m,56=t,1=x,65=a,18=q,91=s,81=k,10=h,98=w,80=p,85=l,3=b
1	364	-2.929068	1	31	sinseaprinnisiingaiea|pnessilpeitseiuqiiccliunahucidi|sinriicpieine|teteilsleae|iniieursawcariistlint|icinsilaiistilcatutt|simtineai|iiniiicrparf|xiiesetitanicpieine|rlnniiberiarrilteiihkniit|suauerseinesis|catsteiuerayunnesariiliimbasteniinzaiaiiineuriiutrrlaiatteareii|ninauesineaiea|inniesauneaiea|riicpieiiine|casaiaineimarsilparditii|cieur|tlpriineieidiiuersontindatinetaisreaucies	15=a,13=e,1=i,0=a,93=g,9=n,02=i,45=s,56=r,25=p,03=s,53=d,33=c,4=u,95=h,36=n,16=l,62=q,35=e,43=t,23=r,55=t,46=w,96=m,18=f,2=x,52=k,08=b,86=z,85=y,32=o
1	365	-2.963904	1	35	tentemciennuluennmeur|cnulledctestteageessdesnyasede|leileescetent|euetedtdtru|eneetaiapaamleeledens|useiteeneeleeeamsaes|tereexpe|ueneeutgplo|zeettusuamiescetent|ldnneequieriledetueyonees|laratituenulel|srsletesenfainuapleeduennkletiuehnereeentaieeaeileneratdpltee|newatlunemeur|ennutapanemeur|leesceteeent|sraperenuerritedcrldesee|suuai|sdcleentetedeeatilbiseidreentsreliemasuul	15=r,13=u,1=e,30=m,9=n,02=u,45=l,56=i,25=c,03=t,53=d,33=s,4=a,95=y,60=n,43=s,16=d,62=g,35=t,23=l,36=i,55=e,63=a,50=p,93=x,96=r,18=o,2=z,52=o,08=q,98=h,80=k,85=f,90=w,32=b
1	366	-2.840699	4	40	aarreelorresaurydec|tressimposasocuesaoiladisca|iolnisteort|xotpourutce|writiesacsaniiloors|analaauaiilousasils|aarfortd|aukisetanq|zitresesrosteort|nurrigeeilmaultaudpris|siciteaaareios|scsilpoiteamilresaniuaungasltlaurbaioirtieiilenudcsltanti|kraitseredec|wrretsairedec|nisteoirt|scsaiokancerimoptasi|seeie|sutnirteopiiteshlsefalortiaoseeaisees	15=c,13=e,01=d,93=y,9=r,21=u,0=a,45=s,02=e,61=o,55=l,03=r,31=a,33=s,4=i,95=d,36=l,46=c,51=o,43=s,53=p,62=m,11=i,25=t,35=t,23=n,16=u,5=x,56=e,1=w,65=f,18=q,91=k,2=z,52=p,08=g,86=b,96=n,85=m,32=h
1	367	-2.644324	8	47	qilmerlallriuilydeu|dlettenssionsbieniaultinui|isarendesle|ksessamaeue|gleeiciuinoreilsalu|qriameletlenouilu|qilssled|qileeenuro|weemeurumandesle|ralphteaucressuitcleu|tiuulliileist|nuuilssullpialetrielillfilsslirleseleiceilcraduiesuree|pxietrledeu|gllreiuiledeu|rendesele|nuiuespimucmensceiue|nreic|uadreleesseiectzauesilsleiisilaoinret	15=u,13=e,01=d,93=y,9=l,21=i,50=u,4=i,02=r,61=a,55=l,03=m,31=i,0=q,33=n,95=t,60=l,43=u,46=b,51=s,30=o,53=s,62=n,11=e,45=t,25=d,35=e,23=r,36=a,16=a,5=k,63=n,56=c,1=g,65=s,18=o,2=w,52=c,81=t,10=h,91=p,98=r,80=f,85=p,90=x,96=m,32=z
1	368	-3.112422	2	27	euileuiuetsillesresillueiiua|tliurrictnaueunixsiiuuuucadelouuaui|ridsuiiuutiniln|eiueniceucnaiu|iliiuosrexuuesuiireciqu|esuuideuiceiireicuukurou|euimeilnei|esiliiiuustesuh|siineuifueguediuutiniln|suclliipiusiassuicenesilesliau|woionseuiuiliurir|uuiourenanspodliuresuiicesimperendesilzeiaiiiluosiaessuceiiouenesunii|lilknresliueiiua|illesnrkliueiiua|suiiuutiniiiln|uuareiailiuimaseuictasnuauii|uuesifs|wuctsuiilninauiansrusubuiuyuaeiluouairsiukuuesiur	15=a,3=u,1=i,0=e,9=l,2=s,45=r,56=s,25=t,54=o,36=d,14=a,16=c,46=x,35=n,55=e,94=q,04=k,96=m,18=h,24=g,34=f,08=p,4=w,86=z,65=y,64=b
1	369	-3.058017	6	32	wnibniupailbruiilluiint|plinssiopetuneimiiinnnnotnalenntni|sininiinnpieile|sinseiianoetin|iliiesrumnuiniissoign|winninaniiaiissionncnsen|wnihsilnui|wiiliiinnaiuinz|iiinuniquruninnpieile|inolliidinaitainiosnuiilsilitn|keiensaninilinsis|nniensseteadenliquiniiiaiilayssenaiixaitiiilneaitsainiaiiensnuineii|lilcneuiliuiint|ilbiescliuiint|iniinnpieiiile|nnieuitilinihisanioptientnii|nuiiqa|knopiniileietniteasninrninfntsilnentisaincnuiins	15=t,3=n,1=i,30=u,9=l,2=i,50=u,24=r,90=b,56=a,25=p,0=w,54=e,60=a,14=t,16=o,46=m,35=e,45=s,36=n,55=s,94=g,64=r,04=c,96=h,18=z,34=q,08=d,4=k,98=x,80=y,65=f
1	370	-2.835885	5	37	esiesieloniielteriiienie|codaumcusieiiublniiiimsleiaiies|wulliniiluiuiu|kuioiumeimiuui|qiniartebiielssounfi|elislesmysoumiipitai|esixuiuy|eroniircelig|lnuesdiehieiniiluiuiu|limiinedunerlsmoueriolosi|tzauressodut|isaitousurmaloitelinmercmetouleritenuniutnsorlimenaioueliun|oiputeloienie|qiielutpoienie|liniiluiuniu|iietenuosceresmceluisin|iierdr|wimcliniiuuessurtiliasixsouiiaiesonipiierit	15=e,3=i,11=n,0=e,9=i,21=r,45=t,2=l,61=n,55=o,31=s,54=a,36=l,14=s,16=m,46=b,51=u,35=u,25=c,34=d,91=o,4=w,5=k,94=f,56=r,1=q,04=p,01=y,65=x,18=g,24=h,81=d,41=z,86=t,08=m,96=c,64=a
1	372	-2.868377	5	32	iletilelirretteteettlieeli|rteltteuruslilusseelllluscitallile|telsleellreuetu|aelaueuiluuiel|eteelartiflleleetauezl|ellecileuieetaeulloltal|ilenaetuie|eeteeellrrelq|weeuileglihlicellreuetu|wlutteedelreeasleuaueemptesl|kaeaurileleteltet|llealtausurdactelteleeueenditauceetbieieeetlareetasluieealaueluee|tetoutetelieeli|etteutotelieeli|wleellreueeetu|llitieietelenirileurepulslee|lleegr|klespleetueuilesurtnlxlelyliaetlalietrelolleelt	15=i,3=l,1=e,0=i,9=t,02=e,45=t,56=r,25=r,54=a,36=c,14=s,16=u,62=s,35=u,55=a,94=z,46=f,04=o,96=n,18=q,24=h,34=g,2=w,52=p,95=m,08=d,4=k,86=b,65=y,64=x,32=n
1	373	-2.781678	7	37	weldelatsliicacliiallec|tileaalutelaeeldlleeeeuleiireecel|aledelleetlelie|uleuellieuecle|lilleanrmeecellauulne|ceeleiellillaulueeteare|weloulierl|clillleestceq|bllereloazasleetlelie|beuiillkleslludeluueclphille|frlreuielelileala|eelreaueleskrsileacellucliiyauesclmilcllliersllaudelillreueceell|iliteacilallec|liiceatilallec|belleetlelllie|eelrrlclileloluielutlheelell|eeclos|feldhellielecellesagenelexeculiereclasleteeclea	15=c,3=e,1=l,30=a,9=i,02=c,45=a,56=s,25=t,90=d,0=w,54=r,60=i,14=l,16=u,62=d,35=e,55=u,94=n,46=m,50=r,64=n,04=t,96=o,18=q,36=s,24=z,34=o,2=b,52=h,95=p,08=k,4=f,98=m,80=y,65=x,32=g
1	374	-2.742566	8	42	ieiieennciineiaiieiuer|otcnssolaeielarueeeesafiineere|ysereuessesil|qsenessiesesse|kiuendeizeeneansche|neefiespansseeteene|ieipsilp|iatueedonex|gulieceideiecessesil|gesiiuiledunresnliabatae|ewnldieetcse|eeneenlaldonfteeneusiauoienlfiaimiusuienduenresiunenlnelu|titlenteiuer|kiinletteiuer|geuessesuil|eereiusteurdieursaleaeu|eeiacd|yeraeuieslrealdesemeepensieneranceteeiaee	15=r,3=e,11=u,0=i,9=i,21=a,45=e,02=n,61=c,55=n,31=e,54=n,36=f,14=a,16=s,62=r,35=l,25=o,51=s,34=c,91=t,32=s,4=y,5=q,94=h,46=z,56=d,1=k,04=t,01=p,65=p,18=x,24=d,2=g,52=a,95=b,81=l,41=w,86=m,08=o,96=u,64=m
1	376	-3.050529	1	30	silsaenuilletdetilheiao|nladdinneirseigtiiaanctelmaifi|ditsiianieile|iaieinsneoa|iliamudegaesiidinilr|etaitsineiidiinaybir|sixiileei|etiliiiaunesq|tiiesaretretianieile|snlliipauiousinieetilitliir|wmimeusailadid|aordieceupmtladesiinetixpedietetilzeioiiihmuiciusneiorieeseii|lilyedetlaeiao|illetedylaeiao|siianieiiile|aodeioilaixousinnosfirii|aetibu|rnnsiileieifiirikfttritfoiileroiduayaetad	15=o,13=a,1=i,0=e,93=h,9=l,2=t,45=d,56=u,25=n,03=s,53=f,33=a,54=m,36=t,14=c,16=n,46=g,35=e,43=r,23=s,55=i,34=b,04=y,96=x,18=q,08=p,4=w,86=z,64=k
1	377	-3.017772	4	38	silsieurilobatilleils|ullooiiueinseixtiinniinalpniri|oicpiinuieile|ulueiisiesl|ililprotdepiiouiiln|ytnicsiiaiiouiintdun|sifuimai|ytiliiinrtapz|tiiesidebecinuieile|pilliiclrisrpiihratilutliin|wpiperslilloio|nsnouemercpclidapiiiatifcturratigaisiiimprimurpiaiiperapeii|lionpatlieils|iloteotlieils|piinuieiiile|nipaisillifsrsiiusprinii|qetidr|niupiileieiriinukrtcnicrsuilensiorienetlo	15=s,13=l,1=i,30=e,9=l,2=t,50=a,24=b,90=o,56=r,25=u,03=s,53=r,33=n,54=p,60=a,43=n,16=i,46=x,35=e,45=o,23=p,36=c,55=u,63=d,04=t,34=d,0=y,93=m,96=f,18=z,65=h,08=c,4=w,14=m,98=g,3=q,64=k
1	378	-2.794856	4	41	esuliereouuerceaucnio|tzbaturatsentprennusdeuanos|ktddentitui|xtiatuluioi|wzialcepnerssetous|edsdesunsetunrbes|esuftuin|eazenltedh|reiliserslontitui|duuueepioolrsueieauerues|cqailesszbtc|nosceisilyaduicedeueamyeceideaumeeteuicoseldunoseiedie|zuriceruinio|wuuericruinio|dentiteui|noceetzsmolesutorisse|neabl|sutdeuiitaesegardsifsetcastclirneric	15=o,13=i,01=n,93=c,9=u,21=a,0=e,45=c,2=r,61=o,55=e,03=l,31=s,33=n,54=a,36=d,14=s,16=u,11=e,46=p,51=t,43=s,53=a,34=b,91=z,25=t,35=i,23=d,4=k,5=x,56=l,1=w,04=r,65=f,18=h,81=p,41=q,86=m,08=y,96=m,64=g
1	380	-2.907635	2	34	lilleuoiillanailfuien|olennieoaiolargiirrersultriui|nistiiroiaila|sesaieleane|ilietinumrutiinseilo|arislieuiinsierchso|lixsilaui|ailiiirioutp|wiialeoaousiroiaila|telliideiinitiesaaibkliio|ztitaileilenin|rnonsaraidtslenutiieaixdunsasailquiniiiftiirsiteuinosautaii|lilcanaleuien|illaancleuien|tiiroiaiiila|rnnuinileixnilieontuioii|raihi|oeotiilaiaiuirainysoisunsilaoniniecraen	15=n,13=e,1=i,0=u,93=f,9=l,02=a,45=n,56=i,25=o,03=l,53=u,33=r,54=t,36=s,14=r,16=e,62=g,35=a,43=o,23=t,55=s,46=m,34=h,04=c,96=x,18=p,2=w,52=k,95=b,08=d,4=z,86=q,32=y
1	381	-2.912525	2	38	tiltioysillieiilloitc|ylteeiayuintuoriiuuainplauixi|eiceiiuyiuilu|ntnuiatauct|ilitasesmoeiienailn|iuictiipiieniauslnn|tipniddi|iiliiturdeq|wiiutilogociuyiuilu|ealliiftsicseianuiikmliin|baiausttilteie|ucnenuousfaclildeiiaiilprenuciihpiciiidasionseipiiauxdeuii|lilsueilioitc|illiueslioitc|eiiuyiuiiilu|uiadiciltipcstiaycexinii|uiils|nayeiiluiuixiousezcnicxcnilunciestsuite	15=c,13=t,1=i,30=o,9=l,02=i,45=e,56=s,25=y,03=t,53=x,33=u,54=a,60=p,43=n,16=a,62=r,14=o,35=u,23=e,36=c,55=n,63=m,04=s,34=l,50=d,93=d,96=p,18=q,24=g,2=w,52=m,95=k,08=f,4=b,98=h,80=r,32=z
1	382	-2.686591	5	44	iaitessoiissiliudec|niessumgeatenmuiirnliinica|zelouineeie|qeegertrece|wdentsifisanseoia|ioaliardnserichsa|iaiteied|ilduitnioy|xueteasatoineeie|oriiuaetusmarseilpriua|spnetiaadhes|icassenetanliesiourilmaisselilikiueuiesonstordcaseioeu|dicessiedec|wiisesciedec|ouineeuie|icsiuedamcttumereaau|iilht|arnouueecanetsblaetaseunaestecises	15=c,13=e,01=d,93=u,9=i,21=l,0=i,45=s,02=s,61=o,55=s,03=t,31=a,33=i,54=n,36=l,14=n,16=r,11=u,62=m,35=e,43=a,51=e,53=g,25=n,23=o,4=z,5=q,46=f,56=t,91=d,1=w,34=h,04=c,65=t,18=y,2=x,52=r,95=p,08=a,41=p,86=k,96=m,32=b
1	386	-2.975245	2	20	scuscisteepuustresduuisace|teoirereanteilrisiilrntaiiicprinsuericec|rlintiaiitliluie|elieeieanscnilli|yuaierenresrniistiareelpuri|sticinsiansareeeaniisrireeri|scuneluieq|sdoaiientestim|taiesciristrisipiitliluie|tcnuuasbienaeentianeeiesdueetuari|referieensccoirlre|icerireeeilrieengerinoirestcansdungsreeeieinsdknsalauierenareeentcnsaerieeiestiiea|ousrierestoisace|yuustieresroisace|tiaiitlilauie|iceresalocupeensiantletiecria|iisdiren|rcntetiauilileiarieenreitinrcineceeluierclreepisriisdire	5=e,31=c,11=a,0=s,3=i,9=u,21=d,4=r,2=t,61=p,6=n,51=l,91=o,1=y,01=q,18=m,81=b,41=f,98=k,08=g
1	387	-3.030139	6	26	wazausllhczsindccutal|slmeililteslesiueesiesteeeahierclieala|iseeseteessescel|lselleltraeesse|kctelileinieeusetillshcie|wseaeretrtilllteeuieillie|wacelscelf|wdmteelesnseq|stenaeiusiueheessescel|saecmoyeletllesetellendcllsctie|ilxliellraameisil|ealieilllesielleglieemeinsatrdcrpilllelerdbrtstceliletilllesartliellenseelt|mzielinsmutal|kczselinimutal|seteessestcel|ealintsmachllretesslselaiet|eudeile|iaeslsetcesesletielleileseeiaeelallsceliasillhuieudeil	5=l,31=a,11=t,30=u,9=c,21=d,50=n,4=i,2=s,90=z,61=h,0=w,3=e,60=r,6=e,51=s,91=m,1=k,01=f,18=q,81=y,10=o,41=x,98=b,80=p,08=g
1	389	-3.090769	6	20	zliblilseenirrsuesirroiilie|werilueueiiteleiuolleiutiilllliniulareullieli|ueiltliilmeileirle|eeileeleiialinleieil|iriileuenucunllsliiueeeinirul|sllilaliiaiiueeeiinloulueeul|zlirneeirlci|siriiilletesly|wiilclilulsuolnilmeileirle|wlinrriipileniieetliineelesirefriiul|ueuieuleealilirilueiue|llieulueeeleiuleenpeulnriluesliiinsiraqueeelelnsidaiieiiirleueniiueeetliaiieuleeleslleii|ribuleuesrioiilie|irrsleucurioiilie|wliilmeileiiirle|llieuciieirilirnieealiiteifleliulii|llsiluen|ulitfliirleileieliiuleenuemlnulilnelieeeirleulieiueenioullsilue	5=e,1=i,3=l,30=o,9=r,02=s,4=u,6=n,90=b,0=z,60=a,62=t,2=w,32=m,50=c,18=y,52=f,08=p,98=d,80=q
1	390	-3.154821	6	24	usrusemiiprrmliudrreunsi|qicelilinoietleueetloneeespleaurilesis|lteoenextetrei|iteiieinausaette|brneilialiulaeemenliitprle|meseauenaunliiinaeeuleliile|usraitreig|udcneeioimef|qneiuselemleuepextetrei|qsarrnuzeianiioenaiieiudrihrnle|liwileiiaussceltli|esileliiietleiiakileacelimsnaudrakuliiieieaudyauntnreilianliiiosaunileiieimeein|cruleilimceunsi|brrmeiliulceunsi|qenextetnrei|esiliuntcsrpiiauenotheislen|eeudelia|lsohenretetienleiialixealseaisiitreilstliipeuleeudeli	5=i,31=s,11=n,0=u,3=e,9=r,21=d,4=l,02=m,61=p,6=a,62=o,51=t,91=c,2=q,32=x,1=b,01=g,18=f,52=h,81=z,41=w,98=y,08=k
1	393	-3.380620	3	24	sirsimnlleirfnaunirrmicil|nlrcalaliiendliampliaeniippieiokrlapidi|alcetiipnlcligl|llcldliiesihlilc|iriclaleauahmtiialllieiro|ynpcesiikiiallliihmoallo|sirelligui|yniriiiplenutq|niclscamnoseipnlcligl|tierriizcleiilletiieldunirllnriio|alailollescircalial|piloalldliollezloercautiiiknirkballddkniwkiiliiiglaleiiallletikiiloldunplii|rifolaunrimicil|irftlauarimicil|tiipnlcliiigl|pilauiilircireillesiienliltdioii|xmncale|oienltiiglclidiiolleadteocedillligloilialleimomncal	5=l,1=i,13=c,30=m,9=r,2=n,50=u,4=a,90=f,6=e,03=s,53=d,33=p,60=k,43=o,93=g,23=t,63=h,0=y,18=q,08=z,98=w,80=b,3=x
1	394	-3.125927	4	27	ecrfieseearresmeeprdeace|serimemeansulteolmnpiocatneretcec|meinsaoseilde|eeieueanechlei|wxiemenmeemnoesameelart|esoinfaneameeeanoetmeet|ecrneldeb|epxaoenseesq|piefitestfaoseilde|scnrrayienaeensaneueepreesrat|mezeteeneccrimlme|kcetmeeulteenyetnrimeescaneprnyemeeuunepgnealademenameeenscneaeteueesoea|xretemeesrieace|wrresemeemrieace|saoseilade|kcemeealxcraeenfanslesecta|oesimen|mcnsesadeiluateenmusntineceeldemclmeeniemoesime	5=e,31=c,11=a,0=e,93=d,9=r,21=p,4=m,2=s,61=a,13=i,03=f,43=t,6=n,33=o,51=l,53=u,23=s,63=h,91=x,1=w,01=b,18=q,08=y,41=z,98=g,3=k
1	396	-3.166391	2	22	piopuseenioosresiohaiuie|zeourereiimleitadeirmiiddinitnaoerdili|reunfiuceueihe|eeueleiinpixeieu|ioiuerenrearndafiireeeiniot|sdunpiinaiireeeiindatreet|pioneeiheai|sioiiidemeafq|ziueputstpnuceueihe|finooiiyueniieenfiinelesioeboiit|rerieteenpuioureire|dietreeleiteenyetnoureafiiinsionyareellnsignaiieiiihereniireeenfinaiietelesdeii|oioateresouaiuie|iooaferearouaiuie|fiuceueiiihe|diereaiieiouionieenpiimeieflitii|dsuren|timefiiheueiliiteenrlfntunlieeeihetieireenuardsure	5=e,1=i,13=u,0=a,93=h,9=o,02=s,4=r,6=n,03=p,53=l,33=d,43=t,62=m,2=z,32=c,23=f,63=x,18=q,52=b,08=y,98=g
1	397	-3.246289	2	26	aesaseiilesseuieessdesei|gissuiuieeprieudtieupeettelecysiutere|uislmesoisieni|iisirieelaexieis|esesiuilubuxdmeeuiiielesc|etslaeeyeeuiiieexdcuiic|aesliienbe|eeseeetipbmf|gesiascecalsoisieni|melsseezsileeiilmeelirieesiwseec|uiueiciilasessuieui|teicuiirieciilziclssubmeeeleesyquiirrleehyeeieeeniuileeuiiilmeyeeicirietiee|sekciuiesedesei|eskmiubusedesei|mesoisieeeni|teiubeeiessesleiilaeepieimrecee|tesuil|cepimeenisiereeciilurmlcslreiiieniceieuiiledutesui	5=i,1=e,13=s,30=d,9=s,02=e,4=u,6=l,03=a,53=r,33=t,60=y,43=c,62=p,2=g,93=n,32=o,23=m,63=x,50=b,18=f,52=w,08=z,98=h,80=q,90=k
1	398	-2.936794	7	31	iclsiaeeollareinlsiece|helirereetrutiaurnniacotniletcec|reitcideiuse|eeiereenicquei|wxierenreirnaimereeuolt|aainseniereeeenaitreet|iclneusez|inxeaeteimp|niesitatsnideiuse|hcnllebieneeenmenereinleglet|reketeenicclirure|ycetreeruteenbetnlireaceninlnbireerrninfnieueserenereeetcnieetereaaee|xliterealiiece|wllimereirliiece|hcideiuese|ycereieuxcloeensetuemecte|aairen|rctemeseiureteenrrmntineceeusercureeniiraaire	5=e,31=c,11=e,0=i,93=s,9=l,21=n,4=r,02=a,61=o,13=i,03=s,43=t,6=n,33=a,51=u,53=r,62=t,2=h,32=d,63=q,23=m,91=x,1=w,01=z,18=p,52=g,08=b,41=k,98=f,3=y
1	401	-3.195153	7	22	wuipuioleetinpgalinnoiiuie|lenimseiitleuerouuertliiuuuuitrucnsuuieui|keiutluiiuuleiueinue|eeiueeueiicuitueieiu|iniiusedeytuoluireeeitiqu|wluuiucuiicireeeiituuymesu|wuinteeinuai|wliniiiuuetlalux|liiuauimogoutiuuleiueinue|luitnniihiuetiieetluiiteeualineelniru|ksisueecuiuinimere|uuismeeeuerueethsutnimaluiiiclinthyeeeueuclifciieiiinusetireeetluiciisueeualuueii|ninyusalnioiiuie|inpluseynioiiuie|luiiuuleiueiiinue|uuisaiieiniuintieecuiitleielueuruii|uolimet|kuitleluiinueiueieuirueedeuluduiuteuieeeinusuiereetiuyuolime	5=e,1=i,3=u,30=o,9=n,2=l,50=a,24=g,90=p,6=t,0=w,54=s,60=c,14=r,34=m,4=k,94=q,04=y,64=d,18=x,08=h,98=f
1	402	-3.148512	5	27	atuatiaslleuuayladuuiantl|slprolneslilaiaiilaesniiiteaieauoitlt|qsiesiniissisuil|lsillilneateissi|wuniolhlceiiastallsefi|asitieainezalllneiicrloi|atuelsuilz|adpniileslasix|snilatriayiaieiissisuil|steuunabilenllesinelliladullspai|qlkoilleattprlal|itorlllilaillemoieprlastneaduemclllilieadgeansnuiolealllesteanoillilasiiln|puciolaspiantl|wuuasiolcpiantl|siniissisnuil|itolansptuelleainesslsiliain|iiadrle|qteslsinuisisltaillhlisihtieltllsuiotlalleiciiadrl	5=l,31=t,11=n,0=a,3=i,9=u,21=d,24=y,61=e,2=s,54=o,6=e,14=a,34=r,91=p,51=s,4=q,94=f,04=c,64=h,1=w,01=z,18=x,81=b,41=k,98=g,08=m
1	404	-3.253637	7	22	uieruieipllterruklperriueeiel|wlrescleenlilaiuiilaneeiiiietaiturciielie|yleinieeibleileril|lleillileetuietilelei|ereeiclflotiipieallletezi|piieituieetueallleetiioslci|uiertllerilue|pereeeiilnlpim|weeiluiesiukiuiteibleileril|wietrreeheilteellnieetllilperldreai|ycecilltuieiereslal|iiecslllilaillthcitreslpieeetpertholllilitpextueeleeericltealllnietueecillilpiilee|reroiclpreiueeiel|errpicloreiueeiel|wieeibleileeeril|iieclueelereiertelltuieenlediliaiee|iipeslt|yiendieerileilelieaillflbifieitlielllericielallteioiipesl	5=l,1=e,3=i,0=u,9=r,02=p,24=k,6=t,54=c,14=a,62=n,34=s,2=w,32=b,4=y,94=z,04=o,64=f,18=m,52=d,08=h,98=x
1	408	-3.302678	2	24	pilpcureeailluzeurilfuicie|religdeiiarteinuoemariiooiainauldoiti|wecasiioreceife|eeceteiiapixeiec|ilicdekebaousimeeeiailn|urocapiiauimeeeiiaobgeen|pilaeeifeui|uriliiioeareusq|ricepcnurnpaioreceife|sialliiyceaiieeasiiaeteurileerliin|wdieneeapciligeme|oidgeeteineeayenaligeusiiiaurilaybeettaurihauiieiiifdeaimeeeasiauiieneteuroeii|lilundeurlcuicie|illusdeblcuicie|siioreceiiife|oideuiieilcilaieeapiiareiestinii|ourigea|niaresiifeceitiineektsancatieeeifeniemeeacbourige	5=e,1=i,13=c,0=u,93=f,9=l,2=r,24=z,6=a,03=p,53=t,33=o,54=d,43=n,14=m,34=g,23=s,4=w,63=x,04=b,64=k,18=q,08=y,98=h
1	409	-3.096457	5	29	piopieleesiokhaliooeiuie|leoitneiislceresersliissisinmonsici|yeustiisleueide|eeueceiispibeieu|ioiunexeabetireeeision|zlsuspiimireeeiissateen|pioseeidai|zlioiiiseslatq|liuepitelnpsisleueide|tisooiiguesiieestiisecalioeeloiin|ynieneespuioitere|sinteeceineesgensoitatiiimliosgaeeccmliwmiieiiidnesireeestimiienecalseii|oiknnaloieiuie|ioktneaoieiuie|tiisleueiiide|sinaiieiouiosieespiisleietcinii|felites|nisletiideueiciineexctsnuscieeeideniereesienelite	5=e,1=i,13=u,30=e,9=o,2=l,50=a,24=h,90=k,6=s,03=p,53=c,33=s,54=n,60=m,43=n,14=r,34=t,93=d,23=t,4=y,63=b,04=a,64=x,0=z,18=q,08=g,98=w,3=f
1	410	-2.868678	7	33	elinseriiciiebietiretli|rifpliternoueaiaetsalcueeiiulil|wisestarisori|iisiniteelmois|qfslihiueaerlaiiociu|erasentegaiiiteaupiiu|elieiorig|etftaieriesd|tsinsueruncarisori|rleiitxsietiiesteinietiiiritu|wikiuiieellfpiai|zllpiinouiiexiuefpierlteetiexuiinneetyeetotrlicaiiierleetiuinierait|fieulierisetli|qiiesliuisetli|starisotri|zllietofliciienteroisilut|aetpie|wleristrisontuiihnseuseiliiorlliaiiesuaetpi	5=i,31=l,11=t,0=e,93=r,9=i,21=t,24=b,61=c,2=r,13=s,03=n,43=u,6=e,33=a,14=a,51=o,53=n,54=l,34=p,91=f,23=s,4=w,63=m,04=u,64=h,1=q,01=g,18=d,08=x,41=k,98=y,3=z
1	412	-3.143645	4	28	eiaecneeliaapheniadpicie|qeaimseiigseiupaengiiaailiulpasaisi|wecloiczeceide|eeceseiileifeiec|iaicseterlapoineeeiliau|nacleiilpineeeiilarmeeu|eialeeidepi|niaiiiaegepoy|qiceecunuelczeceide|oilaaiibceliieeloiileseniaexaiiu|wsieueeleciaimene|aismeeseiueelbeulaimepoiiilnialbreesslniklpiieiiidselineeeloilpiieuesenaeii|aiapusenacpicie|iaaposeracpicie|oiczeceiiide|aisepiieiacialieeleiigeieosiuii|animel|uigeoiideceisiiueetsoluclsieeeideuieneelcranime	5=e,1=i,13=c,0=p,93=d,9=a,02=n,24=h,6=l,03=e,53=s,33=a,54=s,43=u,62=g,14=n,34=m,2=q,32=z,23=o,4=w,63=f,04=r,64=t,18=y,52=x,08=b,98=k
1	413	-3.154838	4	31	ilaiesiiulangislaafleli|qialamillknitfeitklleelulrcamelnl|xieuoledieilti|iieinilluilyilie|lalemihisyfoltiiilular|seeuillcltiiilluesaiir|ilauiiltpl|slallleikpoz|qleiiersriuedieilti|oluaallreiulliiuolluinislaiwallr|xmliriiuielalaiti|elmaiinilriiurirualapollluslaursiinnuslbcllillltmiultiiiuolclliriniseill|alnrmisalfleli|lanomisalfleli|oledieilllti|elmpllilaelauliiuillkilionlrll|eslaiu|rlkiolltieilnllriihnoureunliiiltirlitiiueseslai	5=i,1=l,13=e,30=f,9=a,02=s,24=g,90=n,6=u,03=i,53=n,33=e,54=m,60=c,43=r,62=k,14=t,34=a,2=q,93=t,32=d,23=o,4=x,63=y,04=s,64=h,50=p,18=z,52=w,08=r,98=b
1	417	-3.151818	4	23	wsiysimarlinyaepainnmiisd|unisooiilutiemstielaiissssilieschessdsi|oislasiissuitint|risrtiicsiltdis|iniitolepelsmasiiorilines|wassiscsiiciioriilsmeseres|wsinlrinspi|wainiiistlapasq|aiispsisemaemslissuitint|asilnniikitliirlasiilrspainraniies|oedesrcsisinisoio|ssdesortiesrcxeslnisepasiiicaincfortscaizcidiiintoliiorlasicidesrspastii|niyetepanimiisd|inyatepenimiisd|asiissuitiiint|ssdepidinisinlircsiiludatsiesii|smaisol|esiluasiintitdsiiesrlosaslesisgsdrintesdierlimesmaiso	15=d,3=s,1=i,30=m,9=n,2=a,50=p,4=e,90=y,6=l,55=r,0=w,95=h,60=c,35=t,25=u,45=o,18=q,08=k,98=z,80=f,85=x,65=g
1	418	-3.013481	3	27	raurairsnouursercuuireim|hdieeethisairiisatseiiiaoaitryaiima|asitsieiissisul|qsinletratissi|wueleteratiirsieansouai|rsiaitrietreenetiiraianai|rauxsulz|rcdeilthrsig|selraiairsairioiissisul|satuuerkltentsietnlrcunsueai|eamaintraadiase|iimaienisaintrfaitdiersaetrcutprenlitrcbtreseuleteentsatzmainlrsile|duralersdireim|wuursleradireim|sieiissiseul|iimeresdauontriethmslaaie|iirciet|aathsieuislmieainteisitaaixansulaasanoiraiircie	15=m,3=i,11=e,0=r,9=u,21=c,45=e,2=s,61=o,55=n,31=a,4=a,95=y,6=t,51=s,25=h,91=d,35=l,5=q,1=w,01=z,65=x,18=g,81=k,98=b,08=p,85=f
1	419	-2.823766	7	32	zuxunnucexnilmeentio|raiddterisiniisientiiiuciiakiiiou|isienitiinsises|qsiustaueissi|wetsdeilieinnitiusceii|zniuiaitatduteiniiiuii|zuersesp|zmatisenlnit|ntiluiinniniciinsises|nueeafgsetueniteuilmeunetii|dioiiuauuaiisd|iioiiduisiiuahiieaiilnutameaydusiambatstesdetduenuepoiiuilnist|axisilnantio|wexnsiliantio|nitiinsistes|iioiltsauecuaiteronsuiit|inmide|iuerniteissoitiiuedinieiuiruusesiusiucniinmid	15=o,3=i,11=t,30=n,9=e,21=m,50=l,4=i,2=n,90=x,61=c,55=u,31=u,0=z,95=k,60=a,6=e,51=s,25=r,45=d,91=a,35=s,5=q,1=w,01=p,65=r,18=t,81=g,10=f,98=b,80=y,85=h
1	420	-3.166375	3	22	unituninosaittocoittnuiinr|mtincciiamlienunliekiinnnniaienauxennrni|cinkniinnmilitl|sinsliiaunialrin|itiilcacueannoniicsiaiten|onninauniiauiicsiiannuenesen|unitasitlui|oitiiinlamonp|wiiluninenoenunainnmilitl|wniattiidilaiiskniiasloixhtiien|cerensauninitincic|nnrencsliensaubenatinconiiiaoitaducslnaoiyauiriiitlcaiicskniauirenslonlii|tituelcotinuiinr|ittolcuetinuiinr|wniinnmiliiitl|nnrcuiritinitaisauniiamihlnienii|nnoinca|enikhniitlilrniiensacgnaeninfnrsitlenriesainuennoinc	15=r,3=n,1=i,0=u,9=t,02=o,45=c,6=a,55=s,4=e,95=x,62=k,35=l,25=m,18=p,2=w,52=h,08=d,98=y,85=b,65=f,32=g
1	421	-3.050166	5	27	kaifaiasunieesasieeciial|deiaaaiindriecariemiiaaaainieasgeaalai|aiamaiiaadirier|uiauriisainrlia|ieiiranetenaasaiiauinieea|saaiasaiisiiauiinaceaeuea|kaienuieati|sieiiiarndsaq|wiiataiaeasecaniaadirier|waineeiihirniiumaiinursigoeiiea|aeleausaiaieiaaia|aaleaaurieauszeaneiaasaiiinsiespauransixsiliiieraniiaumaisileaursarii|eiferaseiciial|ieesreteeiciial|waiiaadiriiier|aaletilieiaieniusaiindioraieaii|aasiaan|eaimoaiierirlaiieaunabaneaiayaluierealieuniceaasiaa	15=l,3=a,1=i,30=c,9=e,02=s,45=a,6=n,55=u,90=f,0=k,4=e,95=g,60=s,62=m,35=r,25=d,50=t,18=q,2=w,52=o,08=h,98=x,80=p,85=z,65=y,32=b
1	422	-2.865337	6	31	tetteioufttoitattiteil|dsiiiesdinaitiinareiiiefaistgaiile|anirieinnintr|zniurestesinni|wterisitasiioieaunftai|oieistiesteiuesiitaiauai|tetxntrp|taseirsdoib|kerteiaioaitifinnintr|kesttethrseuriesurtagcteai|ialaiusteesiani|iilaiiuinaiustmaissiioeestatsqtiuristaystenetriseiuresplaiuroire|sttariositeil|wttoritasiteil|kieinninetr|iilitensetfustierncreaie|iitaiis|aercietinrlieaiusinisaeixeuntraenaufitaiitaii	15=l,3=i,11=e,0=t,9=t,21=a,45=i,02=o,61=f,55=u,31=e,4=a,95=g,6=s,62=r,51=n,25=d,91=s,35=r,32=n,5=z,1=w,01=p,65=x,18=b,2=k,52=c,81=h,98=y,08=q,85=m
1	424	-3.471572	0	23	mirmluodairruotuoirquilc|prlttiiapeismeiyaoiiffiaisaugyfibi|tlaniifpieire|dldeiiamiaecl|iriietatuyafuniitdiairs|uoflamiiauiitdiiafusyds|miradireui|uoiriileapunw|oiiemlsuosmaifpieire|niarriihieaiidaniiadeuoirdoriis|tycsdamlirltit|fcstdeisdauksarltuniiiauoirahuydbbauoixauiciiiretaiitdaniauicsdeuneii|riruyetuorluilc|irruoetuyrluilc|niifpieiiire|fctuicirliraidamiiapcnbisii|fuolta|siapniireieibiisdaybnaslabcdiresciydaluyfuolt	15=c,13=l,1=i,0=u,93=q,9=r,2=o,45=t,6=a,55=d,03=m,53=b,33=f,4=y,95=g,43=s,35=e,25=p,23=n,18=w,08=h,98=x,85=k
1	425	-2.923159	3	31	siusinareiuyaemaiuunist|rusttiierciiscieeaiillieiinzeliai|tsepiilriciuc|rsrciiesiects|iuiicteemeonpiitrieiui|walsesiiniitriionieri|siuerifmi|waiuiisceampq|aiicssenaiseilriciuc|pieuuiihiceiirepiibamaiurauiii|tetiressiustit|ltitrciirnkieusempiiinaiunderaanaignitiiiucteiitrepinitecampcii|uiyecemauinist|iuyacemeuinist|piilriciiiuc|ltemitiusiueiresiiertpaiiii|xnaste|iierpiiuciciaiiireeapeiseatriucitiereininast	15=t,13=s,1=i,30=n,9=u,2=a,50=m,4=e,90=y,6=e,55=r,03=s,53=a,33=l,95=z,60=n,43=i,35=c,25=r,45=t,23=p,63=o,0=w,93=f,18=q,65=b,08=h,98=g,80=d,85=k,3=x
1	426	-2.910853	2	32	euafiesilaaesrecaynio|pairruesartemrsecimulteeksmou|rienumpirat|iiitueeuetoi|wautreresemenusirlat|esmiefueeuriuemetsit|euagratn|ecauitepend|sutfitestflmpirat|sueaauezteuienueitecaisaut|rsotieeuuaisrr|motsiartieexteairesuueecaebesiaaeecheeuruatreuriesuenotitentu|qaestresainio|waaestresainio|numpiruat|moreurqualiefuepostutu|mesire|suepnuatirautiesanetiguiratsursieiesmesir	15=o,13=i,01=n,93=y,9=a,21=c,0=e,45=r,2=s,61=l,55=i,03=f,31=u,33=m,4=s,95=k,6=e,43=t,51=r,53=a,11=u,25=p,35=t,23=n,1=w,65=g,18=d,81=z,98=h,08=b,85=x,91=q
1	427	-2.832762	7	39	zrprouicepuiorepass|aestteeultioctierscrcludicsr|tsenecasten|isineurenss|weenteioimoneiitcel|zucsedeuetiemoliil|zrebtena|zreesneuong|uendsiouldccasten|ureefmhneeienebloreiueel|tisliurresitt|csliiltliuyleesioureureuxiillurqueteenteetieureasinlonne|fpiniouesass|wepunioiesass|necasteen|csioetfreciedeeasunrle|kouste|ireaneenstlelieilnelsbritenirtiicoloust	15=s,13=s,01=a,93=p,9=e,21=r,50=o,4=i,2=u,90=p,61=c,55=i,30=o,31=r,0=z,33=c,95=d,60=u,43=l,6=e,51=t,53=l,11=e,45=t,25=a,35=n,23=n,63=m,1=w,03=d,65=b,18=g,81=h,10=m,91=f,98=q,80=x,85=y,3=k
1	428	-3.205133	1	26	pioptdseioodrdioyaits|hotrriiehuiepuinkiiccieieeaxncibi|rteliichiuiou|stsuiiepieust|ioiiureranecaliirsieioe|dctepiieaiirsiiecaense|pioesiouai|dioiituehalg|wiiuptedepeichiuiou|lieooiiqiueiiseliiesudixfoiie|rnseseptiotrir|csersuieseameeotraliiiedioeqansbbedizeaisiiioureiirselieaisesualuii|oioanurdotaits|iooduranotaits|liichiuiiiou|csraisiotioeisepiiehslbieii|cdtre|eiehliiouiuibiiesenbleetebssiouesinsetancdtr	15=s,13=t,1=i,0=a,93=y,9=o,02=d,45=r,6=e,55=s,03=p,53=b,33=c,4=n,95=x,43=e,62=k,35=u,25=h,23=l,18=g,2=w,52=f,08=q,98=z,85=m
1	429	-2.933513	1	31	rilrsiauilliaiillnist|mlsaaiiumniernieyiirriuiesceriti|asuoiirminiln|asaniiuriunts|iliinauedegnoiiaaiuile|irsuriisiiaaiigneeae|riluaixdi|iiliisnydow|qiinrseieruirminiln|oiulliikinuiiauoiiuaniicfliie|aeteaursilsaia|rteaanieaspeulsedoiiiuiilsbeattuiihsitiiilnauiiaauoisitentdonii|lizenailinist|illinedelinist|oiirminiiiln|rteditilsiluiauriiumtotieii|risau|eiumoiilninitiieauetouesuttailnetieauinerisa	15=t,13=s,1=i,30=n,9=l,02=i,45=a,6=u,55=a,03=r,53=t,33=r,4=e,95=c,60=s,43=e,62=y,35=n,25=m,23=o,63=g,50=d,93=x,18=w,2=q,52=f,08=k,98=h,80=b,85=p,90=z
1	430	-2.890847	4	35	eauceoiruuoneruydes|duennimllteslanresartnebassa|nentisdeluu|ieiuineanuse|wuiunnneansetiailrut|osencineiniinsetait|eaupluud|eruieundeth|ziucetotcrsdeluu|zanuuiexuniintiniuerbouit|nastineaauealn|sstailltinektnuenoainerungeaillnerqneiliuunninimandstiuetui|fueaunouedes|wuuouneauedes|tisdeliuu|ssneilfaurincimlouati|soenn|aandtiuuellitinaltntepailuuaalaineeasoen	15=s,13=e,01=d,93=y,9=u,21=r,0=e,45=n,02=o,61=r,55=i,03=c,31=a,33=s,4=a,95=b,6=n,43=t,51=l,53=l,62=m,11=i,25=d,35=u,23=t,1=w,65=p,18=h,2=z,52=o,81=x,98=q,08=g,85=k,91=f
1	431	-2.745998	7	41	qoidulitiiluadixaul|oiussenssurcsurducotemauclo|surcecousie|iuieemorelu|wieesruaubrceuistie|lcurdemesiebreuie|qoinsiea|qdieuenach|keedueledtcousie|koritzfereircensadamiee|suleimooiuuss|cleuisseimperiusloemdimpuissmdymeseiesresinoraluesacee|tguesliuaul|wiileuauiuaul|cecouseie|cluaestoitirdensmeoee|clusr|uoroceieusseeiruscreunoisieuosuitruclus	15=l,13=u,01=a,93=x,9=i,21=d,50=a,4=u,02=l,61=t,55=i,03=d,31=o,0=q,33=c,95=a,60=m,43=e,6=r,51=s,30=r,53=s,62=n,11=e,45=s,25=o,35=e,23=c,63=b,1=w,65=n,18=h,2=k,52=m,81=f,10=z,91=t,98=y,80=p,85=p,90=g
1	432	-3.213497	2	23	railraiarentillreureillariias|dliauuiitdcmaracmteiiaaaaitmatrlbaasai|uiateaiiaadicilc|nianciitraitcsia|iliicutuptaareaiiunitixa|reaaiatraiitriiuniitaapauba|railtnilcri|reiliiiactdreaq|eiicraihargaratiaadicilc|eaitlliioictiinteaiitncreilnelima|wbibantraiailiauiu|aaibauncmantobatliaureaiiitreiltoruncatreiftrisiiilcutiiunteaitriibancreacii|lilpcureliariias|illrecupliariias|eaiiaadiciiilc|aasurisiliailtintraiitdsecamaii|aareiaut|waitdeaiilcicsaimantuaeayaiazasnilabasmntiapaareiau	15=s,3=a,1=i,0=r,9=l,2=e,45=u,6=t,55=n,54=b,14=m,35=c,25=d,94=x,04=p,18=q,24=g,34=h,08=o,4=w,98=f,65=z,64=y
1	433	-3.041684	6	28	xilzilonrelczyanlccollit|scliuullesesoiesenlliiiilesiacdiitil|ulienilliislelce|rlirellaileetli|lclleueuneionillurlelgi|xniiliaillallurlleiiniudi|xilcerlcial|xnlclllieenaniq|nlliailmoyoieliislelce|nileccllfleellrenillerianlcrnclsi|wdldiraililcliulu|iildiuresirefdieclmanilllanlcapureianlbaltlllceuellurenilalldirianiell|clcnidanclollit|lczneunclollit|nilliislelllce|iildaltlclilcelraillestneisill|ionliue|wilesnillceletilsireuinihilikitrlciditsrelinionliu	15=t,3=i,1=l,30=o,9=c,2=n,50=a,24=y,90=z,6=e,55=r,0=x,54=d,60=a,14=s,35=e,25=s,45=u,94=g,04=n,18=q,34=m,08=f,4=w,98=b,80=p,65=k,64=h
1	434	-2.728642	5	33	ntintentloiintanciienues|uaeaaueuireneiretueeetereenideest|wleeteueetlelii|qleliuenteelle|kiuiaeaneeenttrllobe|nteteeneuenualueeeneade|ntifliim|ncaueieuntez|tuintpengeneoeetlelii|tteiiunxieuleteuelinciltare|ahdelenttapla|etdealirelerdeeaeanttuenciernalieencyenuluiiaeualettenudelinteiu|ainiantaenues|kiintianaenues|teueetleluii|eesanulatioleneueustiereu|eenceae|wteuteuielistreleaetesteftlliedesrloeneencea	15=s,3=e,11=u,0=n,9=i,21=c,45=a,2=t,61=o,55=l,31=t,54=d,6=e,14=r,35=i,25=u,91=a,51=l,4=w,5=q,94=b,04=n,1=k,01=m,65=f,18=z,24=g,34=p,81=x,41=h,98=y,08=r,64=s
1	436	-2.908553	5	28	uesiuesencasiinansiieusset|niseaassanedeueedmsseeeesadeauileetes|asemesseensesie|csecessauesaetse|sisseaaaraeenessacsasse|neeseauessaussacssaeereale|uesiacsieus|nsissseeanneq|wsseuespeufeueaseensesie|wesaiissyseasscmessacensboisde|klslecauesesiseasa|eesleacedecayleaiseanesssansiayuaceeanshaustsssieaassacmesaussleceneess|isireaniseusset|siineariseusset|wesseensesssie|eetaustsisesiascauessansoeedess|eenseaa|kesmoessiesetesdecaagezesexetcsieletdcasereensea	15=t,3=e,1=s,0=u,9=i,02=n,45=a,6=a,55=c,54=l,14=d,62=m,35=e,25=n,94=s,04=r,18=q,24=f,34=p,2=w,52=o,95=b,08=y,4=k,98=h,65=x,64=z,32=g
1	437	-2.856109	7	33	welzeleniileenunleeulles|teleuullitaluealalleeeelilecedeesel|uleaelleetlalea|ileiallceliasle|lellauiurieenelluililse|neelecellclluillieereude|weleiileetl|nlellleaitnef|plletelhuqueileetlalea|pelieellnlailliaelliianlkbelle|ydldeiceleleleulu|eeldeuialeiindeieleunelllinlecouiaeinlxclsllleauilluiaelclldeianeall|eleraunelulles|leenaurelulles|pelleetlalllea|eeldtlsleleleilicellitlbaelell|eenleui|yelabellealaselleiiugerelemesileedesliilereenleu	15=s,3=e,1=l,30=u,9=e,02=n,45=u,6=i,55=i,90=z,0=w,54=d,60=c,14=l,62=a,35=a,25=t,94=s,04=r,50=t,18=f,24=q,34=h,2=p,52=b,95=k,08=n,4=y,98=x,80=o,65=m,64=r,32=g
1	438	-2.720496	8	38	ilaileuedaausinaaeiien|oressiuosteiestrieeeluteuiadeenl|klereietlelas|wleesiuiluelle|paissuscueeulteldhe|ueleuieiuiiseiueecesde|ilaplasq|inriesuouem|yisilceimeiedetlelas|yluaaiigsuiereiuesinforte|szdeeuillrcls|eldesesteeuadeuresuliuinauaiseseuinxuiiliassuiserluiideesuesi|racssureiien|paausscreiien|yeietlelias|eensiilrladeuieirlosetei|eeinesu|klroeiaelsnlteeustebleplelaedentedeceeines	15=n,3=e,11=i,0=i,9=a,21=n,45=s,02=u,61=d,55=e,31=l,54=d,6=u,14=t,62=r,35=s,25=o,91=r,51=l,32=t,4=k,5=w,94=h,04=c,1=p,01=q,65=p,18=m,24=m,34=c,2=y,52=o,95=f,81=g,41=z,98=x,08=a,64=b
1	440	-3.118481	1	27	dildentruillntantilzniec|sleaaiiuseiadebutiissiuiaunlksipi|aeuoiissieile|rereiiudiuece|iliieauamusnoiiariuila|ntseudiiuniiariiusmyra|dilurileni|ntiliieeusnoq|tiiedeantaduissieile|oiulliihieuiiruoiiurentilrtliia|wkcarudeileaia|scaareiarunfauleanoiiiuntiluhmrppuntixuniciiileauiiaruoiunicarenoeii|lilmeantleniec|illnteamleniec|oiissieiiile|scanicileiluirudiiuscopiaii|snteau|aiusoiileieipiiargpouaeupcrileacbruemsntea	15=c,13=e,1=i,0=n,93=z,9=l,2=t,45=a,6=u,55=r,03=d,53=p,33=s,54=k,43=a,14=b,35=e,25=s,23=o,04=m,34=y,18=q,08=h,4=w,98=x,85=f,64=g
1	441	-2.820854	4	35	tintioudeinchiuinnoira|snrlliieseintemeuiissieinontsiui|lreliissieine|drdeiietieear|iniielelaboliildieinn|qusretiioiildiiesardn|tinedixii|quiniireeuilp|uiietirounteissieine|lienniifieeiideliikuiuinduniin|ztandetrinrlil|sanldeindoyneniriliiiouinefaduuouigoiaiiineleiildelioiiteuileii|nicntiunioira|incuelanioira|liissieiiine|sitiiainrineidetiiesaluinii|wourle|niesliineieiuiinddulenreuadinenamdeionourl	15=a,13=r,1=i,30=o,9=n,2=u,50=i,24=h,90=c,6=e,55=d,03=t,53=u,33=s,54=t,60=o,43=n,14=m,35=e,25=s,45=l,23=l,63=b,04=a,34=r,0=q,93=x,18=p,65=k,08=f,4=z,98=g,85=y,3=w,64=d
1	442	-2.941965	5	37	sleraserdeeseussezbat|neauuaieclurcoisailduisefitl|uaitainalec|rarcaislicta|weacuiuniiselorldeu|seiairaisauraiinoru|slemlecb|sseaacinsty|eacrauseurdinalec|elieeasdciaritaircssereeau|xfturisllkolu|hlforclurisquieauselaisseignrccisspisalaecuiaurielibturcstca|kencuseeabat|weesecuneabat|tainalaec|itusalkledrirainteclua|iseaui|xlintaecalcaurmctiuamlrlecutorianiseau	15=t,13=a,01=b,93=z,9=e,21=s,0=s,45=u,2=e,61=d,55=r,03=r,31=l,33=i,54=f,6=i,43=u,14=o,35=c,51=l,53=c,11=a,25=n,23=t,04=n,1=w,34=o,65=m,18=y,81=d,91=k,4=x,98=p,08=g,85=q,3=h,64=m
1	444	-2.940833	2	31	dindemleinnmsminqtiea|fnessiiefaiidargiinnieiietnoniti|seesiinfiaina|lelaiiedieaae|iniiasesuentsiislieini|mneediietiisliienuzli|dinelinati|miniieaeftsy|xiiadeimideinfiaina|sienniipiaeiilesiielamichniii|woailedeinesis|naislaiiletbienestsiiieminepulttemiretiaiiinaseiislesietiailatsaii|ninuasmnetiea|innmasunetiea|siinfiaiiina|nastiaineineilediiefastiiii|nmese|iiefsiinaiaitiiilktseieetalinaiarleeunmes	15=a,13=e,1=i,0=t,93=q,9=n,02=m,45=s,6=e,55=l,03=d,53=t,33=n,54=o,43=i,62=g,14=r,35=a,25=f,23=s,04=u,34=z,18=y,2=x,52=h,95=c,08=p,4=w,98=r,85=b,64=k
1	445	-2.857590	2	34	setseausettanaettreeu|ltenneesliensiomeellesenttclede|nesieelleieti|ueuieessesiue|eteeinsnayrieenuesetn|alesseeteenueeslapun|setsuebre|aeteeeimrig|qeeisenansselleieti|iestteefeiseeusieesuiaexoteen|wcunusseetenen|lunnuienuthnsteprieeesaetsfauddsaekteueeetinseenusieteecidriiee|tetainatereeu|ettainatereeu|ieelleieeeti|lecreueteetseusseesluidenee|laens|neslieetieiedeenuzdisnesduuetinuousealaen	15=u,13=e,1=e,30=r,9=t,02=a,45=n,6=s,55=u,03=s,53=d,33=l,54=c,60=t,43=n,62=m,14=o,35=i,25=l,23=i,63=y,04=a,34=p,50=r,93=b,18=g,2=q,52=o,95=x,08=f,4=w,98=k,85=h,64=z
1	446	-2.723871	7	41	suaullnraalescaytla|raleetdseiuineclauriesamaau|elestarleai|nlnitesueial|qatieeemealunnerai|laleutestenteamoni|suadeait|scatliersso|ktiuliliurarleai|kueaatsfietnesteniscbcati|zmainesuupoee|wumonseinespiealelutescaexmnsseschestetaieetenduetainissit|pamielaltla|qaaliemaltla|starletai|aaestepuarneutdeciuit|allee|zuerstailestingsseilduneaiiannelmalle	15=a,13=l,01=t,93=y,9=a,21=c,0=s,45=e,02=l,61=r,55=n,03=u,31=u,33=a,54=m,6=e,43=i,14=n,35=i,51=e,53=s,62=d,11=t,25=r,23=s,04=m,1=q,34=o,65=d,18=o,2=k,52=c,95=b,81=f,91=p,4=z,98=h,08=x,85=p,3=w,64=g
1	449	-3.115906	4	20	wliylitaurioyaesaiootiiliu|auoileueuicauluietlluidaiillllcielnouelliuli|euimaliillauiluiolu|uuiluuluiinlcluiuil|ioiilueresdltaliieuuucioel|wallilnliiniieuuuiclteleuuel|wliguuiolsi|waioiiillrasalh|aiilsliletaetmillauiluiolu|alcooiibilriiuralicuulsaiouuaoiiel|eueiueluunlilioileuieu|lliueleuuuluielurbuemoilesaliiinaionpeuuululnaifniiuiiiolueriieuuraliniiueluulsalluii|oiyeluesaoitiiliu|ioyalueseoitiiliu|aliillauiluiiiolu|lliuesiiuioiligiuunlicauiualulielii|ltailer|elcaualiioluiluiuliielureulamelimuliuuuiolueliuieuriteltaileu	5=u,1=i,3=l,30=t,9=o,2=a,50=s,4=e,90=y,56=r,0=w,60=n,16=c,46=d,36=m,96=g,18=h,08=b,98=f,80=p
1	450	-3.217036	2	24	alraleaciiorracniayrreasli|cideninupcieuneaeeuxcseeelonmarinelil|numceseecueurei|iueiieupaepeuue|krseintniaxeeacesniiuorne|acelmalpasniiupeeaneniine|algiureiz|aydseetciaceq|cseialeneacneaeoeecueurei|ceprrsabetsitclpiieiayriicrsne|niwineitalldenuni|elineniiieuneithinmdeniacespayghaniiieimayrfasusreintsniitcepasineiieiaceeis|draneiniacdeasli|krraceiniandeasli|ceseecueusrei|eliniasudlroitalpcuiceilnes|eeayent|nepcicesreueuiesneitniecmnlmiliiureinluniioeaneeayeni	5=i,31=l,11=s,0=a,3=e,9=r,21=y,4=n,2=c,61=o,36=m,46=x,51=u,16=p,91=d,56=t,1=k,01=z,96=g,18=q,81=b,41=w,86=f,08=h
1	451	-2.826575	6	30	qczcnellaizeestiinucl|elnieleateliaeniiadeuiiicaeioileiclc|easeiuiieaiaiil|lailliluoitiaai|wiuileresdineiuellaaiei|qeicioiuouellatineiellei|qcklaiilp|qtnuiireseig|euiscieneeniaiieaiaiil|eitinfmirulrectllistilleiuei|elxleilloccnieael|icleiellliaeilrylesniesecuotiobellliliothouauiileruellrecouleilliseiilu|nzeilesennucl|wizeilesennucl|eiuiieaiauiil|iclesuancialloctealeilceiu|intier|eiteleiuiiaialiueilreliesecslcllaiilecaellaneintiel	5=l,31=c,11=u,30=n,9=i,21=t,50=s,4=e,2=e,90=z,61=a,0=q,3=i,60=o,46=d,51=a,16=t,91=n,36=s,56=r,1=w,01=p,96=k,18=g,81=m,10=f,41=x,98=h,80=b,08=y
1	452	-3.116190	4	19	utesutetrioessrniresstueetei|wisetninieecitientuttienceettttaenlusintteite|nietcteetpietiesti|iietiitieautatieiet|eseetinoniufttrteeniiiaesnt|rtteluteaueeniiieattuntniint|uteziiestiue|reseeetticirtm|weetiutetntrntuletpietiesti|wtasseedetoeeiicteaiitiresixseent|nineintioutetesetnieni|tteintniiitientiodinlsetnirteearezduniiitilresqueeieeestinoeeniiictaueeintiitirttiee|sesuntinirsetueetei|essrtiniunsetueetei|wteetpietieeesti|tteiniueeiesetezeiouteeciextitentee|ttretno|ntecxteestietieiteentioniplnteliteiiiestinteienioetunttretni	5=i,1=e,3=t,0=u,9=s,02=r,4=n,56=o,36=l,16=a,62=c,2=w,32=p,46=f,96=z,18=m,52=x,08=d,86=q
1	453	-3.076413	6	24	zliklilsepiuusresiuuaiilie|weuilrereiineleiralleirniilllldirltuerllieli|reilnliilmeileiule|eeileeleiitldleieil|iuiilerprofllsliireeediurl|slliltliitiireeeidlarlreerl|zligeeiuloi|siuiiillenesly|wiilolilrlsracilmeileiule|wlduuiihilpiieenlideelesiuequiirl|rerierleetliliuilreire|llierlreeeleirlephercuilresliidsiutbreeelecsixtiieiiiulerpiireeenlitiierleeleslleii|uikrleresuiaiilie|iuusleroruiaiilie|wliilmeileiiiule|llieroiieiuiligieetliineiqlelirlii|llsilrp|rlinqliiuleileieliirlepremcrlicelieeeiulerlieirepiarllsilre	5=e,1=i,3=l,30=a,9=u,02=s,4=r,56=p,90=k,0=z,60=t,16=d,62=n,2=w,32=m,46=f,50=o,96=g,18=y,36=c,52=q,08=h,98=x,80=b
1	454	-3.009264	6	28	nalnaiseetllsuenallineae|qehiueueedeinuiniinudeiiiatusnleuiaea|unidieioninlie|enieeingniginni|bleieuruenkiisieueentlui|siasnagneueengiinuiueeui|nayenliep|naheiiedesix|qeienaiuisuinitioninlie|qigllenfireeedageeienalemleui|ueweuiernaahiunue|iaeuiueeeinuierceushiuesiegnaycnueeeiesnalznenelieureueeedigneeuieeiesiiee|hlnuieueshineae|bllsieuenuhineae|qieioninelie|iaeuenenhalterniednmieauie|iinaiur|uadmielinineieuierueosuaseaeenlieuanueetinuiinaiue	5=e,31=a,11=e,0=n,3=i,9=l,21=a,4=u,02=s,61=t,36=s,62=d,51=n,91=h,2=q,32=o,16=g,46=k,56=r,1=b,01=p,96=y,18=x,52=m,81=f,41=w,86=z,08=c
1	456	-3.321165	0	22	yauysenioauuentienaubeasai|niustitiacnpialemiaknaammcatdeuitmapa|tiadraamnisiabi|iisipiacyafiais|auasitotiekmeraatiiicaul|enmadyaceaatiiiacmeltiil|yahiiabiea|enauaaamonierq|nasiyslenledamnisiabi|rcuuaagsoaaioracipienauiinuaal|titailioysaustiati|mailtiipialiogitdustieraacenahgetiipidenauxeaaiaaabitoaatiiorceaailipienmiaa|uauelitienuseasai|auueritietuseasai|raamnisiaaabi|maitieaaiausahaioyacniairpalaa|mensto|lcniraabisiapaaliotpndladpaiiiabilaiatiosetmensti	5=i,1=a,13=s,0=e,93=b,9=u,2=n,4=t,56=o,03=y,53=p,33=m,36=d,16=c,46=k,43=l,23=r,63=f,96=h,18=q,08=g,86=x
1	457	-3.069150	3	28	silsinaurilyaetaillniciu|aulceueuieanuiensuifaiisseiodluesini|euipaiisaucuigu|uucunuiesimuiuc|ilicueretemnaiieuuueilo|kasipsiidiieuuuiimnoeuuo|sixuuigti|kailiiisratab|aicuscenaenpisaucuigu|aelliiqcriiuraieuntailuualiio|eueiuourscilceuieu|siuoeuunuiourqueplcetaiiidaildheuunndaizdiiuiiigueriieuuraidiiuountasuii|liyouetaliniciu|ilyaueteliniciu|aiisaucuiiigu|siuetiiuilcixiursieauiuanioii|wnacer|oeauaiigucuiniiourenapoipniuuuiguoiuieurinonaceu	5=u,1=i,13=c,30=n,9=l,2=a,50=t,4=e,90=y,56=r,03=s,53=n,33=s,60=d,43=o,16=e,46=f,93=g,23=a,36=p,63=m,0=k,96=x,18=b,08=q,98=z,80=h,3=w
1	458	-2.790467	4	31	encoreseenccesueeacreane|secrueuilstiteiixarinnudecetnen|uidmaiserire|eeretilengier|zfreusueexiemaueeinct|emndenleaueeilietueet|enyeireq|eafaisseemb|areortestoniserire|mlccaprsaessnleteeaceescat|ueketesenncruiue|wnetueetitespeudcrueemaleaypeueetedeacheaiareusaueesmleaeteteesiea|fceteueescreane|zccemeueeucreane|maiseriare|wneueeaifncnesenlsiementa|iesrus|tlsemareritatesutsdundeneeireuniuesreuiesrue	5=e,31=n,11=a,0=e,93=r,9=c,21=a,4=u,2=s,61=n,13=r,03=o,43=t,36=d,33=i,46=x,51=i,53=t,16=l,23=m,63=g,56=s,91=f,1=z,01=q,96=y,18=b,08=p,41=k,86=h,3=w
1	460	-3.183925	2	26	oieonsesieeslesiehainie|beenleleiifdeirameilfiimmciluaeelmidi|leiutingeneihe|eenedeicoiweien|ieinelsleaymatiileeecier|smiuoicaiileeeicmarleer|oipeeiheai|sieiiimefeatq|bineonrsraungeneihe|tceeiiknsiiesticedesieexeiir|lelieresonienleile|mierleedeireskeluenleatiicsipkaleedeusiezaiieiiihelsiileestcaiieredesmeii|eiearelesenainie|ieeatelealenainie|tingeneiiihe|mieleaiieienipiesoiifeietdirii|msnls|rifetiiheneidiiresleguriudieeeiherieilesnalmsnle	5=e,1=i,13=n,0=a,93=h,9=e,02=s,4=l,56=s,03=o,53=d,33=m,36=u,16=c,62=f,43=r,2=b,32=g,23=t,63=w,46=y,96=p,18=q,52=x,08=k,86=z
1	461	-3.110815	2	29	aieanneuieentenieesinie|qeenteteiixteitsseitxiisspicleetsiti|teiaoingeneide|eeneteipaimeien|ieinetutrtmsoiiteeepiec|nsiaaiiliiteeeiimscteec|aizeeidri|nieiiisexroy|qineancntsangeneide|opeeiiknuiieuoipetenieefeiic|tetieceuanienteite|siecteeteiceuketaentroiipnielhteeteanibliieiiidetuiiteeuoiliiecetenseii|eiwceteneisinie|iewoetrteisinie|oingeneiiide|sietriieienizieuaiixeieoticii|snntu|cixeoiideneitiiceutegaciatieeeidecieiteuistsnnte	5=e,1=i,13=n,30=s,9=e,02=n,4=t,56=u,03=a,53=t,33=s,60=l,43=c,16=p,62=x,2=q,93=d,32=g,23=o,36=a,63=m,50=r,96=z,18=y,52=f,08=k,98=b,80=h,90=w
1	462	-2.625464	6	35	ilsdiueeassureinsciele|wesirereesuntirnonirlaroisetlel|reislipeince|eeieunlilanei|yhiertreioridereenast|idloilliereenlritreet|ilgenceq|inhereseidx|nieditutioipeince|dlssefiteeeslleueinsezset|remetetillsirnre|kletreeuntetferosireidelingfireeueoinsbienecertereetdlieeteueuree|hsitereusiiele|yssidereirsiiele|wlipeinece|klereienhlsaetdesnedelte|ruirt|rlsedeceinuetetreporloeleencerlnretiirruire	5=e,31=l,11=e,0=i,93=c,9=s,21=n,4=r,02=u,61=a,13=i,03=d,43=t,36=o,33=r,46=o,51=n,53=u,62=s,2=w,32=p,63=a,16=l,23=d,56=t,91=h,1=y,01=q,96=g,18=x,52=z,08=f,41=m,86=b,3=k
1	464	-3.166938	3	22	ainuainialernuuagealnuuiannine|leunctensleiediaiienblnniiiisdpautiinein|xenplinniilenienuie|eenieeiensaisieneni|nunnitemeabiialindeeesnyi|aliinpainsandeeensiioceti|ainheenuiean|alnunnniirlealiq|lnnieainciagiapniilenienuie|lisuunnfnirnnerlinseeiealnueelundi|xtntieraininuncede|iintceeeiedierftpuncealinnsalnhfoeeeiepalnuzannennnuitrndeerlisanntieeiealiienn|unuoitealuniannine|nuualiteouniannine|linniileniennnuie|iinteannenuninhnerainslenelieidinn|iialncr|xislelinnuienieneindieemeiliminpeineeenuitinedernioiialnce	5=e,1=n,3=i,0=a,9=u,2=l,24=g,56=r,54=t,36=p,14=d,16=s,46=b,34=c,4=x,94=y,64=m,04=o,96=h,18=q,08=f,86=z
1	465	-3.163060	7	26	welkelntislekfutleenlleli|tielarilstieidneeilztlleeeesdecereeliel|xilytelleetileileei|iileiieillceseilile|lelleriguzenteldiiislhe|wteelecellcldiiilseemaire|weloiileeul|wtlellleestuteq|tlleuelanfnyleetileileei|teseellplesllistelsiieutleiitelde|xrlreiicelelelaidi|eelraiiieideispryelautelllctlopmiiieiectlbcllillleersldiistelcllreiieuteeill|elemerutelnlleli|lekterimelnlleli|telleetileillleei|eelrullileleloliicelstiliteiedell|entlas|xestitelleeileilieldeiigietegelyieliiileerelidislementlai	5=i,1=l,3=e,30=n,9=e,2=t,50=u,24=f,90=k,56=s,0=w,54=r,60=c,14=d,16=s,46=z,34=a,36=y,4=x,94=h,64=g,04=m,96=o,18=q,08=p,98=b
1	466	-2.923965	5	31	euseuieseeassezeenssienue|seoirtaseierieiitksniiiiarmesriueu|wtmsiniistitsie|etieeitaeiaitti|qsnireteekiiesureetagi|esiumeuapreetaiidieri|eucetsiep|enoniilseesix|snieeuiiezieiaiistitsie|siassnefilnelsuaeeieenseesori|webrieleuuoiere|iurieeeierielyrmoieesinaencydeeeiemenshentnsireareelsiaenrieeieesiien|osdireesoienue|qssesiredoienue|siniistitnsie|iureentousaeleuastesieirin|iienil|wiasesinsititeurieeteisitumeueetsiruereeaidiienie	5=e,31=u,11=n,0=e,3=i,9=s,21=n,24=z,61=a,2=s,54=r,36=m,14=r,16=a,46=k,51=t,34=i,91=o,4=w,94=g,64=t,1=q,04=d,01=p,96=c,18=x,56=l,81=f,41=b,86=h,08=y
1	468	-3.129678	7	26	aileailiserleeayesleeiallile|keeldnellteieuiaiieutlliiiisufaeniileil|zelitilligelieleie|eelieeielsaisieleli|lellinexeabiisilueeeslhi|siilfailsalueeelsiimdeni|ailpeeleieal|slellliietesiq|kllieaildiayiafligelieleie|kiseellolirlleetilseeiesleecelui|znlnierailileldeue|iilndeeeieuieronfeldesillsslpomeeeiefslewallellleinrlueeetisallnieeiesiiell|elemineseliallile|leesinemeliallile|killigeliellleie|iilneallelelilplerailltelcieiuill|iisldr|ziltcilleielieleiluieexegixilfeileeeleinileuerlimiislde	5=e,1=l,3=i,0=a,9=e,02=s,24=y,56=r,54=n,36=f,14=u,16=s,62=t,34=d,2=k,32=g,4=z,94=h,46=b,64=x,04=m,96=p,18=q,52=c,08=o,86=w
1	472	-3.112177	2	28	tiatsunesiaaugeuniafuisie|neaimreienceiduleikniillenauarlici|weiapiilneseife|eeseceietizeies|iaisrexeuklupineeeeiad|unliatieuineeeielymeed|tiheeifeui|uniaiiilsneupo|nisetsdunduailneseife|peaaiibssiiespieeceuniaeenaiid|wriedestsiaimene|lirmeeceidesbraaimeupiieunihbyeeceauniaquiieiiifrsineespeuiiedeceunleii|aiaudreunasuisie|iaaupreyasuisie|piilneseiiife|lireuiieiasihiestieneiepcidii|lunims|denepiifeseiciideexcnadiacieeeifedienessylunime	5=e,1=i,13=s,0=u,93=f,9=a,2=n,24=g,56=s,03=t,53=c,33=l,54=r,36=a,14=n,16=e,46=k,43=d,34=m,23=p,4=w,63=z,64=x,04=y,96=h,18=o,08=b,86=q
1	473	-2.951281	5	33	cerceiriueromarerriesei|rireslieprlixitiebreettpeutrltele|kieaneetrisieni|iisiliepcedieis|ereslifiedinexiiiperu|wrteaceetexiiieptesiiu|cehiienae|wrereeeturang|resicesimiaetrisieni|nprreeysueeiunepilareriirreeu|kleiuiucseresixi|telsiilieuiuylaresaneeetrehyeiilltrezteeieeenluexiiuneteeiuilartiee|reoularreiesei|eronliereiesei|neetrisieeeni|telaeeierseheiuceprieinleuee|qiresu|uprineenisieleeuiiflrauealeiiieniueixiueiuiresi	5=i,1=e,13=s,30=i,9=r,2=r,50=a,24=m,90=o,56=u,03=c,53=l,33=t,54=l,60=t,43=u,16=p,46=b,14=x,34=s,93=n,23=n,36=a,4=k,63=d,04=e,64=f,0=w,96=h,18=g,08=y,98=z,3=q
1	474	-2.814820	6	37	surcosteelrrszesardsaue|temdiuntcunsiuhtaiinlesrenueu|xuetaiteoude|eeoecunsuqueo|pmoieoeshistuleeulrn|stuesungleeunirdeen|sumeudeg|samaistestf|aoeconstncliteoude|tnrrabosaestunecesareetran|xekenessuumdele|wuideecunesbiemdestansambreeceesarysauadielleestnsaenecestiea|mrsniestrosaue|prrstierrosaue|taiteouade|wuiesaumurlessuntueteuna|isads|nntetadeoucaneeoctoueeueeudiuelesorisade	5=e,31=u,11=a,0=s,93=d,9=r,21=a,24=z,61=l,2=t,13=o,03=c,43=n,36=e,14=l,16=n,33=i,46=h,51=u,53=c,54=i,34=d,91=m,23=t,4=x,63=q,64=o,1=p,04=r,01=g,96=m,18=f,56=s,08=b,41=k,86=y,3=w
1	476	-2.969250	4	32	ceucreileuuifieeutierei|hiuenaieemdienitiumeettsuriuatede|wierserairieti|iiridiescebieir|eueraiqiiktiseuiiiseun|etercesieuiiiestoniin|ceziietiie|eeueeetimiisy|hericrnenirrairieti|ssuueeprleeilsesidieeuigueen|waeinilcreueniui|teaniidienilparueniiseeseezpoiidireeuxieeieeetaleuiilssieeinidietiee|ueuinaieurierei|euuisaiourierei|serairieeeti|teaiieeieurezeilceemieisdenee|teenl|nemiseetiriedeeniiqiarnerdeiiietineiuilroteeni	5=i,1=e,13=r,0=i,93=t,9=u,02=e,24=f,56=l,03=c,53=d,33=t,54=a,36=r,14=u,16=s,62=m,43=n,34=n,2=h,32=a,23=s,4=w,63=b,46=k,64=q,04=o,96=z,18=y,52=g,08=p,86=x
1	477	-3.036312	4	34	oimolnauimosanimmeilia|zamireaiituapecaptiicclinfmeciui|waiidilyalaisa|aalauailoigaial|imileahargedipaaalimn|nciioiifipaaailcrraan|oikaaisai|nimiiicatadq|zilaoireseilyalaisa|dlmmiitluiiaudilauanimaxmiin|weianauolimirapa|cieraauainauteimiradiilniktraauainibfiiaiiiseuipaaudifiianauancaii|mioneanmieilia|imodearmieilia|dilyalaiiisa|cieaiiaimlikiauoiitaiaduinii|cniru|nitadiisalaiuiinaahayiniiuiaaaisaniapaulrcnira	5=a,1=i,13=l,30=e,9=m,02=n,24=s,90=o,56=u,03=o,53=u,33=c,54=e,60=f,43=n,16=l,62=t,14=p,34=r,2=z,93=s,32=y,23=d,36=i,4=w,63=g,04=r,64=h,50=a,96=k,18=q,52=x,08=t,98=b
1	480	-3.288369	0	22	euileuiuemdillerserillueiiua|mliussicmnioueunixriiuuuuciofepouuaui|sifruiiuuminiln|tiutniceucnaiu|iliinodsexuueruiistcilou|eruuifeuiceiisticuueouotou|euibtilnei|eriliiiuudmeruy|riineuiuouerouefiuuminiln|ruclliigiudiadruictneriltrliiou|soaondeuiuiliusis|uuaoustniondezofliuseruiiceribgestnferilheiaiiilnodiiotdruceiaoutnerunii|lileonserliueiiua|illernseoliueiiua|ruiiuuminiiiln|uuaseiailiuibadeuicmarnuiouii|uueriuod|oucmruiilninauiiondsurfouiuquatilnouaisdiueouuerius	15=a,3=u,1=i,0=e,9=l,2=r,45=s,56=d,25=m,4=o,95=p,36=f,16=c,46=x,35=n,55=t,96=b,18=y,08=g,86=h,85=z,65=q
1	481	-3.090128	4	27	waixaicgsiexleslieeciiau|geiaaaingtiecatifliiaaaanieamyeaauai|aihlaiiaagitiet|riartiimantuia|ieiitesesfaclaiiarnieea|wlaaiamaiimiiarinaceaerea|waiorieasi|wlieiiiaaslslab|liiasaiaeclechiaagitiet|laneeiiqiasiuslainraslierleiiea|aeuearmaiaieiaaia|aaueaartiearmdeheiaeslaiiimliempartamlikmiuiiietesiierslaimiuearaslatii|eixetesleiciiau|iexlteseeiciiau|laiiaagitiiiet|aauesiuieiaioirmaingultaieaii|acliaes|eanglaiietituaiietsaalheaiazaurieteauiasiceacliaa	15=u,3=a,1=i,30=c,9=e,2=l,50=s,4=e,90=x,56=s,25=g,0=w,95=y,60=m,16=n,46=f,35=t,45=a,36=h,55=r,96=o,18=b,08=q,98=k,80=p,85=d,65=z
1	482	-2.941256	3	31	circiiclstrrclscorriceia|bdisutabituiciitpleiiiituncquiiai|utnlieiiltitre|ztisitaciaitti|wreeurscpiiclieusttrui|cliinciaceustaiicuiusui|cirktrem|codeiirbclif|leeciiuicluicitiiltitre|liarrecxetarliasecorslreui|suauerciidiuts|iiauissituercyundisclieacogncssencorhcetereureusrliamauisecliee|drcuescldiceia|wrrclescudiceia|lieiiltitere|iiascetdigarciabaleiuie|iicoiur|uiablieriteaieuersilnuiikistreuitusticuiicois	15=a,3=i,11=e,0=c,9=r,21=o,45=s,2=l,61=t,55=s,31=i,4=u,95=q,36=n,46=p,51=t,25=b,16=a,91=d,35=e,5=z,56=r,1=w,01=m,65=k,18=f,81=x,86=h,08=n,96=g,85=y
1	483	-2.860302	7	35	klgliurrcguianccitet|ooepisloesiieesduteeelrieahieetl|isqueteeusesce|xseretaelesse|wcteiniadeiuetirsrcie|kueleaetatirsleiieirie|klcssceu|knoteenuauez|utealeiiuiiereeusesce|uelcombertnullreancructie|pitieralloeisp|eetiepresierafiqoeiaultancaypreeandatstceintirnuelutiereaueet|ogieiauoitet|wcgueiaioitet|ueteeusestce|eetiatsolcrrallotueliet|einein|ielouetcesetetienpeuqileslrsceilsirriieinep	15=t,3=e,11=t,30=i,9=c,21=n,50=a,4=i,2=u,90=g,61=r,55=r,31=l,0=k,95=h,60=a,46=d,51=s,25=o,16=l,45=p,91=o,35=e,36=q,5=x,56=n,1=w,01=u,65=s,18=z,81=b,10=m,98=d,80=y,85=f
1	484	-3.081436	3	26	enileninepsillosoillneiinc|plinssidpuienenuieriinnnndietexenncni|sinrniinnpiuilu|ainauidenducin|iliiuesseznnoniisadilen|onnitenideiisaidnneeneaen|enibailuei|oiliiinnsponq|wiiueninenoenetinnpiuilu|wndlliihinsiiarnidauoixfliien|seceuseninilinsis|nncensauieusemetlinsoniidoibhesautoilkeiciiiluesiisarndeicenauonuii|lileeusolineiinc|illouseelineiinc|wniinnpiuiiilu|nncseicilinibcsenidpifunienii|nnoines|enirfniiluiucniieussyteningncailuencissineennoins	15=c,3=n,1=i,0=e,9=l,02=o,45=s,56=s,25=p,4=e,95=x,36=t,16=d,62=r,35=u,55=a,46=z,96=b,18=q,2=w,52=f,08=h,86=k,85=m,65=g,32=y
1	485	-2.938800	5	31	zlislinediuuiriiuuniilt|euilrritenienlniepiilllltielcbelltli|rilpliilleiniun|ailaniicltntil|iuiinedemflliliiratiuel|illilcliiciiraitlneleael|zligaiulmi|iiuiiilldeilq|wiilmlileliensilleiniun|wltuuiixildiiaplitaniibauiiel|retelacliliuilrir|lltelranielachesuilriliitiiucrransiikcitiiiunediiraplicitelanilnii|uisenriuiniilt|iuuinemeuiniilt|wliilleiniiiun|lltemitiuiligiacliteianlielii|lliiled|elipaliiunintliiendryseliloltaiuneltirdinelliilr	15=t,3=l,1=i,30=n,9=u,02=i,45=r,56=d,25=e,90=s,0=z,4=e,95=b,60=c,16=t,62=p,35=n,55=a,46=f,50=m,96=g,18=q,36=s,2=w,52=a,08=x,98=k,80=r,85=h,65=o,32=y
1	486	-2.900285	6	35	iosioillmsslsinssiiuio|prisuenpieuiiiieuauiiiomuaiguiioo|ueiaiuiceiese|zeilieniinieei|xsueursifiiliuulemsui|lioaioniuuleniiiuiului|iosdesed|inruiirpliq|wueioiuiluiiimiceiese|winssuikirulaonleingtsuui|suoueriooriues|iiouislieueribuarisliuninthisleainsyiueuseuruslaindouilelieu|rsiueslriiuio|xsslesiuriiuio|wiuiceieuse|iiosiuerotoriiuaeteouiu|iiiniur|uoatiusieeoiuuerscauoidoleseuoeulmiiuiiinis	15=o,3=i,11=u,0=i,9=s,21=n,45=s,02=l,61=m,55=l,31=o,4=u,95=g,36=a,62=a,51=e,25=p,16=n,91=r,35=e,32=c,5=z,46=f,56=r,1=x,01=d,65=d,18=q,2=w,52=t,81=k,86=y,08=h,96=t,85=b
1	488	-3.269074	0	27	yieysamaieearlariezaiss|mesllicmnibynifriittciedaxetipi|liduiitminien|osonicycnss|ieiinealaftauiilocieb|artidyicaiiloictabeob|yikoienai|arieiiitamauq|riinysbarbaditminien|uceeiiwsaisauiconarieoreiib|lesenaysieslil|tsblonienaagedeslauiicarikwalondariehaisiiieneaiieoaucaisbonaunii|eieaenlaresaiss|ieearnlaeesaiss|uiitminiiien|tslaisiesiksayicmsupibii|tarsea|bcmuiieninipiienaeprdbidpsoienbsilasaetarsl	15=s,13=s,1=i,0=a,93=z,9=e,2=r,45=l,56=a,25=m,03=y,53=p,33=t,4=e,95=x,36=d,16=c,46=f,35=n,43=b,23=u,55=o,96=k,18=q,08=w,86=h,85=g
1	489	-2.865063	3	35	sersecpiergialierrcelu|prlnneepretsredieesseetdyaseae|nenteespererr|ulureeserul|ereeraialamcteenueert|kisenseedeenueemctaut|sequeble|kiereeesiilto|ieerslaciacnespererr|terreeflieuiteexalieruireet|nauarislerlnen|sutnuretudoanrlalteeedierdhauaadiezdeueeerraieeauitedeuaraltree|regaralirecelu|ergiralarecelu|teespereeerr|sualeuerlequiseeputaetee|wcilai|tepteerrereaeeariaaintenauuerrtueniectciln	15=u,13=l,1=e,30=c,9=r,2=i,50=l,4=a,90=g,56=i,25=p,03=s,53=a,33=s,95=y,60=d,43=t,16=e,46=d,35=r,45=n,23=t,36=n,55=u,63=m,0=k,93=b,96=q,18=o,65=x,08=f,98=z,80=h,85=o,3=w
1	490	-3.035263	3	37	etsoieiuysseinetsgria|psineorimodecoftictyenebecat|eonaucpiosl|xolmororlai|wsulelnefceaueuoysd|eatnetreueuorcedeud|etscoslr|etsuclpeaq|iuloideidoycpiosl|arssueklyalitruletsuisud|neaellettsieon|cadeumoellemensineauretzhenulnetsdeuouslelueularradulealu|sseelneisiria|wsseilneesiria|aucpiousl|caneuostzaletrpailtdu|ceiiel|drpausliomuellemindictuosletonlieeceiin	15=a,13=i,01=r,93=g,9=s,21=t,0=e,45=n,2=i,61=y,55=u,03=o,31=t,33=c,4=e,95=b,36=n,46=f,51=o,43=d,53=m,16=r,25=p,35=l,11=u,23=a,5=x,56=l,1=w,65=c,18=q,91=s,81=k,86=d,08=h,96=z,85=m
1	491	-2.852409	8	43	xltleralttrnintmdes|ptesnurrtuneaugneallsconasl|nuoaiapeute|fueturprese|wtienunindeainaults|xalopicisaidesnas|xltnuted|xnciauriay|riepenersplapeute|artcmbelsuaintintartis|snssaclltenus|assnatusacqnotenirlicntchnattcnkciuitenuinauardsnetiaei|ctnenirtedes|wttrenintedes|aiapeuite|asniiucltlaclrpsrelsi|zerenu|srpaiteeutineuntrosenlautenlunaleseres	15=s,13=e,01=d,93=m,9=t,21=n,50=i,4=n,2=r,90=t,61=l,55=a,30=e,31=l,0=x,33=a,95=o,60=c,43=s,46=g,51=u,53=t,16=r,45=s,25=p,35=e,11=i,23=a,36=o,03=p,5=f,63=d,56=u,1=w,65=n,18=y,91=c,81=b,10=m,98=k,80=h,85=q,3=z
1	492	-3.008787	1	31	filfaitsillcscilqiiaa|tlassinteinfeirgiieeniroirreimi|siouiietieile|tateinfneaa|iliierssizeiuiistniln|ceiofiniiistineinrtn|fiwtileii|ciliiiestiuy|xiiefancnioietieile|unlliihasiasuintecirdliin|sraresfailasis|eansteiresiprolasiuiinciwhisteocilkiiaiiilersiirtsuniianteiueii|liliresclaiiaa|illcesirlaiiaa|uiietieiiile|easiiailaiwasfintauminii|ecars|nntuiileieimiiressboniomatilenaissairecas	15=a,13=a,1=i,0=i,93=q,9=l,02=c,45=s,56=s,25=t,03=f,53=m,33=e,4=r,95=r,36=o,16=n,62=g,35=e,43=n,23=u,55=t,46=z,96=w,18=y,2=x,52=d,08=h,86=k,85=p,32=b
1	493	-2.817620	1	35	tetteroletteleettreau|otallerouentueapeessrendcasese|lenieesoeuetu|iaiuertruua|eteeualadabrieeliretn|esenteedeelieebrnain|texiemde|eeteeaupdif|weeutanearnesoeuetu|irtteegaleulieriueechteen|lauaultaetalel|sunliuenidyantaadieereetdkliuneeqdeueeetualeeailiedeuausdiuee|tezauletereau|etteuadatereau|ieesoeueeetu|suadeuetaexulterouisenee|seaal|nroieetueueseeaullonnensuietunuelleraseal	15=u,13=a,1=e,30=r,9=t,02=e,45=l,56=l,25=o,03=t,53=s,33=s,4=a,95=c,60=d,43=n,16=r,62=p,35=u,23=i,36=n,55=i,63=b,50=d,93=m,96=x,18=f,2=w,52=h,08=g,98=q,80=k,85=y,90=z,32=o
1	494	-2.883759	4	40	enitaaloiialetiquai|mialleogrserrptarnousezurin|ursdermarie|wregrctceia|kieeuslepredeulrois|ednsenceeulrcresuls|enibrieu|etpersmedy|xeetasastormarie|dciienaseloncleetzdies|luiuesenniaurl|risulgruesefusialedecethnelleseticeereieuseulsdcuisleedee|pieuelaiauai|kiiaeleuiauai|dermareie|rileerpnhisteordense|raaus|scmdeieargeueslmssabnlrieunrlsaeuraal	15=i,13=a,01=u,93=q,9=i,21=t,0=e,45=l,02=a,61=o,55=l,03=t,31=n,33=r,4=u,95=z,36=s,46=p,51=r,43=s,53=g,62=o,11=e,25=m,35=e,23=d,16=c,5=w,56=s,1=k,65=b,18=y,91=p,2=x,52=d,08=n,86=c,96=h,85=f,32=m
1	495	-2.748189	8	47	qtumeietuuilorumrea|nuessentilauibreuttlrlluat|liadeuneiui|ziitiumuiae|xueilslolsadeleitul|qdtamereseesallel|qtuniuir|qrueeinodh|weimelilmtuneiui|duuckpitasdentorlouel|slalerttuelis|ualletilerylauesiterrurglettrrdreieuilselesduralitodie|cflisiuerea|xuuiiloluerea|deuneieui|ualoeictpasmenioitle|uiels|lundeuieitelisscalenteiuiltiletaluies	15=a,13=e,01=r,93=m,9=u,21=r,50=o,4=l,02=i,61=t,55=e,03=m,31=t,0=q,33=u,95=l,60=r,43=l,46=b,51=i,30=a,53=t,62=n,11=e,45=s,25=n,35=i,23=d,36=a,16=u,5=z,63=s,56=s,1=x,65=n,18=h,2=w,52=o,81=p,10=k,91=c,98=d,80=g,85=y,90=f,96=p,32=c
1	496	-3.143155	2	27	telateletnilaatcetclaaetlles|naleeelanrbeterlyclleeeeabstadeesel|elscelleenlrlar|uleurlatearsle|lalledietyeetcelleualhe|tceelstelatlleulaeegeede|teloulartl|tclallleeintceq|cllrtelmetzetsleenlrlar|ceaaallfleilsicelaurtclaucalbe|wdldritelelaleele|eeldeeurbrifdsaleetcellatclofteurstclaktlslllaedilbuiceatlldeurtcerll|alagretcaletlles|laatcregaletlles|celleenlrlllar|eesetlslalelositelanscrebell|eetclmi|weancellarlrselbrieecepelexesulaedesleilegeetclee	15=s,3=e,1=l,0=t,9=a,2=c,45=e,56=i,25=n,54=d,36=s,14=b,16=a,46=y,35=r,55=u,94=h,04=g,96=o,18=q,24=z,34=m,08=f,4=w,86=k,65=x,64=p
1	497	-3.008523	6	32	weumeuetsuamuriuaaeuuen|tauessunticeeiuyiuueeeencerateeneu|sufieuueetuiuai|lueliuureninue|uauuispryeeieuuslnuge|wieeuereuuruusluneedeste|weuoluaeru|wiuauuueesirieq|iuuereuxeuefueetuiuai|ienaauuauesunsieunleriualiauce|ktutelreueuauesus|eeuteslicisatfauxrieuuuriuarhslieriubrunuuuaetsuclsieuruutelerieiuu|auadetriaueuuen|uamiisdaueuuen|ieuueetuiuuuai|eeutrunuaueuoulreuntniieceuu|eeiuxs|kentieuuaiuineucisseiepeuezenluaetenussuedeeiues	15=n,3=e,1=u,30=e,9=a,2=i,50=r,24=u,90=m,56=s,25=t,0=w,54=t,60=r,14=c,16=n,46=y,35=i,45=s,36=f,55=l,94=g,64=p,04=d,96=o,18=q,34=x,08=a,4=k,98=b,80=h,65=z
1	498	-2.904470	5	37	teiteettiliittntaiietdec|osbrunoaueteeurtdeeeenustireece|wustedeetueuia|queieunteneuue|ziderlntreetteuiulxe|tteestenyuiuneedenre|teifuiay|tasdeelottep|tdatebetheteleetueuia|teniidtmalclteniataiitsue|nkralteesbun|eereniaualorssenttedntamotniastaictdudianluiltentdreiattead|sidanttsetdec|ziittandsetdec|tedeetueudia|eecntdusemcltenoctaeued|eetabl|wenotedieuaceualnetegeefeiuierecuiledeetaen	15=c,3=e,11=d,0=t,9=i,21=a,45=n,2=t,61=l,55=i,31=e,54=r,36=s,14=u,16=n,46=r,51=u,35=a,25=o,34=b,91=s,4=w,5=q,94=x,56=l,1=z,04=d,01=y,65=f,18=p,24=h,81=m,41=k,86=c,08=o,96=m,64=g
1	500	-2.918413	5	32	nietnieindiettrlrettineeiu|dteillerdusiniusmeeiiiirsenttiiuie|leimieeiideuetu|aeiauerniruuei|eteeitilnyiirieelarebi|riieenierneelaeriiailti|niesaetune|reteeeiiidriq|weeuniezingineeiideuetu|wirtteeceiieeamieraurepotesi|ktetuinieieteilel|iietilausuicteteilrieerrescnlauerethneueeetitieelamirneetiauriuee|tetaulrteineeiu|ettrulateineeiu|wieeiideueeetu|iiulneueteiesuinierdeouisiee|iirezi|kiemoieetueuuiesuilfinieixiuaetitiuelieiaiireil	15=u,3=i,1=e,0=n,9=t,02=r,45=l,56=i,25=d,54=t,36=e,14=s,16=r,62=m,35=u,55=a,94=b,46=y,04=a,96=s,18=q,24=g,34=z,2=w,52=o,95=p,08=c,4=k,86=h,65=x,64=n,32=f
1	501	-2.830428	7	37	weiheictsiuulsliuuciien|tuiessintelceeldiieeeenlemureenei|siedeiieetieiue|tieteiimenenie|iuiiespayeeleiistniue|leeiemeiimiistineegesre|weiatiueai|liuiiieestleq|ziieaeixcfciieetieiue|zenuuiiciesiitdeintelibruile|kriretmeieiuiesis|eeirestelescriuiesleiinliumosteiliominiiiuersiistdeimiireteleeii|uiugesluiciien|iuulesguiciien|zeiieetieiiiue|eeirainiuieiaitmeintireeleii|eelixs|keidreiiueieneilessdepeiementiuerenissiegeelies	15=n,3=e,1=i,30=c,9=u,02=l,45=s,56=s,25=t,90=h,0=w,54=r,60=m,14=l,16=n,62=d,35=e,55=t,94=u,46=y,50=a,64=p,04=g,96=a,18=q,36=i,24=f,34=x,2=z,52=r,95=b,08=c,4=k,98=o,80=o,65=m,32=d
1	502	-2.829305	8	42	terteacslrrcstarrateau|xldiinxenataenteaaaannstriaaue|wiataeamiaire|hiasaintanaiia|qreaiustmaacensilya|caestenansinaacasia|terdirea|taleaauxcap|keetedatbatalamiaire|kanrretfauestensetaprlna|szieuteeldis|aeiasseneuoislascaentanotssestaroteieraiuesstanteiasecaee|lrcesclateau|qrrcesclateau|kaeamiaiere|aausteilenuutaetireanae|aatadu|wetraeraieueneusmageadesiraiaunslacaataas	15=u,3=a,11=e,0=t,9=r,21=a,45=s,02=c,61=l,55=s,31=e,54=i,36=s,14=n,16=n,62=t,35=e,25=x,51=i,34=d,91=l,32=m,4=w,5=h,94=y,46=m,56=u,1=q,04=c,01=a,65=d,18=p,24=b,2=k,52=r,95=p,81=f,41=z,86=o,08=o,96=n,64=g
1	504	-3.103853	1	30	silsaitsilliorioilmiiau|tlarrinteidseigoiiaantnilyaifi|rinciiatieile|eaeeinsneua|iliaysrigaiciirenild|ioainsiniiireinabhed|siweileii|ioiliiiasticq|oiiesadiodiniatieile|cnlliipasiuscineeioileoliid|xyiyessailarir|audreetespynlariciinioiwpireenioilkiiuiiimysitescniiudeeiceii|lilberiolaiiau|illioerblaiiau|ciiatieiiile|auriiuilaiwussintucfidii|aioihs|dntciileieifiidezfondinfueileduirsabaioar	15=u,13=a,1=i,0=i,93=m,9=l,2=o,45=r,56=s,25=t,03=s,53=f,33=a,54=y,36=n,14=t,16=n,46=g,35=e,43=d,23=c,55=e,34=h,04=b,96=w,18=q,08=p,4=x,86=k,64=z
1	505	-2.926846	4	38	tiltiadsilysiaillaire|dlrooirdeicteibaiittricplutili|oifciitdieile|urueirtreer|ilirusonpaciiourilc|gatiftiipiiouirtnnuc|timuidii|gailiiitsaich|aiietinasafitdieile|crlliiorsiesciikliailualiic|zuiuestrilroio|tecouemesoufliniciiipaimonullpaixpieiiidusimuscipiiueliceii|liycuialiaire|ilyaeonliaire|ciitdieiiile|tiuiieilrimestirdeclicii|waains|crdciileieiliicuqlafcifleuileceiosiacaaro	15=e,13=r,1=i,30=a,9=l,2=a,50=i,24=s,90=y,56=s,25=d,03=t,53=l,33=t,54=u,60=p,43=c,16=r,46=b,35=e,45=o,23=c,36=f,55=u,63=p,04=n,34=n,0=g,93=d,96=m,18=h,65=k,08=o,4=z,14=m,98=x,3=w,64=q
1	506	-2.955685	4	41	ioaouinepaainsilaadui|lfcmtrnetsiatxnsaarrtiamaio|kttesalutau|qtuetroruiu|wfumnsixainoretpas|ieotiordretrayces|ioaptaud|ilfsanliez|nsuousinsopalutau|eraasidupinnoreuilaenass|shmunioofcts|aisseuruncmtausiesrilbciseutilagistsausprenerdiseuieus|fayusinaudui|waainusyaudui|esalutsau|aisistfobiniorlinuoss|ailcn|srlesauutessementsupoetamotsnuyainus	15=i,13=u,01=d,93=a,9=a,21=l,0=i,45=s,2=n,61=p,55=e,03=o,31=o,33=a,54=m,36=t,14=r,16=r,11=s,46=x,51=t,43=s,53=e,34=c,91=f,25=l,35=u,23=e,4=k,5=q,56=n,1=w,04=y,65=p,18=z,81=d,41=h,86=g,08=c,96=b,64=m
1	508	-2.980531	2	34	aiuaiscriuuasaiufsiie|cuissincniranowiillnotsueligi|situiilciniun|oioninannei|iuiierssmlsuiisoniur|alitainsiisoinlptor|aidoiunsi|aiuiiilrcsub|hiinairarstilciniun|unuuiilirieruinonaizquiir|keienraiiuisis|lersononrletuissuiinaidlssontaiuxsieiiiferioorunsieronsunii|uiupnsauisiie|iuuanspuisiie|uiilciniiiun|lessieiuiiderainceugirii|laitr|rncuiiuninigionrsytritgeoiunreisriplais	15=e,13=i,1=i,0=s,93=f,9=u,02=a,45=s,56=r,25=c,03=a,53=g,33=l,54=e,36=t,14=o,16=n,62=w,35=n,43=r,23=u,55=o,46=m,34=t,04=p,96=d,18=b,2=h,52=q,95=z,08=l,4=k,86=x,32=y
1	509	-2.942014	2	38	setseadeettisiettaeul|dtussendrelsrfceettneldtutece|seireetderetr|puprensnrlu|eteuuesagareespnetl|iteiseedeespentampl|sezpenoe|ieteeurcorb|weersemamaietderetr|rntteequeelerenpriehxteel|yueuresuetuses|tllsprfrequitemoreenietdospriiekdeleeenueefperedeeurcorree|tetarsiteaeul|ettirsateaeul|reetdereeetr|teuoeletuezlesendlrcelee|tieme|lndreetrerecefrespileiclpetrlleseuatius	15=l,13=u,1=e,30=a,9=t,02=i,45=s,56=e,25=d,03=s,53=c,33=t,54=u,60=d,43=l,16=n,62=c,14=f,35=r,23=r,36=i,55=p,63=g,04=a,34=m,50=o,93=n,96=z,18=b,24=m,2=w,52=x,95=h,08=q,4=y,98=k,80=o,32=p
1	510	-2.890188	5	44	rciminnoiinercisuis|diieeiutlemeruinnarbriansc|flbaindilie|gletlamaesi|wyiateronncrnloie|racbrcaurnlantlne|rcislieu|rcyintdrap|ziemienemondilie|aaiiiditinucanerckmiie|eqaetrccylle|nseeneretdabiieraiarchdrenebrcipriliieeorntaauseneraei|yiteeniiuis|wiineetiiuis|aindiliie|nserilychstmiulmecei|nrclt|eadaislescretexbeiscnlsacletitnnie	15=s,13=i,01=u,93=s,9=i,21=c,0=r,45=e,02=n,61=o,55=n,03=m,31=c,33=n,54=a,36=b,14=r,16=a,11=i,62=u,35=e,43=e,51=l,53=t,25=d,23=a,4=f,5=g,46=o,56=t,91=y,1=w,34=l,04=t,65=s,18=p,2=z,52=m,95=k,08=d,41=q,86=p,96=h,32=x
1	513	-3.108943	5	22	quipuistllecptantifsiiuil|tyiualaliietluliasuuliaetiiuuuuieiauezlauuilui|aliuetuiiuutliulcul|lliulluliiouieuliliu|ciiulaleanaeustuiiallliecau|qtuuiuouiioiiallliieusauallau|qucellcuni|qtciiiuuletntuir|tiiunuiuastasueiuutliulcul|tuiefixriuleiilletuiielluntclldiiau|alailaullouiuciualial|uuilauallluliaullorlaubiuantuiiiotcomallluluotcroiiliiculaleiiallletuioiilaulluntuulii|kipaulandisiiuil|cptulangisiiuil|tuiiuutliuliicul|uuilaniilciuceillouiietliltuluiauii|ustiuale|auietltuiculiuliluiiaullealutueauiueluilllculauilialleisaustiual	5=l,1=i,3=u,30=s,99=f,2=t,50=n,4=a,90=p,19=c,6=e,0=q,09=z,59=y,60=o,8=r,29=d,10=x,80=m,69=b,9=k,49=g
1	514	-2.986742	2	22	ueduteuniicyunliuxyeurti|nifeliliraniesleueeslanreeetcleamiletit|lseanereenseidei|iseiieirautaesse|dreilialiulaeeunerliisadle|uneteaueraurliiiraeeuleliile|uedaiideih|uxfreeianiunto|nreiuteleunleueceenseidei|ntayruzeiariianeraiieiundiikrle|liwileiiauttfelsli|etileliiiesleiiauoileafeliuntraundauouliiieieaundoaurirdeiliarliiiantaurileiieiuneeir|qduleiliunfeurti|pyuneiliulfeurti|nereenseirdei|etiliursfedciiaueransineitler|eeuxelia|ltanintdesesierleiialienealteaitiiideiltsliiceuleeuxeli	5=i,31=t,11=r,0=u,3=e,99=y,21=x,4=l,2=n,61=c,19=d,09=m,6=a,51=s,91=f,01=h,8=o,29=k,81=z,41=w,9=q,1=p
1	515	-2.992562	4	27	qrproueetspuleyconre|uemilelentueialoiialtuniiirslithelirer|laituiniiuaiesie|eaieeienartiaai|snieletleltiouinleeatsli|quiriainanleeentiolileeli|qisteesieg|qymniietueurd|unierilouloisiiuaiesie|urkmwxietneetuinteeieuseefnli|lezelieearrmilale|irelileeeialieeadelitmileurnausableeeieiausdanensieletnleeeturanelieeieuiien|mplieleumonre|spuielelmonre|uiniiuaiensie|irelenamisseeaintuaeuierlin|ioyilet|lrtueursiaiaeinlieetleiuitlritereeesielraleesolioyile	5=e,31=r,11=n,30=o,99=c,21=y,50=e,4=l,2=u,90=p,19=s,6=t,0=q,3=i,09=h,61=s,51=a,91=m,60=a,01=g,8=d,29=f,81=x,10=w,69=k,41=z,80=b
1	516	-3.022019	5	20	uituilineealfnrenlfiullile|bqlirerellseielriuiielrslliiiilalriageriileil|relisillicelietie|eelieeiellauilaieleli|tlliereareuraiinillreeelatri|niiliauillaullreeellaiiurireeri|uitaeetieul|ntllliiesenilm|bllieuilirinriuialicelietie|bilafllumliealleesillaeeienteexllri|rerlerieeauilitlirelre|iilerireeeielrieeaumerihlirenilllantaumureeeieiantmaullelltiereallreeesilaullerieeieniiell|pturiereuxliullile|lfniereuoliullile|billicelielltie|iilereulletlitaleeauillseldieilrill|iinlirea|rilsdiltielieleillrieeareciariliaeileeetierilelreealiuriinlire	5=e,1=l,3=i,0=u,99=f,02=n,4=r,6=a,19=t,09=g,62=s,59=q,2=b,32=c,8=m,29=x,69=h,9=p,49=o,52=d
1	517	-3.094849	7	26	winsiniueeenfuteunflnnine|bqnitetennpeientliientpnniiiinentiezetiinein|tenipinnidenierie|eenieeiennaineieneni|rnnieteetoteiiuinnteeenerti|uiiniainnannteeenneiltiteeti|wireeerion|urnnniiepeuinc|bnnioinitiutlienidenierie|binefnkcnieenneepinneeeieureesnnti|tetnetieeainirnitente|iinetiteeeientieeacetigniteuinnneurayteeeieieurcannennrieteennteeepinannetieeieuiienn|xnstietosnlnnine|nfuietomnlnnine|binnideniennrie|iinetonnernireneeainnpenhieintinn|iiunitee|tinphinrienieneinntieeetedietinieeineeerietinenteeenltiiunite	5=e,1=n,3=i,30=l,99=f,02=u,4=t,6=e,90=s,0=w,09=z,62=p,59=q,2=b,19=r,32=d,60=a,50=o,8=c,29=s,10=k,80=y,69=g,9=x,49=m,52=h
1	518	-2.955714	6	26	eitesineelonreefoieuse|wedirereuseiarieiiarsuiiislricherises|raisiuimaietie|eaieeieucesciaai|tuierecreerciiniureeactri|nisiceiuceureeeuciierireeri|eitceetiez|efduiiesensp|wuieesirinrieilimaietie|wscouebiecueesiuceeienteeguri|rexerieecessdirare|iserireeeiarieecepericdirensucntcepereeeieicntpceueutierecureeessceuerieeieniieu|kterierendieuse|qoniereerdieuse|wiuimaieutie|isereeuaditleeceiusayiesriu|iiefirec|rssystiaiaeiurieecremicrsiceseeetiersareelieriiefire	5=e,31=s,11=u,0=e,3=i,99=o,21=f,4=r,02=n,61=l,19=t,09=h,6=c,62=s,51=a,91=d,2=w,32=m,01=z,8=p,29=g,81=b,41=x,9=k,1=q,52=y
1	519	-2.932099	8	32	btktiseetysnemyoute|weaineneuseicnoiicnsuiiittnirhenitet|ncisiuincieuie|ecieeieultricci|uuienernenriisiuneecruni|sitiliuluneeeurionineeni|biureeuief|bmauiiesesta|wuietinisnoitincieuie|wtgardierueesiureeiesueepuni|nexenieelttaincne|itenineeeicnieelaenirainestursulzneeeieirsualueuuieneruneeestluenieeiesiieu|aknienesaoute|qysienenaoute|wiuincieuuie|iteneucaiuteeliusciietniu|iominer|ntsituiciceiunieernenirntireteeeuientcneetoniomine	5=e,31=t,11=u,30=o,99=y,21=m,50=e,4=n,02=s,61=t,3=i,90=k,0=b,09=h,6=r,62=s,51=c,91=a,2=w,19=u,32=n,60=l,01=f,8=a,29=p,81=d,10=r,69=g,41=x,80=z,1=q,52=i
1	520	-3.291159	1	23	osourteenibrtlertspriuie|tzuleleiintceidraeilntiiaainidngelaici|leunmiiateueipe|eeueceiinoiheieu|siuelenlerlnarmiileeeinsd|rtaunoiinriileeeiinardleed|osneeiperi|rtsiiiaentermiy|tiueoudrtdoniateueipe|minbiiryueniieenmiinecertseexiid|leliedeenousuleile|aiedleeceideenryedwulermiiinrtsnryrleeccnrtsynriieiiipeleniileeenminriiedecertaeii|ksrdelerxuriuie|ibrmelerfuriuie|miiateueiiipe|aieleriiesusnieenoiinteiemcidii|artulen|dintemiipeueiciideenlcmnduncieeeipedieileenurlartule	5=e,1=i,13=u,0=r,93=p,19=s,2=t,4=l,99=b,6=n,03=o,53=c,33=a,09=g,43=d,59=z,23=m,63=h,8=y,29=x,69=w,9=k,49=f
1	521	-2.957368	4	30	ataieneestynnonideiuie|nzuneneiisnceineseinsniissisirshensici|neustiisneueile|eeueceiisaimeieu|tiuenesnonmetiineeeistr|qnsusaiiaiineeeiimerneer|atseeiloi|qntiiisesnotii|niueaunenrasisneueile|tisdifiuesiieestiiseconteepiir|neniereesautuneine|sierneeceireeaierkunotiiiantagneeccantiaiieiiilenesiineeestiaiiereconseii|xiyrenopieiuie|tytenobieiuie|tiisneueiiile|sienoiietutsieesaiisneietcirii|wenunes|risnetiileueiciireesnctsruscieeeilerieineesierenune	5=e,1=i,13=u,30=e,99=d,2=n,50=o,4=n,90=y,19=t,6=s,03=a,53=c,33=s,09=h,43=r,59=z,93=l,23=t,63=m,60=a,0=q,8=i,29=p,10=f,80=g,69=k,9=x,49=b,3=w
1	522	-2.791999	5	32	odoreneeusenteendmeuse|nkrteteuinlateiatibrisutinetses|teriauinerame|eereleuieshaer|xqreteiteetiieauteeaidt|eniriouieuteeeuiietteet|odieamez|ebquieineensr|breortentouinerame|nsisuerreiueeiauieleendeecut|teyeteeiordrtate|gsetteelateeieretfrteensuiendiereteelliendrieuaumeteiuteeeinsieueteleenieu|wdeteteecreuse|xseaeteepreuse|auineraume|gseteeuedrdueeiouinaeaestu|ienrtei|tsineaumeraluteeitlaitrieseeametsateeiretienrte	5=e,31=s,11=u,0=e,93=m,19=d,2=n,4=t,99=s,61=u,13=r,03=o,43=t,09=n,6=i,33=i,21=b,51=a,53=l,59=k,23=a,63=h,91=q,1=x,01=z,8=r,29=c,41=y,69=f,3=g,9=w,49=p
1	523	-2.801280	7	36	zrqrauiiesquedtcauri|uhleieiueunseaiseetlircledilrir|eilenuiuilsoi|iiliniuorpsil|kflieieedepanueiisesl|zuiletuoueiiiupaleiil|tseisoig|ztfuiieudura|tlitleaultciuilsoi|uryfralieuiienueindusiimul|eiwiliietlslesei|xrileiinsliioailyleduruousobeiinnousaousuoieieueiiieurouilinduiiu|fqliedufauri|sqniedefauri|nuiuilsuoi|xrieduislsciietueusinirlu|xauleie|ereuinuoilsnuliieennelleiriisoierseiicalaulei	5=i,31=r,11=u,30=a,99=c,21=t,50=d,4=e,2=u,90=q,19=s,6=e,0=z,43=l,09=d,61=c,33=i,13=l,51=s,53=n,59=h,93=o,23=n,63=p,60=o,91=f,1=k,03=t,01=g,8=a,29=m,10=r,69=y,41=w,80=b,3=x
1	524	-3.189028	3	26	otosseenipsuestdeisie|zqsueueiigleicereiugiirrinicnheurili|uesnaisbeseide|eeseleiinoiweies|tiseuenueeunreaiiueeeintc|srsnoiineiiueeeiinrecueec|otneeideei|stiiiregeeaim|ziseoscsconsbeseide|ainpiiemseniieenaiinelesteexiic|ueuieceenostsueiue|riecueeleiceenemecksueeaiiinstnemeueellnstmneiieiiideueniiueeenaineiiecelesreii|fteceueexseisie|ipeaeueeyseisie|aisbeseiiide|rieueeiietstnieenoiigeiealicii|rssuen|cigeaiideseiliiceenulancsnlieeeidecieiueenseurssue	5=e,1=i,13=s,0=e,93=d,19=t,02=s,4=u,99=p,6=n,03=o,53=l,33=r,09=h,43=c,62=g,59=q,2=z,32=b,23=a,63=w,8=m,29=x,69=k,9=f,49=y
1	525	-2.911608	3	31	tatcilleifieliifricil|qwceleliiralierslieriissieineblesiai|elcesicnlcliol|llclaliietiplilc|aicleleeteprsiiellliean|iscetiiuiiellliiprnelln|taellioti|iaiiislrtsim|qicltcnintecnlcliol|siefihmcleiillesiielaliallkiin|eleilnlletcaceliel|silnellalinllumlnycetsiiieiauxellaaeiamuiiliiioleleiielllesiuiilnlalislii|zignletkiricil|agsletdiricil|sicnlcliiiol|siletiilacaeilletiirlilsainii|sicele|nirlsiiolcliaiinlleeasenceaillliolnilielleiresicel	5=l,1=i,13=c,30=r,99=f,02=i,4=e,6=e,03=t,19=a,53=a,33=s,09=b,43=n,62=r,59=w,2=q,93=o,32=n,23=s,63=p,50=t,60=u,8=m,29=k,10=h,80=x,69=y,90=g,9=z,49=d
1	526	-2.754118	8	35	snsioeetcoreonretle|wzireretlsuuemuriaimltuipeulel|reillideiure|eeiesetielquei|xyiereireerimentreeuinu|omiistietreeetimeureeu|snieureg|eaytmeleold|aiesiuousiideiure|wlictedieiteeintieseoneeatu|reheueeisinirure|kleureesuueeiedeuoireoltioniedereessiondietutrereitreeellieteueseomet|bneuereeaietle|xcenereefietle|wlideiutre|klereeteninteeistluenelut|moirei|rllentreiustueeirsniuiieleeurerlureeiiermoire	5=e,31=l,11=t,0=e,93=r,19=n,02=o,4=r,99=c,61=t,13=i,03=s,43=u,09=p,6=i,33=m,21=a,51=u,53=s,62=l,59=z,2=w,32=d,63=q,23=n,91=y,1=x,01=g,8=d,29=a,41=h,69=o,3=k,9=b,49=f
1	527	-2.679457	7	39	asaineetpnrooperie|xzirererllerecertoicitutceuiei|reiliimeiede|eeieleraineei|qdieretrorneurreeetsu|ncitararreeerneureeu|asteedes|wodrcelenip|oieaiunuatimeiede|xihdfpietreeturtelenseebru|reyeueetaisirere|mieureeleueeapeuhirenirtnsagreelltnsparerderetrreeeliareuelencer|dkuerenderie|skuerorderie|xiimeierde|mieroresisteetarleeueiur|cniret|rileurdeielrueetrlutuiteieeederiereetercnire	5=e,31=i,11=r,30=e,99=p,21=o,50=o,4=r,02=n,61=t,13=i,03=a,19=s,43=u,09=c,6=t,33=c,51=e,53=l,62=l,59=z,2=x,93=d,32=m,63=n,60=a,23=u,91=d,1=q,01=s,8=p,0=w,29=b,10=f,69=h,41=y,80=g,3=m,90=k
1	528	-3.067262	4	23	alsalilaueenipageauiplaiilie|uwitceiinuelerlallernuiillllinrlnhcllieli|keilnuliillueilesle|eeileeleiinalinleieil|siilcedeonllaulireeeinibl|aullilnaliinaireeeiinllotecl|alsneesleai|ausiiillenueauliy|uiilealitlaglalnillueilesle|ulinpiiayileniieenuliineeleauseemirl|kcicleenalilsitere|llicteeelerleenayclfiteauliiinausnayoeeelelnausynaiieiislcenireeenulinaiicleeleaulleii|qsolceamilaiilie|ipaulceaxilaiilie|uliillueileiisle|lliceaiiesilsnieenaliinueieulelrlii|llauiten|klinueulisleileielirleedeluldlilnelieeeslcliereenilollauite	5=e,1=i,3=l,0=a,99=p,2=u,24=g,6=n,19=s,54=c,09=h,14=r,34=t,59=w,4=k,94=b,04=o,64=d,8=y,29=m,69=f,9=q,49=x
1	529	-3.002966	8	28	xleklereiinskyceetreelei|eqenaieeneiliarllianeeellllenalnmalleile|fielneleelleielisli|iieliilieeulenlieiel|seelaisionlreleaiiienepl|xelleluleeueaiiieenllonial|xlsniislce|xeseeellineceled|eeelclenryrlnelleielisli|elentezdelineeiineleeniilcesiiheal|faealiiulelseniai|lleaniiilialiiudalgenceleeeuesudoiiililuesdueeieeslaineaiiineleueealiilcelliee|wsolachereelei|skelacbereelei|eleelleielieesli|lleaceeiselsneiiuleeneieielilalee|lreenin|fleneieleslielieilealiisilelslelnileiiislaleiaiinelolreeni	5=i,1=e,3=l,30=r,99=t,2=e,50=c,24=y,90=k,19=s,6=n,0=x,54=a,09=m,14=a,34=n,59=q,4=f,60=u,94=p,04=o,64=s,8=d,29=h,10=z,69=g,9=w,49=b
1	530	-3.034200	5	28	nuanauneiishnminphuneai|eidrtieneiuisunuuisneeuuuansungtuaia|zluneueuueluiaui|iluiiuiennanullu|aeutifionuuneasiilsqu|neuaunnuenysiiienuuoritu|nuaniiauiy|npdeuuineineac|eeuinarunmunusuueluiaui|eanhenkuineiineueniiuineaiiedsu|zibtuiinnaadrisi|uatriiiuisuiinnctundrineaenneanncoiiiuiunneacnneieautissiiineannetuiiuineuuie|xaoutineduneai|whneutioduneai|eueuueluieaui|uatinelduasiinnuenelieuiusue|uunprin|zaneieaaululiasuiifiueufauniaiiiautaisiisuouunpri	5=i,31=a,11=e,0=n,3=u,99=h,21=p,24=m,61=s,2=e,19=a,54=t,09=g,6=n,14=s,34=r,91=d,51=l,4=z,94=q,04=o,64=f,01=y,8=c,81=k,41=b,9=x,1=w
1	531	-2.971168	8	33	qrordeiinsourmyderi|eisaiieneiuilduuilneeuuurnluntiurir|wnuneueuuenuisui|inuiiuielrnunnu|seuiibifnuderliinpxu|qeuruluentliiienuufaiiu|qusniisuit|qmseuuinerera|eeurradudupuuenuisui|erhscguineiineueniiuresiieslu|wikiuiilrrsaili|uriaiiiuiluiilaiunsarereleslafiiiuiulesaleiesuiipliiinerleiuiiureuuie|zsfuiresderi|soeuiifsderi|eueuuenuiesui|urirensuspiiluenenieuiulue|udmain|wrneiersununirluiibiueubruniriiisuiriliipufudmai	5=i,31=r,11=e,30=d,99=y,21=m,50=r,24=u,90=o,19=s,6=n,2=e,0=q,3=u,54=i,09=t,14=l,34=a,91=s,51=n,4=w,60=l,94=x,61=p,04=f,64=b,01=t,8=a,81=g,10=c,69=h,41=k,9=z
1	532	-2.957203	8	27	netnelesiielangislaenlleli|wklarillcieiueneeiuclleeeeleueebreeliel|xilecellemileitei|iileiieilleneleeilile|tllerioiseeeseluiiilelye|seeleenellenluiiilleeesaire|neteiiteinl|stllleeiciseld|wlleinelaengeneelemileitei|weleallndleielliicelleiieistiiflue|xrlreiieneletlaiui|eelraiiieiueiiendrezlaiselllestendsiiieieestdenllillterieluiiicelenllreiieiseeill|qtserinflenlleli|laserinplenlleli|wellemileilltei|eelrinllitleteliienellcilheieuell|eeslaie|xelchelteileilielueiioimeoeleeieliiitereliuiieleseeslai	5=i,1=l,3=e,0=n,99=a,02=s,24=g,6=e,19=t,54=r,09=b,14=u,62=c,34=a,59=k,2=w,32=m,4=x,94=y,04=s,64=o,8=d,29=f,69=z,9=q,49=p,52=h
1	536	-3.037120	3	29	dsduneiinecnfinestneuei|ewesaieenerieantixneeetteneanbatere|qiunleeteiuieti|iiuirieendepieiu|seuaikimntnlexiiiensa|netundeennexiiieentmsiia|dsniietine|neseeetineinleo|eeuiduaneadneteiuieti|lenceenouineeiinleenirinesiiyeea|qaeiaiindusesixi|teasiirieaiinnoiagesinleeennesnnomiirrnnesonneeieeetainexiiinlenneeiairinetiee|zsnaainyuneuei|ecnlainhuneuei|leeteiuieeeti|teaineeisusneiindeeneieilreaee|tneesin|aeneileetiuiereeaiikrlnaunreiiietiaeixiinumtneesi	5=i,1=e,13=u,0=n,93=t,19=s,2=e,24=f,99=c,6=n,03=d,53=r,33=t,54=a,09=b,43=a,14=x,34=s,59=w,23=l,4=q,63=p,04=m,64=k,8=o,29=y,69=g,9=z,49=h
1	537	-2.918353	6	35	rlrecaiitlequaercesei|akenoieetatiucliutaeelleteatholete|fistdeelaisiesi|iisitieetredieis|lesoimiodcdeuiiietla|balstreeneuiiieetloniia|rltiiesue|baleeelitaudei|aesirencaartelaisiesi|detregisiteeiitdeetitualiipeea|foeiaiitrsleniui|leoniitieaiiniiayenudeeenalnioiittnalineeieeesoiteuiiitdeneeiaitualiee|xeeaoupecesei|ledouzecesei|deelaisieeesi|leoueeilslteiitreetaieidteaee|wcaenit|aetaideesisieteeaiimtdtastteiiiesiaeiuiitecacaeni	5=i,1=e,13=s,30=c,99=r,2=a,50=u,24=q,90=e,19=l,6=t,03=r,53=t,33=l,54=o,09=h,43=a,14=u,34=n,59=k,93=s,23=d,4=f,63=d,04=o,64=m,60=n,0=b,8=i,29=p,10=g,69=y,9=x,49=z,3=w
1	538	-2.791532	8	36	cacleneeacegeenalesde|neordesinuuneiemiplidaniyended|kelissinelule|eeleuesiedquel|zoldeferiiendmeeuian|enilicsixmeeesiirreen|caieulex|eposieineendt|pleclnenncainelule|ndicsetleiseeissieueenaeetsn|kebeneeieddoreme|wddreeuuneeietenioreendsienaietreeuuienatiesusldeameeeindieseneueenies|oaendeetlesde|zcesdeehlesde|ssinelusle|wddeesealaaeeicsinuesedns|ieprei|kdinessleluusneefusinliedeeulddemeeilriepre	5=e,31=d,11=s,0=e,93=l,19=a,2=n,24=g,99=c,61=a,13=l,03=c,43=n,09=y,6=i,33=i,21=p,14=m,51=u,53=u,54=d,34=r,91=o,23=s,4=k,63=q,04=r,64=f,1=z,01=x,8=t,29=t,41=b,3=w,9=o,49=h
1	540	-3.057202	5	32	rercsiiteyndisennecei|wketaieexlieuniiaxeeiieteutmaiele|qictuecficieni|iicilieetrebieic|eecaioihtinueaiiieteu|sictreetneaiiieetihtiiu|retiienine|seeeeiixinues|wecircusurtcficieni|uetyeensciteeiitueetiliseiireeu|qaeiuiitrceetiai|ieatiilieuiitnsiugetinueeetsetnshiilltsestneeieeenaiteaiiituetneeiuilisiiee|zenuainrcnecei|eynuainpcnecei|uecficieeeni|ieaineeieceteiitreexieiuleuee|isetit|uexiueenicieleeuiiolutuctleiiieniueiaiitchiseti	5=i,1=e,13=c,0=n,93=n,19=e,02=s,24=d,99=y,6=t,03=r,53=l,33=i,54=a,09=m,43=u,62=x,14=a,34=t,59=k,2=w,32=f,23=u,4=q,63=b,04=h,64=o,8=s,29=r,69=g,9=z,49=p
1	541	-2.972758	5	36	drdeallerdylaisrieil|qkiiuliifulcrnlcfiinnieioezuniui|wleeaieslelill|lleluliiediclile|rieulxltcraicllliero|aneediioicllliientillo|drellilti|ariiinlftain|qieldeoaodeeslelill|aiesigneleiilleaiielularllmiio|wuilollederiilcl|niuilluliollonlopiitaiiiearontlluuearnoiiliiiluleicllleaioiilolulanlii|bidoutmirieil|rdauthirieil|aiesleliiill|niutiilrereillediiflilauioii|naiile|oiflaiilleliuiiollxuaeoeeuilllilloilclleetnaiil	5=l,1=i,13=e,30=r,99=s,02=a,24=y,90=d,19=r,6=e,03=d,53=u,33=n,54=u,09=z,43=o,62=f,14=c,34=i,59=k,2=q,93=l,32=s,23=a,4=w,63=c,04=t,64=x,60=o,50=t,8=n,29=m,10=g,69=p,9=b,49=h
1	544	-3.113523	1	22	ancaninauseigautauignaiinm|ukinttiiedlionanlioeuiinnnnieioneayonnmni|tineuniinndilcl|sinsliieanielmin|ciiltetaoennauniitsiecon|aunnineaniieaiitsiiennaonoson|ancesclai|auciiinledaunib|uiilaninonauonaneinndilcl|uniegiiabileiiseuniieslaucspiion|tomonseanincintit|nnmontslionsearonxintauniiieauceabatslneaucbeaimiiclteiitseunieaimonslaunlii|qcaoltapinaiinm|igaultafinaiinm|uniinndiliicl|nnmtaimcinceiseaniiedmulnionii|nnauinte|onieduniclilmniionsetnuneoninhnmsclonmioseinaonnauint	15=m,3=n,1=i,0=a,99=g,2=u,45=t,6=e,55=s,19=c,4=o,95=y,35=l,25=d,59=k,8=b,29=p,69=x,85=r,9=q,49=f,65=h
1	545	-2.981558	5	28	welgelausicguraulmallet|uxlessllinelraeelriulleeeelilrendreetel|sleiuelleenlece|slesellnelietle|cllesirarieauellsslicre|wueelenellnllsslliearersre|wecisceal|wucllleeiuauelo|ulleaelerauraeileenlece|uelimlfoleillsiuelliseaucspllre|srtresneleclesls|eetresselresnbreklerauelllnucnqsseenuconltllcesillssiuelnltreseaueell|hlgreraplallet|cgueraylallet|uelleenlellce|eetraltclecilsnellintueelrell|eaulesi|relinuelceletellresiseueirelezetsceretlrsilareaules	15=t,3=e,1=l,30=a,99=m,2=u,50=a,4=r,90=g,19=c,6=i,55=s,0=w,95=d,60=n,35=e,25=n,45=s,59=x,8=o,29=p,10=f,80=q,69=k,85=b,9=h,49=y,65=z
1	546	-2.844238	3	28	eidelientagensehgierio|mpissremianieiianenriiilanieexniiol|naieniriinaudu|yaitureeleiaai|druseseneiienirntaedni|enilieeireerstreiienintni|eidetduc|ehpriuemenls|nrueliniennieiaiinaudu|nlegrequerteniretuendtbrni|snoniteellpinas|iionistianiteekniepisenlreendeesestuieendsecorduserstenleconitueniur|wdenusenpierio|zgenusenpierio|niriinaurdu|iioserapidateeiremonulnir|iiehise|nlemnldiauoirnitesinienlifiotdunlantaieniiehis	15=o,3=i,11=r,0=e,99=g,21=h,45=s,2=n,61=a,55=t,31=l,19=d,4=n,95=x,6=e,51=a,25=m,91=p,35=u,5=y,01=c,8=s,29=b,81=q,85=k,9=w,1=z,65=f
1	547	-2.893367	5	33	kururtunirtesabreid|tcinnentileriilenteiiiufeismeiidu|elintieiitlaia|qliuaesunilli|ieannesenirtieeulniei|ktiuisiesenuenireieuei|kiinuiay|kaceiantstul|teisuierterifiitlaia|tuhczwaneuntienuistiugeei|nedeiusuucieln|iideinuileiuspeinciestuestisonuaistilnydeiannenuntunydeiuistiae|creaestcreid|irtaesecreid|tieiitlaeia|iideselciifusientdtaueie|irainn|eunttuiiladieeiunnitineuixiduiaeuleufreirain	15=d,3=i,11=e,30=r,99=b,21=a,50=s,4=e,2=t,90=r,19=i,6=n,55=u,31=u,0=k,95=m,60=s,61=f,51=l,25=t,45=n,91=c,35=a,5=q,01=y,8=l,29=g,81=w,10=z,69=h,80=o,85=p,65=x
1	548	-2.915638	5	26	sidsilisrelhscslhisllia|wxlicclleneluisielutlliiiileluiesbuiiail|clitilliinlede|rlirellesileeali|dllececsueiisillcrledui|siiliesillesllcrlleiisuiurui|siderdesl|sdlllieensily|wllesiliuisuisieliinlede|wilehllsyleellrtilleresdrollui|cuauiresilidliclc|iiauicreluiresquiflicsilllesdesyscreiesdyeslalldecellcrtileslauiresiell|zdsuecsolisllia|lhsecsglisllia|williinlellde|iiacsladlidelresillenlmeiluill|iislice|uiltmildeleailluirecpieuilikiardeuialurelisuiislic	15=a,3=i,1=l,0=s,99=h,02=s,45=c,6=e,55=r,19=d,4=u,95=b,62=t,35=e,25=n,59=x,2=w,8=y,29=o,69=f,85=q,9=z,49=g,52=m,65=k,32=p
1	549	-2.814984	7	32	weiueiedinisdudisniies|pzieuuiinteilneeilriieeeeinilecoleesei|uiereiieetiere|iieieiiceinesie|riieunlalneedeiiuiinrle|deeieceiiciiuiiinenlelile|wernireai|driiieentdeia|piieaeieledlnenieetiere|peinsigaieniiireiiniedrifiile|ulsleiceierieuiu|eesleuieileicylexieudeiiindrcquieendracisiireuniiuireicisleiedeeii|kiulelafiniies|isdelabiniies|peiieetieiire|eeslaisrierniiceiintiheeileii|eedieun|leirheireieseiileinutenleiemesirelesilininleedieu	15=s,3=e,1=i,30=n,99=s,02=d,45=u,6=n,55=i,90=u,0=w,4=l,95=o,60=c,62=r,35=e,25=t,59=z,2=p,19=r,50=a,8=a,29=f,10=g,80=q,69=x,85=y,9=k,49=b,52=h,65=m,32=t
1	550	-2.751641	6	32	ueeuienltcnauxceuret|hneaariheureueeurareeeitreiuyreeti|rueaeremuses|quelsriuiieuue|ersaiaurieenerrluiere|neieiueriuralrieeurerlre|ueeiless|uxnresihnid|brsuierenreuetemuses|biicruosirlaerilsnelfrre|artreliuiinerua|eetrealeureliupreineanirineiudualseinedistresairalaiistrelsnesr|weursanneuret|kcnsaurneuret|beremusres|eetauruneetliueraugsirer|eeuxeai|riagieeusterreliameiriezetlesriurlteureeuxea	15=t,3=e,11=r,0=u,99=c,21=x,45=a,02=n,61=t,55=l,31=i,19=e,4=r,95=y,6=i,62=a,51=u,25=h,91=n,35=s,32=m,5=q,01=s,8=d,2=b,29=f,81=o,85=p,9=w,1=k,52=g,65=z
1	551	-2.792105	8	38	wixiesempslasprien|crettiucellreelldieeeimlengleeni|lledeieclata|hleeainiuelle|tiatulalueeseilelutle|seieneiniteiuerlelele|wetuetau|wsrieaucsiq|yieaieleslremeclata|yipromauiedeiueastebile|tlnleeniirellt|eenleteelleenfleuretsiiustnoteaeustquunitatuitediuunleeaseai|rxlatsrrien|kpsalalrrien|yeieclaita|eenlailretmeneidldailei|ersetu|lidditelaneileeutceuliezenetalillemrlerset	15=n,3=e,11=i,30=r,99=p,21=s,50=a,4=l,02=s,61=m,55=e,31=i,90=x,0=w,95=g,60=n,62=d,51=l,25=c,6=u,45=t,91=r,35=a,19=t,32=c,5=h,01=u,8=q,2=y,29=b,81=m,10=o,69=p,80=o,85=f,1=k,52=d,65=z
1	552	-3.134571	1	27	oaouimetezimsimayieur|mkusseetdleaolectmeesseteatigcsepe|sutneesdelal|eueleetoetlru|aeelstsictsineeseetaa|imsutoeetieeseeetsiacea|oatealie|imaeeultdinef|meelouaimaotesdelal|netzeeifelteeetneetelimaexeea|scraetouauses|sraseleaetihabusineeetimatificepptimaftiereealsteesetnetieraelinlee|waiclsixuieur|ezimlsiquieur|neesdeleeal|srsierauateetoeetdrnpeaee|simust|aetdnealelepeeaetcpntautprealarecetuicsimus	15=r,13=u,1=e,0=i,93=y,19=a,2=m,45=s,99=z,6=t,55=e,03=o,53=p,33=s,4=c,95=g,43=a,35=l,25=d,59=k,23=n,8=f,29=x,69=b,85=h,9=w,49=q
1	553	-2.794708	4	36	tnteriennkiiliedreau|iyarreenduestueinieettenesloitece|ranceetdeunu|eaeueentenuua|neeurniliarceereenns|hitanteeleereeearsies|tnneefle|hineeaunilces|ieeutairistnetdeunu|cendezseuneeenceexclinemees|riusentanarer|tusreueselosgailceeelinlbiecclinsleueenurneerenceleuiuclcuee|wekiuilmereau|nkiuilpereau|ceetdeueenu|tuileunanneenteenduccesee|qriarn|sendcenueueceeseniccnsancuenusueienersriar	15=u,13=a,1=e,30=r,99=d,2=i,50=l,4=i,90=k,19=n,6=n,55=e,03=t,53=c,33=t,95=o,60=l,43=s,35=u,25=d,45=r,59=y,23=c,63=a,0=h,93=f,8=s,29=m,65=x,10=z,80=b,69=g,85=o,9=w,49=p,3=q
1	554	-2.836645	2	34	rnriauuozausaungsia|uqissieultlantcexintoleapcnat|sieminutene|uiueieateeai|niesesacenamicutenl|aunierieaisuienalcul|rneunes|auniieefauth|uierilaulronutene|uteziayeeiuemieueaunuril|scaluerinicts|nalcultlueabloisautieauneahaculleaunhesaineseisueutesalueamei|wnacesarisia|kzauesadisia|minuteine|nassaninoueriefauetli|nauise|ctefutneitlilueclmelielaunecttcueiacnauis	15=a,13=i,01=s,93=g,19=n,2=u,0=a,45=s,99=z,61=o,55=u,03=r,31=t,33=n,4=c,95=p,6=e,43=l,21=x,51=t,53=l,11=i,59=q,35=e,23=m,8=h,25=f,29=r,81=y,69=o,85=b,9=w,49=d,1=k
1	555	-2.814509	4	41	zebeaiasubieniuhter|iyessisiuneasnespeseclcmesre|sesaisinlul|aealiceslre|uilsseneraaieansul|zisesdicisairaleal|dusault|ziuielsinieo|iildeeaildcsinlul|iewxdflsiasaimuniuatil|serlasdeueens|srleaunlacolweenieiciuckeauuciuostriulssisasiestrelunali|xbelenteter|ubilengeter|aisinliul|srstrueucasdisprileli|qaiess|eespieulenuilaseuaslesurauleeneacalaies	15=r,13=e,01=t,93=h,19=u,2=i,50=n,4=e,90=b,6=s,55=a,30=a,31=e,0=z,33=s,95=m,60=c,43=l,61=c,21=p,51=n,53=u,11=i,45=s,59=y,35=l,23=a,63=r,03=d,8=o,29=t,65=m,81=f,10=d,91=x,69=w,80=k,85=o,49=g,25=p,3=q
1	556	-3.065057	3	29	rureaslibatauxeien|wkettiilasiorsinhiimmilioleqnmici|teltiimaisus|sessiilrilsne|uiistltenlmetiitsiluo|amelriileiitsiilmeonso|rulsusei|auiieslaetip|wiisreoaorlimaisus|tilbiiepisliisltiilssausdiio|tnnoslreuetit|mnotssioslefoyetetiiilaulepenscclaupleiniiustliitsltileinossetsii|zuenstedeeien|ibastegeeien|tiimaisiius|mnteinueulislriilantcioii|maetl|oilatiusisiciioslnctloelcnsusoninsleenmaet	15=n,13=e,1=i,0=e,93=x,19=u,02=a,45=t,99=b,6=l,55=s,03=r,53=c,33=m,4=n,95=q,43=o,62=h,35=s,25=a,59=k,2=w,23=t,8=p,29=d,69=y,85=f,9=z,49=g
1	557	-2.890902	3	35	oeoitalittltitniiu|hwilliilaniconiepiissilicrdesioi|lilriisainen|aianiiloilnui|eiinlleuemnriilailec|tsiloiiriilaiimnceac|oelaiqui|teiiinpuris|hiinoictcolisainen|riltixsinliialriilanteafiic|leucaloieilil|suclanicarbczieuriiilterdeaooltesriuiienlliilalririuenournii|yigeneufiniiu|ittneukiniiu|riisainiien|sueuiueielialoiilauroicii|still|cilarieninioiicaleorlcilouaencuiealinestil	15=u,13=i,1=i,30=n,99=t,02=t,45=l,6=l,55=a,03=o,19=e,53=o,33=s,4=e,95=d,60=r,43=c,62=p,35=n,25=a,59=w,2=h,23=r,63=m,50=u,93=q,8=s,29=f,10=x,80=d,69=z,85=b,90=g,9=y,49=k
1	558	-2.887067	6	38	rlricathclclcnis|dwilleprunaoudixiootniaydoso|lipoiuuele|aiaeeiaoiesi|leeliladioamedauiln|coiireiaelaeioandan|rlialen|cleieiscom|deerincnriiuuele|doiheageieaimeiaeclapen|ldsnairilidul|osndarunaiaknqilcoeicliamadarriclminselelielapoinsnaeamee|zladelapinis|bhcelafinis|doiuueele|oslnsliltaireputeone|ocili|doptoleiurenaidrminiirsaledoudaiiadocil	15=s,13=i,01=n,93=c,19=l,02=c,45=l,99=h,61=t,55=a,03=r,31=o,33=o,4=d,95=y,0=a,6=i,43=n,21=x,51=u,53=r,62=p,11=e,59=w,2=d,35=e,32=u,23=m,8=m,25=s,29=p,81=g,69=q,85=k,9=z,49=f,1=b,52=t
1	559	-2.695760	5	44	ltleeiugesetctea|xkessinuitoritspersunaytras|sensepiete|ieieiasseae|tiesstatmonitiistn|eresliaisiimontin|ltsitet|etieesdesb|xielenenlsepiete|xsdwfresiisnisieetimin|stanisletetis|rantiuiniahndesesisetactiuusetbstaitessisinsstateuanei|wztetametea|qgeetaletea|xsepieite|rastatetuislinioesni|reess|tsnosteeiuinistunsnesuaitetsitiuotrees	15=a,13=e,01=t,93=c,19=t,02=e,45=s,99=g,61=u,55=i,03=l,31=s,33=r,4=t,95=y,60=a,43=n,21=p,6=s,51=i,30=o,53=u,62=n,11=i,59=k,2=x,35=e,32=p,23=n,63=m,50=a,8=b,25=d,29=m,81=r,10=f,91=w,69=d,80=c,85=h,90=z,49=l,1=q,52=o
1	560	-2.898051	3	28	iedieleiusalaiusiulaeillen|uqlessllaneteieetaulleeeelatearmeenel|sleauelleenlede|slesellaielaenle|dllesasgaeeiuellsslalhe|iueeleaiellaillssllaeegesme|iedasdeil|iudllleeaniuelo|ulleielyeiceiealeenlede|uelaallioleallsauellaseiudsblte|kmlmesaieledlesls|eelmessetesaiomeplesiuelllaiudaioisseeaiudoailnlldesallssauelaillmeseiueell|wdgesibleillen|laiuesixleillen|uelleenlellde|eensilndledalsaiellannueetell|eeiulesa|kelanueldeleneltesaseuezelefensdementsalegeeiules	15=n,3=e,1=l,0=i,99=a,2=u,45=s,6=a,55=s,19=d,54=m,09=r,14=t,35=e,25=n,59=q,94=h,04=g,8=o,24=c,34=y,29=b,4=k,69=p,9=w,49=x,65=f,64=z
1	561	-2.828431	7	34	kelfelitsisfnntlailleu|twleuullitaliealitlleeeelileibreeuel|uleitelleetlasa|slesallceliaule|sllauiupieitelluslilme|kteelecellcllusllieepeure|kesissenl|ktsllleaitntele|tlleneloinieileetlasa|telialdelaillsitellisentssolle|xrlrescelesleulu|eelreusalescerezlontelllctscrusaectseclullsauillusitelcllresenteall|qspernolilleu|sfternhlilleu|telleetlallsa|eelrnluslesilscellitutaelell|eitleui|xelittelsalauellesiuetegeleyeussereulsilepeitleu	15=u,3=e,1=l,30=i,99=a,2=t,50=n,24=n,90=f,19=s,6=i,55=s,0=k,54=r,09=b,14=l,35=a,25=t,45=u,59=w,60=c,94=m,04=p,8=e,34=o,29=o,10=d,4=x,80=r,69=z,9=q,49=h,65=y,64=g
1	562	-2.732152	5	34	oitoriousatousortionie|cnissneciuioiiueuniiireuiekliier|wlieuiniiuliti|qlisineoreilli|tnisesoeiiouruslafi|ouirieoineonssneiioisli|oitestim|ornniiecourd|unioraioyioiaiiuliti|uretnobienseuinesioutsunui|sgliseorrnals|irlissiuiseodlienisourneouteodossiieoutdementisensseureonlisiouiin|htoisounionie|ztouisonionie|uiniiulinti|iiesonlnitaseoineceuiiuin|iiorise|wrecurtilieruisesiuiprixiestilieusaioiioris	15=e,3=i,11=n,0=o,99=t,21=r,45=s,2=u,61=a,55=s,31=r,19=t,54=l,09=k,6=e,14=u,35=i,25=c,91=n,51=l,4=w,5=q,94=f,04=o,01=m,8=d,24=y,34=a,81=b,41=g,9=h,1=z,65=x,64=p
1	563	-2.800688	8	40	brgrdulenguecydeio|tailleetitdiiteueiiiretiekniior|hmieuieiiumini|xmiliesreimmi|neilelseidurtlmafi|buirisieselleeiisilni|binelnic|bcaeiieueurd|ueiersdudiaiiumini|urzaprieeleuieelieunluati|lqnilsrrasml|irnillitilsdnieaseuresunsolliisundecoenileelleursenilieuiie|wnsineuadeio|nguilsadeio|uieiiumieni|irneemainalsieetouiitie|idcile|hreturnimiortileliuiprimiolniniotlaisidcil	15=o,3=i,11=e,30=d,99=y,21=c,50=e,24=u,90=g,19=n,6=e,55=l,2=u,31=r,0=b,54=n,09=k,14=t,35=i,25=t,45=l,91=a,51=m,4=h,60=s,5=x,94=f,61=a,04=s,01=c,8=d,34=s,81=r,10=p,69=z,41=q,80=o,9=w,65=m,64=p
1	564	-2.736398	7	32	neineleuuilauaulaenlles|qwleaalliteteneetclleeeeliteindeesel|alecelleetleie|uleuellineliesle|illeaiarieeuellaulilpe|ueeleinellinllaullieereade|neiiuienl|uillleeituels|qllenelgenyeneileetleie|qeliallnsleillucelliueuiuolte|kdldeuineleileala|eeldeaueteuinsdebleauellliuiinsnaueeiuisinlsllieaillaucelinlldeueueell|xireanolenlles|laueanflenlles|qelleetlellie|eesanlsileiiluinellitlheetell|eeuleai|kelchelieleselteuiamezeleresuiedestuilereeulea	15=s,3=e,1=l,0=n,99=a,02=u,45=a,6=i,55=u,19=i,54=d,09=n,14=t,62=c,35=e,25=t,59=w,2=q,94=p,04=r,8=s,24=y,34=g,29=o,4=k,69=b,9=x,49=f,52=h,65=r,64=z,32=m
1	566	-2.646542	8	39	neintesicesundeentes|mueuutemnlenenlrteeeteleepreest|zaeretemanin|qaeintenteeaae|itnueuleeestliache|seteenetentuiteeeleure|neieiinc|ndutenemsta|ktnntgenyenecemanin|kteetnonetireteinndfoule|ubreienttugau|etreuinleienareeueusttesienanuineesiaecstinuetuirtentreinsent|pilnusuentes|wesnuluentes|ketemantin|eesuntaueicienetraonelet|eendeue|ztrotieanstleieumextedesiieresliceleendeu	15=s,3=e,11=t,0=n,99=e,21=d,45=u,02=s,61=c,55=i,31=t,19=i,54=r,09=p,6=e,14=l,62=r,35=n,25=m,91=u,51=a,32=m,4=z,5=q,94=h,04=l,01=c,8=a,24=y,34=g,2=k,52=o,95=f,81=o,41=b,9=p,1=w,65=d,64=x
1	568	-2.869050	2	32	nsneurueikurlursquien|rfelliieasionsgeriiccieioepaciti|leeriicaisss|ueusiieniesne|siisleltecuriiluieso|urceeniieuiiluiiectzuo|nseussui|ursiieseaurii|riisneouroneicaisss|riekiiuiiseiiueriieusursubiio|wanoueneselil|cnolusioueumoyeluriiieurseuitutteursieuiniissleiiluerieuinousursii|hstslubeuien|ikursludeuien|riicaisiiss|cnluinseseiueniieanrtioii|curele|oiearissisitiiouxtreoeetnussongueetcurel	15=n,13=e,1=i,0=u,93=q,19=s,2=r,45=l,99=k,6=e,55=u,03=n,53=t,33=c,54=a,09=p,43=o,14=g,35=s,25=a,59=f,23=r,04=t,34=z,8=i,29=b,4=w,69=y,85=m,9=h,49=d,64=x
1	569	-2.775494	5	41	dlditlsalphilimtien|lkessiianuiedutaliiooiaieadroiui|seaaiioniulu|sesuiiadiaune|liiusasaytaiissiale|zloeadiieiissiiaoacse|dlasioii|zlliieualiair|liiudictledaioniulu|aiamipriuaiisaaiiguillssiie|wrnesadelesis|onessuiesemeficiaiiiellerasuuellreiniilusaiissaaieiiruuiauii|biperisitien|lparicitien|aiioniuiilu|oiriinlelaisadiiannauieii|xtlesa|eianailuiuiuiiesquaaeeaunsluentsaitetles	15=n,13=e,1=i,30=t,99=m,2=l,50=i,24=h,90=p,19=l,6=a,55=s,03=d,53=u,33=o,54=r,09=d,43=e,14=t,35=u,25=n,45=s,59=k,23=a,63=y,04=a,34=c,60=e,0=z,93=o,8=r,29=s,65=g,10=p,4=w,69=f,85=m,9=b,49=c,3=x,64=q
1	570	-2.693753	5	41	plpeaueasauraulxdeu|uwerritusenpastpernanthorun|retlirueala|eeeaitantaue|liartrctraunseetln|auretpitaireitrcyen|pltelad|aulieatdaunc|uiapenaunparueala|untsiamatietliteaaulemin|zounetannoyer|qnoyesenetainteraunitaultaccesstaulctduilartiretuntduneaalai|klcaramedeu|fsauaragedeu|lirueaila|rurdulelaetpitduuanni|rauert|zntdunlaeesinebsltnetsuelanusetecrauer	15=u,13=e,01=d,93=x,19=l,2=u,0=a,45=r,99=s,61=a,55=e,03=p,31=n,33=r,54=o,09=h,6=t,43=n,21=p,14=s,35=a,51=e,53=s,11=i,59=w,23=l,04=c,34=y,8=c,25=d,29=m,81=m,91=o,4=z,69=t,85=i,3=q,9=k,49=g,1=f,64=b
1	571	-2.663615	7	46	zsesouainebrunples|uxerreiuislcicipensulidanss|reitenusini|aeaietsiise|neirirryouscasinl|zuneiceteraeinrual|cnianil|zuneeiiurusf|persuoulcunusini|ushonqiieaitetirunagel|waslatssousr|ksauaislataliourusetuntfraiitunfilsenirieraiusteaiirtie|oelargeles|netardeles|tenusieni|nsrlsnenuaiceimsuisle|koueri|wsimusniesielamitileiisanilscauolouer	15=s,13=e,01=l,93=p,19=n,2=u,50=r,24=b,90=e,6=i,55=a,30=o,31=s,0=z,33=n,54=a,09=d,43=l,61=u,21=p,14=c,35=i,03=c,51=s,53=i,11=e,45=r,59=x,23=t,60=t,63=y,04=r,34=u,8=f,29=g,65=t,81=q,10=n,91=o,69=h,4=w,85=a,3=k,49=d,25=m,64=m
1	572	-2.825174	4	34	rlrioauesonolbteiu|qkinneeutienriageesseuenuozsele|niureesteili|aiaieeureuiui|leeinuneustreenaeuln|osiureeuteenaeeuseman|rlualite|oleeiiuttred|qeeirinonruesteili|reuseetdeiueeaureeuaiolaceen|wzunaurilinen|sunnaienautynxintreeeuolutdealluolduteueelinueenaureuteunaitriee|hleintciteiu|esointpiteiu|reesteieeli|sunteulilueaureeuturlenee|soinu|neutrelieieleenaflruniulualinuaauiesoin	15=u,13=i,1=e,0=t,93=b,19=l,02=o,45=n,99=s,6=u,55=a,03=r,53=l,33=s,54=z,09=o,43=n,62=g,14=a,35=i,25=t,59=k,2=q,23=r,04=e,34=m,8=d,29=c,4=w,69=x,85=y,9=h,49=p,64=f
1	573	-2.778552	4	39	snstoseidoroiddite|gptrriieceiusezfiinnieiuemoniui|rteliinciene|stseiiesieeet|niiereramdliirsienu|ontesiitiirsiienacsu|snesixii|oniitefilil|giiestuouseinciene|liediplieeiiseliieseonsriiu|koeusestntrir|neurseiusthuyiciliiieontlasuueonltieiinereiirselitiioeuileii|wiauoiridite|naloibidite|liincieiine|nioiientneisesiieceluiuii|notre|uieclineieiuiiusquleuteuesneuezsetanotr	15=e,13=t,1=i,30=d,99=d,02=o,45=r,6=e,55=s,03=s,19=n,53=u,33=n,54=o,09=m,43=u,62=f,14=z,35=e,25=c,59=p,2=g,23=l,63=m,04=a,34=c,60=t,50=i,93=x,8=l,29=r,10=p,4=k,69=y,85=h,90=a,9=w,49=b,64=q
1	575	-2.725483	7	46	rersiifhitiezasa|kgsttrcteursdepsoifuetroai|tscisleses|isisraiesas|erstetueoiidieeeu|ioserrartireoumiu|reeiesa|ierssexiid|krsrsuiuresleses|kimplyserieureisieinru|qrauiaiipmet|wirmiteuianumstiireieaduitteiedeaaresterticiarrstousr|pburonsasa|eburonsasa|kislesres|oataaesefierrcessiur|oiste|qicsiessetruictueusetaiesuadiesuoist	15=a,13=s,01=a,93=z,19=e,02=i,45=t,99=h,61=f,55=i,03=r,31=i,33=o,54=r,09=t,6=e,43=u,21=p,14=d,35=s,51=e,53=t,62=c,11=r,59=g,2=k,32=l,60=a,04=u,34=m,8=d,25=x,29=n,23=u,81=y,10=l,91=p,69=m,4=q,50=o,85=n,3=w,90=b,49=n,52=s,64=c
1	576	-3.039562	1	21	nernelentialontuintloenlleli|twleuiuilstieilueneeilhtlleeeeslucbiueeliel|uilctelleetileirei|iileiieilsneseilile|rlleiuauinheentelluiiisrue|nteelcnelsnlluiiilseenueuiiue|nelyiireinl|ntrllleeatintelp|tlleineleuentuencleetileirei|tesollnplealliatelsiieintriimllue|uiuliueianelerleuilui|eeliueuiiieilueianpiuezleuintellsntlynpnuiiieicntrfnllillreiualluiiatesnlliueiieinteeill|qrnueiuinmlenlleli|lonteiuinglenlleli|telleetileillrei|eeliuinllirlelylianelstiliteieluell|eentleua|uestitelreileiliellueiauietcuelcieliiireiueliluialenueentleui	5=i,1=l,3=e,0=n,99=o,2=t,4=u,56=a,19=r,09=b,36=c,16=s,46=h,59=w,96=y,8=p,29=m,86=f,69=z,9=q,49=g
1	577	-2.972191	5	26	zilpilcuestpureulxcllile|uqlirerelsueielrciielbulliiiislrogeriileil|relouilliiuelietie|eelieeiellaisieleli|tlliersrebicuillreeestri|zuiiliaillallreeelsicrireeri|zilyeetiel|zutllliisueuilm|ullieilircurcoliiuelietie|uisxlkmlisllesuilseeieuteenllri|rerlerieeailitlirelre|iilerireeeielrieeamerihlireuilllautadreeeieiautmallelltiersllreesuilallerieeieuiiell|wlprierenlcllile|tpuiereflcllile|uilliiuelielltie|iilerelletlilyleeailsueleuieilrill|iculirs|risueuiltielieleillriesreiuoriloeileeetierilelreslcriculire	5=e,1=l,3=i,30=c,99=x,2=u,50=e,4=r,90=p,19=t,56=s,0=z,09=g,36=o,16=s,46=b,59=q,60=a,96=y,8=m,29=n,10=k,80=d,69=h,9=w,49=f
1	578	-3.046996	2	27	euaesueliinoeleiefouersi|liaueiecdliuceueuucslruuusnemyieusis|ecmluruulcuiaui|icuiiucdeuduccu|aruieteiesuuelureiiidaeu|elusmesdereiicduueeueiieu|eskiiauig|efaruutlielsp|lruiesueueleueunuulcuiaui|ludorezutritlsdiiuielaiibreu|eixieuitessauecei|usieueiiiuceuitepiemaueielurdefkepeeiiiuimelaherirauietreiitluderieuiiuieluuir|waeeuieielauersi|qoeluieieeauersi|luruulcuiraui|usieiercauanitesdlciluiseur|uuefuet|eudlilsaucuciureuiteiulmesmisiiiauiesceiinueeuuefuei	5=i,31=s,11=r,0=e,3=u,99=o,21=f,4=e,2=l,61=n,19=a,09=y,36=m,46=s,51=c,16=d,91=a,56=t,01=g,96=k,8=p,29=b,81=z,41=x,86=h,9=w,1=q
1	579	-2.865547	4	31	krsrauestsuremyatre|ueiirerlnueilraiilfutiiirnrcherirer|rlcuitiiulietie|elieeietainilli|ttiersrefiauitreeentri|kuiriaitatreelniarireeri|krzeetieq|kmitiisueurp|utieriraurainiiulietie|urwiogistesurneeieuteextri|reberieearriirlre|irerireeeilrieeaperciireurtautadreeeieiautpatettierstreesuraterieeieuiiet|isriereuiatre|tsuiereriatre|uitiiuliettie|ireretliitneearnuleuierrit|iamirs|rinueurtilileitriesreiucrrcereeetierrlreenariamire	5=e,31=r,11=t,30=a,99=y,21=m,50=e,4=r,2=u,90=s,19=t,56=s,0=k,3=i,09=h,36=c,61=n,46=f,51=l,16=n,91=i,60=a,01=q,96=z,8=p,29=x,81=g,10=o,69=w,41=b,80=d
1	580	-3.002213	5	25	eiteisinersonuensoiessise|bqsiueuessdeiesuieiiesudssiiiicsulzeuiiseis|uesidissipesietie|eesieeiesceiciesesi|tssieurueefiinissueeectui|niisleiscessueeesciieuiueeui|eisyeetiees|ntsssiiedenism|bssieeisiuinuielsipesietie|bicossemsirsseedisceeienteeassui|ueuseuiereisitsiuesue|iiseuiueeeiesuieremeuigsiuenisscnsyemeueeeielntkessesstieurssueeedicesseuieeieniiess|wteuieueeasiessise|sonieueexsiessise|bissipesiesstie|iiseueessetsisysereissdeshieisuiss|iinsiur|uisdhistiesieseissuieruepluisleiseeetieuisesuersieuiinsiue	5=e,1=s,3=i,0=e,99=o,02=n,4=u,56=r,19=t,09=z,36=l,16=c,62=d,59=q,2=b,32=p,46=f,96=y,8=m,29=a,86=k,69=g,9=w,49=x,52=h
1	581	-2.925122	7	30	zliblilietimiseiimeiilie|wyilseseiiceleiselleisciillllaistdesllieli|seilcliilseilenle|eeileeleiinlaleieil|niilestsaflliliiseeeansl|illilnliiniiseeeialeslseesl|zligeenlai|iniiilleceiliu|wiilalilslisetilseilenle|wlamiquiltiieecliaeeleineepiisl|sesiesleenlilnilseise|llieslseeeleisleenueslxilseiliiainnoseeeletinuniieiinlestiiseeecliniiesleeleilleii|kibslesapieiilie|imilesahieiilie|wliilseileiinle|lliesaiieniligieenliiceirlelislii|lliilst|slicrlinleileieliisletsestslitelieeenleslieisetieslliilse	5=e,1=i,3=l,30=e,99=m,02=i,4=s,56=t,90=b,0=z,09=d,36=t,16=a,62=c,59=y,2=w,19=n,32=s,60=n,46=f,50=a,96=g,8=u,29=p,10=q,80=o,69=x,9=k,49=h,52=r
1	582	-2.934529	6	31	aitauiseetisneamiiarue|keainenerleirniaiirnlriiiutnedeniueu|nriliriorietie|erieeirsaisirri|triennneagiisirneeestni|siueausarneersiianineeni|auyeetieq|amariielesuc|krieauinisniaitiorietie|kisirabinreeluseeiesteexrni|nehenienauuainrne|iuenineeeirnienaceneainesirsamyacaneeeieestparertiennrneeelisarenieeiesiier|ztanienesaiarue|wisieneanaiarue|kirioriertie|iuenearraittenairlrfieunir|iiaminn|nulfutirireirnienneoenueeueeetienurneetianiiamine	5=e,31=u,11=r,0=a,3=i,99=i,21=m,4=n,02=s,61=t,19=t,09=d,36=e,62=l,51=r,91=a,2=k,32=o,16=s,46=g,56=n,01=q,96=y,8=c,29=x,81=b,41=h,86=p,9=z,1=w,52=f
1	583	-2.872180	8	36	buqueliifolurconsui|ziieuiuisnieluneelunseeeufueriueuiu|ulenesetleidei|ileiieisteaelle|dseiusurmeelesuiiiadue|leuetestsuiilaenueuiiue|bupiideio|bciseeinilua|zserueuelunefetleidei|zuwixyessiinuaiieildiicsue|uihiueiituuieului|euiueuiiielueiitaiueieuilesaldtkuiiieieldatsisdeiussuiiinutsiueiieileeis|iqueiuilinsui|goleiuruinsui|zesetleisdei|euiursliedfiitesnldeiuues|enceus|uundudeleliesueisuiteuueiuiiideiuuluiifnuenceui	5=i,31=u,11=s,30=n,99=o,21=c,50=r,4=u,02=l,61=f,3=e,90=q,0=b,09=r,36=e,62=n,51=l,91=i,2=z,19=d,32=t,16=a,60=t,46=m,56=s,01=o,96=p,8=a,29=c,81=y,10=x,69=w,41=h,80=k,1=g,52=d
1	584	-3.024777	1	28	atacenerioenueentdeicie|nwcueueilnmeineseigniissliuayeusimi|ueiapiisneceide|eecemeilaizeiec|ticeurueegsepiiueeeltn|ensiaaileiiueeeilsenueen|aiheeideei|entiiisrneepis|niceacnenneaisneceide|ploiiescriierpilemeenteexiin|ueuieneractcueiue|sienueemeineresenbcueepiileniheseueemeaentfeiieiiideuriiueerpleiienemeenseii|qteneueexceicie|ioepeueekceicie|piisneceiiide|sieueeiietcihierailneiepminii|sencur|nlnepiideceimiinerumnaniamieeeidenieiuerceusencue	5=e,1=i,13=c,0=e,93=d,19=t,2=n,4=u,99=o,56=r,03=a,53=m,33=s,09=y,36=a,16=l,46=g,43=n,59=w,23=p,63=z,96=h,8=s,29=x,86=f,69=b,9=q,49=k
1	585	-2.902920	4	34	oaoiuielagiceiikuinie|ifnceceiliteicureibiiirrlicotecriti|ceiouiirieneide|eeneteiloireien|aineclcecruuiiceeelan|wiriooiisiiceeeiirunceen|oiyeeidei|wiaiiirlieuis|iineoncuicuoirieneide|ulkimsnliieluileteiaeexiin|cecienelonanceice|rienceeteineessenanceuiiisiashceettsiassiieiiidecliiceeluisiieneteireii|qignecexiuinie|aguecepiuinie|uiirieneiiide|rieceiieaniyieloilieieutinii|zuincl|nlieuiideneitiinelctioniotieeeidenieiceliunuince	5=e,1=i,13=n,30=u,99=k,2=i,50=e,4=c,90=g,19=a,56=l,03=o,53=t,33=r,09=t,36=o,16=l,46=b,59=f,93=d,23=u,63=r,43=n,60=s,0=w,96=y,8=s,29=x,10=m,80=h,69=a,9=q,49=p,3=z
1	586	-2.706462	5	37	osouiieeamiireiisciele|ifurertlintuintbrunlarmceulel|rtmdenieutce|eeuentlilyteu|wguertreibnidereeelsu|idlmilliereetlniureeu|ilsetceq|irgentieiila|rueouuiiuoanieutce|dlmeiauteetilleneiiseedeu|reheuetousurtre|kleureentuetiaeuxureidelirsiaireenemiispietecertereetdlieeueneiinee|zsiuereiduiele|wmidereiouiele|denieutece|klereieesusaetillitedelue|niiurt|uliedeceutneuetrnimrlmeleetcerltretuirniiure	5=e,31=l,11=e,0=i,93=c,19=s,2=i,4=r,99=m,61=a,13=u,03=o,43=u,09=c,36=m,33=n,21=r,46=b,51=t,53=n,16=l,59=f,23=d,63=y,56=t,91=g,1=w,01=q,96=s,8=a,29=d,41=h,86=p,69=x,3=k,9=z,49=o
1	587	-2.784411	8	40	bidisellcdeimposeil|efailiureauissuspasioingleili|iundeselaucl|llalaleuitula|wnalilimitsdeilllrce|bdinreueillletseille|bimluclq|bpneslemeiy|palraiseeroselaucl|eixnhyalelleirlameclltee|ilzlellracaiuil|kileillauelluylexaimeieuecupillaauecyueueclileillleiuelelamesle|ndelimenseil|cddliminseil|deselauecl|kilimelcacolluireuldliee|kseail|ereldeclauaeelliaeniinlillucliiuilloseseail	5=l,31=i,11=e,30=s,99=o,21=p,50=m,4=i,2=e,90=d,19=c,56=l,0=b,43=e,09=g,36=n,61=o,33=s,13=a,46=s,51=u,53=a,16=r,59=f,93=c,23=d,63=t,60=u,91=n,1=w,03=r,01=q,96=m,8=y,29=t,10=h,69=x,41=z,80=p,3=k
1	588	-2.958359	3	31	cacreiuezetieanierei|qwrtitieeprieditietpeettsetnaittere|tienleroirieni|iiririescebieir|aeritutiigtileetiiisad|etencesieetiiiestidtiid|cexiieniie|eaeeetipiilem|qericrdedinroirieni|lszeeimrueeiulesirieaiiseed|titeidiucrartieti|teidtiiriediuimidkrtiileeseeximitiirineafieeieeenitueetiiulsieeidirietiee|yaiditiisrierei|ezilitiihrierei|leroirieeeni|teitiieeiarexeiuceepieilredee|tertu|depileeniriereediutiondenreiiienideietiuritterti	5=i,1=e,13=r,0=i,93=n,19=a,02=e,4=t,99=z,56=u,03=c,53=r,33=t,09=a,36=n,16=s,62=p,43=d,59=w,2=q,32=o,23=l,63=b,46=g,96=x,8=m,29=s,86=f,69=k,9=y,49=h
1	589	-2.918563	3	34	pepilutibleulibriiiu|hwieueuiianuiercuieaiicclieuquecini|euiuaiisuiuiou|uuiunuilpituiui|eiiuetesetraiieuuuleo|lciupiiriieuuuiitroeuuo|pimuuiosi|leiiicuasain|hiiupioleruisuiuiou|albignitiiutailunuleuudiio|eueiuoutpieieuieu|ciuoeuunuiouurnuoyiesaiillerfeuunuulenriiuiiiouetiieuutairiiuounulcuii|xizouesdiriiiu|ezaueskiriiiu|aiisuiuiiiou|ciuesiiueiimiutpiiauiuanioii|cliet|oiauaiiouiuiniiouteusuoiuniuuuiouoiuieutireclieu	5=u,1=i,13=i,30=r,99=b,02=l,4=e,56=t,03=p,19=e,53=n,33=c,09=q,36=u,16=l,62=a,59=w,2=h,93=o,32=s,23=a,63=t,43=o,50=s,60=r,96=m,8=n,29=d,10=g,80=f,69=y,90=z,9=x,49=k
1	590	-2.754127	7	40	rsreuiimpuniustuali|kxeniniaclenutessetlmnobinlil|nieclerieeti|iieileoulceie|azeineniustumaniiiosn|umloulouaniieotunniin|ulpietih|uszaticiuli|seirenunuoerieeti|mopauieeaiicloiliusiidan|nifiniereseneni|wlinniilenieuiindeniumaouspuiuniiliousquaeatineaniiemouainiliutia|ysuniniudeuali|apuminiugeuali|klerieeati|wliniuaisesmieraceimilna|tuene|nlcimatieelanienironloiliietinlenieeuntueni	5=i,31=l,11=a,0=u,93=t,19=s,02=u,4=n,99=p,61=m,13=e,03=r,43=n,09=b,36=o,33=t,21=s,46=s,51=e,53=l,62=c,59=x,2=k,32=r,63=c,16=o,23=m,56=e,91=z,1=a,01=h,96=p,8=i,29=d,41=f,86=q,69=d,3=w,9=y,49=g
1	592	-3.022485	4	28	sitsiuisdesuosmesduoisuuiue|dzunreuedeienisiieuxduuiiiienfariiueiu|keufdiuuiideuietie|eeuieeieuesieieueui|tuuirelesxiisdiuneeeeubi|sdiiufsiuesuneeeueiicneri|siugeetiesu|sdtuuuiisdesdiua|duuiesiunismisfuiideuietie|dieouusauisuuesdiueeeiesdteepuni|kruriessiuitunene|iiurneeeieniessarihunesdiuuesdugsaceeeiefsdtysuueuutirsuneesdiesuurieeiesdiieuu|wtcirespuisuuiue|uosdiresquisuuiue|diuuiideuieuutie|iiuresuuetuiuguessiuedeuedieiniuu|iisduns|kiedediutieuieueiunieeleidiliufeiueeetiriuenesuiciisdune	5=e,1=u,3=i,0=s,99=o,2=d,24=m,56=s,19=t,54=r,09=a,36=f,14=n,16=e,46=x,34=n,59=z,4=k,94=b,64=l,04=c,96=g,8=a,29=p,86=y,69=h,9=w,49=q
1	593	-2.990509	8	32	kiuuiuatensuyetudauuiue|tzuireunteiemaiieuttuuiiiinmchriiueiu|xeuctiuuiiteuiesie|eeuieeieuulinieueui|suuirefetiatiumeeenupi|ktiiuiliuulumeeeuniisieri|kiureesieu|ktsuuuiintetiuo|tuuieiuiayacuiiteuiesie|tindubouinuuentiuneeietseeaumi|xrurieeliuisuieme|iiurieeeiemieeloriguietiuuultsloseeeieiltsoluueuusirnumeentiuluurieeietiieuu|wssireauauuiue|sutirequauuiue|tiuuiiteuieuusie|iiureuuesuiurueeliunteuetieimiuu|iatuin|xintetiusieuieueiumieefeitifiuceiueeesiriuemenuisiatuie	5=e,1=u,3=i,30=a,99=d,2=t,50=e,24=y,90=u,19=s,56=n,0=k,54=r,09=h,36=c,14=m,16=n,46=t,34=i,59=z,4=x,60=l,94=p,64=f,04=s,96=r,8=o,29=a,10=b,69=g,9=w,49=q
1	594	-2.867499	5	33	sinsiisueetassespaisuie|ueorlenueierisiiexuuiiiinrchliiei|kecuiuiiueienie|eeieeiensinieei|nuilelesxiisuireeetbi|suiicsindreeeniimreli|sigeenied|spouiituesuia|uuiesirissisitiiueienie|uinauszituetuineeiesuneeuori|keflietsiiorere|iilreeeierietsalcoresuiunspgsameeeiecsunysueuniletreetuinsulieeiesuiieu|qnmilesuoisuie|wasuilemoisuie|uiuiiueieunie|iilesueointetsinueeuieiriu|iisprt|kinueuinieieeirieeleiuiliceieeeniliereetimiispre	5=e,31=i,11=u,0=s,3=i,99=a,21=p,24=s,61=t,2=u,19=n,54=l,09=h,36=c,14=r,16=n,46=x,51=e,34=r,91=o,4=k,94=b,64=l,04=m,01=d,96=g,8=a,56=t,81=z,41=f,86=y,9=q,1=w
1	595	-2.966606	8	37	geheuriclhoiabulei|riansnurieitueenfrleeeeuttyseeie|qntreleerneilei|ineiieilceuenne|llesimifeuretiinspe|greeeceuotiinueednise|gexiileio|gaaleecrirer|rleienuoueseerneilei|rekamdeclicreuiieirliirate|qiwseiiceeaniti|eesniiieiteiicrstanirelcrlcrdiiieiecrlrclillesistiicreclseiieireeil|zldesiraulei|lhresidaulei|releerneillei|eesilnaelsiiceurnireietel|euanc|qeurirelenenieteiimieremetieiiileseitiisedeuani	5=i,31=e,11=l,30=u,99=b,21=a,50=i,24=o,90=h,19=l,56=c,2=r,0=g,3=e,54=s,09=y,36=t,14=t,16=u,46=f,51=n,34=n,91=a,4=q,60=c,94=p,61=s,64=m,04=d,01=o,96=x,8=r,81=d,10=m,69=k,41=w,9=z
1	596	-2.908622	8	32	ierienenionpicinnpeinneni|xknelinnuieiteieeitunneeeestableenien|wineuennemineirei|iineiieinsieseinine|rnneligiireenentiiisnde|neenaiensintiiinseeteile|ienaiireiin|nrnnneeiuinens|xnneiieneeiceianemineirei|xespnnisneonniiuensiieinriiunte|wlnleioienerneiti|eenleiiieiteioisleqneinennsnnaistiiieianrfinninnrelontiiiuesinnleiieineeinn|hrteliiuneinneni|npneliiyneinneni|xennemineinnrei|eenliinnirnenanioiennuinzeietenn|eenneo|wenuzenreineinienteiigimegenaieniiirelenitioneteennei	5=i,1=n,3=e,0=i,99=p,02=n,24=c,56=o,19=r,54=l,09=b,36=a,14=t,16=s,62=u,34=e,59=k,2=x,32=m,4=w,94=d,46=r,64=g,04=t,96=a,8=s,29=u,86=f,69=q,9=h,49=y,52=z
1	600	-2.897375	3	34	dndureilegroirentreuei|ezeniieresieurtiefeeettrasqitese|xiesleeteiuieti|iiuisierdepieiu|neuiikirftrleaiiirnu|retesderreaiiiertoniiu|deaiietire|reneeetleirlem|eeuiduureurseteiuieti|lrgeermuleeillerisireniiceeu|xieiuilduneniai|teiniisieuilrmiubenirleerreearmoiisisrenyreeieeetileaiillrreeiuisiretiee|wnruiircureuei|egrliirhureuei|leeteiuieeeti|teiireeinueaeildereieilseuee|treenl|ureileetiuieseeuiiksesuesseiiietiueiailuotreeni	5=i,1=e,13=u,0=r,93=t,19=n,2=e,24=o,99=g,56=l,03=d,53=s,33=t,54=i,09=q,36=s,14=a,16=r,46=f,43=u,34=n,59=z,23=l,4=x,63=p,64=k,04=o,96=a,8=m,29=c,86=y,69=b,9=w,49=h
1	601	-2.826553	6	39	dadeueuragoteecueieu|eweneuereiuautueyeeettrasbeteie|xuesdeeteuiuesu|uuiuiuerdelueui|aeieumuoludeauuuran|qetesdeeleauuuertonuun|depuueste|qeaeeetretdec|eeiudenuouseteuiuesu|drcezcireeurderuiteauupeen|xeeunurdiaenuau|teenuuiuenuulcunmentdeeelealcouuiileacleeueeesereauurdeleeunuitetuee|kegnetpeueieu|agdetheueieu|deeteuiueeesu|teeteeuaiepeurdereueudienee|fueenr|nreudeesuiueieenuumiesnesieuuuesuneuaureunueenu	5=u,1=e,13=i,30=u,99=c,2=e,50=t,24=o,90=g,19=a,56=r,03=d,53=i,33=t,54=e,09=b,36=s,14=a,16=r,46=y,34=n,59=w,93=s,23=d,4=x,63=l,43=n,04=o,64=m,60=l,0=q,96=p,8=c,29=p,10=z,69=m,9=k,49=h,3=f
1	602	-2.698393	7	41	oaoueniimdebienacesai|nistrelnleueiepnsiilmchiuaia|wecesiniueci|iiuileleareiu|zsurifiepienamiiilau|eeacealamiieliotiiu|eadiecia|eyssinnienat|yuiouuenuominiueci|eldsetunsinnalilienaiissu|wikiuineaastimi|xartiileuinetrcstieesleydetoiilicenagesescrimmiinelesiuilieniis|paeuriesuesai|zdeeriequesai|esiniuesci|xariesiauaminealneieiaus|ieytn|ulniesciuelsuiiflefaciaiiecraiminuoieyti	5=i,31=a,11=s,0=e,93=c,19=a,2=n,24=b,99=d,61=m,13=u,03=o,43=u,09=h,36=c,14=m,16=l,33=i,46=p,51=e,53=l,54=r,34=t,91=s,23=e,4=w,63=r,64=f,1=z,04=o,01=a,96=d,8=t,56=n,21=y,29=s,41=k,86=g,3=x,9=p,49=q
1	604	-2.794569	5	37	oconnemipsgenclsinie|qkilreiitreiusuedtiiuusdebruiri|zeieainteneile|eenereisoiheien|cinredesfusaideeescu|nuieoissideeeisumleeu|oiceeilesi|nciiiuetesaii|qineonunusenteneile|aspiisinmiiemaiserenceeoiiu|zrieuemoncilede|uirleereiuemsieuxilesaiisnicsimeereencysiieiiilrmideemassiieuerenueii|wcsuresonsinie|ipsaresansinie|ainteneiiile|uiresiiecniciemoiiteieariuii|unilm|uiteaiileneiriiueedeteuierieeeileuiedemnmunile	5=e,1=i,13=n,0=s,93=l,19=c,02=n,24=g,99=p,56=m,03=o,53=r,33=u,54=r,09=b,36=e,14=d,16=s,62=t,43=u,34=l,59=k,2=q,32=t,23=a,4=z,63=h,46=f,64=d,04=m,96=c,8=i,29=o,86=y,69=x,9=w,49=a
1	605	-2.952051	5	39	unucreanfrerszescse|qxsilessptemeiempssiilmablists|wesanschecesde|eeceteslusmesec|nscledetmensmeeelnu|risaussesmeeeslitieeu|usyeesdos|rnsssieponsc|qsceusiereachecesde|nlzsoccasseansleterneepssu|wlseueaucnsieme|islieetesueeeceussionsslrnecteetearncessesssdlasmeeansesseueteriess|ksfulopsescse|nfnlogsescse|nschecesssde|islossencsyseausspesentsuss|irsia|uspenssdecestssueedehausatseeesdeusemeactirsie	5=e,1=s,13=c,30=e,99=z,02=r,24=r,90=f,19=n,56=a,03=u,53=t,33=i,54=l,09=b,36=a,14=m,16=l,62=p,34=i,59=x,2=q,93=d,32=h,23=n,4=w,63=m,43=u,04=t,64=d,60=e,50=o,96=y,8=c,29=p,10=o,69=s,9=k,49=g
1	608	-2.907869	1	27	uecueieudaioursurioeuiiet|rziessindeileueeimriieeeenilaukleetei|siareiieediece|sieseinuenetie|ciielasumeeureiissncle|ureeiaueinuiissineeulelsle|ueipsceui|urciiieeadureif|riieueieleurleuaieediece|renoiiufieaitareinseurcshiile|sltleaueieciesis|eetlesseileauxlegiesureiinuripufusseaurcquitiicelaiilsarenuitleseureeii|wculesuhieuiiet|iouresubieuiiet|reiieedieiice|eetsuitcieiptaueindtreeileii|eeuriela|lendreiceieteiileaseraleieyetsceletisaieuleeuries	15=t,3=e,1=i,0=u,99=o,2=r,45=s,56=a,25=d,19=c,4=l,95=k,36=a,16=n,46=m,35=e,59=z,55=s,96=p,8=f,29=h,86=q,69=g,85=x,9=w,49=b,65=y
1	609	-2.877988	5	32	qneknecurskiieielceent|ixentteauneicnnefieennnnaeinabinntne|temineennuensn|uenuneeananten|seeniriefncineetuasin|qinnenaneeaeetueanciniuin|qnepusnee|qiseeennrieines|ieeneneniciicmennuensn|inalezsenretrineauneisureein|titinuanensentet|nntintuneinuahingenieineeeaisaytunnaissaeteesnireeiurineaetinuneinnee|wekiniereceent|skiniedeceent|ineennueneesn|nntieetsenepeuaneautinneinee|ncienir|inauinesnentneeinrtniminenontusnintetrecincient	15=t,3=n,1=e,30=c,99=l,2=i,50=e,4=i,90=k,19=s,56=r,25=u,0=q,95=b,60=a,16=a,46=f,35=n,45=t,59=x,36=m,55=u,96=p,8=s,29=r,10=z,80=y,69=g,85=h,9=w,49=d,65=o
1	610	-2.825482	3	33	eiteaiesenyeslexyienio|urilusluisuieiisgsniiianutequiioa|ustsiniissiti|zsieisleilissi|tniurlegiiesinleltui|esiatealenuesliieuiueui|eapetih|exrniiruesad|snieaiuiesuieiniissiti|silyneminorsaleiesteanui|luouireaariusl|iiouileisuirefutrilesinlexpedeleitestchontiurnuersilhouieiesiin|bteuilesrienio|wyesileurienio|siniissinti|iiolensraporealuosiauin|iiexiur|uilusatisioinuirlistuaikioetiuasuenieuiiexil	15=o,3=i,11=n,0=e,99=y,21=x,45=l,2=s,61=n,55=e,31=a,19=t,4=u,95=q,36=t,46=g,51=s,25=u,16=l,91=r,35=i,5=z,56=r,01=h,96=p,8=d,29=a,81=m,86=c,85=f,9=b,1=w,65=k
1	611	-2.837313	5	38	xsksrorlkiungarten|oceduscoesureespiteeesuuelqueens|usmieteeisele|dseietlecesse|lteurunperietdiclue|xieseletltuiscerueuiue|xswileo|xgcteerinisf|itenseuriureueeisele|iszchyeunriscieniliptue|dunueilssceusd|eenuediesueiltumceunistlilladieelilbontleurtuirieconueienieet|ckueunicrten|lkieunucrten|ieteeisetle|eenuntsceluilsconiesuet|ergeur|uecoislesenetuerdeimusemenileussuiuruerged	15=n,3=e,11=t,30=r,99=a,21=g,50=n,4=u,2=i,90=k,19=l,56=r,25=o,31=s,0=x,95=q,60=l,61=u,46=p,51=s,16=c,45=d,91=c,35=e,36=m,55=i,5=d,01=o,96=w,8=f,29=p,81=y,10=h,69=z,86=b,80=a,85=t,65=m
1	612	-2.877881	5	31	euteuiueoligaraigueiiui|kbiurrinoriaueurianiiuuuuniadepauuiui|riunuiiuuoirtr|eiuerineunriiu|tiiralrequuauiirentau|auuideuineiireinuueauaeau|euitetrei|atiiiuuloauim|kiireuiuauaauediuuoirtr|kungiiemiuliienuineratesiiau|raiarleuiutiurir|uuiaureriarlefauxiurauiinaitemererdatzeiiiitraliirenuneiiaueraurii|wtearresiueiiui|igarrehiueiiui|kuiiuuoiriitr|uuireiitiuitileuinoisruiauii|uuaiual|auinsuitririuiiarlrcdauiuyuietrauiirliueauuaiur	15=i,3=u,1=i,0=e,99=g,02=a,45=r,56=l,25=o,19=t,4=a,95=p,36=d,16=n,62=n,35=r,59=b,2=k,55=e,46=q,96=t,8=m,29=s,86=z,69=x,85=f,9=w,49=h,52=s,65=y,32=c
1	613	-2.780215	7	36	wtextelrreseseesleetl|kqetsseurieiltieiceettttueitufittlte|setcteettreini|aetaieeutuilet|neeiirichtteteesaunit|ettetuteeueesaeutlitiait|wtedantce|eneeettrreted|keetctetiteilnettreini|ktusezdetreeacteuaienageeit|silitautetnetses|ttlitsaieitaumityetseteeuenuosainendueleeniireesacteuelitaietiee|pexiiicgeleetl|eseiicbeleetl|kteettreieeni|ttlicelnetedeauteuretiteitee|tteetir|itecttenieilteeiirsonitetatlaniitlesrelitteets	15=l,3=t,1=e,30=l,99=s,02=e,45=s,56=r,25=r,90=x,0=w,4=i,95=f,60=u,16=u,62=c,35=i,59=q,2=k,19=n,55=a,46=h,50=c,96=d,8=d,36=n,29=g,10=z,80=o,69=y,85=m,9=p,49=b,52=t,65=a,32=o
1	614	-2.753576	6	37	euuenuaadparespueiui|dcurentduneueuuneliuuundemefeuuin|enuluiuonsus|wnuaunteutunnu|uisetrecuuauiratueu|aunmenteieantuueeueaeu|enlausm|esciuutdang|zisenueuaeueuduonsus|zutpiebutialntasauarieu|reiestenncuenr|uuieuraunestehemcurauiteslegerasmauxmiiusetiralutmieuasausi|kueesracueiui|ypasreecueiui|zuiuonsius|uuireincnliteuilnosneui|uuesuet|enlonuunsiuiestromenuquiausenneadueeuuesur	15=i,3=u,11=i,0=e,99=p,21=s,45=r,02=a,61=d,55=a,31=n,19=u,4=e,95=f,36=m,62=l,51=n,25=d,16=t,91=c,35=s,32=o,5=w,46=c,56=t,01=m,96=l,8=g,2=z,29=r,81=b,86=x,85=h,9=k,1=y,52=o,65=q
1	615	-2.570120	8	43	zngneleualinmarsen|lieritsletireetidseeenuietdieenn|itedesestuau|xteeustesette|asuieinceelesresaie|lenetestsietserieieie|znbeauo|zmiseeellnq|hsenneielireuestuau|hnwickeesednseulaetsie|rinieetnnieitr|eeniereetieetfiaierlesslatyreualaponsauiesredesonieeuleus|igiurlirsen|paluiniirsen|hesestusau|eeninstieauetesdtounies|ermeie|indonaetunesiuersainemeneauintieuriermer	15=n,3=e,11=s,30=r,99=a,21=m,50=n,4=i,02=l,61=u,55=e,31=n,90=g,0=z,95=d,60=t,62=d,51=t,25=l,16=s,45=r,91=i,35=u,19=a,32=s,5=x,46=c,56=e,01=o,96=b,8=q,2=h,29=t,81=k,10=c,69=w,86=p,36=a,80=y,85=f,1=p,52=o,65=m
1	616	-2.814158	1	32	lsluireemintinsyieur|nwutteurseilsepneettuenaikntede|teaceetresss|auaseulusru|seesnetipticeetausi|intealeuieetaeutiinai|lebassie|inseeetericef|neesluiiniiaetresss|cumeeifueereceuasinsageei|tnrnselusutet|tritasenseixiouticeeuinebifitasainshiereessneeenaecuieriasicsee|zsinstiguieur|eminstiquieur|ceetreseess|trtiersuebreleurrcdeiee|tinune|iurcessesedeensendnaieadrassireteuintinut	15=r,13=u,1=e,0=i,93=y,19=s,2=n,45=t,99=m,56=e,25=r,03=l,53=d,33=t,4=n,95=k,36=a,16=u,46=p,35=s,43=i,59=w,23=c,55=a,96=b,8=f,29=g,86=h,69=o,85=x,9=z,49=q
1	617	-2.831382	4	40	asaintlsdeimeimniue|ekueeintlitaligeiiuunitryiuisi|eisoiiutilsl|aualinanleu|siililimirnoiieanst|zeuisaiiriieaiirntiat|aidaixmi|zesiiiulemoic|eiilauineinsiutilsl|onmifculieloiibsmesaoiit|eieillausueie|uetealitarctquimoiiiresrhiassrescrieiisliliiialoirieilsmolii|pidilimoiniue|sdelimpiniue|oiiutiliisl|ueimiesuidelainteositii|wneuil|tntoislilisiiillisestisseaslteielintneue	15=e,13=u,1=i,30=n,99=m,2=e,50=m,4=i,90=d,19=s,56=l,25=t,03=a,53=s,33=u,95=y,60=r,43=t,16=n,46=g,35=l,45=e,59=k,23=o,36=s,55=a,63=r,0=z,93=x,96=d,8=c,29=o,65=b,10=f,80=h,69=q,85=c,9=p,49=p,3=w
1	618	-2.745550	3	41	rdreaisolaisaidxree|iwesuoiinotatouyetnoudaauten|uodpatioede|qoenoirieee|daeussautapassidt|apndaniaausoitatust|anlsder|aymatsmainc|iaeretaitrotioede|pilaageoesiniseaidsbat|sueuesredeuos|tetusnouesafthesapaiaylacassedaidcreadeusausspiretseapea|zdauesaberee|klaiesaperee|patioeade|tesaaomnlesanimeienta|taieus|timindeeonauesunidundnesdeunosseautaies	15=e,13=e,01=r,93=x,19=d,2=i,0=a,45=s,99=l,61=o,55=s,03=r,31=n,33=t,4=u,95=a,36=d,21=y,46=u,51=o,43=t,53=n,16=i,59=w,35=e,11=a,23=p,5=q,56=s,96=l,8=c,25=m,91=m,29=b,81=g,86=c,69=h,85=f,9=z,49=p,1=k
1	619	-2.613483	6	47	kamalgremieriefair|iyilecliecelucsuiuaniupeura|ecmonuictet|zctecloltri|enterereslonldlei|koamonunldnsliedi|kabdeta|kuanuririan|intoieliionuictet|iataqttnrronseriedcni|leretroieiecl|uriedeciduditierianuieuxedeeuieparneternedrolareterotn|ameterciair|emiterhiair|onuictnet|urlareiendualgritain|wliier|ilgiaeticenetreeimeamerdeteacednliliil	15=r,13=i,01=a,93=f,19=e,2=i,50=r,4=e,90=m,56=r,25=g,30=l,31=a,0=k,33=u,95=p,60=u,43=i,61=n,21=u,46=s,51=c,53=e,16=l,45=l,59=y,35=t,11=n,23=o,36=m,03=o,5=z,55=d,63=s,96=b,8=n,91=a,29=c,65=s,81=t,10=q,69=t,86=p,80=x,85=d,49=h,3=w
1	620	-2.864413	3	35	daduistegisiayieul|kbussensrendreaweettneauihatede|seuceetserar|euerendnrlu|aeeratsifticeesenan|iteudenieeseentinaen|derearie|iaeeettsiceo|keerduniniuetserar|cngeeiouteltceneriaexeen|salartduauses|tlnsereartilnousiceenierioiseruiapieleearateeaetcnielnericree|zaiarsixuieul|egirsiquieul|ceetsereear|tlsielauerltdenslcdenee|tiuat|nnsceareredeeartsmuneudlearnlestuiatius	15=l,13=u,1=e,0=i,93=y,19=a,02=i,45=s,99=g,56=t,25=s,03=d,53=d,33=t,4=a,95=h,36=u,16=n,62=w,35=r,43=n,59=b,2=k,23=c,55=e,46=f,96=r,8=o,29=x,86=p,69=o,85=l,9=z,49=q,32=m
1	621	-2.760637	3	39	ceciucritdedituiul|mqueeiaclincliexiinnainsdeniai|eiioiincilel|tutliacallu|eiilererepuoiietaen|dniiciisiietiipunetn|ciwtibri|deiiulxrois|miilcundeuiincilel|oatifsurilroiatldethiin|eelelrcueueie|nlnetlintsongueroiiadespetlidessiliieleriietroisilelarolii|kizelerhiuiul|itdleryiuiul|oiinciliiel|nlerileuiwlrciacloainii|nduer|nacoieliliaiielreminiialtelnlieriuendue	15=l,13=u,1=i,30=u,99=t,02=d,45=e,56=r,25=c,03=c,19=e,53=a,33=n,4=e,95=d,60=s,43=n,16=a,62=x,35=l,59=q,2=m,23=o,36=i,55=t,63=p,50=r,93=b,96=w,8=s,29=h,10=f,80=p,69=g,85=o,90=z,9=k,49=y,32=m
1	622	-2.679416	6	44	dsdiuantumusclia|kwimmeclanerapnirentsextrae|miceimaisi|oailaidiiai|seitumepreremaisn|ereseeieetaairentan|eetasil|enseruqued|keidinunesimaisi|riteediueaceiaiusaben|mtatiudisitam|rantalatiueznyimereientedemaisusplaesituetaurilanaierie|gsetimebilia|otuimefilia|keimaiesi|rameeasetaudecahiene|ruitu|techesiialetiummsteslaasiteamuietruim	15=a,13=i,01=l,93=c,19=s,02=u,45=m,99=t,61=n,55=a,03=d,31=e,33=r,4=t,95=x,0=e,36=s,21=n,46=p,51=a,43=n,53=l,62=c,11=e,59=w,2=k,35=i,32=m,16=i,5=o,23=r,56=u,96=t,8=d,25=q,91=s,29=b,86=p,69=y,85=z,9=g,49=f,1=o,52=h
1	624	-2.797426	3	33	redreiertsicrsursiceriieu|syieuuintelereeimsiieeeenlagreeuei|uiaseiieetiede|iieieinreneuie|diiersurmeerseiiuinihe|rseeiareinriiuiineeleure|reioideri|rsdiiieestrseia|siiereinerberaieetiede|senciiraiesiusseiniersditile|kriresreiedieuiu|eeireuielesrarezieurseiinrsioraruiearsdpriuiidersilissenriireierseeii|qdleurtieriieu|icrseurwieriieu|seiieetieiide|eeuuriudieiousreintuseeleii|eersins|kentseideieueilesuesexeiefeuidereuiusieleersieu	15=u,3=e,1=i,0=r,99=c,2=s,45=u,56=s,25=t,19=d,54=r,09=g,36=a,14=l,16=n,46=m,35=e,59=y,55=i,94=h,04=l,96=o,8=a,24=b,34=n,29=t,4=k,86=p,69=z,9=q,49=w,65=f,64=x
1	625	-2.843198	7	38	qnemneuelimplierueens|ixenttecetsuntefieennnncsypannsne|teyineenneetit|aenateeunctsen|ieettolfnuineetacenn|qinnenuneeueetaecnnontan|qnebainle|qiieeennlilined|ieenlnerupuyenneetit|increzdenleslinecanliiadesn|kaeanaunenientet|nneantatsnaudangerlineeeuiiumtatnuiidueseeinalesalineueeananlintee|wionaldeueens|iminalheueens|ineenneeteeit|nnealesienebeaunecesitnsnee|nuierl|knceineitetsnestltninonencnsainansetlenonuient	15=s,3=n,1=e,30=u,99=r,2=i,50=l,24=p,90=m,19=i,56=l,25=e,0=q,54=a,09=p,36=y,14=s,16=c,46=f,35=t,45=t,59=x,60=u,55=a,94=n,64=o,04=o,96=b,8=d,34=r,29=d,10=z,4=k,80=m,69=g,9=w,49=h,65=c
1	626	-2.681489	5	39	eiietiesucmesrenmienie|mofalamedieiilcsniiiiaduoaiiet|ylusiniisleie|kliuilaeiailli|inialreciiestdulchi|esituetardulaiipirai|ettuier|enoniilmests|sneetfiezieiciisleie|siamnedecelstaueesiusodi|rqaelettoflr|itairuedelesauoiresinaenteserueuesigreniercdulsiaenaiueesien|wiperesoienie|xmeserpoienie|siniislenie|iierenlotteletameseidin|iienfl|yiamstiileetdelrisiptibieuiiaieducipiienir	15=e,3=i,11=n,0=e,99=m,21=n,45=r,2=s,61=c,55=u,31=t,19=i,54=a,09=o,36=u,14=d,16=a,46=c,51=l,35=e,25=m,34=f,91=o,4=y,5=k,94=h,56=l,04=p,01=r,96=t,8=s,24=z,81=d,41=q,86=g,9=w,1=x,65=b,64=p
1	627	-2.751656	8	45	pikiniackgedonreu|ioudlnietneelrlreeeentcydeeui|xlclereellece|wlereraenelle|cretferenlitrlime|pleieainstrlneetetde|pibrces|pdoreealelia|lreeiungneieellece|limonseiualinreelcrlote|tpderaiioult|eidetreteraadcoueliralcastreealczsurcetitraliardereeleer|qctedelonreu|cklettonreu|lereellerce|eiderloecirainiuleeter|endua|xeniliceleuiteatelefieheurcedeutrietendet	15=u,3=e,11=r,30=n,99=o,21=d,50=e,24=g,90=k,19=c,56=a,25=i,31=i,0=p,54=d,09=y,36=c,14=t,16=n,2=l,46=r,51=l,35=e,34=u,91=o,4=x,60=a,55=r,5=w,94=m,61=i,64=f,45=t,04=t,01=s,96=b,8=a,81=s,10=n,69=m,41=p,86=z,80=s,9=q,65=h
1	628	-2.816079	7	37	ainailianrlouiuloiallie|xwliiilanesiaiesolliiiiastquiieil|ilioilliinlene|rlirelaaiaeeli|nlliuriagiiuilliraldi|uiiltailaallirlaiimiiui|ailprneal|unllliirnuils|xlleailliaciatliinlene|xiaollaslirllroilareunrclsi|huluerailinliili|iiluiireserasuikliiuillaulpasairetundalellniurlliroiaalluireuiell|znmeiacliallie|loueiayliallie|xilliinlellne|iieialenlilperailanlbeisill|iiullr|hilobilneleeilseritimilifierniuielirlimiiulii	15=e,3=i,1=l,0=a,99=o,02=u,45=i,56=r,25=n,19=n,54=u,09=q,36=t,14=s,16=a,62=o,35=e,59=w,2=x,55=r,94=d,46=g,04=m,96=p,8=s,24=c,34=l,29=c,4=h,86=d,69=k,9=z,49=y,52=b,65=f,64=m,32=t
1	630	-2.719659	8	44	eilesinononuesoienie|aattilaisieiisuniiiilseptiies|giiuiniciili|biioiileiliiii|lnittueziinssoindi|niseeslasoiliimiuti|esdolia|esaniitansc|qniestiemieiniciili|qilonefitnousloiesprasi|uwtitessatiu|istiuoisitecteaiuninlesdeceuoienlraenlittnuouilentioiniin|xlmiunaienie|yoniumaienie|qiniciinli|iieueniasdeteinuiriisin|iiestt|gsursliiiessituciksihieolitiesonimiiesiu	15=e,3=i,11=n,0=e,99=o,21=s,45=u,02=n,61=n,55=o,31=s,19=l,54=t,09=p,36=e,14=s,16=l,62=u,35=i,25=a,51=i,34=t,91=a,32=c,4=g,5=b,94=d,46=z,56=t,04=m,01=a,96=d,8=c,24=m,2=q,52=r,95=p,81=f,41=w,86=r,9=x,1=y,65=h,64=k
1	632	-2.824400	2	37	otoieanicesnestreiia|skinnilauirouissiillldubolici|niutiilaiutu|eieuiloluai|tiionnesletiineltr|esliuoileiineillhger|oipetuei|estiiilnaetim|siiuoiresreuilaiutu|tlciieminiantileuestefiir|woiounoitinin|larneudunexryinetiilesipemeneuuestdeiaiiironidentleiareuetuii|qthunefieiia|icesunemieiia|tiilaiuiitu|laneiatiipanoilaatcirii|lesign|rlatituiuiciirezcsuriucaeturainnihlesin	15=a,13=i,1=i,0=e,93=r,19=t,2=s,45=n,99=c,56=n,25=a,03=o,53=c,33=l,54=o,09=b,36=u,14=d,16=l,46=s,35=u,43=r,59=k,23=t,55=e,34=g,04=h,96=p,8=m,29=f,4=w,86=d,69=y,85=x,9=q,49=m,64=z
1	633	-2.716887	5	45	mimeiauigatledienu|lwnttesalenmlebleettscryateie|terreetaelil|enelesmslun|ienautroireetesin|qltermeeneeteestrsen|medeeste|qlieeetultree|leelmesiairetaelil|rsdepenueuureexitliemeen|haealumnintet|tuntelenenoncestreeenlinereiinlieneueeesaueceureneealitrlee|kegnatmeienu|igratzeienu|reetaeleeil|teateuineduumesaurienee|pilesu|nsareileleieenefilrneriueilnuetueinilnt	15=u,13=n,1=e,30=i,99=d,2=l,50=t,24=a,90=g,19=i,56=u,25=a,03=m,53=i,33=t,54=a,09=y,36=r,14=c,16=s,46=b,35=l,43=n,45=t,59=w,23=r,55=e,63=o,04=r,34=s,60=n,0=q,93=s,96=d,8=e,29=m,65=x,10=p,4=h,69=c,85=o,9=k,49=z,3=p,64=f
1	634	-2.758803	5	47	lnlaesesteslesnouas|rfucaastamerabserramurcrsi|qaulersaini|kaitaalaisa|wfacilebreleleanm|eliueiaumeaarguem|eiteniu|exferiresid|seilamesmlsrsaini|lateepissisiaeiesnecem|lhciieiifual|rsmleimiieympaleleaextedeleiuesnousenilsmeilausmeielie|zngilecauas|wtesilenauas|lersaieni|rsleeafitsieiarssiime|rexui|marsiniaatementsumadieaocialiagresal	15=s,13=a,01=u,93=o,19=n,2=s,0=e,45=l,99=t,61=s,55=e,03=l,31=i,33=r,54=c,09=r,36=u,14=m,16=a,11=e,46=b,51=a,43=m,53=t,34=u,91=f,25=r,35=i,23=l,4=q,5=k,56=i,1=w,04=g,96=t,8=d,21=x,29=c,81=p,41=h,86=o,69=p,85=y,9=z,49=n,65=d,64=n
1	636	-2.700841	4	39	osoiirlemelespieir|ywilleursetoscheettucndatede|lenceetresss|eieseuousri|seiallifticeeleust|etenoeuieeleeutanet|oepessie|eseeetlriceu|yeesoitetinetresss|cumeeiuilerlceuesesegeet|zaeasloisilel|trtlescsliktbiliceeueepiuilesnesmiereeepalecelcuiertesicsee|xsasligiieir|emesliqiieir|ceetreseess|trliersieprloeurrcdetee|teenl|turcessesedecsllontendresstrelliateil	15=r,13=i,1=e,0=i,93=p,19=s,02=e,45=l,99=m,56=l,25=r,03=o,53=d,33=t,54=a,09=d,36=n,14=c,16=u,62=h,35=s,43=t,59=w,2=y,23=c,55=e,46=f,34=n,04=a,96=p,8=u,29=g,4=z,86=m,69=b,85=k,9=x,49=q,32=o
1	637	-2.737996	4	44	duderneecauaecrent|zknuuerniendilmeeiirlabliede|ueameeineiui|iniierdritn|uenleuformeeuirun|aieadeeseeuieriftin|desiegee|aueenimemet|zeeidetraraeineiui|mrcestneetemeriiauiceen|yleliednunueu|itnuiienisonpetemeerausquiiaautseteeegleeliemeseelidemiee|hewnlecerent|uwmleperent|meeineieeui|ieleetunestederntmdenee|iaete|nrnmeuieiedelieuxaneadtiuinteuenfianu	15=t,13=n,1=e,30=r,99=c,02=a,45=u,56=e,25=n,03=d,19=u,53=d,33=i,54=l,09=b,36=a,14=l,16=r,62=m,35=i,43=n,59=k,2=z,23=m,55=i,63=o,04=f,34=t,60=s,50=e,93=g,96=s,8=t,24=a,29=c,10=s,4=y,80=q,69=p,85=o,90=w,9=h,49=p,32=x
1	638	-2.569621	7	49	rtrenudunantaren|qgeaailcloredliuuedommuni|aeliellete|wleclereene|htemsanyuntiaueto|ntionierduleurauo|niouter|nbtiusinis|qiereononoellete|teuinsesiulieuentufio|azmesniitala|unoauedesnposeantienbonsnaueontprniteaddusternouentei|ktreanferen|huneanderen|qielleite|unaniltionsrillceioi|unbas|oeitialenidesalooexiulamilaserunea	15=n,13=e,01=r,93=a,19=t,02=n,45=a,99=u,61=d,55=u,03=r,31=i,33=u,54=m,09=m,36=o,14=d,16=e,11=i,62=l,35=e,43=o,51=l,53=c,59=g,2=q,32=l,5=w,23=t,0=n,46=y,56=s,91=t,1=h,34=a,04=r,96=o,8=s,25=i,21=b,29=f,41=z,86=p,69=s,85=p,9=k,49=d,52=c,65=x
1	641	-3.058526	5	22	welhelntiiarhtustlmnlleli|tyleuiuillatieiluneeiluatlleeeelalueadiueeliel|uileatelleetileirei|iileiieillcelaeilile|rlleiuiausuaentelluiiilarue|wteelecellclluiiillaenueuiiue|weraiiresl|wtrllleeiatstelb|tlleseleuntunealeetileirei|telamlobleialliiatellaiiestriifllue|uiuliueiicelerleuilui|eeliueuiiieilueiicbiuezleustelllctrcquiiieiectrbcllillreiuialluiiiatelclliueiiesteeill|glhueiusflnlleli|rhteiusplnlleli|telleetileillrei|eeliusllirleraliicellatiliteieluell|entleuia|uelatitelreileiliellueiiauieteaueleaieliiireiueliluiialnuentleui	5=i,1=l,3=e,30=n,99=m,2=t,50=s,4=u,90=h,19=r,6=a,0=w,09=d,59=y,60=c,8=b,29=f,10=o,80=q,69=z,9=g,49=p
1	642	-3.019351	2	22	sirsuisteempstdesgpisaue|teoidedeanteildisiildntaiiiumdinfediueu|dlintiaiitlierie|elieeieansunilli|raiedendesdniistiadeelnrdi|stiuinsiansadeeeaniisdideedi|sirneerieq|sgoaiientestuc|taiesuidistdisimiitlierie|tunpasbienaeentianeeiestreezadi|dekedieensuuoidlde|iuedideeeildieenscedinoidestuanstrnscsdeeeieinstrcnsaeariedenadeeentunsaedieeiestiiea|xrsdiedestoisaue|wpstiedesdoisaue|tiaiitliearie|iuedesaloirmeensiantletieudia|iisgiden|dunteturilileiadieendeitinduineueeerieduldeemisdiisgide	5=e,31=u,11=a,0=s,3=i,99=p,21=g,4=d,2=t,61=m,19=r,09=f,6=n,51=l,91=o,01=q,8=c,29=z,81=b,41=k,9=x,1=w
1	643	-3.091399	4	27	ziwiaueeanwuroymalie|uestrerelaueteratteraultttidrtagertiei|retautlttuetente|eeteetelsiateet|nlterearoratautlreeeanrt|zutitstlslreeelatartreert|ztnaeenteq|zysltteauouic|ultoitrauratdttuetente|uiksfhtealeeautlaeetouneexlrt|reberteesiistrere|tiertreeeterteescertastrouilsunspreeetetsuncslelnterealreeeauislerteetouttel|swrterousalie|nwuterorsalie|utlttuetelnte|tierolestndeestlaueeuteirtl|taytrea|riaueuinteteetlrteearetutaritaeieeenteriereedartaytre	5=e,31=i,11=l,30=a,99=m,21=y,50=o,4=r,2=u,90=w,19=n,6=a,0=z,3=t,09=g,61=d,51=e,91=s,60=s,01=q,8=c,29=x,81=h,10=f,69=k,41=b,80=p
1	644	-3.078429	5	20	nelneseriiusortirsoenssesi|hqsetitissaieisteneeistasseeeesusteuxiteesies|tiseaessemiseilei|iiseiieissunesueisise|lsseitiutintueeresstiiisulte|reeseunessunsstiiissueentetiite|neluiileins|rlssseeiairesc|hsseineseterteneusemiseilei|hesuossncseiussiiaessuiieirliiysste|titsiteiiuneselsetisti|eesitetiiieisteiiuncitezsetiresssurluncntiiieieurlcunssissleitiusstiiiaesunssiteiieireeiss|plnteitinysenssesi|soreitingsenssesi|hessemiseisslei|eesitinssilselusiiunessaisdeiestess|eersetiu|tesadesleiseisiessteiiutimeuteseuiesiiileitesistiiusenteerseti	5=i,1=s,3=e,0=n,99=o,02=r,4=t,6=u,19=l,09=x,62=a,59=q,2=h,32=m,8=c,29=y,69=z,9=p,49=g,52=d
1	645	-2.979120	7	26	yiukiuiceesuscrecusauuiue|zfuirereuuneieuraiieurnuuiiiiusurisheriiueiu|reuiniuuiteuielie|eeuieeieuuoiusieueui|luuieresrersiiciuureeeuslri|ciiuioiuuouureeeuusiarireeri|yilseelieu|cluuuiieneciup|zuuieiuiricraisuiteuielie|ziussumpuiesuueeniuuseeiecleeduuri|reruerieeoiuiluireure|iiuerireeeieurieeoperiguireciuuusclobreeeieisclpouueuulieresuureeeniuouuerieeieciieuu|wukriereduauuiue|uscierequauuiue|ziuuiteuieuulie|iiuereuueluilsueeoiuuneuxieiuriuu|iicuires|riunxiulieuieueiuurieesretisriuiseiueeelieriueureesuariicuire	5=e,1=u,3=i,30=a,99=s,02=c,4=r,6=s,90=k,0=y,09=h,62=n,59=f,2=z,19=l,32=t,60=o,50=e,8=p,29=d,10=m,80=b,69=g,9=w,49=q,52=x
1	646	-3.026812	6	26	rimreitssoptesrnpiraes|wssiesesacsileiriilecaiiieoeiuyseiese|eliciaiblismis|slissisaureuilli|maisesuesreuiitiaesslumei|tieiuriauraesssauiireiessei|rimussmisq|rnsaiiscsted|waisreieiteirioiblismis|weuparfisuassciaussistmssgaei|eskseissureesieles|ieseiesssileissurdseiusiesteautmurdresssisiutmdurasamisesuaesssceuraseissistiisa|xmreisestsiraes|zptisesresiraes|wiaiblisamis|iesesralsimossuriaclhiseeia|iirniesu|eechemililsiaeissuesbiueeiusesssmiseelessoireiirnies	5=s,31=e,11=a,0=r,3=i,99=p,21=n,4=e,02=t,61=o,19=m,09=y,6=u,62=c,51=l,91=s,2=w,32=b,01=q,8=d,29=g,81=f,41=k,9=x,1=z,52=h
1	647	-2.852185	8	32	xlgliseesmsuermonle|peciueuenteiauoiiautniiilsuinzeuilel|uaitiniraietie|eaieeienalniaai|tnieuenueuniisinueeantui|siliainanueeenniouiueeui|xitneetieu|xrcniietesli|pnieliuisuoisiraietie|plwcybienneetinneeiesteeknui|uefeuieeallciuaue|ileuiueeeiauieeaieuinciueslnnstaqueeeieinstianentieuennueeetlaneuieeiesiien|cguieuesconle|hmsieueuconle|piniraientie|ileuenacitseeaintadieluin|ioriuen|ultdltiaiaeinuieenuerinulineleeetieulaueesouioriue	5=e,31=l,11=n,30=o,99=m,21=r,50=e,4=u,02=s,61=s,3=i,90=g,0=x,09=z,6=n,62=t,51=a,91=c,2=p,19=t,32=r,60=a,01=u,8=i,29=k,81=b,10=y,69=w,41=f,80=q,1=h,52=d
1	648	-3.248115	1	23	btbueniialhenrientdeluli|nzuririllansilceoilranlloolalcawirolsl|riuamlloniuildi|iiuisillablyiliu|tluiriarieraoemllriiilatc|enouabllaellriiillaoecriic|btaiildiel|entllloianiemlp|nluibucencbaloniuildi|mlahllepuialliiamllaisientiifllc|rirliciiabuturilri|olicriisilciiaepicguriemlllaentaeperiissaentpaellillldiriallriiiamlaellicisienoill|kteciriefueluli|lhemiriequeluli|mlloniuillldi|oliriellitutaliiabllanilimslcll|oenuria|clanimlldiuilsllciiarsmacuasliiildiclilriiaueroenuri	5=i,1=l,13=u,0=e,93=d,19=t,2=n,4=r,99=h,6=a,03=b,53=s,33=o,09=w,43=c,59=z,23=m,63=y,8=p,29=f,69=g,9=k,49=q
1	649	-2.936581	4	30	drdiuillerpietiimuicil|iwceleliieialieuslieeiiissieinezlesiai|elcesiisilclial|llclaliiediflilc|ricleleetefusiiellliern|kiscediioiiellliifunelln|drelliati|kiriiisleitsin|iicldceuindeisilclial|siemigncleiillesiielatirlltiin|eleilnlledcrceliel|silnellalinllonlnycetsiiioirobellaaoirnoiiliiialeleiielllesioiilnlatislii|qipnlettiuicil|rpsletxiuicil|siisilcliiial|siletiilrcreillediieililsainii|huicele|nieilsiialcliaiinlleeasenceailllialnilielleiunuicel	5=l,1=i,13=c,30=u,99=m,2=i,50=t,4=e,90=p,19=r,6=e,03=d,53=a,33=s,09=z,43=n,59=w,93=a,23=s,63=f,60=o,0=k,8=n,29=t,10=g,80=b,69=y,9=q,49=x,3=h
1	650	-2.726196	5	32	cuciesiiayesuiesuneeti|sxiuiuienstalesaungistalnoiltit|uiindessiiani|iiiitienetmaii|bhiiuinuieunsedeuiianul|essinceneeuiiienseluiil|cunianif|eghesinsiestr|giicileslcassiiani|stnyeeriineiindenitiesuiirel|uiwiliinciuiuaui|ztiluiitaliinerilkiuiestenesunereuiittnesurneeaeniuineuiiinstneeilitiessie|queliuierieeti|byediuiepieeti|dessiiaeni|ztiuieeiuiuaiincensaiditle|sesiuin|utnsideniiateliinutdnlinitiianiutauiinieusesiui	5=i,31=t,11=e,0=e,93=n,19=u,2=s,4=u,99=y,61=a,13=i,03=c,43=l,09=o,6=n,33=s,21=g,51=a,53=t,59=x,23=d,63=m,91=h,1=b,01=f,8=r,29=r,41=w,69=k,3=z,9=q,49=p
1	651	-2.778883	7	36	zcbcdeiitabeauhydeci|eqlaiaietetsadusathlucnctliccic|ailtdeueilssi|iilitiercrsil|wnliaitauarddeaiistac|zeultiereaiiierdcaiic|iatissig|zhneuiteuecp|hliiladecinueilssi|econopliteiitdetitueaiixec|aificiitilalasai|kcicaiitsciirpicolauecerearmaiittreapresesiaiteaiiitecreicitueuie|nbciauendeci|abdiauandeci|deueilsesi|kciaueialaniitietesidicce|kdelait|acteidesilsteciitatdtclticiissiacsaiindcdelai	5=i,31=c,11=e,30=d,99=y,21=h,50=u,4=a,2=e,90=b,19=a,6=t,0=z,43=c,09=l,61=n,33=u,13=l,51=s,53=t,59=q,93=s,23=d,63=r,60=r,91=n,1=w,03=i,01=g,8=p,29=x,10=o,69=o,41=f,80=m,3=k
1	652	-3.112528	3	26	trteoiielbouiorsaleli|wzeuiuillfpilcasilufllsslelcexiuslpl|uieenledieilsi|iieipilletlyilie|rleiuieuiauesanlluiiilerc|oseetllealluiiillesacuiic|treiilsial|orlllsifianlm|wleitecocteedieilsi|nlebllameielliienlleipioriikllc|uiuliciietereuilui|slicuiipilciieamicheuianllleoreamauiippeormeallilllsiuielluiiienleallicipiosill|qraciuiakealeli|lbaniuiagealeli|nledieilllsi|sliuiallirereliietllfilinplcll|soeuie|clfinllsieilpllciieupneceepliiilsicliluiieeausoeui	5=i,1=l,13=e,0=a,93=s,19=r,02=o,4=u,99=b,6=e,03=t,53=p,33=s,09=x,43=c,62=f,59=z,2=w,32=d,23=n,63=y,8=m,29=k,69=h,9=q,49=g
1	653	-2.908800	3	31	tatcilleirieliirricil|xwceleliimaliersliemiissieineblesiai|elcesicylcliol|llclaliietiplilc|aicleleeteprsiiellliean|iscetiiniiellliiprnelln|taellioti|iaiiislmtsiu|xicltcnintecylcliol|sieriqucleiillesiielaliallkiin|eleilnlletcaceliel|silnellalinllnulnhcetsiiieianzellaaeiauniiliiioleleiielllesiniilnlalislii|fignletkiricil|agsletdiricil|sicylcliiiol|siletiilacaeilletiimlilsainii|sicele|nimlsiiolcliaiinlleeasenceaillliolnilielleiresicel	5=l,1=i,13=c,30=r,99=r,02=i,4=e,6=e,03=t,19=a,53=a,33=s,09=b,43=n,62=m,59=w,2=x,93=o,32=y,23=s,63=p,50=t,60=n,8=u,29=k,10=q,80=z,69=h,90=g,9=f,49=d
1	654	-2.782051	8	35	dcdeluuoulaulconesu|ybeauauesalintlairetsoiipuisus|auessequelou|uueuaueinsflue|zheuauiaunaitnneauulici|lteideineauuueitniauui|dciuloux|nrhetusulsd|reudeilidiequelou|ysiuendeuieuuineiuaulcuurei|aukuiuuidecealau|msuiauualiuuinduiteaulseilcindnauuaailcdineleouauieauuussineuiuaultue|wcniuaunrenesu|zunnuaungenesu|ysequeleou|msuauneucecouuideslunusie|tleaui|assuneouelaeiuuiaaniieiusuulouaslauuienatleau	5=u,31=s,11=e,0=n,93=o,19=c,02=l,4=a,99=u,61=o,13=e,03=d,43=i,09=p,6=i,33=t,21=r,51=l,53=a,62=s,59=b,2=y,32=q,63=f,23=n,91=h,1=z,01=x,8=d,29=r,41=k,69=t,3=m,9=w,49=g
1	655	-2.756763	7	39	aoauneeifnletfaite|qkuleleindelacelstuctilsmeltet|leuntureuede|eeuedeistreeu|wuueleslelracileeesol|ncusaisileeeiralleel|aoseedeg|xtuicenentm|tueaulnlasureuede|qtoupmuesieescisedenoeepil|lezeleesauoulele|htelleedeleesmeloulentisnosbleeddsnomsieidelesileeentsieledencei|uylelenuaite|oyceleluaite|qtureueide|hteleieouoieesaineecetli|cnules|ltnecideuedileesldcsluseteeedelteleeialcnule	5=e,31=t,11=i,30=a,99=f,21=t,50=e,4=l,02=n,61=i,13=u,03=a,19=o,43=l,09=m,6=s,33=c,51=e,53=d,62=n,59=k,2=q,93=d,32=r,63=r,60=s,23=c,91=u,1=w,01=g,8=m,0=x,29=p,10=p,69=o,41=z,80=b,3=h,90=y
1	656	-3.021448	4	23	nesnelentiialungintluenlleli|twlodillatieiceneeicatlleeeelaceaydeeliel|kileatelleetileisei|iileiieillanelaeilile|slledimiraeentelciiilalhe|nteeleanellanlciiillaeeroide|nesaiiseinl|ntsllleeiatintelp|tlleineloengenealeetileisei|telaullnpleialliiatellaiieintsiiflce|kdldeiianelesloici|eeldoiiieiceiianpdeblointelllantsanpriiieieantspanllillsedialciiiatelanlldeiieinteeill|zsredinflenlleli|luntedinqlenlleli|telleetileillsei|eeldinllislesaliianellatiliteiecell|eentloia|kelatitelseileilielceiimietemeleaieliiisedeliciialereentloi	5=i,1=l,3=e,0=n,99=u,2=t,24=g,6=a,19=s,54=d,09=y,14=c,34=o,59=w,4=k,94=h,04=r,64=m,8=p,29=f,69=b,9=z,49=q
1	657	-3.001706	8	28	westesaniienthansmassesi|nbscpissenieilaeeilensseeeeseleexpeesies|qiseenesseeniseinei|iiseiieissueseeisise|nssepidiseeanesliiisesge|wneeseuessusliiisseeescipe|weneiineas|wnnssseeienaneso|nsseaescahaeeseeniseinei|nesemsfoseiessiienesseiieanniirsle|qpspeiiuesenscili|eespciiieileiiuopezscanesssunnuosiiieieunnoussissnepiesliiienesusspeiieaneeiss|knseparsassesi|ntnepaysassesi|nesseeniseissnei|eespassinsenesiiuessenisineieless|eanscie|qeseninesneiseisiesleiidienedeseeiesiiinepesiliieseseansci	5=i,1=s,3=e,30=a,99=m,2=n,50=a,24=h,90=t,19=n,6=e,0=w,54=p,09=x,14=l,34=c,59=b,4=q,60=u,94=g,04=s,64=d,8=o,29=r,10=f,69=z,9=k,49=y
1	658	-2.906651	5	28	nelnuentiiconfindoensui|tiparisetieineneeinetseeeueneebreuiu|qseeteseetseilei|iseiieisenueesse|lserigimeeentuniische|nteueenesexniiiseeemaire|neleiileix|ndpseeietintua|tseinuaenfeneceetseilei|tueosnyeiesiieteseiieintliitpne|qiwreiienuupaini|euraiiieineiienareepaintusentlenamiiieieentlaensislericniiietuensreiieinteeis|klmerintpensui|zonterimpensui|teseetseislei|eurinsspelciienesetsiteienes|eendaie|quetitulesesiuneiigietegueeiuiiileruiniicemeendai	5=i,31=u,11=s,0=n,3=e,99=o,21=d,24=f,61=c,2=t,19=l,54=r,09=b,6=e,14=n,34=a,91=p,51=s,4=q,94=h,04=m,64=g,01=x,8=a,81=y,41=w,9=k,1=z
1	659	-2.849456	8	33	qlyluniiedymacouuli|nistriuenieilueeilenueeeleleetrelil|wseeneueenseidei|iseiieiualeesse|dueribineeunlliisrze|qneleaeuegliiiueeentire|qedeiideig|qcsueeienanli|nuealtumuereenseidei|nlkspheieuiieneueiieandiinsle|wixreiiallstili|elrtiiieileiiaireestanluandainiiieieandiauiuderirliiienlaureiieaneeiu|fdneransuuli|dynerinsuuli|neueenseiudei|elraussedriiaeuensineieleu|euctie|wleninldesesilleiibienebleeiliiiderliliireneucti	5=i,31=l,11=u,30=u,99=o,21=c,50=a,24=m,90=y,19=d,6=e,2=n,0=q,3=e,54=r,09=t,14=l,34=t,91=s,51=s,4=w,60=a,94=z,61=r,04=n,64=b,01=g,8=i,81=h,10=p,69=k,41=x,9=f
1	660	-3.038771	8	27	reiresenuuesfrsunsferssesu|wksapusscueudereeudcsseeeesedeexpeesues|zusecessemuseuieu|uuseuueussereseeususe|issepuluteeenesduuusesbe|neeseeressersduuusseeetaupe|reieuuieurs|nissseeucunesa|wsseuresaersereesemuseuieu|wesefssraseuessuucesseuueuniuuosde|zpspeuuereseisaudu|eespauuueudeuuerapeysaunesssenieratuuueueeniaerssussiepuesduuucesersspeuueuneeuss|qitepuroserssesu|sfnepurgserssesu|wessemuseussieu|eespurssuiseiesuueresscusheuedess|eensaue|zeschesieuseusuesdeuulumeleseeuesuuuiepesuduueseteensau	5=u,1=s,3=e,0=r,99=f,02=n,24=s,6=e,19=i,54=p,09=x,14=d,62=c,34=a,59=k,2=w,32=m,4=z,94=b,04=t,64=l,8=a,29=o,69=y,9=q,49=g,52=h
1	664	-3.069302	3	29	aoaualeenibayealodaiuie|lfitseiinlceiraeetnliieeinirnkseici|weunsiieleueide|eeueceiinaixeieu|oiusezenneasiteeeinor|aleunaiinaiteeeiinenteer|aoneeideai|aloiiieenleasig|liueauralranieleueide|sinbiiagueniieensiinecealoeepiir|wsiereenauoitete|eisteeceireenagermiteasiiinalonagneeccnalognaiieiiidseniteeensinaiierecealeeii|hoarseapuaiuie|ibasseaquaiuie|siieleueiiide|eiseaiieouonieenaiinleiescirii|ealiten|rinlesiideueiciireezcsnruncieeeiderieteenunealite	5=e,1=i,13=u,0=a,93=d,19=o,2=l,24=y,99=b,6=n,03=a,53=c,33=e,54=s,09=k,43=r,14=t,34=t,59=f,23=s,4=w,63=x,04=n,64=z,8=g,29=p,69=m,9=h,49=q
1	665	-2.887698	6	35	stsioieenthmaiigoiuie|izireeiiniteroderniiiddinilnyediti|qeunsiidieueile|eeueteiinsiceieu|tiueeneucosireeeintl|kidunsiiaireeeiindureel|stneeilai|kitiiideniasid|iiuesiroilsnidieueile|singiwdueniieensiinetaiteepiil|qeieleensutirere|diereeteileeadeloirasiiiaitadueettaitdaiieiiileenireeensiaiieletaideii|bihleapioiuie|thseafioiuie|siidieueiiile|dieaiietutnieensiinieiestilii|xoiiren|liniesiileueitiileentsnluntieeeileliereenioloiire	5=e,1=i,13=u,30=o,99=g,2=i,50=a,24=m,90=h,19=t,6=n,03=s,53=t,33=d,54=e,09=y,43=l,14=r,34=r,59=z,93=l,23=s,4=q,63=c,04=u,64=n,60=a,0=k,8=d,29=p,10=w,69=o,9=b,49=f,3=x
1	666	-2.780075	8	36	ltleaniichayiantdalti|niraiilenousauisemeutcsepistit|wieenlunieudi|iieioileatquie|oreiibideuantsiiuets|anueellefsiiileudaiis|lteiudif|amrluieniantr|meilesanslcunieudi|ntehlareieliienleioiantiicls|wikisiieattraisi|xtiaiiousiieariseraiantleanteardiiooeantrealuldiicsiiientealisioianuil|ztasiiacealti|ohaniiagealti|nlunieuldi|xtiialitetciiellenuinitsl|uamaie|wteninldieuolsiiboneseeitiiuditisiieeduamai	5=i,31=t,11=l,0=a,93=d,19=t,2=n,24=y,99=h,61=c,13=e,03=l,43=s,09=p,6=e,33=u,21=m,14=s,51=u,53=o,54=i,34=a,91=r,23=n,4=w,63=q,04=d,64=b,1=o,01=f,8=r,29=c,41=k,3=x,9=z,49=g
1	668	-2.981951	5	32	otoineeilfayentcalile|wklrtellaseluaeemalleeliluihtelsl|qeiiuligeielce|eeieselliolzelei|tliteserieaulmeeelitu|neiiollialmeeellierreeu|otieelceal|ntllleeaeauld|wlieoiunuoiigeielce|uliflladieilleeiulliesenteenllu|qtleueeioitlreme|eltreeselueeiadeuxlreaulllintiadreessintdiallelllcteilmeeeiulialleueseneell|btauteanialile|lfauteapialile|uligeielllce|eltealletitileeiollaeleuslull|enlrei|ulaeullceielsllueessuiuiisleeelceulemeeiirenlre	5=e,1=l,13=i,0=a,93=c,19=t,02=n,24=y,99=f,6=i,03=o,53=s,33=e,54=t,09=h,43=u,62=a,14=m,34=r,59=k,2=w,32=g,23=u,4=q,63=z,04=r,64=s,8=d,29=n,69=x,9=b,49=p
1	669	-3.038809	5	36	srsuliierdyillgaluli|kwlonillcsitauitclluulelaeznulsl|hiueiluxiuilci|iiuisillesldiliu|rlunitindailtiiilera|luuesllfltiiilleunoiia|sreiilcel|lrllluiceilo|kluisualaseuxiuilci|ileglmouielliieilleisilriirlla|hnliaiiesurloiti|ulnoiisilaiifoiaploeilllelrfoniisselrofllilllcnieltiiieilflliaisiluill|qldanerlaluli|rdineblaluli|iluxiuilllci|ulnellirureliiesllciliislall|ulloie|alciillciuilsllaiitsieauesliiilcialitiieunulloi	5=i,1=l,13=u,30=a,99=g,02=l,24=y,90=d,19=r,6=e,03=s,53=s,33=u,54=n,09=z,43=a,62=c,14=t,34=o,59=w,2=k,93=c,32=x,23=i,4=h,63=d,04=n,64=t,60=f,50=e,8=o,29=r,10=m,69=p,9=q,49=b
1	672	-3.083289	1	22	iecieseilousbilnilsbeisser|lqsennssutasdeieasdulsseeeesusdeuixdeeres|nseulesseetsaca|oseoassuiesuarse|cssanunidueeilessnosucde|ileeseuiessuissnossueeidedode|iecuocais|ilcssseautilesp|lssaiesedeildeieuseetsaca|lesubssipsaussoulessuoailcomssde|ndrdeouiesecsensn|eerdenoasdeouikdezsenilesssuilcuipinoaeuilcpuisrsscanussnoulesuisrdeoaileass|hcidanimseisser|sbilaniyseisser|lesseetsassca|eernisrcsecusouiessutrlaesdess|eeilsenu|desutlescasaressdeouneleudeseferocadersdouseideeilsen	15=r,3=e,1=s,0=i,99=b,2=l,45=n,6=u,55=o,19=c,4=d,95=x,35=a,25=t,59=q,8=p,29=m,69=z,85=k,9=h,49=y,65=f
1	673	-3.013760	5	28	wnirnimaenuraetaipmiinl|azincciinosiemnsienaiinnnninienayennlni|cinnaniinnoisus|einesiianinslin|uiiscnetennmaniiceinuen|wanninaniiaiiceiinnmeneeen|wnuneunti|wauiiinsnatanid|aiintninemaemnninnoisus|aninpixdisniienaniinentauesiien|celeneaninuincic|nnlencesieneahenkinetaniiiaauagcesnaaudailiiuscniicenaniailenentansii|qiresetsimiinl|urasetbimiinl|aniinnoisiius|nnletiluinunieaniinolasnienii|nmaincn|eninoaniusislniienencnanneninfnleusenlieenimenmainc	15=l,3=n,1=i,30=m,99=p,2=a,50=t,4=e,90=r,19=u,6=n,55=e,0=w,95=y,60=a,35=s,25=o,45=c,59=z,8=d,29=s,10=x,80=g,69=k,85=h,9=q,49=b,65=f
1	674	-2.972179	3	28	eisetiesepmeslexmieuin|odillunoiarieiiarnsuiiitprinekriint|rainsiuiisaasa|waieaunetniaai|sualnlerniiesiureansri|esitineiuneuleuniierireri|eisnesaf|exduianoestc|suaetiriesrieipiisaasa|stnmuezanuensiuneaesseburi|lrnrienettdiral|iinrileiarienegrindilestunessneceleainesscnfnusalnulenstnfnrieaesiau|yseralesdieuin|qmesalerdieuin|siuiisaausa|iinleuadispeneiunonsatriu|iiexiln|rtnostsiaaniurienlisinrtihinesartarepieriiexil	15=n,3=i,11=u,0=e,99=m,21=x,45=l,2=s,61=p,55=e,31=t,19=s,4=r,95=k,6=n,51=a,25=o,91=d,35=a,5=w,01=f,8=c,29=b,81=z,85=g,9=y,1=q,65=h
1	675	-2.753153	5	33	xlwlusieiwslargunet|rceuuneretlueetlesneeeldlesbleetl|lteeseneestaia|hteiansleette|inauelaleeusenliteile|xselesensnuineeulelile|xeieiian|xrcneaesaslm|snealelusluedeestaia|slkcopaenieseneieasiifnle|ultleisllceltu|eetleuietleisyleecelaslnssisquiaessimentniauenuieslentleieasean|cwlalascunet|iwsalalcunet|seneestania|eetlantceidisenertsallen|eureue|llerslietatenleieueseellezetiialltliduleureu	15=t,3=e,11=n,30=u,99=g,21=r,50=a,4=l,2=s,90=w,19=i,6=e,55=i,31=l,0=x,95=b,60=s,61=d,51=t,25=r,45=u,91=c,35=a,5=h,01=n,8=m,29=f,81=p,10=o,69=k,80=q,85=y,65=z
1	676	-2.989884	5	26	ueduelenialbnonlbeullet|kwleoollaselreueelrclleeeelalreaupreetel|olecelleeslede|ileiellauelaetle|dlleoaouraeenelloiladre|neeleauellaulloillaeeurerire|uedaideul|ndllleeasnels|klleuelerenreuealeeslede|kelabllusleallicellaiendifllre|ortreiaueledleolo|eetreoielreiauxregleonelllandausuoieeandsaultlldeoalloicelaultreieneell|zdureoufleullet|lbneouqleullet|kelleeslellde|eetoultdledaliauellaslheelrell|eenleoa|relcheldeletellreiaoyearelemetideretlrialeureenleo	15=t,3=e,1=l,0=u,99=b,02=n,45=o,6=a,55=i,19=d,4=r,95=p,62=c,35=e,25=s,59=w,2=k,8=s,29=f,69=g,85=x,9=z,49=q,52=h,65=m,32=y
1	677	-2.860775	7	32	welgeletialhtutlhallet|kxleuullanelraeelrslleeeelalrendreetel|uleselleenleie|ileiellnelaetle|illeuarcraeetelluilaire|teelenellnlluillaearerire|weiaiiecl|tillleeantelo|klleceleretraealeenleie|kelahlroleallisellaietiiullre|urtreineleileulu|eetreuielreinfresleutelllatinquieeationltllieualluiselnltreieteell|plgrerculallet|lhtercylallet|kelleenlellie|eetrcltileialinellanlmeelrell|eetleua|relsmelieletellreiaubearelezetiieretlrialareetleu	15=t,3=e,1=l,30=a,99=h,02=t,45=u,6=a,55=i,90=g,0=w,4=r,95=d,60=n,62=s,35=e,25=n,59=x,2=k,19=i,50=c,8=o,29=u,10=r,80=q,69=s,85=f,9=p,49=y,52=m,65=z,32=b
1	678	-2.795986	6	32	nernuelurylanbyentet|mdeaatimesieneesisteeeurieingieetu|isesetensere|qseuetinuiesse|rteaianiieeletiusirie|leueinetintautieenieiuie|neriurec|nbdteeimluo|wtenueielienerensere|wuiytnfeitusetiuelruatie|aitieuinuudeisa|eetieauesieuinxieidealutilrinonaueeilroicttreaitausuictieueleet|hrniealdentet|kyleanidentet|wetensetre|eetantsderruinetsspeuiet|eenbeai|iuspuresetetieuianeiiuezetureiusiurenieenbea	15=t,3=e,11=t,0=n,99=y,21=b,45=a,02=l,61=r,55=u,31=u,19=r,4=i,95=g,6=i,62=s,51=s,25=m,91=d,35=e,32=n,5=q,01=c,8=o,2=w,29=a,81=f,85=x,9=h,1=k,52=p,65=z
1	679	-2.814205	8	38	wuquedardditmdtler|ynessluyeniteenilleeeuriecpieeru|inelelesniai|fneailcuuenne|alisuitiueedelianuaie|deuecelclsaluetieiaie|weauaaie|wmnleiuydup|gletueiediteresniai|guxnomiulaleluaidaablie|sirieacuuneins|eeriesaenieaccieunesduludacksaieudapuerlaisulsaluuerieaideil|nqiisdntler|hddiitintler|gelesnilai|eeritlnnearacellnoiuiel|etmesu|iulouaenirelieausseuiuezeraaiiuniartietmes	15=r,3=e,11=l,30=t,99=d,21=m,50=t,4=i,02=d,61=r,55=a,31=u,90=q,0=w,95=p,60=c,62=l,51=n,25=y,6=u,45=s,91=n,35=i,19=a,32=s,5=f,01=e,8=p,2=g,29=b,81=m,10=o,69=x,80=k,85=c,1=h,52=o,65=z
1	680	-3.095739	1	27	mtmuenerifendentheius|nwuddiircaismailrniiooirisregloiai|durpiiociata|eueaiirmirasu|tiiadrdelroepiideirts|enourmiireiideiiroesles|mtretaei|entiiuarcepib|niiamusensmriociata|pirfiiebiariierpiireaenteqiis|dlssermutudid|ossdeaiserexsyudepiiirentrebeleaarentbreisiitadriiderpireisseaepaii|kteladequeius|ifenadezueius|piiociaiita|osdeistutriermiircspaisii|oenudr|sircpitaiaiaiiserlaprsurasetassilerueloenud	15=s,13=u,1=i,0=e,93=h,19=t,2=n,45=d,99=f,6=r,55=e,03=m,53=a,33=o,4=l,95=g,43=s,35=a,25=c,59=w,23=p,8=b,29=q,69=y,85=x,9=k,49=z
1	681	-2.831462	4	36	uaueratiayaesaedrent|awnsseeilleiuleeiaeenneieirceneue|snimeenlelal|tntleeiueiltn|aeelsieseprmeesteiai|banniueereesteeprieti|uaitezse|baaeenliasmec|aeeluneraiuienlelal|meidexcelieetimeeousaatheei|setitiunanses|ntistleitroignesmeeeraardetuuraacreteealsieestimeretelusmlee|qeyelesherent|ayalesferent|meenleleeal|ntesetanaietiueeiltmueiee|kransi|ieilmealeleueeitieumiiniuttaliteetierirans	15=t,13=n,1=e,30=r,99=d,2=a,50=s,4=e,90=y,19=a,6=i,55=t,03=u,53=u,33=n,95=c,60=r,43=i,35=l,25=l,45=s,59=w,23=m,63=p,0=b,93=z,8=c,29=h,65=o,10=x,80=d,69=g,85=o,9=q,49=f,3=k
1	682	-2.774991	2	34	naniensigenlenaylia|nwillrenuouecosezictiueexscat|lierrcnotat|sistreetetai|artlelesecerrssoeau|encienreerlsreceussu|naesatl|enaritementd|nrtniuenunicnotat|ntegrefterserrestenaspru|lsauseniaisol|caussuouseequoilentreenaeedessuueenadelaratlerlsentelaustertr|kaestlepilia|hgentlebilia|rrcnotrat|callaaiaisenremanttur|cenile|stemntatiourusesureuieuasatstosseiescenil	15=a,13=i,01=l,93=y,19=a,2=n,0=e,45=l,99=g,61=i,55=s,03=n,31=t,33=c,4=s,95=x,6=e,43=u,21=z,51=o,53=u,11=r,59=w,35=t,23=r,8=d,25=m,29=p,81=f,69=o,85=q,9=k,49=b,1=h
1	683	-2.796963	4	41	zepelienspiilisypar|ikassuniurilorinqaoemdofiore|sanauoirese|eaeeuoenera|suesnilixlauiernsd|zioantuouseuxldied|tsnesep|zisuaeniliec|iuetailidtmoirese|ieshabenuenauculisedud|sirdentasairs|ordieurdeondsailieuoisogieuuoiscnprusesnusenienprieulaeu|hpieildapar|spieilmapar|auoireuse|orsprsasmentuntrieedu|wliasn|ientiesearuudeniuandanureseieriemldlias	15=r,13=a,01=p,93=y,19=s,2=i,50=l,4=i,90=p,6=n,55=e,30=l,31=e,0=z,33=o,95=f,60=o,43=d,61=m,21=q,51=r,53=u,11=u,45=s,59=k,35=e,23=a,63=x,03=t,8=c,29=d,65=c,81=b,10=a,91=h,69=s,80=g,85=n,49=m,25=t,3=w
1	684	-3.106883	3	29	aeancauemctcebiend|hwntteeutnesanelzeesseuesuiklsepe|tnureestenen|ananeeuaeundn|eeentutilusireetaeues|csnuaeeuieetaeeusislas|aeuaenie|ceeennutiref|heenanscsauestenen|reumeeifenueeaureeuanceagees|tldsauanentet|sdstanesauiysontireeeuceuifilappucefuiedeeentueetaureuiedsanirnee|xeilntigniend|emcntiqniend|reesteneeen|sdtiedeneueauaeeutdrpesee|scntu|seutreenenepeesaulprusnupdaensdelaunilscnt	15=d,13=n,1=e,0=i,93=b,19=e,02=c,45=t,99=m,6=u,55=a,03=a,53=p,33=s,4=l,95=k,43=s,62=z,35=n,25=t,59=w,2=h,23=r,8=f,29=g,69=o,85=y,9=x,49=q
1	685	-2.787553	3	35	tatdaleidauaidcide|hwduuiiepnintniiliiuuieinryiuisi|uderiiupinan|ldlniietiened|aiinueioiscriiuliean|audetiiriiuliiscniln|taelimoi|aaiidnlorib|hiintdnanteiupinan|riedixbineiileriielnaalfiin|uienletdaduiu|uenulninlrontdioriiieaarzilsseaabrieiianueiiuleririeinsornii|qikinioficide|idaniogicide|riiupiniian|ueioieadaeiletiiepersinii|uadue|nieprianinisiinleisrendeselanneiileiciuadu	15=e,13=d,1=i,30=c,99=d,02=a,45=u,6=e,55=l,03=t,19=a,53=s,33=u,4=i,95=y,60=r,43=n,62=l,35=n,25=p,59=w,2=h,23=r,63=s,50=o,93=m,8=b,29=f,10=x,80=z,69=t,85=o,90=k,9=q,49=g
1	686	-2.891638	6	38	stsinsranontkliu|pwiooubacenocteziolreenhtoul|oiblirciti|sisiuenleiui|tuioeonteongutscete|noiesuenuosueonetse|stestil|ntuiiemnlc|puisieneseirciti|pleaunyieuseguesintsque|otuesesititco|ouetsacesendepionluentencntsaaentceluutioeuosbleluesingiu|ftntionqiliu|xaniondiliu|plirciuti|ouolutitrsesubcmileu|onioe|tlbmltiicauesetageeieaustitlctseintonio	15=u,13=i,01=l,93=k,19=t,02=n,45=o,99=a,61=r,55=s,03=s,31=l,33=o,4=t,95=h,0=n,6=e,43=e,21=z,51=c,53=a,62=b,11=u,59=w,2=p,35=i,32=r,23=g,8=c,25=m,29=q,81=y,69=p,85=d,9=f,49=d,1=x,52=m
1	687	-2.731156	5	44	ciceaindauaioien|xzeuuslatuartusderenttourne|ueleesteie|ieiestesene|iseusurupamsuitsit|arescstsuispatuit|cisiiei|aiseesmaen|xsecetatcsesteie|xepbkfessismssieaiicst|uuntisceieutu|rntuiattithtpeuaessaitquiaasainsinsieussuilesinuearmes|byueurceien|wdaeurgeien|xeestesie|rnuinieiniscsltleets|raeus|uelleieetastisuamstesaniieuetuinauraeu	15=n,13=e,01=i,93=o,19=i,02=a,45=u,99=d,61=n,55=i,03=c,31=e,33=r,4=u,95=o,60=t,43=t,21=d,6=s,51=t,30=a,53=a,62=l,11=s,59=z,2=x,35=e,32=s,23=m,63=p,50=r,8=n,25=m,29=c,81=f,10=k,91=b,69=p,80=q,85=h,90=y,49=g,1=w,52=l
1	688	-2.822504	3	28	airailiautelnaunaulniallic|uqlinnllesesiaieseulliiiilesiehaiicil|nlieuilliislere|tlitelleaileecli|rllenengeiiauillntleloi|auiilieailleallntlleiiginai|airetreal|aurlllieesauily|ulleailziamiaieliislere|uilenllayleellteuilleteaurtblsi|xalaiteailirlinln|iilaintesiteayaiflinauillleaureayanteieauryealcllrenellnteuileallaiteauiell|wrgenabliallic|lnauenapliallic|uilliislellre|iicnalcrlirelteaillescueisill|iiauline|xilesuilrelecilsiteniuidilikictriaicsteligiiaulin	15=c,3=i,1=l,0=a,99=n,2=u,45=n,6=e,55=t,19=r,54=a,09=h,14=s,35=e,25=s,59=q,94=o,04=g,8=y,24=m,34=z,29=b,4=x,69=f,9=w,49=p,65=k,64=d
1	689	-2.893270	7	34	weureunileirauiuanuuen|ibuessuuesrcnerceiuueeeeueceexteeneu|sueeieuueesurir|luelruuleuernue|iuursesteenieuuslueuye|wieeueleuuluusluueeeteste|weielieuu|wiiuuuereiuieuo|iuueueugnaneeueesurir|ieueaupoureuuleieuueleuiilduce|qtutelleueiuesus|eeuteslrcellotehuguieuuuliilkslreliiolunuuirseuusleieuluuteleuieruu|fitetudunuuen|irietuounuuen|ieuueesuruuir|eeutuuniueieulleuuesnireceuu|eniuese|qeuesieuirurneuceleseiemeuezenlietencleueteniues	15=n,3=e,1=u,30=n,99=a,2=i,50=u,24=a,90=r,19=i,6=e,55=l,0=w,54=t,09=x,14=c,35=r,25=s,45=s,59=b,60=l,94=y,04=t,8=o,34=g,29=d,10=p,4=q,80=k,69=h,9=f,49=o,65=z,64=m
1	690	-2.767567	5	34	aisaliauertauuaytiania|doiuunsdetiaietsuniiilstisfniial|hrisuiniiurese|zrieensalsirri|sneusulsiiaulterroi|auilisainsanuensiiliuni|aissesep|ayoniesdaulc|unealiiamiairiiurese|ulstnagesnesuinseeauseuoti|ukniesalloiru|ilniueetiesacnisoiuaulnsaussacaueeisauscspanseusnuesulsannieeauien|xsleuauoiania|wtaueuloiania|uiniiurense|iiauanroisresainsdaueitin|iiayius|hlsdulsirealtiesuiuibliqiaesiniateriliiayiu	15=a,3=i,11=n,0=a,99=t,21=y,45=u,2=u,61=r,55=e,31=l,19=s,54=n,09=f,6=s,14=t,35=e,25=d,91=o,51=r,4=h,5=z,94=o,04=l,01=p,8=c,24=m,34=i,81=g,41=k,9=x,1=w,65=q,64=b
1	691	-2.800952	8	40	zsysuiulnyorsquies|aeettilaecueecliieeeslcelopeess|bnelieieeinene|wneueilslenne|nietltdleuiscunmde|zieseleilituileedetpe|zenlunem|zseieelirisa|iierspuouemeeinene|isherceliulieiluerinuiece|tkpeulssepnt|espetueceulapeleprisilinlftueelinalmsinetlitulislipeuerieei|xndeprieuies|nyietdeuies|ieieeineine|esprineenmuleilasieecei|eusetl|bslaisnenessceulteietsegesunepescumedeuset	15=s,3=e,11=i,30=u,99=q,21=s,50=r,24=o,90=y,19=n,6=l,55=u,2=i,31=s,0=z,54=p,09=o,14=c,35=e,25=a,45=t,91=e,51=n,4=b,60=l,5=w,94=d,61=m,04=d,01=m,8=a,34=p,81=c,10=r,69=h,41=k,80=f,9=x,65=g,64=t
1	692	-2.836785	7	32	ituiteteaneneleentieetu|qyetlleenristitisseettttenstnbattute|letsteettreiui|aetaieeniteniuet|ueeilnlontteteelaenext|ettetniteenieelaeenttotlat|itunauiie|eueeetinreter|qeeiiteztimtitnettreiui|qtenneeireineeasteenaieuagest|waeatanitetuetlel|tteatlaistaniratdetleteeeneunirilaitneurnieueeuilneelastenieeataietiee|huoiligetieetu|eneilipetieetu|qteettreieeui|ttulieuuetuneaniteenretitstee|tteetln|wtestteuieiutestanlftctetktuautatusanetotteetl	15=u,3=t,1=e,0=i,99=n,02=e,45=l,6=n,55=a,19=u,54=a,09=b,14=s,62=s,35=i,25=r,59=y,2=q,94=x,04=o,8=r,24=m,34=z,29=g,4=w,69=d,9=h,49=p,52=t,65=k,64=c,32=f
1	694	-2.695708	8	39	eidelirroyrtetyienia|coittneceuieieuaniiileuiequiial|fiiainisiede|wiireneeleiiii|dnetetseiirluriogi|rilieeineentrneiisitui|eiderdem|etonieecrll|hneelpiedieioisiede|hleynemeenrainereetznoui|tkuireellopit|iluitreuireeluieoitrlnerdeeletreierdlemandetentraleenuirerien|pdsetroienia|xyretsoienia|hinisiende|iiatenioidoreeinaineiuin|iietite|flanldiiealuiretsibliciardiuiauroisiietit	15=a,3=i,11=n,0=e,99=y,21=t,45=t,02=r,61=o,55=r,31=l,19=d,54=u,09=q,6=e,14=u,62=a,35=e,25=c,91=o,51=i,32=s,4=f,5=w,94=g,04=s,01=m,8=l,24=d,34=p,2=h,52=n,95=z,81=m,41=k,9=p,1=x,65=c,64=b
1	696	-2.851741	2	32	srsiarueimarlarrwaiit|rzilliieseiaseteriinnieiaehknini|lieuiinsiere|uiueiiesieeti|riieleldenauiiluiera|arniesiieaiiluiiendqua|sreureai|arriiieesauiy|riiesiaaraseinsiere|uiemiiayieeiiueuiieuearrupiia|xktauesirilil|ntalueiaueacabilauiiiearreaydunnearryeaitiireleiilueuieaitaueaueii|grdelapiaiit|imarelafiaiit|uiinsieiire|ntlaitrireiuesiiestuniaii|narile|aiesuireieiniiauonueaientureattueidnaril	15=t,13=i,1=i,0=a,93=w,19=r,2=r,45=l,99=m,6=e,55=u,03=s,53=n,33=n,54=k,09=h,43=a,14=t,35=e,25=s,59=z,23=u,04=d,34=q,8=y,29=p,4=x,69=b,85=c,9=g,49=f,64=o
1	697	-2.690633	5	41	drdianierazanimaict|nbclliiereindedeniiooieinestoisi|lceuiioriere|icieiiedieetc|riieleluyauiiliiern|hnocediioiiliiieoumin|dreiipai|hnriiceenauis|niiedimanndeioriere|uiemicsieeiiieuiixsanriliin|qttniedcrclil|otnlieiniogneimauiiionrosuissonrsoitiireleiilieuioiitesaueii|wiantaliaict|rautafiaict|uiiorieiire|oitaitrcreiiediiertusinii|kancle|nieruireieisiinipsuencestirentdieianancl	15=t,13=c,1=i,30=a,99=m,2=n,50=a,24=z,90=a,19=r,6=e,55=i,03=d,53=s,33=o,54=t,09=s,43=n,14=d,35=e,25=r,45=l,59=b,23=u,63=y,04=u,34=m,60=o,0=h,93=p,8=s,29=l,65=x,10=c,4=q,69=e,85=g,9=w,49=f,3=k,64=p
1	698	-2.715250	5	41	usuiteiaytentespoiu|eqinnseescauedemillaaexplul|nierslecese|iiiesetleeui|ssenenoelteldicesa|telieusetsniseloria|useiseo|tessieettelm|eseuiateaualecese|eleystheesierseietesiasa|wpuaietllbrcn|zlpriscaietfacintelsetesetmoissetesmeoussenesnieeleouaietres|ksoentaioiu|gyteentdioiu|rslecesse|lunousisaieusetueelas|lteine|wletelseicssainsreaiesuiseaudieioltein	15=u,13=i,01=o,93=p,19=s,2=e,0=t,45=n,99=y,61=a,55=i,03=u,31=l,33=l,54=p,09=x,6=e,43=a,21=m,14=d,35=e,51=c,53=s,11=s,59=q,23=r,04=o,34=r,8=m,25=t,29=a,81=h,91=b,4=w,69=c,85=f,3=z,9=k,49=d,1=g,64=n
1	699	-2.729735	7	46	kamatlieimgclimous|lxunnuelalaseuequeasaepresa|nuetuelleie|iuieuiaeesu|iuenenpotlauileia|kleuesuiuniueepria|sieiieo|kliuueelclaf|qucartlasselleie|larcbdeeuietunacliiyua|drsaiiaacrln|warrialaiihaecrclauiliifpiaailifeosuieneunielaiureacteu|cmarcyuous|imtrczuous|tuelleuie|esnosiuisiesuensleaau|wtlune|daenlaieulauaitateaueasiieasuistatlun	15=s,13=u,01=o,93=m,19=i,2=l,50=c,24=g,90=m,6=e,55=i,30=t,31=a,0=k,33=e,54=r,09=p,43=a,61=s,21=q,14=u,35=e,03=s,51=l,53=a,11=u,45=n,59=x,23=t,60=i,63=o,04=p,34=r,8=f,29=y,65=n,81=d,10=b,91=c,69=r,4=d,85=h,3=w,49=z,25=n,64=t
1	700	-2.798448	4	34	cacelinerlalaguees|qkeaaeendnetcnomeettenetnyhtele|aenieetdenan|ieineencennse|aeenanauntuieeaienat|ltenceenueeaieentuoit|canianue|laeeennduies|qeencetltcnetdenan|ienreeusenneeinieeninlaireet|whstinceaeaea|tstainetinuftbeauieeenlanusuillnlasnueseeananeeainienuestinuinee|zaunaureuees|erlnauxeuees|ieetdeneean|tsauesaeaneinceendsiletee|tlean|tendieaneneleetiplintenlsiantsoineutlea	15=s,13=e,1=e,0=u,93=g,19=a,02=l,45=a,99=r,6=n,55=i,03=c,53=l,33=t,54=h,09=y,43=t,62=m,14=o,35=n,25=d,59=k,2=q,23=i,04=u,34=o,8=s,29=r,4=w,69=b,85=f,9=z,49=x,64=p
1	701	-2.755355	4	39	dldeiauidiniidfiee|zyenniiureildestiiooiuilupuoiri|neuoiioriele|aeaeiiudiueee|liienunswfoiinaiull|ioeudiiaiinaiiuosmal|dluaitci|iliieetcoin|ziiedelilduioriele|oiudignieuiiauoiiuaeilamiil|quelaudelenin|oelnaeilaablcimcoiiiuilansarruilnaieiilenuiinauoiaiiuercoeii|xiklucmifiee|lkouchifiee|oiiorieiile|oiucieleluiaudiiureorilii|oienu|liuroileieiriilaprouleurealelesauesoien	15=e,13=e,1=i,30=f,99=d,02=i,45=n,6=u,55=a,03=d,19=l,53=r,33=o,54=u,09=p,43=l,62=t,14=s,35=e,25=r,59=y,2=z,23=o,63=w,04=s,34=m,60=a,50=c,93=t,8=n,29=m,10=g,4=q,69=c,85=b,90=k,9=x,49=h,64=p
1	703	-2.567446	7	46	lrleuiofunurydeu|qhennuratileaspetloistitul|nerlestere|ieieualseue|ruensnestulaitsri|utesluauniustenii|lrsired|urueesdulg|queleiuilsestere|qlxobmesuissusieuricui|kiuiiallontn|wliniatiiapixenulusurageiaasurgsduurensunirlauieanseu|oziincedeu|rzsincedeu|qlesteure|tundureroislurtreliu|tuens|klrrlreetauiimassiesauireiuaiseetuen	15=u,13=e,01=d,93=y,19=r,02=u,45=n,99=f,61=o,55=i,03=l,31=l,33=t,54=i,09=t,6=s,43=i,21=p,14=a,35=e,51=t,53=a,62=r,11=u,59=h,2=q,32=s,60=a,04=e,34=n,8=g,25=d,29=c,23=s,81=m,10=b,91=o,69=x,4=k,50=n,85=p,3=w,90=z,49=c,52=r,64=m
1	704	-2.971920	1	21	ailaiuiadesuoadreaduoiauuiue|dkuirereundeieuriaiieufduuiiiinurmyeriiueiu|reumdiuuiideuielie|eeuieeieunainieueui|luuiersreafiiadiuureeenlri|adiiumaiunauureeeuniiarireeri|aiuceelieau|adluuuiisdeadiup|duuieaiuiriadriamuiideuielie|dinouuapuisuuesdiuneeieadleetuuri|rerueriesaiuiluireure|iiuerireeeieuriesaperiguireadiuunaducapareeeiemadlbauueuuliersuureesdinauuerieeieadiieuu|hlariereatuiauuiue|uoadiereaquiauuiue|diuuiideuieuulie|iiuereauueluiucuesaiundeuedieiuriuu|iiaduirs|rindediulieuieueiuuriesreidmriumeiueeelieriueuresuiariiaduire	5=e,1=u,3=i,0=a,99=o,2=d,4=r,56=s,19=l,09=y,36=m,16=n,46=f,59=k,96=c,8=p,29=t,86=b,69=g,9=h,49=q
1	705	-3.097999	5	26	zuiguinerlageeseiqniiuir|ehiuereriterurienuurideiiuuuutiembreuuirui|erimeuiiuueriuraur|rriurruriioutuririu|aiiurelesduneuiierrrtaeu|zeuuiuouiioiierrrituneuerreu|zuisrrausi|zeaiiiuuleseuip|eiiusuiueneenmiuueriuraur|eutqikpiuliirleuitrrusearrciieu|ereireurrouiuaiuerier|uuireuerrrurieurropreuxiueseuiiioeaoyerrruruoeapoiiriiaureliierrleuioiireurruseuurii|wigeuresciniiuir|ageuresfiniiuir|euiiuueriuriiaur|uuiresiiraiuisirrouiterireuruieuii|uneiuel|eutereuiauriuriruiieurleruemeuimruirrraureuirierlineuneiuer	5=r,1=i,3=u,30=n,99=q,2=e,50=s,4=e,90=g,19=a,56=l,0=z,09=b,36=m,16=t,46=d,59=h,60=o,96=s,8=p,29=c,10=k,80=y,69=x,9=w,49=f
1	706	-3.004192	2	27	ainaciaueesaaureamaialce|ueoireretueieriaiiebuliiicsrspericec|resuiliiueienie|eeieeietaitieei|nlierdreabiiauilreeetnri|auicsactalreeetiiarireeri|acheeniez|amoliidueaucg|ulieaciriauriaisiiueienie|uitalakidleducteeieauneexlri|referiedaccoirere|icerireeeieriedagersoireauiltamhagareeeiesaunyalelnierdlreeduitalerieeieauiiel|qnariereauoialce|waauierearoialce|uiliiueielnie|icerealeoinsedactueeuiecril|iiamird|ritueucnieieeilriedreiusrcseceeeniercereesiariiamire	5=e,31=c,11=l,0=a,3=i,99=a,21=m,4=r,2=u,61=s,19=n,09=p,36=s,46=b,51=e,16=t,91=o,56=d,01=z,96=h,8=g,29=x,81=k,41=f,86=y,9=q,1=w
1	707	-2.896983	4	31	qtwtanialwnrechanti|niierirsdniesraeestnneeetproxiretit|rsoneneenseilei|iseiieinuedesse|lneirareteanenriiidlre|qneteuenunriisdeareriire|qtkiileim|qcineeanentb|nneeteranraepeenseilei|ntsigreaniantdiieenliifnre|rizireiiuttiersri|etireriiiesreiiubiroierentnunluyriiieieunlbuninleiranriiantunireiieeneein|iwreirenianti|lwneirerianti|neneenseinlei|etirensielpiiutdnsineitren|eacera|rednintlesesienreiarienortoitiiileirtsriipareaceri	5=i,31=t,11=n,30=a,99=h,21=c,50=e,4=r,2=n,90=w,19=l,56=a,0=q,3=e,09=x,36=o,61=p,46=t,51=s,16=d,91=i,60=u,01=m,96=k,8=b,29=f,81=r,10=g,69=s,41=z,80=y
1	708	-3.037053	5	25	enteninaerioaueaioneiinie|kwinueueiiseneiunenneiusiinnnnciudyeunnieni|ueinsniinpeinetne|eeineeneicencneiein|tiineurueebnnaniiueeectun|annideniceiiueeeicnneunueeun|enileetneei|atiiinneseanim|kiineeninunaunedinpeinetne|kncoiieminriieesniceeneateexiiun|ueuieunerenintinueiue|nnieunueeeneiuneremeunfinueaniicailemeueeenedatzeiieiitneuriiueeesnceiieuneeneanneii|qteuneueexineiinie|ioaneueehineiinie|kniinpeineiitne|nnieueeiietiniliereniiseigneniunii|nnainur|unisgnitneineieniiuneruepdunidenieeetneunieiuerineunnainue	5=e,1=i,3=n,0=e,99=o,02=a,4=u,56=r,19=t,09=y,36=d,16=c,62=s,59=w,2=k,32=p,46=b,96=l,8=m,29=x,86=z,69=f,9=q,49=h,52=g
1	709	-2.922450	7	30	xnezneniineciaiiecreenei|wqenaiaieeliniearnniealeennnnaeamhianneine|aienlneentieniuni|iieniinieetnanieien|ueenianayonnineeaiiiauan|innentneeteeaiiieanranaiian|xnefiiunye|iueeenniliines|weenynenaniarmentieniuni|wnacessenneeiilneaiiniiuiideean|aiaeianiitnenuenaieai|nneianaiiinieaniitsiangenaiineeaiutbaiiinimiusteeieeunianeeaiiilneteeianiiniinniee|kezaniaydereenei|eciniaypereenei|wneentienieeuni|nneiayeeiuenefeiitneelieenineanee|nnienan|aneleneunienieineeaninaitmanemineiiiunianeieainerannienai	5=i,1=e,3=n,30=r,99=c,02=i,4=a,56=n,90=z,0=x,09=h,36=m,16=a,62=l,59=q,2=w,19=u,32=t,60=t,46=o,50=y,96=f,8=s,29=d,10=s,80=b,69=g,9=k,49=p,52=e
1	710	-2.863187	6	31	eusesuniitaneiefauelsi|hiqueieilaiuieueuuiealuuustermieusis|eiuaulupiuisui|iiuiiuireuruiiu|sluieceienuunuleiiirseu|nusresreleiiiruueeueiieu|eskiisuig|efqluuiainst|hluiesueuneueutupiuisui|huraleducliiasriiuinsiiyleu|eixieuicessqueiei|usieueiiiuieuicetierqueinulrefketeeiiiuirnsbelilsuiecleiiiaurelieuiiuinuuil|wseeuieinquelsi|zanuieieequelsi|hulupiuilsui|usieieliqusticeulaiouiseul|uuefuec|esaossuiuiiuleuiceipresrisiiisuiesieiitueeuuefuei	5=i,31=s,11=l,0=e,3=u,99=a,21=f,4=e,02=n,61=t,19=s,09=m,36=r,62=a,51=i,91=q,2=h,32=p,16=r,46=n,56=c,01=g,96=k,8=t,29=y,81=d,41=x,86=b,9=w,1=z,52=o
1	711	-2.879181	8	36	znmniulleauesparunl|klcieleluoliseriiseouiiineetbleinln|esioiuilsiliil|lsilliluoiaissi|iuilenesdiiuiuelllaiei|uinioiuouellsaireiellei|znxlliild|zpcuiilolung|kuisnieiuerieilsiliil|knfchrinullonalliluillquei|elyleillonnciesel|inleiellliseillogletcieluiuauiocellliltuigouluiilenuelllonouleilliluiilu|cmeilelucrunl|wauilesecrunl|kiuilsiluiil|inlesusciielloiuostilneiu|irpien|enotniisisliueilnelltentlnllliilensellereirpiel	5=l,31=n,11=u,30=r,99=a,21=p,50=s,4=e,02=u,61=e,3=i,90=m,0=z,09=b,36=t,62=o,51=s,91=c,2=k,19=i,32=l,16=a,60=o,46=d,56=n,01=d,96=x,8=g,29=q,81=r,10=h,69=f,41=y,80=c,1=w,52=t
1	712	-3.000935	1	28	aoauesetizesneesoheiuie|swuneneirsleineseiksiissrindyensili|neidaiisseueihe|eeueleiraigeieu|oiuentneekseaiineeeron|essidaireiineeeirsenneen|aimeeiheei|esoiiistseeaic|siueaunesnedisseueihe|arziiecutiietaireleesoeepiin|nenienetauouneine|sienneeleinetecenfuneeaiiresimeceneeledesobeiieiiihentiineetareiieneleesseii|xoeneneepueiuie|izeaeneequeiuie|aiisseueiiihe|sieneeiieouimietairseiealinii|sesunt|nrseaiiheueiliinetnlsdnidlieeeihenieinetuensesune	5=e,1=i,13=u,0=e,93=h,19=o,2=s,4=n,99=z,56=t,03=a,53=l,33=s,09=y,36=d,16=r,46=k,43=n,59=w,23=a,63=g,96=m,8=c,29=p,86=b,69=f,9=x,49=q
1	713	-2.885382	4	34	tutieuesuoulouineirie|uwrleleiiuceileseifuiissiilnyelsici|leintiisuereide|eereceiitizeier|uirelslolzetiileeeiul|xusintiiaiileeeiizelleel|timeeidoi|xuuiiissuotir|uiretrleulenisuereide|tinihrrsiiestiiecouueepiil|lelielestrurleile|sielleeceileearelarlotiiiauuableeccauuraiieiiidelsiileestiaiielecouseii|kiolelopieirie|uotelogieirie|tiisuereiiide|sieloiieurimiestiiueietcilii|qeurls|liuetiidereiciileslcunlincieeeidelieilesieleurle	5=e,1=i,13=r,30=e,99=n,2=u,50=o,4=l,90=o,19=u,56=s,03=t,53=c,33=s,09=y,36=n,16=i,46=f,59=w,93=d,23=t,63=z,43=l,60=a,0=x,96=m,8=r,29=p,10=h,80=b,69=a,9=k,49=g,3=q
1	714	-2.727523	5	37	ltluieiiukieniietdiati|exuninenedelisesfustunamiltit|neamaseiuedi|iiuidenitzeiu|qyuinoniissimaniiintl|imtaitnianiiensilniil|itriedic|ifyasoeiietr|fuilulielluseiuedi|mnkairuoaioetnidiietiipal|nihiliolutuneni|btilniidelioirilcuniimanifririniidiaietgiaeadinoaniiomniailidiiesia|wtiliniipuiati|qkiminiiouiati|maseiueadi|btiniiaitutuioitneeimitla|sieuno|lneimadiuedaliondeantaitiiedinteniouinsieuni	5=i,31=t,11=a,0=i,93=d,19=t,2=e,4=n,99=k,61=u,13=u,03=l,43=l,09=m,36=a,33=s,21=f,46=s,51=e,53=d,16=n,59=x,23=m,63=z,56=o,91=y,1=q,01=c,96=r,8=r,29=p,41=h,86=g,69=c,3=b,9=w,49=o
1	715	-2.609644	8	40	qlcleiestciraphetle|izirereliseresenpisluroyerlel|reontsieiede|eeiesetalueei|wciersraruentreeeltr|qnlodtatreeetuerreer|qlmeedeb|qpctssiailp|piedireirdusieiede|ilmcopistesillesaiteextr|referesditirere|klerreesereeapermirailtaitagreessaitpatetderstreesilateresaiset|ccreraicetle|tcnerarcetle|ntsieietde|kleratetitueeallieenelrt|keiirs|rlientdeiestresrsiorloeleeederlereeuereiire	5=e,31=l,11=t,30=e,99=h,21=p,50=a,4=r,2=i,90=c,19=t,56=s,0=q,43=r,09=y,36=o,61=u,33=s,13=i,46=n,51=e,53=s,16=l,59=z,93=d,23=n,63=u,60=a,91=c,1=w,03=d,01=b,96=m,8=p,29=x,10=o,69=m,41=f,80=g,3=k
1	716	-2.860511	3	31	aoaucesixcnecoleiuie|bkuneneiitdeineaeintiiaarinsyenaidi|neistiureueile|eeuedeiraizeieu|oiuensneegaetiineeeron|caisaireiineeeiraenneen|aimeeileei|coiiiaeteetii|biueauncnesureueile|trxiieiusiiestiredecoeefiin|nenienesauouneine|aienneedeineseienhuneetiircimeieneedescopeiieiiilensiineestreiienedecaeii|woeneneefueiuie|ixeteneequeiuie|tiureueiiile|aieneeiieouimiesaiiteietdinii|acuns|nitetiileueidiinesnersnisdieeeilenieinesuenacune	5=e,1=i,13=u,0=e,93=l,19=o,02=c,4=n,99=x,56=s,03=a,53=d,33=a,09=y,36=s,16=r,62=t,43=n,59=k,2=b,32=r,23=t,63=z,46=g,96=m,8=i,29=f,86=p,69=h,9=w,49=q
1	717	-2.916449	3	34	rorstileftuitefaesei|kwsuiuieetdieualieuteellceusoiulede|uiesresaisieni|iisidiecrepieis|oesiuluiupareeuiiicou|tlesreeneeuiiieepauuiiu|regiienie|toeeelitiree|kesirsutuassaisieni|rcfezesleeilreciditoiimeeu|uiueiuilrsosuieui|leiuuiidieuiineiuysuireectonquiidistoeneeieeeniuleeuiilreneeiuiditliee|bexuiuimeaesei|oxriuiheaesei|resaisieeeni|leiuieeiosegeilreetieirdeuee|ltsul|uetireenisiedeeuiluiasuesdeiiieniueieuileaultsui	5=i,1=e,13=s,30=a,99=f,02=t,4=u,56=l,03=r,19=o,53=d,33=l,09=o,36=s,16=c,62=t,59=w,2=k,93=n,32=a,23=r,63=p,43=u,50=i,60=n,96=g,8=e,29=m,10=z,80=q,69=y,90=x,9=b,49=h
1	718	-2.733397	7	40	crceueeaputeurdeile|zxeteteinnsseispoeilatraeslel|teenleueesde|eeeenslelosee|bweetsteepietiteeelrs|etlrelleiteesliestees|elcesdeh|eowiieneuld|oeecesusereueesde|tlpiedesieenlleneureemis|teyesesceretste|qlesteenssesedesmeteetileocedeteenerurfeisidetsiteestleieseneuiei|kreseteemeeile|bpeteteegeeile|zleueeside|qleteeiereraescinsetelsi|iuets|tlnetideesnisesteurtlreleesdetlsteseetiuete	5=e,31=l,11=i,0=e,93=d,19=r,02=u,4=t,99=p,61=a,13=e,03=c,43=s,09=a,36=r,33=i,21=o,46=p,51=s,53=n,62=n,59=x,2=z,32=u,63=o,16=l,23=t,56=s,91=w,1=b,01=h,96=c,8=d,29=m,41=y,86=f,69=m,3=q,9=k,49=g
1	720	-3.052091	4	28	nelneiensuaitnyunsiteniieiu|swieruinsueudeneeuicsiieeeendabreeiuei|fuiaseiieesuieuleu|uuieuueuinneneuiuie|liierumunceenseiduuunixe|nseeianeinniduuuineeseure|neiouuleuni|nsliiieeasunseig|siieuneieenyenaieesuieuleu|sentiingieaiiuaseinuueunsluupide|frireuaneielieudu|eeireuuueudeuangrezieunseiinnsiongsuuueuanslkniiuiileraiduuasenniireuueunseeuii|qlserunpieniieiu|itnserunhieniieiu|seiieesuieuiileu|eeiruniiulieioiuaneinsuiuseuedeii|eensiea|fensuseileuieuiueideuumuesemeiaueiuuulereiuduaieseensieu	5=u,1=i,3=e,0=n,99=t,2=s,24=y,56=a,19=l,54=r,09=b,36=a,14=d,16=n,46=c,34=e,59=w,4=f,94=x,64=m,04=s,96=o,8=g,29=p,86=k,69=z,9=q,49=h
1	721	-2.944224	8	32	qelrelitistrpatlmilleli|tklarilstieiuieeilhtlleeeesuoyreeliel|xilotelleetileitei|iileiieillueseilile|tlleridaheiteluiiislge|qteeleuelluluiiilseenaire|qelciiteal|qttllleestatele|tlleaelaipioleetileitei|tesmlnelesllistelsiieattiiflue|xrlreiiueletlaiui|eelraiiieiueiiuerezlaatellluttueniiieieutteullilltersluiistelullreiieateeill|wtneraflilleli|trterablilleli|telleetileilltei|eelrallitlelcliiuelstiliteieuell|eitlas|xestitelteileilielueiidietedeloieliiitereliuisleneitlai	5=i,1=l,3=e,30=i,99=m,2=t,50=a,24=p,90=r,19=t,56=s,0=q,54=r,09=y,36=o,14=u,16=s,46=h,34=a,59=k,4=x,60=u,94=g,64=d,04=n,96=c,8=e,29=f,10=n,69=z,9=w,49=b
1	722	-2.898617	5	33	uisuiiuneesluyeualiulie|neenttaneieriuiitunliiiiarcktiiei|ftcniliintiesie|etieeitauiaitti|slitepeuuiiunireetsbi|uniicuiagreetaiidneti|uiheesieg|uaeliioneunir|nlieuiniuyiuisiintiesie|niallumioleoniaeeieunseeneri|fextieouiienere|iitneeeierieourtceneunilauahurdeeeiecunsqulelsitesreeoniaultieeieuniiel|wsditeuneiulie|zlunitedeiulie|niliintielsie|iiteulteisseouiantenieiril|iiuano|fianenisititeirieepeinipiceieeesitiereesidiiuane	5=e,31=i,11=l,0=u,3=i,99=l,21=a,24=y,61=s,2=n,19=s,54=t,09=k,36=c,14=r,16=a,46=u,51=t,34=n,91=e,4=f,94=b,64=p,04=d,01=g,96=h,8=r,56=o,81=m,41=x,86=q,9=w,1=z
1	723	-2.892002	8	37	oszsouentzdenqouse|ueadlraueiemoiirxuuiiiiamcflises|wrcuiuiiurietie|erieeieuiiairri|tuiletexiousmeersbi|ouisiisarmeeraiimdeli|ospeetier|onauiinueusl|uuiesdodoisiiurietie|usyachinuenusaeeieuteeuami|weklieeissademe|isldeeeiemieeillcadeusuiutilmeeeieiiutliueutilesmeenusiulieeieuiieu|gtmileuaouse|tzuilemaouse|uiuiiurieutie|isleuraitseeisaureuieimiu|iondn|wiaueustiriresmieeteiuitsceseeetilsemeesimionde	5=e,31=s,11=u,30=o,99=q,21=n,50=e,24=d,90=z,19=t,56=n,2=u,0=o,3=i,54=l,09=f,36=c,14=m,16=a,46=x,51=r,34=d,91=a,4=w,60=i,94=b,61=s,64=t,04=m,01=r,96=p,8=l,81=h,10=c,69=y,41=k,9=g
1	724	-2.915062	8	32	aelaeneiienbapiinbeanneni|xknutinnoieireaeeironneeeetructeenien|wineoennemineilei|iineiieintaeteinine|lnnetiriageeienriiitnde|ieenuaentanriiinteesuite|aenfiileian|ilnnneeioiienn|xnneiaenueapeaunemineilei|xetbnnanneenniioentiieiiliianre|wtnteieaenelnuiri|eentuiiieireieanteznuiienntinfansiiieiuilhanninnletenriiioetannteiieiieeinn|qlsetiaaneanneni|nbietiayneanneni|xennemineinnlei|eentiannilnenfnieaennoinseierenn|eeinue|wenosenleineinienreiirimerenuieniiiletenirieneseeinui	5=i,1=n,3=e,0=a,99=b,02=i,24=p,56=e,19=l,54=t,09=c,36=u,14=r,16=t,62=o,34=u,59=k,2=x,32=m,4=w,94=d,46=g,64=r,04=s,96=f,8=n,29=a,86=h,69=z,9=q,49=y,52=s
1	728	-2.910525	3	34	aoaisseruoscessonsuiue|swurueunsleuiseeutsuueenmfgueulu|keufauueseieune|eeieleunauxeuei|ouiuezestesaumeeenoi|sseufaunsumeeeunetreei|aubeeunesu|ssouuuersesaul|suieaiissisfueseieune|anouusliruueraunelessoeeduui|kuueieraioureme|euureeleuiersleipuresauunssubslteelefssoysuueuuunurumeeransuueielesseeuu|qosiuesdisuiue|uosaueshisuiue|auueseieuuune|euuesuueoiubueraunseuealuiuu|essurr|inseauuneieuluuieezlsfiuflueeeuneiuemeritessure	5=e,1=u,13=i,0=s,93=n,19=o,2=s,24=c,99=o,56=r,03=a,53=l,33=e,54=u,09=g,36=f,14=m,16=n,46=t,43=i,34=r,59=w,23=a,4=k,63=x,64=z,04=t,96=b,8=l,29=d,86=y,69=p,9=q,49=h
1	729	-2.994701	6	39	dcdelintcrypiedleuen|imeeanesiinaltnefieettsaupateie|wneureetinunenn|nnuninesdesnenu|ceuanknoslreannnsce|qiteudeeleannnestoenne|demnnenpe|qiceeettipreo|ieundeelyluetinunenn|rsdebouteentresnipicnnceee|waenentduceenan|teaennineennlonexeepreeelicloonniilicoleeneeenateanntreleenenipitnee|gereapceleuen|crrapheleuen|reetinuneeenn|teapeencuementdesinenrieeee|zlieet|esinreennuneieeennkiiueeuiennnenneenantelelieen	5=n,1=e,13=u,30=l,99=d,2=i,50=p,24=y,90=r,19=c,56=t,03=d,53=i,33=t,54=a,09=p,36=u,14=a,16=s,46=f,34=e,59=m,93=n,23=r,4=w,63=s,43=e,04=o,64=k,60=l,0=q,96=m,8=o,29=c,10=b,69=x,9=g,49=h,3=z
1	730	-2.746068	7	41	otonesiimperiesteelai|sicldumsaureiudsliimouxiraia|wuunlisinuei|iiniaumeaquin|fcnditiediesaoiiimtr|enaueamaoiiumicliir|eayiueia|escliesiesas|snionresromisinuei|nmplesneliesamiaiestiiplr|wikirieeaaclioi|zadliiaurieesduclienlmesyesciiaiuestheluledimoiienmeliriaiesiil|bterdiepnelai|fpendiegnelai|nlisinulei|zadielitntmieeamsuiniarl|iesle|rmsinleinualriitantauiaiiuedaioienciesli	5=i,31=a,11=l,0=e,93=e,19=t,2=s,24=r,99=p,61=m,13=n,03=o,43=r,09=x,36=u,14=o,16=m,33=i,46=d,51=u,53=a,54=d,34=l,91=c,23=n,4=w,63=q,64=t,1=f,04=c,01=a,96=y,8=s,56=e,21=s,29=p,41=k,86=h,3=z,9=b,49=g
1	732	-2.825949	5	37	iaillesiknhelannilie|qwitseiirdeiunoeuriioocuecsoidi|xeietildeleine|eeledeiciireiel|ailsemenfontiueeecau|loieiicniueeeicomteeu|iigeeineni|laiiioerentia|qileiluluneldeleine|tckiinalsiiesticedelaeepiiu|xsieuesilaiteue|oisteedeiuesnaeuoitentiiclignameedeelayniieiiinssiueestcniieuedeloeii|zanusenplnilie|ikntsenblnilie|tildeleiiine|oiseniiealigiesiiireietdiuii|olits|uiretiineleidiiueemedeuiedieeeineuieueslmolite	5=e,1=i,13=l,0=n,93=n,19=a,02=l,24=h,99=k,56=s,03=i,53=d,33=o,54=s,09=c,36=e,14=u,16=c,62=r,43=u,34=t,59=w,2=q,32=d,23=t,4=x,63=r,46=f,64=m,04=m,96=g,8=a,29=p,86=y,69=o,9=z,49=b
1	733	-2.779765	5	39	oaonlesaheeliguinie|zkirceiirdenulenriillcnayclidi|qeiatinteneide|eenedeicoifeien|aincepeufutineeecam|lliaoiisineeeiclureem|oimeeidei|laiiileretii|zineoirueuanteneide|tcgioinsiiesticedelaeexiim|qciemesonairene|licreedeimeesiemwiretiiclasiueedealaisiieiiidcsineestisiiemedelleii|bihmcexiuinie|ahtcepiuinie|tinteneiiide|liceiieanimiesoiireietdimii|llirs|miretiideneidiimeepetamiadieeeidemienesnullire	5=e,1=i,13=n,30=u,99=g,02=l,24=e,90=h,19=a,56=s,03=o,53=d,33=l,54=c,09=y,36=a,14=n,16=c,62=r,34=r,59=k,2=z,93=d,32=t,23=t,4=q,63=f,43=m,04=u,64=p,60=s,50=e,96=m,8=i,29=x,10=o,69=w,9=b,49=p
1	736	-3.060642	1	27	nesneienpaixntuntixeniier|tyieuuimpeileneeidtiieeeemilangleerei|uiateiieepiese|sieseimnemerie|siielaundeenteiiusmsle|nteeianeimniiusimeenlelsle|neifsseni|ntsiiieeapnteic|tiieneielentlenaieepiese|temxiincieairateimsentssoiile|ulrleaneiesieuiu|eerleuseileanwlezieunteiimntifncnuseantsqniriiselaiilsatemnirlesenteeii|ksnleunoieniier|ixnteunbieniier|teiieepieiise|eerunirsieifraneimprteeileii|eentiela|lempteiseiereiileauetaleiehersseleriuaienleentieu	15=r,3=e,1=i,0=n,99=x,2=t,45=u,56=a,25=p,19=s,4=l,95=g,36=a,16=m,46=d,35=e,59=y,55=s,96=f,8=c,29=o,86=q,69=z,85=w,9=k,49=b,65=h
1	737	-2.839563	5	32	qnegneualigiesierueent|ixenaaecaneeunnefieennnnceentrenntne|aedineennaenin|uenuneetncnten|ieenelesfnuineeaucien|qinnentneeteeauecnueneuen|qnepuinse|qiieeennlisines|ieensneneuieudennaenin|increzsenletlinecunsiiumeeen|aetenutnenienaea|nntenauneenuthenbenesineeetiitkaunntiisteteeineleeeulinetetenunsinnee|wegenesmeueent|iginesyeueent|ineennaeneein|nntesetienepeutnecatinneenee|nuienel|encaineinentneeenlanidenenontuinentealeuenuiena	15=t,3=n,1=e,30=u,99=r,2=i,50=s,4=e,90=g,19=i,56=l,25=a,0=q,95=r,60=t,16=c,46=f,35=n,45=a,59=x,36=d,55=u,96=p,8=s,29=m,10=z,80=k,69=b,85=h,9=w,49=y,65=o
1	738	-2.820934	3	33	iesiueinerhinuicheinea|rleulstresleieestnneeeurloibleeau|lsoneneensasa|qseeestietesse|snaliuiteeinenuetsle|ineuoiutinlesteeilelele|iuyesad|iclneeirinuf|nnaiueleinleiereensasa|nethniparainuteainsemnle|ulalaiiuulelsu|eealeueeslaiiwloleuinenticyifiueaoinskdansalinleinetdaleeainean|zsilauinleinea|xhinauilleinea|neneensansa|eeauinsluyaiiutranaulen|eeiceli|letrnusesaaenlaiuenoluegeaesaluslereileeiceu	15=a,3=e,11=n,0=i,99=h,21=c,45=u,2=n,61=r,55=e,31=u,19=s,4=l,95=b,36=o,46=t,51=s,25=r,16=t,91=l,35=a,5=q,56=i,01=d,96=y,8=f,29=m,81=p,86=k,85=w,9=z,1=x,65=g
1	739	-2.806430	5	38	wcpcrnctpeilfmrais|ntiliuoniuiriiudeaiiicniisxiiisc|iudeiaiieurtr|zuierasioiuui|taricildireialeotii|weicisiasaieuoiriiieii|wcketru|wftaiicelech|eailciireiriniieurtr|ecqtogrnscecoeiletemaii|lisiiescctiiul|iisiileiuiiesaidtiilecasetsylerisetbusatricaieceiousiieileira|tpiriletrais|tperilitrais|eiaiieuratr|iisilautitnesconserciia|irfiic|iionectiursiaircliedicipisetricuienriirfil	15=s,3=i,11=a,30=r,99=m,21=f,50=l,4=i,2=e,90=p,19=t,56=c,25=n,31=c,0=w,95=x,60=s,61=n,46=d,51=u,16=o,45=l,91=t,35=r,36=d,55=e,5=z,01=u,96=k,8=h,29=m,81=g,10=o,69=q,86=b,80=y,85=a,65=p
1	740	-2.784065	5	31	itsitetirrenicientieets|hqetcceurteetitteeleettttueedizettste|cetlteettretst|aetateuitutset|seeterciattiteecauset|ittediteuieecaeuttieteaet|itenastie|iseeettrritef|heetitetetietidettretst|htuneeifetreealteuatisameeet|cesetritetsetcec|ttsetcateetrixetyetciteeuienificatdisgieseestereecaltuiesetatittee|wsietcimetieets|enitcipetieets|hteettreteest|ttsciessetensriteureotteetee|ttieter|etelotestetsteeetrcbdetetktsastetsecretiettietc	15=s,3=t,1=e,0=i,99=n,02=i,45=c,56=r,25=r,19=s,4=e,95=z,36=d,16=u,62=l,35=t,59=q,2=h,55=a,46=a,96=n,8=f,29=m,86=g,69=y,85=x,9=w,49=p,52=o,65=k,32=b
1	741	-2.779806	7	36	weukeuosaudcrcudouuel|pguerrunsiuroeiuriuueeeenurendreeleu|rueieuueesuiti|eueeiuunenilue|tuuirarcheeceuurentre|ceeueneuunuureuneorerere|weuxetecu|ctuuueeasceuo|puueceuerecrouueesuiti|pendusoueauueieuneicteauure|rrlreeneuetuerur|eelrereiureenfrequerceuunctnbreiuctonuluutirauureieunulreeiceiuu|mukrircauouuel|udcircyuouuel|peuueesuiuuti|eelrcultueuxueneunsulieureuu|eecuera|reuileutiuileuuriartureuezeletirelurauoreecuer	15=l,3=e,1=u,30=o,99=d,02=c,45=r,56=a,25=s,90=k,0=w,4=r,95=d,60=n,16=n,62=i,35=i,59=g,2=p,19=t,55=e,46=h,50=c,96=x,8=o,36=u,29=a,10=s,80=b,69=q,85=f,9=m,49=y,52=l,65=z,32=t
1	742	-2.953887	6	37	uiaurioinfolucfiulit|psiluerpieuiuiieualiiirnusubuiitr|ueiailigenan|zeiiieruirieei|alnueluyiioilliraui|oirsurruluieriiuuiuiui|urhianc|ucsliiepord|klnuriuiouiuinigenan|kirfluxieliarrinoaidlui|lutuneurrsiuel|iituiliieuneuoussiloilruchudulinsoamctlanuelliairctuiinoinl|qauunlosiulit|wfonluusiulit|kiligenlan|iitlulesrhteuilaetnruil|iiuciue|uratraientilunelgsurimitianureuiniuuiiucil	15=t,3=i,11=l,0=u,99=f,21=c,45=l,02=o,61=n,55=i,31=r,19=a,4=u,95=b,36=s,62=a,51=e,25=p,16=r,91=s,35=n,32=g,5=z,46=y,56=e,01=c,96=h,8=d,2=k,29=d,81=x,86=m,85=o,9=q,1=w,52=t,65=m
1	743	-2.696938	8	43	wrprieesheuachalio|tuinuantiauaiiausliiirsuisquiior|uaisilitaiti|maieilsiniaai|tliueualiieilnentui|eirisilslueaniauiueui|wrpetim|wculiieterf|dliariuieuaisitaiti|drkubrielesrneietezlui|nuouiesrruiuan|iiouineiauiesdunuineilnetsoneinetymoltiuelnesinmouieieiil|upuineualio|xheiuauualio|dilitailti|iioualauitsesilsagiruil|iaciue|ursgrtiaioiluientnuricioetiurauesauiacin	15=o,3=i,11=l,30=a,99=h,21=c,50=a,4=u,02=e,61=s,55=e,31=r,90=p,0=w,95=q,60=s,62=s,51=a,25=t,16=n,45=n,91=u,35=i,19=t,32=t,5=m,46=l,56=e,01=m,96=p,8=f,2=d,29=z,81=r,10=b,69=k,86=y,36=n,80=o,85=d,1=x,52=g,65=c
1	744	-2.936320	1	32	sastefeigerderayeitr|rktddilfuitsuisriiccliniezncipi|diiuiicfiuau|atauilslurt|aiiunedesceuiidalat|erciisileiidailcetnat|simaauei|eraiiicefeuin|riiustterteiicfiuau|ulgiienteireuilaueraabiit|dnrnuestatdid|crtdauinueeotwtdeuiilerimenedauieraheiriiauneiinaeuleirtaueuuii|qaenudebteitr|igerudexteitr|uiicfiuiiau|crdeiratimresilfrupitii|certne|tlfuiauiuipiinuenpritiipraautridetencertd	15=r,13=t,1=i,0=e,93=y,19=a,2=r,45=d,99=g,56=e,25=f,03=s,53=p,33=c,4=n,95=z,36=i,16=l,46=s,35=u,43=t,59=k,23=u,55=a,96=m,8=n,29=b,86=h,69=w,85=o,9=q,49=x
1	745	-2.786773	4	40	otoinictpnetniwnies|nkerriuirieoricniilluieaheliui|ridliiliirtr|aeariuourse|tiireceteonliiraute|ynlidoiiaiiraiioneeae|oimaisti|yntiiilcntlid|niiroeennendiliirtr|luwixdeciscliibutntafiie|resercoeterir|lserarieaamezeetliiiantageauuantdaisiitreciieacliaiserutlrii|piperetfinies|tpnretsinies|liiliiriitr|lsetisteimscoiuisluieii|qnneec|euilitririuiierceundeidusatresircinenner	15=s,13=e,1=i,30=n,99=w,2=n,50=t,4=e,90=p,19=t,56=c,25=i,03=o,53=u,33=l,95=h,60=a,43=e,16=u,46=c,35=r,45=r,59=k,23=l,36=d,55=a,63=o,0=y,93=s,96=m,8=d,29=f,65=b,10=x,80=g,69=z,85=m,9=p,49=s,3=q
1	746	-2.787314	3	41	mumeienariesieuples|ewesasaetseilshdelnaadimalsn|asdurlesiui|fsitsamaise|uriatsihliursnaue|iundinairansalieane|inonuil|idorltcienb|erimeeieemalesiui|uarrikiastenaniieungre|sasaitmeueass|lseantsaitizecesiuraidoibisnidieuxlsruiatrantualseniiuir|quiaisigeles|yrieisipeles|urlesirui|lssirsonostinacseiner|lieeat|eacenuiestraitatedandtsnuianssteialiees	15=s,13=e,01=l,93=p,19=u,2=e,0=i,45=s,99=r,61=a,55=n,03=m,31=n,33=l,4=a,95=m,36=d,21=d,46=h,51=s,43=e,53=t,16=a,59=w,35=i,11=r,23=u,5=f,56=t,96=o,8=b,25=c,91=o,29=g,81=k,86=x,69=c,85=z,9=q,49=p,1=y
1	747	-2.597787	6	47	sagardmageeteafair|ekilenneenersnobisauirlesra|ennoisensas|wnsenncnsri|aisemeteproilunai|soanciriluiprieui|saquasa|sblismeteac|eisciereicusensas|eaultzsurmoiteteaudii|leresmciaienl|srieueniuryiuieteairearmeueereapariasemieumonaresetosi|lgesetdiair|agesethiair|oisensias|srlaraiauurandresaii|xreiem|indeaasineiesmeeeneaneruaseaneuurireil	15=r,13=i,01=a,93=f,19=a,2=e,50=t,4=e,90=g,56=m,25=d,30=r,31=a,0=s,33=s,95=l,60=r,43=i,61=u,21=b,46=o,51=n,53=e,16=n,45=l,59=k,35=s,11=i,23=o,36=n,03=c,5=w,55=u,63=p,96=q,8=c,91=l,29=d,65=t,81=z,10=t,69=u,86=p,80=m,85=y,49=h,3=x
1	748	-2.858486	3	35	naniusrirtotaduiie|hgiooieslilnliofiisseiocumositi|oicniissilal|uiulienelei|aiiloroubsuniioueal|tsicnieuiiouiesuloul|nidualui|taiiisrsunip|hiilniltlucissilal|neriiupiriernieultauxiil|ooeolrniaioio|selouliolruylaiouniietidupuoulctaquieiialoriiourneuielulunlii|wauolouxiuiie|irtlouziuiie|niissiliial|seouieaiiderniesentilii|stior|lesnialilitiiolrokclicteualleioriuostio	15=e,13=i,1=i,0=u,93=d,19=a,02=t,45=o,99=r,56=r,25=s,03=n,53=t,33=s,4=o,95=m,36=c,16=e,62=f,35=l,43=l,59=g,2=h,23=n,55=u,46=b,96=d,8=p,29=x,86=q,69=a,85=y,9=w,49=z,32=k
1	749	-2.769284	3	39	sdsitraitauaittieu|qzeuuilreimseindiioolimognoili|uisciioriede|ieieilsleue|diienanenftciiuildm|aoissiioiiuiiiftmnim|siniihei|adiieedecip|qiiesemantsioriede|cltippeaiuacilieadiriim|ununeasedeuiu|oumuieimioymceneciiladobuiesadpoiuiidenaiiniacioiuneleceii|xiwneneritieu|itaenemitieu|ciiorieiide|ouneiudeinuasilruclimii|oaena|mlrcideieiliineauksmisluidemuiuaitnoaeu	15=u,13=e,1=i,30=t,99=t,02=a,45=u,56=a,25=r,03=s,19=d,53=l,33=o,4=n,95=g,60=o,43=m,16=l,62=d,35=e,59=z,2=q,23=c,36=s,55=i,63=f,50=e,93=h,96=n,8=p,29=r,10=p,80=b,69=c,85=y,90=w,9=x,49=m,32=k
1	750	-2.614733	6	44	drdecimpcscryleu|wkesstrouaenunhenamitezinua|seraeauere|xueouidieue|rteinsennestsiira|esateaietiiuineaiia|eadirel|ehttnnlcam|wtedeacaeteauere|siptementiraiiecripta|siuiendereius|nuaiiouienesagesestiehdemesietcrolutreintiinsiluaieeset|breiesepeleu|qpcesefeleu|waeauetre|nusetutadundtruceaat|ncein|iarcareeuotiensatiatouireiausneeinces	15=u,13=e,01=l,93=y,19=r,02=c,45=s,99=p,61=m,55=i,03=d,31=a,33=n,4=i,95=z,0=e,36=t,21=h,46=n,51=u,43=a,53=o,62=r,11=t,59=k,2=w,35=e,32=a,16=i,5=x,23=s,56=n,96=d,8=m,25=l,91=t,29=p,86=o,69=g,85=s,9=b,49=f,1=q,52=c
1	752	-2.804759	3	33	seuseiestaigslusligesiien|lqieuuintereseeisliieeeenrlfreenei|uilleiieetieue|iieieinsenenie|uiierausseesleiiuinibe|sleeilseinsiiuiineedeure|seioiuesi|sluiiieeatsleit|liieseicespeslieetieue|lengiistieainaleiniesluiaire|krireaseieuieuiu|eeireuiereastrezieusleiinsliostsuielsluysiniiuerairialensiireiesleeii|wudeusaiesiien|igsleushiesiien|leiieetieiiue|eenusinuieionaseintnleereii|eeslica|kentleiueieneireauelexeiemeniuereniuaiedeeslieu	15=n,3=e,1=i,0=s,99=g,2=l,45=u,56=a,25=t,19=u,54=r,09=f,36=l,14=r,16=n,46=s,35=e,59=q,55=i,94=b,04=d,96=o,8=t,24=p,34=c,29=a,4=k,86=y,69=z,9=w,49=h,65=m,64=x
1	753	-2.818332	7	38	weioeistadogalirsiies|lpieuuintenseeicliieeeennotreesei|uioleiieetiede|iieieiicenesie|diieuxacesleiiuinihe|wleeieceiiciiuiineedeure|weimideai|wldiiieealaleiu|liieaeipsgsoieetiede|lenriquieaisaleiniealdimine|krireiceiedieuiu|eeireuieneicurezipaleiiicldcbuieeclducisiiderainialeiciireiealeeii|fdderamisiies|dolerayisiies|leiieetieiide|eeiraisdieimiiceintsleeneii|eslipa|kentleideieseineauelexeielesideresiuaiedeslieu	15=s,3=e,1=i,30=s,99=r,2=l,50=a,24=g,90=o,19=d,56=a,25=t,0=w,54=r,09=t,36=o,14=n,16=n,46=c,35=e,45=u,59=p,60=c,55=i,94=h,64=x,04=d,96=m,8=u,34=p,29=m,10=q,4=k,80=b,69=z,9=f,49=y,65=l
1	754	-2.765519	5	39	eiuesietaapetrespielin|oetelmoiuieiilctliiiimunyeiins|wlntiliitliui|qliailmeimilli|ulierreciietsualafi|etisnesmoualmiidirei|esmauio|eseliiroetsd|tliestiehieiaiitliui|timplexianrtsmaietuateui|rbeiressetlr|iseiraiuiredeneiretilmesmederainetuconluirauartimeleiaietiil|zudireteielin|kpetirdeielin|tiliitlilui|iinrellesmnresmontiiuil|iiestr|wimotsuilinsuirritipsiginauieinuaaidiiesir	15=n,3=i,11=l,0=e,99=p,21=s,45=r,2=t,61=a,55=a,31=s,19=u,54=e,09=y,36=n,14=u,16=m,46=c,51=l,35=i,25=o,34=t,91=e,4=w,5=q,94=f,56=r,04=d,01=o,96=m,8=d,24=h,81=x,41=b,86=c,9=z,1=k,65=g,64=p
1	755	-2.650029	8	45	qiuisenduparcsten|eiomlleesseelftteeeelsarmeeni|xlateteetlede|wleietnelelle|dtesmafestisilthe|qteienilcsilleedesme|qibidec|qriteentatio|tteaiospseteetlede|tikiayetnntilieatditise|spmeiniiiols|eimesieseinomaioatitntdngsieentducntdestsintintmeieateet|zddematisten|dutesdisten|teteetletde|eimatliedtinilenteeset|esron|xeletidelenisensetemierenidemensitedesres	15=n,3=e,11=t,30=s,99=c,21=r,50=a,24=p,90=u,19=d,56=n,25=e,31=i,0=q,54=m,09=r,36=a,14=s,16=l,2=t,46=f,51=l,35=e,34=o,91=i,4=x,60=n,55=i,5=w,94=h,61=t,64=m,45=s,04=d,01=c,96=b,8=o,81=y,10=a,69=k,41=p,86=u,80=g,9=z,65=r
1	756	-2.717926	7	37	ieiieleitnlunanlueilles|pbleaalateteieetclleeeeatsqueesel|alecelleetleie|rlerelaieaesle|illeunaimeenellaralde|neelsielaillarlaeegeaue|ielorieil|nillleentnelr|plleielyeiheisleetleie|peaullirlenllrcelarenirllte|wuluenieleileala|eeluearetenirueoleanellanloiriaresnifilsllieunllarceailluereneell|xigeailleilles|luneaikleilles|pelleetlellie|eesailsilelosnielatldeetell|eenlyn|welcdelieleseltenamezelecesrieueslanlegeenlea	15=s,3=e,1=l,0=i,99=u,02=n,45=a,56=n,25=t,19=i,54=u,09=q,36=s,14=t,16=a,62=c,35=e,59=b,2=p,55=r,94=d,46=m,04=g,96=o,8=r,24=h,34=y,29=l,4=w,86=f,69=o,9=x,49=k,52=d,65=c,64=z,32=m
1	758	-2.716906	8	44	eiterieenserensielia|futailfiuieiiupliiiilunmaiiar|ziipilioiiti|biieiileiliiii|tliasreqiierueingi|eirnerlhueiliioirai|eryetih|enuliisferm|xliertiedieinioiiti|xilsledisleprleienpauui|rwaiserrutir|iraireiuisemanuireillenyemereinetchaltiaslrepilelaieieiil|stoireuielia|kseirouielia|xilioiilti|iiareliuryaseilpiaiiuil|iients|zrpartiiiaruisroitriciaetiaiauenioiienir	15=a,3=i,11=l,0=e,99=s,21=n,45=r,02=e,61=n,55=e,31=r,19=t,54=a,09=m,36=n,14=u,16=l,62=p,35=i,25=f,51=i,34=t,91=u,32=o,4=z,5=b,94=g,46=q,56=s,04=o,01=h,96=y,8=m,24=d,2=x,52=a,95=p,81=d,41=w,86=c,9=s,1=k,65=c,64=t
1	760	-2.876849	2	37	ieilutaimuraurequils|rwlaaiotlieilifriinnosdcunioi|aidtiintilel|nlnlioiolsl|eiluaaufnutiianoee|urnidiiouiianioncgne|iirnelui|ureiiinatutip|riilileureudintilel|tomiiuplaisationlurenxiie|yuiulailelaia|nseanlslaumezlautiiourirupuanldureduisiiiquaisnatouisenlutlii|heclauxluils|imurlaukluils|tiintiliiel|nsauiselirsaiiotstoieii|nuriga|eottielilioiienbordeidosnelesiaalcnurla	15=s,13=l,1=i,0=u,93=q,19=e,2=r,45=a,99=m,56=a,25=t,03=i,53=o,33=n,54=u,09=c,36=d,14=s,16=o,46=f,35=l,43=e,59=w,23=t,55=n,34=g,04=c,96=r,8=p,29=x,4=y,86=d,69=z,85=m,9=h,49=k,64=b
1	761	-2.775495	5	45	cscinaestoiricnier|rkettilalieclidriiuultnynuioi|tinriiuailsl|ieililcllre|sienetsanriitilse|wruinciiuiitiilusdie|cipiiqii|wrsiiiueriria|riilcidnonniuailsl|rlcipaeeireriifoirsisiie|xninlecesetit|uretilieiugemidiriiiursuasiooursauiriiiqneitieriuiinloirlii|hitenisinier|strniminier|riiuailiisl|uiniirseiprecilarroieii|znride|elarislilioiieiborneinorisleriteinenret	15=r,13=e,1=i,30=n,99=c,2=r,50=i,24=o,90=t,19=s,56=e,25=a,03=c,53=o,33=u,54=n,09=y,36=n,14=t,16=l,46=d,35=l,43=e,45=t,59=k,23=r,55=i,63=a,04=s,34=d,60=u,0=w,93=q,96=p,8=a,29=s,65=f,10=p,4=x,69=m,85=g,9=h,49=m,3=z,64=b
1	762	-2.628202	5	47	rcraeaillealeacymai|taouueaoutenusainneurpunin|kurdinauece|wueouereeia|baauclesnediliect|ednrenemuiuenmoit|enticem|esaincteand|aierateatrlnauece|delierelicaneieeacifit|lquecennaoul|nitlieuecestzaledieestedeliereachmiicelluicdemitieedei|gcmelefamai|bleaelexamai|dinaueice|nileiuanticenetiaenti|nesoc|tetanceauoitipoartanniuyunulcamneaal	15=i,13=a,01=m,93=y,19=c,2=a,0=e,45=l,99=l,61=l,55=i,03=r,31=n,33=n,54=u,09=p,36=r,14=u,16=e,11=i,46=s,51=u,43=t,53=o,34=o,91=a,25=t,35=e,23=d,4=k,5=w,56=c,1=b,04=m,96=t,8=d,21=s,29=f,81=r,41=q,86=h,69=z,85=s,9=g,49=x,65=n,64=p
1	764	-2.756106	4	39	irieanaipolormaies|wzellicneiuienqiieecnlpreiui|lildiieniere|teteicicese|rieralaceadiiltcru|oeiliicaiilticedftu|iistreai|oriiieanadig|wiieieuoualieniere|dcpiiageaisadicteortyiiu|krireaierelil|esulteneaaouteladiicoisagaltelormaisiiimraintadcaisuteadeii|hrdelayeaies|ipoelabeaies|diienieiire|eslaisreissaiicnsduiuii|eoifa|ucndireieiuinealxluilustreusilaedeoel	15=s,13=e,1=i,0=a,93=m,19=r,02=o,45=l,99=p,56=a,25=n,03=i,53=u,33=e,54=r,09=p,36=l,14=n,16=c,62=q,35=e,43=u,59=z,2=w,23=d,55=t,46=c,34=f,04=d,96=s,8=g,29=y,4=k,86=m,69=t,85=o,9=h,49=b,32=x
1	765	-2.740104	4	44	cecelaiemisiemlenu|zqnssetatenctsdeecctsabscele|seateecaetet|enetetcttun|eensisuolteeseten|iceaceedeeseetcuren|cegeenie|ieeentditea|zeetcerlxlaecaetet|ttmemanieuitetetieereen|hsesticnenses|cunsetenedonperiteetiedysetaieadeueeensieseitedeestlittee|kewnsirelenu|ewtsipelenu|teecaeteeet|cesieueneguicetautlenee|cieri|ntateetetelestisfanealueetnuesinucins	15=u,13=n,1=e,30=l,99=m,02=i,45=s,56=i,25=a,03=c,19=e,53=l,33=c,54=s,09=b,36=a,14=s,16=t,62=d,35=t,43=n,59=q,2=z,23=t,55=e,63=o,04=u,34=r,60=d,50=i,93=n,96=g,8=a,24=x,29=r,10=m,4=h,80=y,69=p,85=o,90=w,9=k,49=p,32=f
1	766	-2.650372	7	49	ntnecuesclctquer|mhellatolinistarraspourre|leteealiti|xliolanaire|kteurlibrisaluati|isepieausularocui|ielutiu|intarrycen|maineiciipealiti|sasainerauteauictumai|lzuirieetcll|rriluisirifidelisaainliniluipctduratilesursauriuiisia|wtoilimeuer|ksciligeuer|meealiati|rrlialtelrrnatlpieia|rincr|iaysaqliresirlapiedeulquellreorcel	15=r,13=e,01=u,93=q,19=t,02=c,45=l,99=s,61=e,55=u,03=n,31=e,33=r,54=u,09=o,36=p,14=s,16=a,11=a,62=t,35=i,43=i,51=l,53=o,59=h,2=m,32=a,5=x,23=s,0=i,46=b,56=r,91=t,1=k,34=c,04=o,96=l,8=n,25=y,21=n,29=m,41=z,86=d,69=d,85=f,9=w,49=g,52=p,65=d
1	769	-3.046683	5	23	qlidliaueensdurouifaiilie|uxilrereiinueleiralleirnuiillllinirlnyerllieli|reilnuliillueilesle|eeileeleiitlinleieil|siilerenrornlauliireeeinsrl|qulliltliitiireeeiinlarlreerl|qlsneesloi|qusiiillenuoulp|uiilolilrauralnillueilesle|ulinfiicileniieenuliineelouseemiirl|rerierleetlilsilreire|llierlreeeleirleencerlhilrouliiitustgreeeleltuiktiieiislereniireeenulitiierleeloulleii|widrleromiaiilie|sduleroziaiilie|uliillueileiisle|llieroiiesilsnieetliinueieulelirlii|lauilren|rlinueulisleileieliirleenrelulnrlilnelieeeslerlieireeniarlauilre	5=e,1=i,3=l,30=a,99=f,2=u,50=o,4=r,90=d,19=s,6=n,0=q,09=y,59=x,60=t,18=p,29=m,08=c,98=k,80=g,69=h,9=w,49=z
1	770	-3.218671	2	24	risruirollcmroalrymireul|oldialaletolinairiinatoeiiiucaitplaiulu|anitoieiionilsil|lnilliletrutinni|seilaltalratiiroieallntsai|roiuitrietreallletiiraiallai|ristllsilz|rydeiiltolroiq|oeilruiairoairiciionilsil|outmerfiltelltoietllilrosllbeai|alklailltruudianal|iulaialllinailltglaitdialrouetrostgralllilitryxtrelesilalteallltoutrelaillilroiile|hsrailalrodireul|wmroilalradireul|oieiionilesil|iulalrendisclltrietonloiluaie|iiryialt|autolousininlieailltalioitauitlulllsilaunallciraiiryial	5=l,31=u,11=e,0=r,3=i,99=m,21=y,4=a,2=o,61=c,19=s,09=p,6=t,51=n,91=d,01=z,18=q,29=b,81=f,41=k,98=x,08=g,9=h,1=w
1	771	-2.983622	4	29	znmntellucmeesantanl|elsielelaueliretiireueaiiinoeiupleinln|eriueiaiierilcil|lrillilatnuirri|cailelueseuiteiaellrucei|zeinitiataelllauiteiellei|zicullcilk|zasaiilueseig|eaisnieteetioiierilcil|enwsfdiluallueiaullisecllbaei|elxleilltnnsierel|inleielllireilluyleiusiesenatecthelllilitaqtalacileluaellluentaleilliseiila|smeilesestanl|cmeilesestanl|eiaiierilacil|inlesarsicolltiauerleilneia|itaielu|enuelencirirliaeilluelieiueniulnlllcilenrelloteitaiel	5=l,31=n,11=a,30=t,99=n,21=a,50=s,4=e,2=e,90=m,19=c,6=u,0=z,3=i,09=p,61=o,51=r,91=s,60=t,01=k,18=g,29=b,81=d,10=f,69=w,41=x,98=q,80=h,08=y
1	772	-2.981122	5	22	nerneletiialotuitloenlleli|qxleuiuillcieilueneeiluclleeeelalueabiueeliel|uilecellesileirei|iileiieillanelaeilile|rlleiuiauinuaeetelluiiilarue|teeleanellanlluiiillaeenueuiiue|neraiireinl|trllleeicitep|qlleineleuetuenealesileirei|qelaollyleialliicellaiieitriifllue|uiuliueiianelerleuilui|eeliueuiiieilueiiayiuezleuitelllatraynuiiieieatlhanllillreiuialluiiicelanlliueiieiteeill|krnueiuinflenlleli|loteiuinglenlleli|qellesileillrei|eeliuinllirleraliianellcildeieluell|eetleuia|uelcdelreileiliellueiiauiseaueleaieliiireiueliluiialenueetleui	5=i,1=l,3=e,0=n,99=o,02=t,4=u,6=a,19=r,09=b,62=c,59=x,2=q,32=s,18=p,29=f,08=y,98=h,69=z,9=k,49=g,52=d
1	773	-3.038221	7	27	wuifuiuslleixselsixriiuil|kqiueleliialulieruulieaiiuuuuieieuezleuuilui|eliuauiiutliulcul|lliulluliiauieuliliu|ciiuleleeseeuusuiielllieceu|suuiuauiiaiiellliieureuelleu|wucellcusi|sciiiuulalsub|kiiusuiueuserueiutliulcul|kuiexiioiuleiillauiiellulsclldiieu|eleileullauiuciueliel|uuileuelllulieulleoleuhiuelsuiiiescayellluluesimaiiliiculeleiielllauiaiileullulsuulii|gifeulesdiriiuil|ixsulespiriiuil|kuiiutliuliicul|uuilesiilciuceillauiialinuluieuii|uusiuele|euianuiculiuliluiieulleeltueeuiueluilllculeuilielleireuusiuel	5=l,1=i,3=u,30=r,99=x,02=s,4=e,6=e,90=f,0=w,09=z,62=a,59=q,2=k,19=c,32=t,60=a,50=s,18=b,29=d,08=o,98=m,80=y,69=h,9=g,49=p,52=n
1	774	-2.935923	6	28	cenceetiipotlichoecuei|wideliliuriesleceeslrueeeeplesmileeie|lsereuenseinei|iseiieiuscesesse|nueilisliclseeteuliissnle|teeesceusculiiiuseecleliile|censiineif|chdueeiritez|wueiceeletlecepenseinei|wesoucbeisuiireusiieitniikule|lixileiisceedelsli|eeileliiiesleiisailesdeliteustnsacliiieieschascuiuneilisuliiirescuileiieiteeiu|qncleilitdecuei|yoteilicldecuei|weuenseiunei|eeilicusdenpiisceursgeieleu|eechelis|lergenesesieuleiislinesleesieiiineilesliipecleecheli	5=i,31=e,11=u,0=c,3=e,99=o,21=h,4=l,02=t,61=p,19=n,09=m,6=s,62=r,51=s,91=d,2=w,32=n,01=f,18=z,29=k,81=b,41=x,98=a,08=a,9=q,1=y,52=g
1	775	-2.901573	8	34	pnknuniistneretdlni|hicueieiloiuieduuieoluuunseulxieunin|eiuoulutiuiaui|iiuiiuilanluiiu|aluieilereluunuleiiilaeu|nunuaulaleiiilludeueiieu|pualiiauio|pecluuioinum|hlurnueunedusutiuiaui|hnyczquilliioulliiuinaiibleu|eiwieuiianncueiei|unieueiiiuieuiilsieulcueinnllnaageiiiuiuaeualilauieilleiiionalieuiiuinuuil|ckeuieincdlni|ftnuierecdlni|hulutiuilaui|unierlicuasiiauloiruineul|udeueil|enornauiuiiuleuiileitulenuliniiiauienieiisdeudeuei	5=i,31=n,11=l,30=d,99=t,21=e,50=r,4=e,02=n,61=s,3=u,90=k,0=p,09=x,6=l,62=o,51=i,91=c,2=h,19=a,32=t,60=a,01=o,18=m,29=b,81=q,10=z,69=y,41=w,98=u,80=g,08=s,1=f,52=r
1	776	-3.055783	1	25	acaueteenipetreetcdeiuie|tkurereiintmeileseirntiissinilnyersimi|reunfiisteueide|eeuemeiinaizeieu|ciuerenreernsefiireeeincl|etsunaiineiireeeiinselreel|acneeideei|etciiisenteefo|tiueauletlanisteueide|finpiibueniieenfiinemeetceexiil|rerieleenaucureire|sielreemeileenbelhureefiiinetcnbereemmnetigneiieiiidereniireeenfineiielemeetseii|wcelereexueiuie|ipefereequeiuie|fiisteueiiide|siereeiiecucnieenaiinteiefmilii|seturen|lintefiideueimiileenrmfnlunmieeeidelieireenuerseture	5=e,1=i,13=u,0=e,93=d,19=c,2=t,4=r,99=p,6=n,03=a,53=m,33=s,09=y,43=l,59=k,23=f,63=z,18=o,29=x,08=b,98=g,69=h,9=w,49=q
1	777	-3.027975	4	31	nunerclliuxcitcegreael|cqailileeiceleirsleiiceesseieaikliseee|ilaireesclaletl|llaleleeineslela|uealiliitisrreeillleiua|hcsaineeneeillleesrailla|nuillette|hcueeeslictro|cealnaircaniesclaletl|reigeedalieellireeiletcullmeea|ilielallinauaileil|selailleleallidlafaitreeencunbilleenceyneeleeetlilieeilllireneelaletcslee|wexalitmereael|uxrlitpereael|reesclaleeetl|seliteeluauiellineeiclelreeaee|zrcaili|aeiclreetlaleeeealliieriaaieellletlaeleillierarcail	5=l,1=e,13=a,30=r,99=g,2=c,50=t,4=i,90=x,19=u,6=i,03=n,53=e,33=s,09=k,43=a,59=q,93=t,23=r,63=s,60=n,0=h,18=o,29=m,08=d,98=y,80=b,69=f,9=w,49=p,3=z
1	778	-2.766794	5	34	ntnenuiisonuuinutanlli|ufeuiuilousreniruoyeilseopielil|uieotliuierai|iieisilonlarie|wkeiuiouinuointluiirote|nuieonlonluiiiloineuiie|ntoiraig|nykliiouintq|yeineenuensiuierai|uloolreioliiotloisinutiicle|uixieiioneteurui|hlieuiisreiioriedeuinullonutornuiissonymonlrlaiuioluiiioulonlieisinuiil|btneiuincenlli|wontiuinzenlli|tliuierlai|hliuinlitetsiionlouritilel|inueuio|ulouitlaiersleiioustoeeoiliiraiulruiioenuinueui	5=i,31=l,11=l,0=n,93=a,19=t,2=u,4=u,99=o,61=s,13=e,03=n,43=e,09=p,6=o,33=i,21=y,51=r,53=s,59=f,23=t,63=a,91=k,1=w,01=g,18=q,29=c,08=r,41=x,98=m,69=d,3=h,9=b,49=z
1	779	-2.773496	7	37	dngnaeiilageedomaini|ezueieiiletseasselousnoclbicnin|eiuluiseiusti|iiuitiirnnsiu|kmuieiledenauieiislac|desullirieiiiinaceiic|lalistic|domisiledux|ouilueaecloseiusti|enlmipuiliiiluilitdeaiihic|eificiilluauesei|wniceiitsciilpicquedenirearreiittroyrisitieilieiiilenriicitdesii|mgciedemaini|aguiedemaini|uiseiusiti|wniediiauaoiillilesiuinci|waeueil|enleiuitiusticiiletulculiniistienseiioacaeuei	5=i,31=n,11=i,30=a,99=m,21=o,50=d,4=e,2=e,90=g,19=a,6=l,0=d,43=c,09=b,61=o,33=s,13=u,51=s,53=t,59=z,93=t,23=u,63=n,60=r,91=m,1=k,03=l,01=c,18=x,29=h,08=p,41=f,98=y,80=r,69=q,3=w
1	780	-3.013777	3	28	sdsetuuniptautdorieiu|wkeauauiimluiercuiamiiccinienquacili|auenaiesueuiou|uueuluiinsixuiue|dieuaunaurancraiiauuuinde|tcensiinriiauuuiincreauue|sdnuuiouri|tdiiicumuray|wieuseetesnesueuiou|ainpiigeuniiuunaiinulutduuniie|auaiueuunsedeauiau|ciueauuluieuunguebeauraiiintdngrauullntifnriiuiiiouauniiauuunainriiueulutcuii|zdreuaurnerieiu|iprauaurherieiu|aiesueuiiiou|ciuauriiudedniuunsiimuiualieii|cteaun|eimuaiioueuiliieuunalaneenliuuuioueiuiauuneracteau	5=u,1=i,13=e,0=r,93=o,19=d,02=t,4=a,99=p,6=n,03=s,53=l,33=c,09=q,43=e,62=m,59=k,2=w,32=s,23=a,63=x,18=y,29=n,08=g,98=f,69=b,9=z,49=h
1	781	-2.875727	3	32	atauseenirsresireiuie|hkurereiicleiredeirciiddiniunperdili|reunsiuieueine|eeueleiinaimeieu|tiuerenrarmesiireeeintu|sdunaiioiireeeiimeureeu|atneeinai|stiiidecasq|hiueauusuanuieueine|sinriifueniieensiinelesteetiiu|rerieueenautureire|dieureeleiueenfeuxurasiiinstobreellnsigoiieiiinereniireeensioiieuelesdeii|ziwueratieiuie|twserayieiuie|siuieueiiine|dieraiietutnieenaiiceiesliuii|dsuren|uicesiineueiliiueenrlsnuunlieeeineuieireenierdsure	5=e,1=i,13=u,30=e,99=r,02=s,4=r,6=n,03=a,19=t,53=l,33=d,09=p,43=u,62=c,59=k,2=h,93=n,32=i,23=s,63=m,50=a,60=o,18=q,29=t,08=f,98=g,80=b,69=x,90=w,9=z,49=y
1	782	-2.754896	8	37	dcdesiiorsuisclaiui|bkeuiuiinmalasauecesuoletiluiu|uienuenieali|iieimiieaumaie|woeiuieuiauesadiuiiaecl|sseedieaiuiiiiesaluiil|dceialiq|acoisiniadr|ceidelsldeenieali|bueriteieiiiedieimisciiyil|uixiliiedeceuaui|zuiluiimaliietilfeuisuiescetauiimmeacheaiailiuieiuiiinueaiilimissii|pcaliuiayeaiui|wradiuiageaiui|buenieaili|zuiuiaiicecoiiedinaidiuli|sseuie|uunidilieamiliieumdeleeiuiialiuuauiieeausseui	5=i,31=u,11=i,0=a,93=l,19=c,02=s,4=u,99=r,61=o,13=e,03=d,43=l,09=t,6=e,33=s,21=c,51=a,53=m,62=n,59=k,2=b,32=n,63=m,23=d,91=o,1=w,01=q,18=r,29=y,08=t,41=x,98=h,69=f,3=z,9=p,49=g
1	783	-2.620793	7	40	tptiseepasrotaaise|xwirereinneralerstilspusfeuses|reinsiceiede|eeieneiesmeei|kmieresrormauireeespu|slistieireeeimaureeu|tpseedeq|gtmilenoub|tietiusutsiceiede|xssaidiesieesuisenespeehiu|receueestipirere|zseureeneueesdeuoiressissperreennetleieideresireeenseieueneslei|myueresmaise|pyuerormaise|xsiceieide|zseroiepippeestineeuesui|lsires|rsneuideieniueesrnusuiseseeedersereeparlsire	5=e,31=s,11=i,30=a,99=a,21=t,50=o,4=r,02=s,61=p,13=i,03=t,19=p,43=u,09=f,6=s,33=l,51=e,53=n,62=n,59=w,2=x,93=d,32=c,63=m,60=e,23=u,91=m,1=k,01=q,18=b,0=g,29=h,08=d,41=c,98=l,80=r,69=o,3=z,90=y
1	784	-3.071671	4	25	elselileteenicepeeticleiilie|tkiraeiinteleulelleuntiillllinulnyallieli|zeilntliillteilesle|eeileeleiinelinleieil|siilaemeonlletliueeeinibl|etllilneliineiueeeiinlloreal|elsneesleei|etsiiillenteetlh|tiileelirleplelnillteilesle|tlinciidileniieentliineeleetseexiul|zaialeenelilsireue|lliareeeleuleendalgireetliiinetsndoeeelelnetiqneiieiislaeniueeentlineiialeeleetlleii|wsolaeexileiilie|icetlaeefileiilie|tliillteileiisle|lliaeeiiesilsnieeneliinteietlelulii|lletiren|zlintetlisleileieliuleemeltlmlilnelieeeslalieueenilolletire	5=e,1=i,3=l,0=e,99=c,2=t,24=p,6=n,19=s,54=a,09=y,14=u,34=r,59=k,4=z,94=b,04=o,64=m,18=h,29=x,08=d,98=q,69=g,9=w,49=f
1	785	-2.996111	8	29	wuifuioleennfmaligoiiuie|lkiteeiinleuerouuernliiuuuuinrunpeuuieui|zeiunluiiuuleiuenue|eeiueeueiiauinueieiu|niiueesetnuoluireeeiniqu|wluuiuauiiaireeeiinuutteeu|wunneenuai|wlniiiuuenlaluy|liiuauitomouniuuleiuenue|luingiiciueniieenluiineeualneesiru|zeieueeauiunitere|uuieteeeuerueenceuxitaluiiialnncteeeueualibaiieiinueenireeenluiaiieueeualuueii|hntueasioiiuie|nflueadioiiuie|luiiuuleiueiinue|uuieaiieniunnieeauiinleielueuruii|uoliten|zuinleluinueiueieuirueeseulusuiuneuieeenueuiereeniutuolite	5=e,1=i,3=u,30=o,99=g,2=l,50=a,24=m,90=f,19=n,6=n,0=w,54=e,09=p,14=r,34=t,59=k,4=z,60=a,94=q,04=t,64=s,18=y,29=s,08=c,98=b,69=x,9=h,49=d
1	786	-2.979800	5	30	ninntinseetengenceinate|sealieauseieriniierusaiiituriuhiitet|ksiusiaiissienie|esieeieauntuissi|naiiefebuiinstreestoi|nsitiuniaupreeeauiibleii|ninueeniep|ncaaiieusensix|saientlinginitiissienie|stueandieuaeeusiaueeiensneesari|kewiieeunttalere|itileeeierieeumiiualenstaunsnumbeeeieiuncyunaeaniietreeeustunaiieeiensiiea|znbiiensainate|qensiiebainate|siaiissieanie|itienasainteeuniaussesieiria|iincleu|ktusestnisisetrieefeisiftiueteeeniitereetibiincle	5=e,31=t,11=a,0=n,3=i,99=e,21=c,24=g,61=t,2=s,19=n,54=i,09=h,6=u,14=r,34=l,91=a,51=s,4=k,94=o,04=b,64=f,01=p,18=x,81=d,41=w,98=y,08=m,9=z,1=q
1	787	-2.888480	8	35	blpliniienpfaooiuli|niardiuenieilieeilenueeeleleetdelil|qseeneueenseinei|iseiieiuuleesse|nuediciteeinlliisrze|bneleueuemliiiueeetride|beneiineim|boaueeienaneg|nuealrifiereenseinei|nlhaydeieuiieneueiieanniinale|qikdeiiullarili|eldriiieileiiesdeearanluunnestiiieieuoxuuiunedirliiienluudeiieaneeiu|wntedanaiuli|npneditaiuli|neueenseiunei|eldausaenriiueuensineieleu|eiorie|qleninlnesesilleiicienecleeiliiinedliliireteiori	5=i,31=l,11=u,30=i,99=o,21=o,50=a,24=f,90=p,19=n,6=e,2=n,0=b,3=e,54=d,09=t,14=l,34=r,91=a,51=s,4=q,60=u,94=z,61=r,04=t,64=c,01=m,18=g,81=d,10=y,69=h,41=k,98=x,08=s,9=w
1	788	-2.925552	8	29	nerneleniialentinleenlleli|wzladilluieiceneeiculleeeelaceaodeeliel|kileuellesileirei|iileiieillanelaeilile|rlledimitaeenelciiilalhe|neeleanellanlciiillaeetaide|neraiireinl|nrllleeiuineq|wlleinelaentenealesileirei|welaellyleialliiuellaiieinriiflce|kdldeiianelerlaici|eeldaiiieiceiiaydeplainelllanraytiiieieanlbanllillredialciiiuelanlldeiieineeill|xrtedinflenlleli|lenedinglenlleli|wellesileillrei|eeldinllirleraliianelluilseiecell|eenlaia|keluselreileilielceiimisemeleaieliiiredeliciialeteenlai	5=i,1=l,3=e,0=n,99=e,02=n,24=t,6=a,19=r,54=d,09=o,14=c,62=u,34=a,59=z,2=w,32=s,4=k,94=h,04=t,64=m,18=q,29=f,08=y,98=b,69=p,9=x,49=g,52=s
1	792	-3.030654	3	31	sosunieetiangenionniuie|iwidseiitileirneemtiiieeitirtzseili|peutaiieieueine|eeueleiitsiceieu|oiusefertenaimeeeitor|nieutsiitnimeeeiiterdeer|soteeineni|nioiiieetienaq|iiuesurnirstieieueine|aitaiibuetiieetaiitelenioeetiir|psiereetsuoideme|eisdeeleireetberyidenaiiitniotbreelltniihtniieiiinsetimeeetaitniierelenieeii|konrsentuniuie|ianasenxuniuie|aiieieueiiine|eiseniieouotieetsiitieiealirii|eniidet|ritieaiineueiliireeflatrutlieeeineriemeetureniide	5=e,1=i,13=u,0=n,93=n,19=o,2=i,24=g,99=a,6=t,03=s,53=l,33=e,54=s,09=z,43=r,14=m,34=d,59=w,23=a,4=p,63=c,04=r,64=f,18=q,29=t,08=b,98=h,69=y,9=k,49=x
1	793	-2.923760	6	36	asainleessoyelignicie|lxinteiislieunleusliillisirsatliii|qecstiilleceide|eeceieiisaioeiec|sictederontiueeeissr|wllcsaiiciueeeiislrneer|asseeidei|wlsiiilesleth|liceainnlrasilleceide|tisgiiucesiieestiiseielseemiir|qtiereesacsineue|litneeieireesuerbinetiiiclssureeiiclipciieiiidtesiueeesticiiereielleii|kiorteminicie|sottefinicie|tiilleceiiide|liteiiescssieesaiisleietiirii|znlines|risletiideceiiiireeditsrcsiieeeiderieueesinrnline	5=e,1=i,13=c,30=n,99=g,2=l,50=e,24=y,90=o,19=s,6=s,03=a,53=i,33=l,54=t,09=a,43=r,14=u,34=n,59=x,93=d,23=t,4=q,63=o,04=r,64=d,60=c,0=w,18=h,29=m,08=u,98=p,69=b,9=k,49=f,3=z
1	794	-2.829817	8	38	iaiueriiumezierateeni|riordielrcslecialoucnullyilnin|kiulsecriusti|iiuicielentsiu|houdidinlcernaiislal|erculielmaiiielcnriil|ialistim|eooecilriesp|ouiiulerliucriusti|rnlmefuileiilselicieraiipel|kiwiliilennoriai|gndriicsliilfillorierneleralfniiccleobleesetdiuaiiilrnleeiliciercie|xaeldiepueeni|hmesdiequeeni|secriuseti|gndieeiauauiilielrsisinle|ceoril|knlrisetiusceliidcslluliniistdniaiilunceori	5=i,31=n,11=e,0=e,93=t,19=a,2=r,24=z,99=m,61=u,13=u,03=i,43=l,09=y,6=l,33=c,21=o,14=a,51=s,53=c,54=d,34=r,91=o,23=s,4=k,63=t,04=n,64=d,1=h,01=m,18=p,29=p,08=f,41=w,98=b,3=g,9=x,49=q
1	796	-3.008693	5	34	otoiaeeilscheataclile|xkldrellmnelucnelmllnnliluiprnlnl|yeiieligeielae|eeienelliolzelei|tlireserincelleeelitu|aniiolliclleeellinrdeeu|otieelaecl|atlllnemeceq|xlieoiuauoiigeielae|elislluieilleeiellieneateetllu|yrleueeioitldele|nlrdeenelueeiueuoldecellliatiureennialficllelllareilleeeieliclleueneanell|wtcurecticlile|lscerecbiclile|eligeielllae|nlreclletitileeiollmeleenlull|naldei|ulmeellaeielnllueesneiuiinleeelaeuleleeiirnalde	5=e,1=l,13=i,0=c,93=a,19=t,02=a,24=h,99=s,6=i,03=o,53=n,33=n,54=r,09=p,43=u,62=m,14=l,34=d,59=k,2=x,32=g,23=e,4=y,63=z,04=r,64=s,18=q,29=t,08=u,98=f,69=o,9=w,49=b
1	797	-2.956279	5	37	aianseeuichesiouinie|wkidreiilsemucemliicciuiluyrcisi|zenuninteneide|eeneseiiuaimeien|iinretermunimeeeiuil|scnuaiioimeeeiiucrdeel|aiueeidei|siiiicelenq|wineanlslaunteneide|niuoiigneuiieeuniiuesesieepiil|zrieleeuaniideme|cirdeeseileeugelaideniiiusiugreessusiboiieiiidreuimeeeunioiielesesceii|xiclrepiuinie|icnrefiuinie|ninteneiiide|cireiieiniuieeuaiileiensilii|csideu|lileniideneisiileetsnulnusieeeideliemeeunrcside	5=e,1=i,13=n,30=u,99=o,02=s,24=h,90=c,19=i,6=u,03=a,53=s,33=c,54=r,09=y,43=l,62=l,14=m,34=d,59=k,2=w,93=d,32=t,23=n,4=z,63=m,04=r,64=t,60=o,50=e,18=q,29=p,08=g,98=b,69=a,9=x,49=f
1	800	-3.127063	1	24	aecaeieamonidamramideaiies|mkierriintuileaeuilnmiieeeeinilenableesei|rienmeiieetiucu|oieouiinaeinusie|ciiurnralneeameiiroincle|ameeienaeiinaiiroiineealelole|aecnocuai|amciiieuntameq|miiuaeieleamleaenieetiucu|meindiipiuniionmeiinouamcofiile|rlsleonaeiecierir|eeslerouileonaylexierameiiinamcnparouenamignaisiicurniironmeinaisleouameuii|wcalurafieaiies|idamurahieaiies|meiieetiuiicu|eesraisciecnionaeiintsmueileii|eeamiern|leintmeicuiuseiileonremenleiezesoculesiloniealeeamier	15=s,3=e,1=i,0=a,99=d,2=m,45=r,6=n,55=o,19=c,4=l,95=b,35=u,25=t,59=k,18=q,29=f,08=p,98=g,69=x,85=y,9=w,49=h,65=z
1	801	-2.993437	5	29	heideincasedclacixniier|cziessiistuilneuilsciieeeeisilenyleerei|siesceiieetiueu|aieauiineisurie|eiiusslalsenceiisaisele|hceeieneiiniisaiisenlelale|heesaeeai|hceiiieuscaceq|ciieaeielnclnesieetiueu|ceisxiikiusiiasceiisaeaceamiile|slrleaneieeiesis|eerlesauileantlebielaceiiincenosauencipniriieussiisasceinirleaeaceuii|widlulaminiier|edculaginiier|ceiieetiuiieu|eerlaireieesianeiistrcueileii|enciess|leistceieuiureiileassecesleieferaeulerilasinlencies	15=r,3=e,1=i,30=n,99=x,2=c,50=a,4=l,90=d,19=e,6=s,55=a,0=h,95=y,60=n,35=u,25=t,45=s,59=z,18=q,29=m,08=k,98=p,80=o,69=b,85=t,9=w,49=g,65=f
1	802	-2.764460	3	30	aisaniausgrautapriania|toittnetiliiaiilieuniiingiieafiiian|ilieuiniiulese|kliseneaneilli|snetetaieiiauinislesii|auinieaineantsneiiaiiisii|aisessed|aponieetauix|uneaniiiauiiaigiiulese|unernayeenseuineseausscnii|tiaiiseannoiilt|iiaiitsiliiseaqiieoitaunneausebatseieaphedansetentseunedaiiseauien|zsaietauoiania|wrauetaioiania|uiniiulense|iiatanloisgseainetaueniin|iiapite|inetunsileainiisetiuieinimiasseinlisgiaiiiapit	15=a,3=i,11=n,0=a,99=r,21=p,45=t,2=u,61=g,55=s,31=n,19=s,4=i,95=f,6=e,51=l,25=t,91=o,35=e,5=k,01=d,18=x,29=c,81=y,98=h,08=b,85=q,9=z,1=w,65=m
1	803	-2.742017	5	34	zlylouseryuiomhouit|naissuenilioiilieuuiiiltiiaxiiitl|ilieuiuiiulere|gliseualeilli|rueseioieiouiuislerii|zuiliaiuaussueioiiisii|ziresrec|zmauieeuouir|uuioliiouioitiiulere|ulkawdeeuseuiuesioursquii|sitiisallaiils|iitiissiliisabiieaiiouluauransseiampectureseusseulectiisiouieu|ayieiouaouit|ryueioiaouit|uiuiiuleure|iitioulairtsaiuentueliiu|iomise|ilenulriletiuiisesiuieilifitsreillistoiiomis	15=t,3=i,11=u,30=o,99=h,21=m,50=o,4=i,2=u,90=y,19=r,6=e,55=s,31=l,0=z,95=x,60=a,61=t,51=l,25=n,45=s,91=a,35=e,5=g,01=c,18=r,29=q,81=d,10=w,69=k,98=p,80=n,85=b,65=f
1	804	-2.851479	5	28	uesuelensalanenlaeullet|kwleeellanilreueilrclleeeelalreaudreetel|elecelleenlisi|slesillauelaitle|sllieaeuraeenelleslasre|neeleauellaullesllaeeurersre|uesassiul|nsllleianneq|klliuelerenreuealeenlisi|kelaallgliallscellasinssollre|ertresauelesleele|eetreesilresauprebleenelllansaguesieanlfaultllsieallescelaultresineill|ysurieuoleullet|lanieuxleullet|kelleenlillsi|eeteultslesalsauellanlhielrell|eenleea|relchelsilitellresaemearelezetssiretlrsaleureenlee	15=t,3=e,1=l,0=u,99=a,02=n,45=e,6=a,55=s,19=s,4=r,95=d,62=c,35=i,25=n,59=w,2=k,18=q,29=o,08=g,98=f,69=b,85=p,9=y,49=x,52=h,65=z,32=m
1	805	-2.817490	7	33	qlirlilaleitasaituiils|wzilssiieceiiuleiioiillllieiilabillsli|siloliillcieue|lilleiialieesil|uiieseiniellaliislieuil|allilaliiaiisliieluililil|qluelulni|auiiileecalh|wiilnlililaiuleillcieue|wlietiifieeiiloliieleaulxiiil|sisillaliluilsis|llsilsleiilladilyilsaliiieauansleleaimaisiiueseiisloliaisillealeii|kirieinxiuiils|itaeingiuiils|wliillcieiiue|llsinisuilueilaliieciteliilii|llailse|iliotliueiesliiillespleililrlslueilsiileiuillails	15=s,3=l,1=i,30=u,99=t,02=a,45=s,6=e,55=l,90=r,0=q,4=i,95=b,60=a,62=o,35=e,25=c,59=z,2=w,19=u,50=n,18=h,29=x,08=f,98=m,80=n,69=y,85=d,9=k,49=g,52=t,65=r,32=p
1	806	-2.727608	6	34	uenuletsdytsunyeuiet|gressiugelieueeliaieeeldieuuoieetl|ileaeieclene|xleseiuuluelle|niesusuiueeteiislunie|teleuueiuuissiueeuieisie|uenusnea|unrieeugtem|wieuleietieuedeclene|wluyiuheuisaeiusetnspiie|sitiesuullreils|eetiesseliesuurieurestliutnuousseeuunquatinesuissaluatieseteei|bnuiestreuiet|kytesuireuiet|weiecleine|eetsuilrendsuueialfeliei|eeunesu|ilaflneleteiiesusceuilezetsneillisdeuieeunes	15=t,3=e,11=i,0=u,99=y,21=n,45=s,02=t,61=d,55=s,31=l,19=n,4=i,95=o,6=u,62=a,51=l,25=g,91=r,35=e,32=c,5=x,01=a,18=m,2=w,29=p,81=h,98=q,08=o,85=r,9=b,1=k,52=f,65=z
1	807	-2.822547	8	39	dupuisilysurcytrio|naittranimutiimusriiiuluiexuiiou|umisiriemene|kmiiereuaimmi|nretauruaiisiruimanui|siuieirertiraituiuiui|dinainem|dcarieansid|friruiuisutiliemene|fuwaphearisiraiesnibrui|tuouiieuuaiumt|iiouitiimuiiequiaaitsurasnectieieclamornetartisuamouiiesier|apuetsatrio|zyseuruatrio|firiemerne|iiourrmainlieirsmoeuuir|itcita|uusounimeoiruiiateiauuigioineuumuiltuitcit	15=o,3=i,11=r,30=t,99=y,21=c,50=r,4=u,02=s,61=l,55=i,31=u,90=p,0=d,95=x,60=e,62=s,51=m,25=n,6=a,45=t,91=a,35=e,19=n,32=e,5=k,01=m,18=d,2=f,29=b,81=h,10=p,69=w,98=l,80=c,85=q,1=z,52=o,65=g
1	808	-2.944137	1	29	dodaetleixetretobeiam|tyarriiesuiaduitetiissieiaeektsini|raeniissiuou|laluiiedieuma|oiiurereteseniirlieoa|etsaediieeiirliieseatla|doelouei|etoiiauesenp|tiiudaaetadeissiuou|niexiifiueiileniieluetolciia|rtmaledaoarir|smarluialeehazareniiieetoefetlnneetigeeimiioureiirlenieeimaluenuii|woeturecaeiam|ixetureqaeiam|niissiuiiou|smreimoaoeilediiesmnniaii|setare|aiesniouiuiniialetnneaaenmlouamitleaetsetar	15=m,13=a,1=i,0=e,93=b,19=o,2=t,45=r,99=x,6=e,55=l,03=d,53=n,33=s,4=t,95=k,43=a,35=u,25=s,59=y,23=n,18=p,29=c,08=f,98=g,69=z,85=h,9=w,49=q
1	809	-2.852987	4	37	tatiunreawnioniruice|nbclliieslictliieniissieicopisiti|lceniissilal|rcrliietielec|aiilleioiuuniilrieac|fnscetiioiilriiuucirc|taerigoi|fnaiiclenonq|niiltciuncteissilal|nieriihileiireniiatonarmiic|liecretcaclil|seclrlicroyczcioniiionaoxirttonidoieiialleiilrenioieiltonlii|kiwiliomiuice|awnliomiuice|niissiliial|seioieacaeiretiiesenticii|duncle|ciesnialilitiicreitnecceteralceiireiucuncl	15=e,13=c,1=i,30=u,99=r,2=n,50=o,4=i,90=w,19=a,6=e,55=r,03=t,53=t,33=s,95=p,60=o,43=c,35=l,25=s,45=l,59=b,23=n,63=u,0=f,93=g,18=q,29=m,65=a,08=h,98=d,80=x,69=z,85=y,9=k,49=m,3=d
1	810	-2.845940	2	36	dudeeslonesresuadea|sqerroisuilesinixescoliepnsac|reirossitut|leltoiecitae|uotrireniseronliiul|esseidoieorloiselnll|duilutd|esuoetiberg|sotdelesldossitut|scinoeytioliroiltesulfol|rnallideuenir|salnluilliezlherescoiesuitenluuiexwidaoutriorliscidallterto|kuentrefedea|cnestremedea|rossitout|sardaueuolidoibastclo|seseri|ncibscuteiuollinurileiualutncinlieenseser	15=a,13=e,01=d,93=a,19=u,2=s,0=e,45=r,99=n,61=o,55=l,03=d,31=c,33=s,4=n,95=p,6=i,43=l,21=x,51=i,53=u,11=o,59=q,35=t,23=r,18=g,25=b,29=f,81=y,98=w,08=t,69=h,85=z,9=k,49=m,1=c
1	811	-2.872815	4	42	xrlrmidelliauilzsin|icissteiaramuraeniuraeocaunr|siestuirele|didetoreeni|lteseauammstadrele|xiuientotsdtmmeade|nledles|xiltieeiusq|iteniamienauirele|irkhppeetdestfauildote|sanedeniliars|uneadaredoyekiauirtoilogadaaondesntlesetsdeiresnaeauset|hlaeauoisin|llieaubisin|stuiretle|unssnliladentetnieret|wmiise|aretirleiratedeaaseeieandlearradamemiis	15=n,13=i,01=s,93=z,19=l,2=i,50=u,4=a,90=l,6=e,55=d,30=m,31=r,0=x,33=u,95=c,60=o,43=e,61=a,21=n,51=r,53=a,11=t,45=s,59=c,35=e,23=s,63=m,03=n,18=q,29=o,65=f,81=p,10=p,91=h,69=k,98=d,80=g,85=y,49=b,25=t,3=w
1	812	-2.944607	3	31	dsdeielifinismaiet|qzenniilsairdaickiinnilirlahcnioi|neluiinsiasa|eeeaiildilate|siianlnaclnauiineilsr|ineldiilaiineiilnarcer|dslesaai|isiiealsaux|qiiaderirdlinsiasa|uilfiirialiieluiileaisetiir|nctreldesenin|ntrneairelabryenauiiilislraceooliiplaitiisanliineluilaitreaauaii|wsacanateaiet|ifianageaiet|uiinsiaiisa|ntnaitseslieldiilstuoirii|nienl|rilsuisaiaioiirelcoulrelotesarticeleacnien	15=t,13=e,1=i,0=a,93=m,19=s,02=i,45=n,99=f,6=l,55=e,03=d,53=o,33=n,4=c,95=h,43=r,62=k,35=a,25=s,59=z,2=q,23=u,18=x,29=t,08=r,98=p,69=y,85=b,9=w,49=g
1	813	-2.833020	3	36	lnlocuiehcncehteoc|wbonneeirseilseapeetteieilyatede|noireetresns|uouseeileisco|neesniauastreenueini|ctoileeleenueestiaui|lniueque|cneeospura|weesloicilietresns|reiheedesieeuireeiuscnumeei|naciuilononen|tcinuseiuloigoaureeeicnleauddicefleceensnieenuirelecasdursee|kezasaumeteoc|ehcsauxeteoc|reetreseens|tcauecnonieuileeircrdeiee|tconi|ieirrensesedeeiuiadriioidcunsiceauietatcon	15=c,13=o,1=e,30=t,99=h,02=c,45=n,6=i,55=u,03=l,19=n,53=d,33=t,4=a,95=y,60=l,43=i,62=p,35=s,25=r,59=b,2=w,23=r,63=s,50=u,93=q,18=a,29=m,08=d,98=f,80=e,69=g,85=o,90=z,9=k,49=x
1	814	-2.714782	6	40	dsdesandstssurec|hwettepralitaluxetonluieltco|tepoemaisi|aeaieuiouice|seitutiluticelaausl|steudeuietaeutillal|dsuasir|sseeiunicq|heidelslduemaisi|houdeikiueauceuaissamel|tlclaudeselat|tcllaralauiolyetsoeussubilarruixsurcesituetapourclaiicie|gsilitimerec|zdsitiferec|hoemaiesi|tctrcsesnaudepapiole|tsetu|lopposiearelaulrculeurcasiloalaueiltset	15=c,13=e,01=r,93=u,19=s,02=s,45=t,99=d,61=n,55=a,03=d,31=o,33=t,4=l,95=e,0=i,6=u,43=l,21=x,51=a,53=r,62=p,11=e,59=w,2=h,35=i,32=m,23=c,18=q,25=n,29=m,81=k,98=s,08=b,69=y,85=o,9=g,49=f,1=z,52=p
1	815	-2.654102	5	44	dndeaitfauandrea|xzeuuilmasetaseretlttoystal|uellesaini|ieiiioleiae|niiuesuspecisiaent|ateedioiuiipetsit|dneinir|anieiluco|xiidetatdeesaini|xlhkmwieiiecieiianipit|usatiedenesau|tatsimationtheualieanossimmornerainiueiuillerasimucii|kbsisuperea|qfaisugerea|xlesaiini|tauranentiedilacilti|taeue|sllclnieamitiesmceteemainislasitestaeu	15=a,13=e,01=r,93=d,19=n,02=a,45=u,99=f,61=t,55=i,03=d,31=l,33=t,4=s,95=y,60=o,43=t,21=r,6=e,51=a,30=e,53=m,62=l,11=i,59=z,2=x,35=i,32=s,23=c,63=p,50=u,18=o,29=p,81=w,10=m,91=k,69=h,98=n,80=s,85=n,90=b,49=g,1=q,52=c
1	816	-2.830593	3	30	eiceilienueltennenltiellia|nklinnllesirieiirenlliiiileriemaiiail|nlienilliislici|uliuilleeileiali|cllinengeiienillnuleloi|eniilieeilleellnulleiiginai|eiceuciel|encllliieseniq|nllieilpiedieieliislici|niletllslielluenilleuiencuflri|zalaiueeiliclinln|iilainuiriuesaitlinenillleencesenuiieenlyeelallcinellnuenileellaiuieniill|wcginefliellia|lteninebliellia|nilliislillci|iianelaclicelueeillesaniirill|iienline|zilesnilciliailriueninihilixiauciaiarueligiienlin	15=a,3=i,1=l,0=e,99=t,2=n,45=n,6=e,55=u,19=c,54=a,09=m,14=r,35=i,25=s,59=k,94=o,04=g,18=q,24=d,34=p,29=f,08=s,4=z,98=y,69=t,9=w,49=b,65=x,64=h
1	817	-2.864396	7	35	kilsilansitsponltalliu|nqliuullirenaieninlliiiiliniimaiiuil|uliinilliirlete|sliselleilieuli|tlleuiuxiianilluslilci|kniilieillelluslliiixiuai|kitistiol|kntlllieinonib|nllioilyapaiiliirlete|nilitllfleillsinillisiontsolni|zalaiseilitliulu|iilaiusenisifaillyonilllenteduseienldelullteuillusinilellaisioniell|wtxiaoolalliu|tsniaorlalliu|nilliirlellte|iilaolutlitilseilliruneinill|ianliui|zilirnilteleuilnisiuinihiligiustiaiunsilixianliu	15=u,3=i,1=l,30=a,99=t,2=n,50=o,24=p,90=s,19=t,6=i,55=s,0=k,54=a,09=m,14=n,35=e,25=r,45=u,59=q,60=e,94=c,04=x,18=b,34=y,29=o,08=f,4=z,98=d,80=d,69=l,9=w,49=r,65=g,64=h
1	818	-2.674965	5	36	ueduseunulcunsutceuren|oiessrioedeueedinreeesideitreens|aceinereencede|kceueriusiecce|dresislieeunsducloe|uneseiueriursurieelesre|uediudeg|utireeiounef|nreusmeuxeueleencede|nsicrupeiruineriueundunide|syreuiussimcs|esresuedeuibreiiesunsriundibusueeiutaignrdesirsuinsiurreueuneer|qdlesunieuren|wcuneslieuren|nereencerde|eensurciedluiuerionneeder|eeutesi|asionsdecensdeuisenezsehenuderenduleleeutes	15=n,3=e,11=r,0=u,99=c,21=t,45=s,2=n,61=l,55=u,31=s,19=d,54=r,09=t,6=i,14=d,35=e,25=o,91=i,51=c,4=a,5=k,94=o,04=l,01=g,18=f,24=x,34=m,81=p,41=y,98=a,08=b,9=q,1=w,65=h,64=z
1	819	-2.707291	8	42	qihistrechaasesueo|nuerrueninseinetueeeieneexteeoi|bleeteueetlici|kleriunieelle|cuirerdeestinrlcme|qteieneunurrueeederte|qecercim|qsuueietatez|tueailsaseceetlici|tiwufpieureteuereatcrtune|roterniiullr|eiterrineresteeulatiuntcnarriensdemoucireurretinutereateiu|ycdetatusueo|chtirdusueo|teueetliuci|eitaulueccrneuenotieneu|essere|bienticelioinereretepiegeorceteonrcedesser	15=o,3=e,11=u,30=s,99=e,21=s,50=a,24=a,90=h,19=c,6=e,55=r,2=t,31=i,0=q,54=t,09=x,14=n,35=i,25=n,45=r,91=u,51=l,4=b,60=n,5=k,94=m,61=c,04=d,01=m,18=z,34=l,81=p,10=f,69=w,41=o,98=d,80=a,08=s,9=y,65=g,64=p
1	820	-2.755588	7	34	iesielensilonunloeillen|fyleuulliteteieetclleeeeliteioreenel|ulecelleetlese|sleselliielienle|slleuiulieenelluslilme|neeleiielliillusllieeleure|iesisseil|nsllleeitnea|flleieldeikeieileetlese|feliollaleillscellisenssulte|xrlresiielesleulu|eelreusetesiarezleunelllinsiaiuseeinlwiilnllseuillusceliillreseneell|qsleuiuleillen|loneuibleillen|felleetlellse|eenuilnslesilsiiellitlheetell|eenleui|xelchelseleneltesiugerelepensserentsileleenleu	15=n,3=e,1=l,0=i,99=o,02=n,45=u,6=i,55=s,19=s,54=r,09=o,14=t,62=c,35=e,25=t,59=y,2=f,94=m,04=l,18=a,24=k,34=d,29=u,08=a,4=x,98=w,69=z,9=q,49=b,52=h,65=p,64=r,32=g
1	822	-2.647620	8	41	testueiemaiutcaetied|cleuuincareteartieeeunrengneedu|hreteiesrasa|breeaintunerre|siaunulneeiurermfe|ieuenteintiueineeleune|tesnesas|tclieanciez|kiatueetpetemesrasa|kunaitmanieteineatcpolre|uwneentuuleru|euneueareenanenleuiuinisnatueaentconsdisauniuetuntineeaieai|xslauiletied|yaiaulletied|keiesraisa|eedutirlesmenteitroaerei|eetceun|hutouseradureenusequededesenedremeleetceu	15=d,3=e,11=i,0=t,99=a,21=c,45=u,02=i,61=m,55=e,31=u,19=s,54=n,09=g,6=n,14=r,62=t,35=a,25=c,91=l,51=r,32=s,4=h,5=b,94=f,04=l,01=s,18=z,24=p,34=e,2=k,52=o,95=p,81=m,41=w,98=o,08=a,9=x,1=y,65=d,64=q
1	824	-2.900088	2	34	rtraisitehislistoieau|swalleetcleurlatseesseteutnysere|latneesceltl|iaileetretlua|teelltletsineeliettu|issatreetieelieetsefiu|rttitlie|isteealtcinq|seelrauisurtesceltl|netheedelteeitneetilistimeeu|kyuuitratalel|suulileuitiouxalineeetisttdeirrtiseptieueetllteelitnetieuuilinlee|ztellimaieau|ehislligaieau|neesceleetl|sulieutatteitreetcunreuee|sisalt|uetcnetlelereeuibrntuatruitluuaitaesisal	15=u,13=a,1=e,0=i,93=o,19=t,2=s,45=l,99=h,6=t,55=i,03=r,53=r,33=s,54=y,09=n,43=u,14=a,35=l,25=c,59=w,23=n,04=e,34=f,18=q,29=m,08=d,4=k,98=p,69=x,85=o,9=z,49=g,64=b
1	825	-2.692981	5	42	tdtiorledumariroien|rhessiiepeiiteseriinnieiiealnici|seeniinpiede|leleiietieene|diiesesamoniisliedi|wrneetiioiisliienatli|tdelizai|wrdiieeeranc|riietitoriteinpiede|nieriifieeiileniixcardluiii|slniletedesis|nnisleiilobipitaniiiordefalccorigoiniideseiislenioiilecaneii|yiuilauioien|dunladioien|niinpieiide|nilaindedeiletiiepnnciiii|qorese|iiepnideieiciiilkcneieecnldeinsleioiores	15=n,13=e,1=i,30=o,99=r,2=r,50=a,24=m,90=u,19=d,6=e,55=l,03=t,53=c,33=n,54=l,09=a,43=i,14=s,35=e,25=p,45=s,59=h,23=n,63=m,04=a,34=t,60=o,0=w,93=z,18=c,29=u,65=x,08=f,4=s,98=g,69=p,85=b,9=y,49=d,3=q,64=k
1	826	-2.752822	5	43	stsitaiattantatpoin|azinnesaunuselsdilcauskmlnc|nisselanete|iiieestcseni|teensnosltaclinstu|talissesteniesloaiu|stsiteo|tateiesetsd|aeesiutausalanete|acstetreseissesietaticeu|wmnuistcchann|qcmaiunuistrumintacestatspoiuustdfsonetensenisacsonuietsee|gtoentcioin|xttaentyioin|selaneete|lnnontitaissesenaecue|ltains|wcseacteinueuibussuisuniteunlisioltain	15=n,13=i,01=o,93=p,19=t,2=a,0=t,45=n,99=t,61=a,55=i,03=s,31=c,33=l,54=m,09=k,6=s,43=u,21=d,14=l,35=e,51=n,53=u,11=e,59=z,23=s,04=o,34=a,18=d,25=e,29=c,81=r,91=h,4=w,98=f,08=p,69=m,85=r,3=q,9=g,49=y,1=x,64=b
1	827	-2.629265	7	48	piwionlelwmonlpatu|nhtrriennesderestriosetcrui|rtesirneele|ltleiuieeut|liererfmonirleels|pnrtediuirlierfils|dlellea|pnliteenosq|stoiionsdorneele|niktbleeilesignonlluis|xcusluiitier|zicilnesluysetioniiunleaflnnusceauilereirleniuicenosei|twscoutatu|lwscontatu|sirneeile|ruraultloledieduneisi|zontre|xiedniletenislansestenullesurloosontr	15=u,13=t,01=a,93=p,19=l,2=n,50=o,24=m,90=w,6=e,55=l,30=o,31=i,0=p,33=r,54=c,09=t,43=s,61=o,21=s,14=r,35=e,03=d,51=e,53=n,11=i,45=r,59=h,23=s,60=u,63=m,04=f,34=i,18=q,29=u,65=g,81=l,10=b,91=t,69=k,4=x,98=c,08=a,85=y,3=z,49=n,25=d,64=a
1	828	-2.838374	4	36	rireluildlaligcles|wreaallinelaresclloolilaixfolul|aeiollonleie|ueuellirliese|illeaianiocollauliia|loeirllicllaullionqua|riiuiecl|lilleeincom|wllerealarilonleie|olidllkleilluiolliueliudlla|yfsauireieala|osaauelauictateacollliliiknuuuillpiclsllieaillauioliclsauecoell|zineacdecles|ldleachecles|ollonlellie|osaclsieiiluirllinsoulall|oleai|alinolielelullaubuoiaeiusuieassuienolea	15=s,13=e,1=l,0=c,93=g,19=i,02=l,45=a,99=d,6=i,55=u,03=r,53=u,33=o,54=f,09=x,43=a,62=c,14=s,35=e,25=n,59=r,2=w,23=o,04=n,34=q,18=m,29=d,08=k,4=y,98=p,69=t,85=t,9=z,49=h,64=b
1	829	-2.764011	4	40	nrnlureiuutuiutila|qklttiieleiineypiissieiiehfsini|tlesiisliere|rlreiienieeal|riietetectsiitrieri|usleniioiitriiesepri|nrerigai|uriilepass|qiienliuineisliere|sieuiidieeiiresiiereurrciii|zfairenlrltit|saitreiiroximipasiiieuredernneuidoiaiireteiitresioiifenaseii|biwifacitila|rwsfamitila|siislieiire|sifaiarlreireniielasniiii|sulte|iielsireieiniiironseilenarreiayrelesult	15=a,13=l,1=i,30=t,99=u,02=u,45=t,6=e,55=r,03=n,19=r,53=n,33=s,54=f,09=h,43=i,62=p,14=y,35=e,25=l,59=k,2=q,23=s,63=c,04=e,34=p,60=o,50=a,93=g,18=s,29=c,08=d,4=z,98=d,69=m,85=x,90=w,9=b,49=m,64=o
1	831	-2.742088	7	47	nunelitflsluydeu|zwessoneurninireletribalue|seneesuiui|ieiioreiiue|uoisisailleniuiur|lleinorosioiladir|nuiiuid|luoeinctp|zoinerlrniesuiui|zealcxiioiitoiiiluimor|kaurireeldus|qeadieurirpraesleoiluimaieerroiduouisiosineroaiectio|lsracmedeu|ustachedeu|zeesuioui|lusduueutiinonutiero|llesi|kenteuieueorigetireieuiuiruniiealles	15=u,13=e,01=d,93=y,19=u,02=l,45=s,99=f,61=t,55=i,03=n,31=e,33=l,54=a,09=b,6=i,43=r,21=r,14=n,35=i,51=u,53=e,62=n,11=o,59=w,2=z,32=s,60=r,04=a,34=d,18=p,23=t,50=c,29=m,81=x,10=c,91=l,69=a,4=k,98=o,08=m,85=p,3=q,90=s,49=h,52=t,64=g
1	832	-3.082349	1	22	elcelalesinayesuiesayleaalai|swaluiuiarsiliaulelliamsaallllraudoiullaila|uiadslaallsialicli|iialiiliarelrliaial|caaliunuiemlleslaauiiircul|eslladelareaauiiiarlleuluiiul|elapiicliea|escaaallnsieslb|saalielalulesuledallsialicli|slryaafalnaainslariiliesciitaaul|uiuaiulinelalcaluiaui|llaiuluiiiliaulinfiulkaluieslaaresapfeuiiilidescheaaiaacliunaauiinslreaaiuliilieslliaa|gceuliuietaleaalai|ayesliuiezaleaalai|slaallsialiaacli|llaiuieaaicalapainelarsiaislilaulaa|llesalun|ulrsislaclialiailaaulinuilsduladilaiiicliulaiauinaleullesalui	5=i,1=a,3=l,0=e,99=y,2=s,4=u,56=n,19=c,09=o,36=d,16=r,46=m,59=w,96=p,18=b,29=t,08=f,86=h,69=k,9=g,49=z
1	833	-3.020307	5	27	wliylinaurcyaesaifniiliu|azileueuieauluienlluidaiilllleietquelliuli|euitaliillauiluclu|uuiluuluiialeluiuil|ciilueresdlnaliieuuuecel|wallilaliiaiieuuuielneleuuel|wliguuclsi|waciiillrasalh|aiilslilenaentillauiluclu|alefiioilriiuralieuulsacuumiiel|eueiueluualilcileuieu|lliueleuuuluielurouelsilesaliiiaacapeuuululaaixaiiuiiclueriieuuraliaiiueluulsalluii|biyeluesminiiliu|cyalueskiniiliu|aliillauiluiiclu|lliuesiiuciligiuualieauiualulielii|lnailer|eleaualicluiluiuliielureulatelituliuuuclueliuieurinelnaileu	5=u,1=i,3=l,30=n,99=f,2=a,50=s,4=e,90=y,19=c,56=r,0=w,09=q,36=t,16=e,46=d,59=z,60=a,96=g,18=h,29=m,08=o,98=x,80=p,69=s,9=b,49=k
1	834	-2.909668	2	28	sinsuisteemostresdoislue|teairerenteierisiiebtliiiumrcheriueu|rectiliiteienie|eeieeiensinieei|nliersresbiistilreeennri|stiucsunslreeeniisrireeri|sukeeniez|sdaliistestiq|tliesuiristrisimiiteienie|tinolsaislestuneeiestneeglri|rexeriessuuairere|iuerireeeieriespercairestilnsdkpsreeeiecstnyslelnierslreestinslerieeiestiiel|fnsrierestaislue|wostieresraislue|tiliiteielnie|iueresleainmessunteetieuril|iisdirs|rintetunieieeilriesreitcruceueeenieruereemisriisdire	5=e,31=u,11=l,0=s,3=i,99=o,21=d,4=r,2=t,61=m,19=n,09=h,36=c,46=b,51=e,16=n,91=a,56=s,01=z,96=k,18=q,29=g,81=a,41=x,86=y,08=p,9=f,1=w
1	835	-2.868273	4	33	batantlarttiemynual|tlceiliustleuineeustueeeafinqlieala|iunteueetuelrel|luelleluieseuue|rueliaiesenteuilllsrie|bteaeieuiuillusenieillie|bakllrell|bmcueeatetex|tueeaeintinefeetuelrel|tarchdeaulataslleetrllouie|ilzlielliaaceiuil|ealieillleuielaplinceietauitrigillleleimwiulureliauillataiulielleeteelu|ctielietcnual|rttelieicnual|teueetuelurel|ealieuucerflliastultelaieu|enmeia|iestltareueuleuielailetnianlalllreliauillfnienmeil	5=l,31=a,11=u,30=n,99=y,21=m,50=e,4=i,2=t,90=t,19=r,56=a,0=b,3=e,09=q,36=n,61=f,46=s,51=u,16=s,91=c,60=i,01=l,96=k,18=x,29=o,81=d,10=h,69=r,41=z,98=w,80=g,08=p
1	836	-3.056749	5	26	rtarteteilesenieestreetei|hxetninieecitientrttienceettttuenoyintteite|nietcteetbietiati|iietiitieurtutieiet|aeetinlnirktteteeniiiuant|etteorteureeniiieuttrntniint|rtediiatire|eaeeetticietq|heetirtetntentroetbietiati|htuseefetleeiicteuiitieaiimeent|nineintilrtetaetnieni|tteintniiitientilfintzetnieteeueedfrniiitioeagreeieeatinleeniiictureeintiitiettiee|warntinirmetreetei|esetinirpetreetei|hteetbietieeati|tteinireeiaetedeilrteeciestitentee|tteetnl|ntecsteatietieiteentilnibonteoiteiiiatinteieniletrntteetni	5=i,1=e,3=t,0=r,99=s,02=e,4=n,56=l,19=a,09=y,36=o,16=u,62=c,59=x,2=h,32=b,46=k,96=d,18=q,29=m,08=f,86=g,69=z,9=w,49=p,52=s
1	837	-2.880149	7	31	yiukiuileauclreluceuuiue|dzuirereuuneieureiieurnuuiiiisursperiiueiu|reuiniuuiteuierie|eeuieeieuuoisieueui|ruuierarthiiliuureeesrri|liiuioiuuouureeeusierireeri|yiuieeritu|lruuuiienelig|duuitiuirilresuiteuierie|discuumuiauueeniuseeielreeauuri|reruerieeoiuiruireure|iiuerireeeieurieamerifuireliuuslrobreeeieslunouueuurierauureeeniuouuerieeieliieuu|wukriertaueuuiue|ucliertqueuuiue|diuuiteuieuurie|iiuertuueruiuiueeoiuuneuxieiuriuu|iiluira|riunxiurieuieueiuuriearetsriuseiueeerieriueureaueriiluire	5=e,1=u,3=i,30=e,99=c,02=l,4=r,56=a,90=k,0=y,09=p,36=s,16=s,62=n,59=z,2=d,19=r,32=t,60=o,46=h,50=t,96=i,18=g,29=a,08=m,98=n,80=b,69=f,9=w,49=q,52=x
1	838	-2.786983	6	32	eiteniueesouteedoienne|weaitetenueiltieiiltuniiinstimetinen|tliuiniblietie|elieeilseisilli|tnietrteexiiuinteeestti|uiniensenteelsiietiteeti|enceetier|edaniieueuih|wnieenitiutieisiblietie|wisonefirneeunseeieuteeknti|tezetierennaitlte|inetiteeeiltierpetiaiteuinsedcpeteeeieiutgenentietrnteeeuisenetieeieuiien|qtetieteuaienne|youieteetaienne|winiblientie|ineteenlaitsereinulaientin|iieditr|tnuantilileintiertebitnieneeetietnlteesietiiedite	5=e,31=n,11=n,0=e,3=i,99=o,21=d,4=t,02=u,61=s,19=t,09=m,36=i,62=u,51=l,91=a,2=w,32=b,16=s,46=x,56=r,01=r,96=c,18=h,29=k,81=f,41=z,86=g,08=p,9=q,1=y,52=a
1	839	-2.795175	8	38	ylklineedonuenoisle|weoiueuesteiluiiilutsiiildurfeuilel|ulitisiblietie|elieeiesaiuilli|tsieusueriinisueeeutui|niliaisasueeluiiuiueeui|ylgeetiep|ynosiietenic|wsieliuinuiidiblietie|wlhommisseetlueeienteezsui|uedeuieealloiulue|ileuiueeeiluiespeuroiuenisuntaqueeeieiancasestieussueeetlaseuieeieniies|okuieuenoisle|xonieueuoisle|wisibliestie|ileuesloitdeeaistlaieluis|iinius|ultaltilileisuiesuebrulreleeetieullueediuiiniue	5=e,31=l,11=s,30=i,99=o,21=n,50=e,4=u,02=n,61=d,3=i,90=k,0=y,09=f,36=r,62=t,51=l,91=o,2=w,19=t,32=b,16=u,60=a,46=r,56=s,01=p,96=g,18=c,29=z,81=m,10=m,69=h,41=d,98=c,80=q,08=p,1=x,52=a
1	840	-3.016483	1	29	dcdeesunipesauescaeieiu|skeauauinsouireluissiillniatqualioi|auittiilsueuiau|uueuouindiyuiue|cieuanauesletiiauuuncr|eslitdineiiauuuinlerauur|dixuuiauei|esciiilnsuetf|sieuderesretilsueuiau|tnpiibeniiuntinuouescuumiir|auaiurundeceauiau|liurauuouirunburgeauetiinesixbeauuoutescheiiuiiiauaniiauuntneiiuruouesluii|wceruauemeeieiu|ipetuauezeeieiu|tiilsueuiiiau|liuaueiiuceixiundinsuiutoirii|lesean|rnsutiiaueuioiirunaostritoiuuuiauriuiauneealeseau	5=u,1=i,13=e,0=e,93=a,19=c,2=s,4=a,99=p,56=n,03=d,53=o,33=l,09=q,36=t,16=n,46=s,43=r,59=k,23=t,63=y,96=x,18=f,29=m,08=b,86=h,69=g,9=w,49=z
1	841	-2.905751	4	35	dlderinslhieriepreuen|iwueneneuiineertnefieettueenoneteie|enenceetinunetn|nnunineudesnenu|leuneseresrceeennnula|xitendeeleeennneesraenna|demnnetre|xileeetsirco|ieundueriernetinunetn|cupeeauseensceunirilnndeea|eneenansdulueneen|tenaennineansanaquerceeelillyenniiliebleeneeetneseeennsceleenaniritnee|zehanerdereuen|lhcnergereuen|ceetinuneeetn|tenereenluemensdeuinencieaee|kriues|auinceetnuneieeanseiinaeniennnetnaeneenserariuen	5=n,1=e,13=u,30=r,99=p,2=i,50=r,4=e,90=h,19=l,56=s,03=d,53=i,33=t,09=o,36=n,16=u,46=f,59=w,93=t,23=c,63=s,43=a,60=l,0=x,96=m,18=o,29=d,08=a,98=b,80=y,69=q,9=z,49=g,3=k
1	842	-2.738338	5	38	tutaieiiorieniieusiesi|ebaninudetuniruocarsonaminsis|nualereiausi|iiaitudisquia|whaincniiorileniiidun|ilsaisdieniiudrinniin|isyiusig|icherceiilp|caitanientoreiausi|ldrelaceicesditiieuiiden|nikinictauanuni|psinniituniclinfaniiledicyliniitiaieuxieuesinceniicldieinitiierie|zuininiidaiesi|wriliniimaiesi|lereiauesi|psiniieiuauoicisdeuilisne|rieanc|ndeilesiautenicnteansaisiiusinsunicainrieani	5=i,31=s,11=e,0=i,93=s,19=u,2=e,4=n,99=r,61=o,13=a,03=t,43=n,09=m,36=a,33=r,21=c,46=o,51=u,53=t,16=d,59=b,23=l,63=q,56=c,91=h,1=w,01=g,96=y,18=p,29=d,08=l,41=k,86=x,69=f,3=p,9=z,49=m
1	843	-2.716695	8	41	zeleceimeleusaycuei|exluiuadesaucsabalsemurdineie|uarauseilari|iilisiutetail|hnliumusutcauuiiiden|zaeroutuuiiiutcnuiin|zeiiarig|zanusmesaf|aliolucenomseilari|adyuolmuimeedisseeiipun|uikinimoleluaui|weinuiisanimoinpluseeuteetquiisstactuauriumuuiimeetuinissesiu|nlniusencuei|elaiusuncuei|auseilauri|weiusuielemiitedeaiaienu|wcelum|ndeiaurilasunimuseruerieiiariueauiimcncelui	5=i,31=e,11=u,30=c,99=y,21=a,50=s,4=u,2=e,90=l,19=e,56=m,0=z,43=n,09=d,36=r,61=m,33=s,13=l,46=b,51=a,53=s,16=d,59=x,93=r,23=a,63=t,60=t,91=n,1=h,03=o,01=g,96=i,18=f,29=p,08=o,41=k,98=c,80=q,69=p,3=w
1	844	-2.935031	3	32	tatseineceuieaduesei|kzsuiuieetrieluiieuteeiineushiuiere|uiesresoisiedi|iisirientefieis|aesiunuiugiureeuiiinal|eiestenueeuiiieniuluiil|tepiiediue|eaeeeiitiury|kesitslelussoisiedi|rnceeasneeinrenirieaiimeel|uiueilintsasuieui|ieiluiirielinailxsuiureeneepauuiiriseaqueeieeediuneeuiinrnueeilirieiiee|wauliuiumsuesei|ecuriuiubsuesei|resoisieeedi|ieiuiueeiasepeinteetieirrelee|iesun|letireedisiereelinuioslesreiiiedileieuinsuuiesui	5=i,1=e,13=s,0=u,93=d,19=a,02=e,4=u,99=c,56=n,03=t,53=r,33=i,09=h,36=s,16=n,62=t,43=l,59=z,2=k,32=o,23=r,63=f,46=g,96=p,18=y,29=m,08=a,86=q,69=x,9=w,49=b
1	845	-2.794016	3	35	oaoncesinclecinuinie|wfnleleiirdeiluueilriiuurilikeluidi|leiitinteneide|eenedeiroiseien|ainelslelsutiileeeral|cuiioiiaiileeeiisulleel|oizeeidei|caiiiuereth|wineonlcluinteneide|trniimnsiiestiredecaeexiil|lelielesonanleile|uielleedeilesmelonletiircaableedeicipaiieiiidelsiileestiaiieledecueii|qiylelexiuinie|aytelegiuinie|tinteneiiide|uieleiieaniziesoiireietdilii|ucnls|liretiideneidiilesletiliidieeeidelieilesiulucnle	5=e,1=i,13=n,30=u,99=n,02=c,4=l,56=s,03=o,19=a,53=d,33=u,09=k,36=i,16=r,62=r,59=f,2=w,93=d,32=t,23=t,63=s,43=l,50=e,60=a,96=z,18=h,29=x,08=m,98=p,80=b,69=o,90=y,9=q,49=g
1	846	-2.642631	7	41	nanseiitpetieauesci|gastitisfnaledarmsdcttedilcic|tisfcsuisaui|iisinalechais|qysitotierderstiiilal|erceeclestiialdeltiil|ecpiauio|emysdifiers|msinsleleesuisaui|rlpsisosiifclinieaiiksl|tiwilionsastati|bciltiinalioiilcstierslempietiinieeamesasuitostiiorlesiliniedis|xaelitieksesci|qperitiezsesci|gcsuisasui|bcitiesiasationsfairicls|desto|tcfirsuisansliotiuetceiciiauitcatiosetdesti	5=i,31=c,11=s,0=e,93=u,19=a,02=e,4=t,99=p,61=t,13=s,03=n,43=l,09=d,36=e,33=d,21=m,46=r,51=a,53=n,62=f,59=a,2=g,32=u,63=h,16=l,23=r,56=o,91=y,1=q,01=o,96=p,18=s,29=k,08=i,41=w,86=m,69=c,3=b,9=x,49=z
1	847	-2.727692	8	44	elesiiiomiersmleni|zdseieieantelatyssanoeufiunin|eisanshistri|iisinieinatis|mnsiederealteeiiitlu|ptnueeieeiiiealueiiu|pnwitrib|psneaiarto|ssiesuielushistri|ttmessdeiiantiniiliipeu|eixiuideslsetei|cniueiintuidsiuksertetiliceiinnisgieteriedeeiiianieiuiniiaie|nquieiinleni|lqtierenleni|znshisteri|cniereilsloideeatitinue|aised|enaiteristneuideihuenuiniitrienteiioleaisei	5=i,31=n,11=e,30=l,99=m,21=s,50=r,4=e,02=i,61=o,13=s,03=e,19=l,43=u,09=f,36=u,33=a,46=y,51=t,53=n,62=a,59=d,2=z,93=r,32=h,63=a,60=i,16=t,23=t,56=d,91=n,1=m,0=p,01=b,96=w,18=o,29=p,08=s,41=x,98=g,80=c,69=k,3=c,90=q
1	848	-2.953911	4	29	nernelentinlbnsintlbenlleli|txladilatieiueneeilctlleeeeauezdeeliel|qiletelleetileirei|iileiieilaneaeilile|rlleditinceenteluiiialhe|nteelenelanluiiilaeegaide|neloiireinl|ntrllleentintem|tlleinelaenseneleetileirei|teabllslenllintelaiieintriiflue|qdldeinnelerlaiui|eeldaiiieiueinsdeplaintellantlosgiiieientrknllillrednluiinteanlldeiieinteeill|wrgedinflenlleli|lbntedinylenlleli|telleetileillrei|eeldinllirlelolinnelatiliteieuell|eentlan|qeatitelreileilielueiitieteteleieliiiredeliuinlegeentlai	5=i,1=l,3=e,0=n,99=b,2=t,24=s,56=n,19=r,54=d,09=z,36=e,14=u,16=a,46=c,34=a,59=x,4=q,94=h,64=t,04=g,96=o,18=m,29=f,08=s,86=k,69=p,9=w,49=y
1	849	-2.882298	8	33	klislioientspaiixoiilie|izireeitielerolleiuiiilllltrcbellieli|heiciliillieiletle|eeileeleiialtleieil|tiileedauloilireeetill|killilaliiaireeeitllyreel|kligeetlai|kitiiillniailq|iiilaliropocillieiletle|iltxiiuilniieniliteelaiteenirl|heieleealiltirere|lliereeelerlenuelsirailiiiaiiguyeeelelaiimaiieiitlenireeniliaiieleelailleii|wtyleanioiilie|tsileafioiilie|iliillieileiitle|llieaiietiligieealitieieilelrlii|loiirn|hltieilitleileielirleedelildlicelieeetlelierenilyloiire	5=e,1=i,3=l,30=o,99=x,2=i,50=a,24=p,90=s,19=t,56=n,0=k,54=e,09=b,36=c,14=r,16=t,46=u,34=r,59=z,4=h,60=a,94=l,64=d,04=y,96=g,18=q,29=n,08=u,98=m,69=s,9=w,49=f
1	850	-2.784215	5	34	nesneentiimongindoensei|tiiarlutieileneelctseeeeulapreeie|wlateseetleisei|ileiieluneuelle|sseririnceenteliilmxe|nteeaneuoliilueetaire|nekiiseio|ndiseentinteq|tseineaengenemeetleisei|teuosnyensinteuiieintsiitile|wibreinneeiaili|eeraiiieileinfraiaintesundkftiiieiantsunsisserimliinteunsreiieinteeis|hsterintiensei|zonteritiensei|teseetleissei|eerinsliesminneutliteieles|eendan|weutiteselelieleiirietereaieiiisereiliimeteendai	5=i,31=e,11=s,0=n,3=e,99=o,21=d,24=g,61=m,2=t,19=s,54=r,09=p,36=a,14=l,16=u,46=c,51=l,34=a,91=i,4=w,94=x,64=r,04=t,01=o,96=k,18=q,56=n,81=y,41=b,86=u,08=f,9=h,1=z
1	851	-2.929182	8	39	zuxuoseulxmemconue|seidrlaseieroiilesniiiiardpriueu|hldsiniislielie|elieeienniailli|lnireteeiosureeltci|zsiuinuapreelaiigderi|zuseeliep|zminiiusesib|snieudomoitiislielie|suwikfiuneusuaeeiesleesiri|heyrieenuuidere|iurdeeeierieuardidesunnmsageeeieinmonnenliretreeusunnrieeiesiien|qlgiresionue|lxsiregionue|siniislienlie|iurenliilteenuaslesieirin|iomdu|hiasesulilileurieeteisitudeueeeliruereetigiomde	5=e,31=u,11=n,30=o,99=c,21=m,50=e,24=m,90=x,19=l,56=u,2=s,0=z,3=i,54=r,09=p,36=d,14=r,16=a,46=e,51=l,34=d,91=i,4=h,60=n,94=c,61=t,64=t,04=g,01=p,96=s,18=b,81=f,10=k,69=w,41=y,98=o,08=a,9=q
1	852	-2.836068	8	33	ierielenielaininlaeilleli|qklarilluieiueieeiuulleeeesultreeliel|xileuellesileirei|iileiieilsieseilile|rllericiizeeneluiiislge|neellielsiluiiilseetaire|ieloiireiil|nrllleeiuined|qlleiielaeineillesileirei|qesallbleelliiuelsiieinriiflue|xrlreieielerlaiui|eelraiiieiueiebreplainellsnlobtiiieilnrmillillrereluiiiuesillreiieineeill|wrteriifleilleli|laneriihleilleli|qellesileillrei|eelriillirlelolieielluilyeieuell|eenlae|xeluyelreileilielueiicisecellieliiirereliuieleteenlai	5=i,1=l,3=e,0=i,99=a,02=n,24=n,56=e,19=r,54=r,09=t,36=l,14=u,16=s,62=u,34=a,59=k,2=q,32=s,4=x,94=g,46=z,64=c,04=t,96=o,18=d,29=f,08=b,86=m,69=p,9=w,49=h,52=y
1	856	-2.863104	3	35	auaruiesipufeuiuluirie|iwireeinideinuceixiiiccnlsdecidi|keistiiciereile|eeredeinaizeier|uireeteuxcutileeenun|uicisainuileeeincoreen|aimeeileui|uiuiiicsieuth|iirearnuinusiciereile|tnpiiorsiiestinedeuiueegiin|keienesaruirele|ciereedeinesoenaireutiinuiimooeedesuiuyuiieiiilesileestnuiienedeuiceii|quuneeugruirie|iputeeubruirie|tiiciereiiile|cieeuiieurimiesainieietdinii|cuiirs|nnietiilereidiineetdisnisdieeeilenielesrocuiire	5=e,1=i,13=r,0=u,93=l,19=u,2=i,24=f,99=p,56=s,03=a,53=d,33=c,54=e,09=d,36=s,14=l,16=n,46=x,43=n,34=r,59=w,23=t,4=k,63=z,64=t,04=o,96=m,18=h,29=g,08=o,86=y,69=a,9=q,49=b
1	857	-2.974549	6	40	stsielustydeligeiaiu|lwiniuinllueeuuioliiuunechiuili|zuictiiuluauiou|uuauluinsipuiua|tiaiucumpetieuuuntd|kluicsiirieuuuinumnuud|sisuuioei|kltiiiusletq|liausinedeciuluauiou|tngiiaasiiustinuleltuupiid|ziiudussatinueu|uiinuuluidusaudminetiiirlisamuullrlibriiuiiioisieuustiriiuduleluuii|xiydiepieiaiu|tytierieiaiu|tiiuluauiiiou|uiieiiutaisiussinluiutlidii|felins|dnlutiiouauiliiduucllcdicliuuuioudiueusiedelinu	5=u,1=i,13=a,30=e,99=g,2=l,50=e,24=d,90=y,19=t,56=s,03=s,53=l,33=u,54=i,09=h,36=c,14=e,16=n,46=o,34=n,59=w,93=o,23=t,4=z,63=p,43=d,04=m,64=c,60=r,0=k,96=s,18=q,29=p,08=a,98=b,69=m,9=x,49=r,3=f
1	858	-2.700053	7	42	oeoleriiudediereteesi|ritaiacrlaseuapreuucnsmissis|kasneurilati|iililacespail|wtliiniepuersniiices|enssesconiiacumaiis|esfiatio|erteucrienq|rliolsersouurilati|ncdealceicrsciliereiixes|kihisicesstaini|zsiaiilasicaistaienecerfamiiliseregeeaetiiuniicnceeisilieruie|yeesiiexleesi|wdeniiebleesi|neurilaeti|zsiieeieleuicescrainisse|uerac|scrinetilalesiinlnnssisiiatisiniclmuerai	5=i,31=s,11=e,0=e,93=t,19=e,2=r,24=d,99=d,61=u,13=l,03=o,43=s,09=m,36=s,14=n,16=c,33=u,46=p,51=a,53=l,54=i,34=a,91=t,23=n,4=k,63=p,64=n,1=w,04=m,01=o,96=f,18=q,56=c,21=r,29=x,08=a,41=h,86=g,3=z,9=y,49=b
1	860	-2.783776	5	38	tatsresikuzeraluisie|ofitreiicdeiuueelciieenlibreidi|weiiaisdeseile|eesedeintimeies|aisreceuheuaileeenau|reiitinuileeeinenteeu|timeeileui|raiiieeceuay|oisetsuruuisdeseile|ankiipssiiesainederaeexiiu|wrieuestsaitele|eirteedeiuespeugiteuaiinrimpneedeiraquiieiiilrsileesanuiieuedereeii|pauureuxsuisie|ikuareuosuisie|aisdeseiiile|eireuiieasimiestiiceieadiuii|erits|uiceaiileseidiiueecediuiidieeeileuielessnerite	5=e,1=i,13=s,0=u,93=l,19=a,02=r,24=z,99=k,56=s,03=t,53=d,33=e,54=r,09=b,36=i,14=l,16=n,62=c,43=u,34=t,59=f,2=o,32=d,23=a,4=w,63=m,46=h,64=c,04=n,96=m,18=y,29=x,08=p,86=q,69=g,9=p,49=o
1	861	-2.834558	5	40	totslenombelipuisie|zwiireiisderuoersiiooprefroidi|yeieaismeseile|eesedeiptieeies|oisredeheuaireeepon|loietiiaireeeipohieen|titeeilsi|loiiioessaq|zisetiiubuesmeseile|appiicsniienaipedeloeeuiin|yrienentsoiiere|oirieedeinencenxiisaiiplitcheedeeligaiieiiilrnireenaiaiienedeloeii|cimnrsuiuisie|omarskiuisie|aismeseiiile|oirsiieositientiiseieadinii|oliin|niseaiileseidiineedemeniedieeeilenierensholiie	5=e,1=i,13=s,30=u,99=p,02=l,24=b,90=m,19=o,56=n,03=t,53=d,33=o,54=r,09=f,36=e,14=r,16=p,62=s,34=i,59=w,2=z,93=l,32=m,23=a,4=y,63=e,43=n,04=h,64=d,60=a,50=s,96=t,18=q,29=u,08=c,98=g,69=x,9=c,49=k
1	864	-2.959111	1	28	nernelennulhntantlhenlles|txleaalanelieneeldtlleeeealionfieesel|alotelleenlere|clecelaneaesle|rlleiuandeentellacarie|nteelonelanllaclaeenieicie|nelscrenl|ntrllleeunnteq|tlleneleientienoleenlere|teahllyleulsutelacentrcgllie|aisieunelerleala|eesieacelieunmiebleantellantlsynaceontrknlsllreiullicuteanlsiecenteell|zrnieanglenlles|lhnteanwlenlles|telleenlellre|eesanlsrlelssunelansteeliell|eentleiu|ieantelrelesellieuaetoielepescreieslaulenieentlea	15=s,3=e,1=l,0=n,99=h,2=t,45=a,56=u,25=n,19=r,4=i,95=f,36=o,16=a,46=d,35=e,59=x,55=c,96=s,18=q,29=g,08=y,86=k,69=b,85=m,9=z,49=w,65=p
1	865	-2.772966	5	33	keiaeinttlasursixniies|syieuuinteiuneeicsiieeeeniuelqueesei|uigseiieetiele|iieieiilenesie|liieuturcenseiiuinlue|kseeieleiiliiuiinenueuiue|keioileri|ksliiieetsrser|siiereieunsungieetiele|senxiipietistseinierslimiiue|uusueileielieuiu|eesueuieiueilfuezieurseiiilsllauieelsiblisiileutiiuitseilisueierseeii|wiaueurminiies|laseurhiniies|seiieetieiile|eesurislieioiileintsseeiueii|ensieut|uentseileieseiiuetuesgueiedesileuesiutinuensieu	15=s,3=e,1=i,30=n,99=x,2=s,50=r,4=u,90=a,19=l,56=t,25=t,0=k,95=q,60=l,16=n,46=c,35=e,45=u,59=y,36=g,55=i,96=o,18=r,29=m,08=p,98=b,80=a,69=z,85=f,9=w,49=h,65=d
1	866	-2.754208	3	34	eideriensutentestierin|caitalicilaieiilfnriiirualexaiinr|allniriinlede|qlisilieiiilli|dreautefiienirtsidai|enirlerierasliiieaiasai|erosdeo|esariiucenip|nreeriaienaieiuiinlede|niitreheununriseendsbrai|tanaeuerraialt|iinaitsilaeuezalaiteniriesoyetselendmonrdeaurasuniionaiseenier|wdeaetenaierin|kteneteaaierin|niriinlerde|iinterlaronuericnnerair|iiesiau|aiicnrdileniraeutinlariginsdearlasuieaiiesit	15=n,3=i,11=r,0=e,99=t,21=s,45=t,2=n,61=u,55=s,31=r,19=d,4=a,95=x,36=l,46=f,51=l,25=c,16=i,91=a,35=e,5=q,56=u,01=o,96=o,18=p,29=b,81=h,86=m,08=y,85=z,9=w,1=k,65=g
1	867	-2.793980	5	38	xtztrodeziitcyrueu|olerincoenireenmiueeetdienfieeut|inlieueeinses|wneasunecenne|eusiditmerieuraceie|xieteneunuiancerieiaie|xtmaeso|xclueedities|iuetteiriiredeeinses|itklpasduditcaetieaquie|riuieanttleinr|eeuieraenieangilleititunienbraseniepouuesiduiadiecouieaetiesu|lzisitilrueu|ezisitilrueu|ieueeinsues|eeuitunleedantcouistieu|erceid|iecoiteensueuisdreiliteheuaesitniadriercer	15=u,3=e,11=u,30=r,99=y,21=c,50=t,4=i,2=i,90=z,19=e,56=d,25=o,31=t,0=x,95=f,60=n,61=d,46=m,51=n,16=c,45=r,91=l,35=s,36=l,55=a,5=w,01=o,96=m,18=s,29=q,81=a,10=p,69=k,86=p,80=b,85=g,65=h
1	868	-2.762668	5	32	insinenioceditiednieenu|wzenttesoteeninteeueennnnseerirennune|tenuneennoetst|aenatesinstuen|seetectiknnineetassen|innerinesieetaesnnieneaen|inefastie|iseeenncoinq|weetinenenienirennoetst|wnsdeeaenceeaunesatisameeen|teuetcinensentet|nnuentateetcilengentineesiefaitatrishieueesteceetaunsieuenatintee|xsiettimenieenu|edittibenieenu|wneennoeteest|nnutieusenefucinesoentneenee|nnienec|eneunnestetuneeetctprenenynuastenuetceniennient	15=u,3=n,1=e,0=i,99=d,02=i,45=t,56=c,25=o,19=s,4=e,95=r,36=r,16=s,62=u,35=t,59=z,2=w,55=a,46=k,96=f,18=q,29=m,08=a,86=h,69=g,85=l,9=x,49=b,52=n,65=y,32=p
1	869	-2.782166	7	37	weireitsaisdudistiiec|qzieuuinsuirteuirniieeeenirelareecei|uieneiieesiueu|iieiuiilenucie|eiiurartyeedeiiuinere|deeieleiiliiuiinetrerire|weimieeti|deiiieeasdeg|qiieteieredrtoieesiueu|qensiifieaiiineiniudeioiire|urcreileieeieuiu|eecreuiuireilpremieudeiindelhuiuodibliciieuraiiuineilicreiudeuii|kirrurtoitiiec|isdurtditiiec|qeiieesiuiieu|eecrticeieimiileinsicueireii|eediera|reinceieuiuceiiruauxoreielecieureciuaitreedieu	15=c,3=e,1=i,30=t,99=s,02=d,45=u,56=a,25=s,90=r,0=w,4=r,95=a,60=l,16=n,62=n,35=u,59=z,2=q,19=e,55=i,46=y,50=t,96=m,18=g,36=o,29=o,08=f,98=b,80=h,69=m,85=p,9=k,49=d,52=c,65=l,32=x
1	870	-2.869636	6	38	ueiuleducpdeurpeurel|tyeeinstenieueenitreeelciaugieell|inetereannin|wneuensuesenne|irniseumeedereusiie|delaulsuriunseeuieiuie|ulcuinf|uryreestdeb|zrnuleiedieueceannin|zesprudesrutlsundiuprie|eilinsullyeine|eelieeueninsuoiayeedersurcqueunadixflrinisreutesflieundenr|kiuinedyeurel|hpdneuiyeurel|zereannrin|eeleurnylclsuertnonlier|eeureis|iltoliennlerinseaailemeluinilniuceuieeuree	15=l,3=e,11=r,0=u,99=p,21=r,45=e,02=d,61=c,55=u,31=l,19=i,4=i,95=g,36=a,62=t,51=n,25=t,16=s,91=y,35=n,32=a,5=w,46=m,56=s,01=f,96=c,18=b,2=z,29=p,81=d,86=x,08=q,85=o,9=k,1=h,52=o,65=m
1	871	-2.704142	8	43	tckciaeulailplusin|foisienfieiuiieissiiicuiiaxiiinc|ieisisitertr|geiersainieei|tsrieilqiiaissentii|aiciaisasieeniuiiieii|tcdetro|tposiiefair|ysilciiiaiuiuitertr|yccompiesescneratezsii|siniieaccoiies|iiniiseieiieanimoisaisnatabsermathonstriessesinoniierairs|okirsaousin|wlariliousin|yisiterstr|iinilseoitueaissearciis|iupiie|icsactiernisirestmicidinetriceieuuiiupis	15=n,3=i,11=s,30=u,99=l,21=p,50=l,4=i,02=a,61=u,55=e,31=c,90=k,0=t,95=x,60=a,62=s,51=e,25=f,16=n,45=s,91=o,35=r,19=t,32=t,5=g,46=q,56=e,01=o,96=d,18=r,2=y,29=z,81=p,10=m,69=c,86=h,36=m,80=b,85=n,1=w,52=a,65=d
1	872	-2.816672	1	33	rorieduimeslesoheiil|swillinduisruicsiittnietexetiri|litaiitdiuou|aiauinrnuli|oiiueulecteaiilanos|estitrineiilainteseas|rigaouei|esoiiitudeaq|siiurisessetitdiuou|anmiiniuiluainauesoapiis|leleuurioilil|tlslauieuuezsyileaiinesignelautesobeiliioueuiieauaneilsaueauii|koeeulepieiil|imesulefieiil|aiitdiuiiou|tlleiloiiglurindlarisii|tesieu|sndaiouiuiriieuuerstsitrlaousliluieetesil	15=l,13=i,1=i,0=e,93=h,19=o,2=s,45=l,99=m,56=u,25=d,03=r,53=r,33=t,4=e,95=x,36=t,16=n,46=c,35=u,43=s,59=w,23=a,55=a,96=g,18=q,29=p,08=n,86=b,69=y,85=z,9=k,49=f
1	873	-2.847440	4	41	eoeildromeileiklisa|ehsttinduiueuiceiiaaniundiaisi|tireiiadiuou|asauinenuas|oiiuirilisleiitanou|feaireiiniitaiisluiau|eipaixli|feoiiiarelep|eiiuesileilriadiuou|enkiicsriareiiqsleoaoiiu|tiaiuresostit|aautauiuanguysileiiineontiassneibniaiiouiriiiareiniaiusleuii|wimiuiloilisa|omeuilmilisa|eiiadiuiiou|aailiaosipareindaesiuii|zlesir|undeiouiuisiiiuriseruirsaaouuaitrilulest	15=a,13=s,1=i,30=l,99=k,2=e,50=l,4=i,90=m,19=o,56=r,25=d,03=e,53=s,33=a,95=d,60=n,43=u,16=n,46=c,35=u,45=t,59=h,23=e,36=r,55=a,63=s,0=f,93=x,96=p,18=p,29=o,65=q,08=c,98=b,80=t,69=y,85=g,9=w,49=m,3=z
1	874	-2.755853	3	42	ueuintrrmntontehcit|tkioelatslunelspiecreonzeetc|elosletliei|ylislauaiti|elieaonsensloraeu|nsconcanlerlaenueru|ncareic|npbleannsq|tliuiuntuuretliei|samlnfirtatcarinterplu|oeteiauieielo|etuersleiandunionslanpagnoriontemctleiealerasacturinsil|weneionpicit|xmntiondicit|sletlilei|etonllbcatancantticul|entiea|uantceiilsleiaestoecostreiecloaineentio	15=t,13=i,01=c,93=h,19=e,2=t,0=n,45=o,99=m,61=r,55=r,03=u,31=c,33=e,4=e,95=z,36=o,21=p,46=s,51=l,43=u,53=s,16=a,59=k,35=i,11=l,23=s,5=y,56=a,96=a,18=q,25=n,91=b,29=p,81=f,86=m,08=g,69=n,85=d,9=w,49=d,1=x
1	875	-2.540971	6	47	kuguictegeereecous|ezurenneineirnyfuruosthersu|enlairennen|mnninntnnsu|einetereliairsnes|kaultitirsilisess|kubseno|kfuirterap|eintueiestorennen|euauxmnostailireesdis|resenttueuenr|rssesinsstasauereuiteetdesiiteeposienetiestanosenirani|ugenerduous|egenerquous|airennien|rsroseueostuncsenusi|wieuet|snceuenuniienteieleulisseneunesoisieur	15=s,13=u,01=o,93=c,19=e,2=e,50=r,4=e,90=g,56=t,25=c,30=i,31=u,0=k,33=r,95=h,60=t,43=s,61=o,21=f,46=y,51=n,53=i,16=n,45=r,59=z,35=n,11=i,23=a,36=l,03=t,5=m,55=s,63=l,96=b,18=p,91=u,29=d,65=l,81=m,10=x,69=a,86=p,80=d,85=a,49=q,3=w
1	876	-2.771451	3	36	dldearricisilmaien|qkessilreiudeiudiiooliunasuoiai|sintiioriele|teteildlene|liieursapoatiistllu|ioindilaiistiloauutu|dictleai|iliiiorratz|qiiedeuiuanioriele|tlciiherinrtilteiltxiiu|sunuerdelesis|onusteiueraguyesatiiliichastenilfainiileuriiutrtlainuteateii|wlauesaxeaien|iciesabeaien|tiiorieiile|onsainleicnrdilrntaiuii|oieur|ulrtileieiaiiuersonuinantleunisreauoies	15=n,13=e,1=i,0=a,93=m,19=l,02=i,45=s,99=c,56=r,25=r,03=d,53=a,33=o,4=u,95=s,36=n,16=l,62=d,35=e,43=u,59=k,2=q,23=t,55=t,46=p,96=c,18=z,29=x,08=h,86=f,69=y,85=g,9=w,49=b,32=o
1	877	-2.719906	3	40	ueuiuasiodediouill|xbleeioasitusiepiinnoitsgenimi|eiiaiinaises|nlnsiouosll|eiiseserefuaiienoet|dniiuiisiieniifutent|uikniwri|deiilsprac|xiisultdeuiinaises|aooiiclsilsaionsdenriit|eelessuleleie|nltensitnshtyleraiiodespensiditsiliiesesiiensaisilesmrasii|qizeserriuill|iodsermiuill|aiinaisiies|nlerileliklsuioalamitii|ndles|toaaiesisimiiesseditiimlnestliesiuendle	15=l,13=l,1=i,30=u,99=o,02=d,45=e,56=s,25=a,03=u,19=e,53=m,33=n,4=e,95=g,60=s,43=t,16=o,62=p,35=s,59=b,2=x,23=a,36=i,55=n,63=f,50=r,93=w,96=k,18=c,29=r,08=c,98=t,80=p,69=y,85=h,90=z,9=q,49=m,32=d
1	878	-2.631829	6	45	aiauaisparaimoul|xwurrirneletesputssedefetls|rursuretit|yetnecactlu|iiteuresteniricil|ensdesceieiecteleil|esaiito|epnitudeno|xitaulaleduretit|ncpituuiirscitaiibil|reletuauiueer|tlleineetuezlhurenicepateritdaimoliiteuieiuncollitenti|kieetrebuoul|gpatrequoul|xsuretiit|tlreiensaluairectsli|taueu|esrcsituenieturrdesdnliiteseruueetaur	15=l,13=u,01=o,93=m,19=i,02=a,45=r,99=p,61=s,55=i,03=a,31=s,33=t,4=e,95=f,0=e,36=d,21=p,46=s,51=e,43=l,53=n,62=r,11=i,59=w,2=x,35=t,32=r,16=c,5=y,23=n,56=u,96=a,18=o,25=d,91=n,29=b,08=t,86=m,69=h,85=z,9=k,49=q,1=g,52=c
1	879	-2.623523	7	49	aeaitrdktatepoiu|qhiaaineserismoiisdunceius|ainsilsnen|zsnestatnui|einelesecroiarteu|xostainiaricrueru|xspreno|teiinnsof|qinaiutertilsnen|otkimilirnstrnterdiu|aeuenlaieiesa|iuueresurnauriesoittengarnttebouienelierlotouenesoni|ydenesdioiu|wktneslioiu|qsilsnien|iuesisyspulainsunsui|itiel|esnuseniseienlaltesteurenesserdreitia	15=u,13=i,01=o,93=p,19=e,02=t,45=a,99=k,61=d,55=r,03=a,31=s,33=i,4=e,95=c,60=n,43=u,21=o,46=m,51=s,30=r,53=e,62=n,11=i,59=h,2=q,35=n,32=l,16=t,5=z,23=o,63=c,50=s,56=l,36=t,0=x,96=p,18=f,29=d,08=m,86=b,80=g,69=r,85=a,90=d,91=y,49=l,1=w,52=u
1	880	-2.807235	3	34	eileiuietsuretleturieuuin|twuilluiterieieuxtuuiiiiirsoniiniu|lustiuuiituele|cuiceuieiienui|luuinslexiietiuulciuyi|etiiuseiuieuulcuiiiuilni|eiuacleeu|etluuuiistetip|tuueeiuoieziesuiituele|tiiruuduisunstiuiceetlcguri|bnuneseiuiluilul|iiunilceresdnikuiletiuuietuadelcesetlheunuulinsurcstiieuuniceetieuu|flueleguieuuin|uretelequieuuin|tiuuiitueuule|iinleunluiuanseiuitnteiriuu|iietuos|biittiuleueniureslitimiuiainclininulsuiuiietuil	15=n,3=i,1=u,0=e,99=r,2=t,45=l,56=s,25=t,19=l,54=n,09=o,36=s,14=r,16=i,46=x,35=e,59=w,55=c,94=y,04=u,96=a,18=p,24=z,34=o,29=g,08=d,4=b,86=h,69=k,9=f,49=q,65=a,64=m
1	881	-2.746451	7	39	qeimeintaumesdixniies|dyierrintetneeiudiieeeentobreesei|riodeiieetieue|lieleiilenesie|uiiercsuendeiirlnice|qdeeieleiiliirlineeperre|qeialuesi|qduiiieeadsdeh|diieseignenoieetieue|denxiidieaisadeinlesduloite|krirelleieuierir|eeirerleteadrezigsdeiiildulirleeldiflisiiueraitladeiliirelesdeeii|wupersoiniies|umderspiniies|deiieetieiiue|eeirsisuieiailleintsdeeteii|endiga|kentdeiueieseitearedeceiemeslueresiraiependier	15=s,3=e,1=i,30=n,99=x,2=d,50=s,24=e,90=m,19=u,56=a,25=t,0=q,54=r,09=b,36=o,14=t,16=n,46=u,35=e,45=r,59=y,60=l,55=l,94=c,64=c,04=p,96=a,18=h,34=g,29=o,08=d,4=k,98=f,80=i,69=z,9=w,49=p,65=m
1	882	-2.736239	5	40	eiteaiessdpessempieliu|diyaendeuieiiersliiiinuncaiiua|fensiliiseete|xeisieneinieei|tliatseriiesausedpi|esianeanouseniicisai|eaosteo|emiliitdesig|sleeayiebieidiiseete|sinplemedutsanseestssiui|sqaeteaaiyes|iaaisseuetlaniisesilnemolessenesthoultesdustsinelaiseesiel|ktcesesiieliu|wpesesciieliu|siliiseelte|iiuseleiaouteanduseiuil|iiemyt|findsatieeuauetsisiraiziustiaiuusdiciiemis	15=u,3=i,11=l,0=e,99=p,21=m,45=s,2=s,61=d,55=s,31=a,19=t,54=a,09=c,36=n,14=u,16=n,46=r,51=e,35=e,25=d,34=y,91=i,4=f,5=x,94=p,56=t,04=c,01=o,96=o,18=g,24=b,81=m,41=q,86=h,08=l,9=k,1=w,65=z,64=r
1	883	-2.722927	8	46	klolucsdometsurie|coiusaceauiistiriiiiaarquiiel|wsriiriiisede|psireraiaissi|dretpetiuilarsubi|kiilialamarsaiicitui|klhrdem|ktoriisieiif|irieliumuiuiiisede|ilzonneuesilarieidrioai|tguiralloist|iluitreaesduroieilraidantreiaidxmerdetuarsilaruirieiier|ydciueiourie|doietcourie|iiriiiserde|iluersoiduralaceieiair|iutis|wiacildiseelaestiiiplilierdiuiearuiciutit	15=e,3=i,11=r,30=u,99=s,21=t,50=e,24=m,90=o,19=d,56=s,25=c,31=l,0=k,54=u,09=q,36=r,14=a,16=a,2=i,46=t,51=s,35=e,34=i,91=o,4=w,60=a,55=r,5=p,94=b,61=u,64=p,45=t,04=c,01=m,96=h,18=f,81=n,10=n,69=z,41=g,86=x,80=n,08=d,9=y,65=l
1	884	-2.862234	7	38	tiitieittlecrlreciteein|wzeillentusitiusueeiiiinschaiinie|leiuieeiiteuiu|aeiauentinunei|ieeialltfiirieelanemi|riiectienteelaeniioilai|tieeaiute|rieeeiiltrig|weeutiepitoitceiiteuiu|winceeseileeauienauriaresi|kaeaultieiieilel|iieailausulsaimeilrieenreestlaucripteneeiialeelauinteeaiauriuee|xioultreiteein|ecrultbeiteein|wieeiiteueeiu|iinltenieieenltientequisiee|iirepl|kieuqieiueuniesullyidieidinaiiainelleioiireil	15=n,3=i,1=e,0=t,99=c,02=r,45=l,56=l,25=t,19=i,54=a,09=h,36=c,14=s,16=n,62=u,35=u,59=z,2=w,55=a,94=m,46=f,04=o,96=e,18=g,24=o,34=p,29=r,08=s,4=k,86=p,69=m,9=x,49=b,52=q,65=d,64=d,32=y
1	886	-2.707668	8	45	iesisetedatsilaeinen|cietatcileieilmneeeetlobteens|qaemenemaisi|paeeeatieteaae|snetasigeetsleadre|tesoistoleateeueste|iscesio|ilineeactez|wniiseeiyeiedemaisi|wetanipeanemsteiilfuile|shtiaissieas|esteseiliartoiestentilcriseiotsdonnsetansemetinteeitein|xsuistieinen|katisuieinen|wenemainsi|eensinaiscnaienmauielen|eeilea|qsmusseainsliasmenserenesetenledeueeiles	15=n,3=e,11=n,0=i,99=a,21=l,45=s,02=t,61=d,55=e,31=s,19=s,54=t,09=b,36=o,14=l,16=t,62=m,35=i,25=c,51=a,34=e,91=i,32=m,4=q,5=p,94=r,46=g,56=a,04=u,01=o,96=c,18=z,24=y,2=w,52=u,95=f,81=p,41=h,86=d,08=r,9=x,1=k,65=r,64=n
1	888	-2.896245	2	38	aeaniseikicdicehiino|cwnddinstiratibciirrnostcrili|disliirsitet|unutinanton|eincedibriliiduner|icrisainiiiduinrydur|aipuetii|iceiiiresilm|ciitanricrisirsitet|lnkiiuneioelinuticeuxiir|mcicteanendid|rordutoteifrandiliinicipuidutsiceqiioiiihceiouelniiorutiltii|zeytdixniino|ikictdigniino|liirsitiiet|rodiioenipoeainsollirii|ricide|rnslietitiliiruplcsrislouetroidenyricnd	15=o,13=n,1=i,0=i,93=h,19=e,2=c,45=d,99=k,56=e,25=s,03=a,53=l,33=r,54=c,09=t,36=s,14=o,16=n,46=b,35=t,43=r,59=w,23=l,55=u,34=d,04=y,96=p,18=m,29=x,08=u,4=m,86=q,69=a,85=f,9=z,49=g,64=p
1	889	-2.776802	5	46	aoaiesroidiribeire|rzraainsuiuauisriissnulacsili|ailniissiuou|ereuinanuer|oircrayteniiaenou|xrsilaiiciiaeinsyteu|aiteimii|xroiiisrrinf|riiuaitedelissiuou|nnbiiorrierniiqliroepiiu|hcicuraroraia|seuaeuiuecdumitiniiicritoyellcrigcieiiimcriuerniciiculinuii|kiiucipieire|oincipieire|niissiuiiou|siciieoriterainsenliuii|weritr|unsniouiuiliiuenlrluilleeouueiarieuerra	15=e,13=r,1=i,30=e,99=b,2=r,50=i,24=d,90=i,19=o,56=r,25=s,03=a,53=l,33=s,54=c,09=a,36=l,14=u,16=n,46=s,35=u,43=u,45=a,59=z,23=n,55=e,63=t,04=y,34=t,60=c,0=x,93=m,96=t,18=f,29=p,65=q,08=o,4=h,98=g,69=m,85=d,9=k,49=p,3=w,64=n
1	890	-2.719859	5	48	crcioieauoiroirdeil|gosatristioltciullrtmsallu|ktmdulitere|ztestrcreli|xoiaaroclodurerri|odumouretetrlnsei|outeree|onoulagodh|iueciioiicalitere|druuoyealaiureeoirepui|rqaeaouuostr|llireeteaopibirodurontloreemoirmelurerateadrelieeodeu|wrneropieil|xuoierofieil|duliteure|llroutoutlaourglieuiu|lonsa|irgiureitsuiensimiiouetdautrainloiir	15=l,13=i,01=e,93=d,19=r,2=i,0=o,45=r,99=u,61=a,55=e,03=c,31=u,33=l,54=a,09=s,36=m,14=t,16=r,11=u,46=c,51=t,43=i,53=s,34=s,91=o,25=g,35=e,23=d,4=k,5=z,56=a,1=x,04=n,96=t,18=h,21=n,29=p,81=y,41=q,86=m,08=l,69=b,85=p,9=w,49=f,65=o,64=n
1	892	-2.871353	4	40	aealucriptetemuile|hbleeiscuirauoyiillsoimplisi|eiiniilciueu|dlduisasuel|eilpreuxluniiedser|tliiaisuiiedislatdr|aisdeuui|teiiilrcund|hiiualrtruiilciueu|nspiiflriernisdutedoiir|zpipuraleleie|lereduourunrcleuniistisfueduitequieiiimpriodrnsuierduunuii|weaueuoluile|iptueukluile|niilciuiieu|leeuieeliseraiscensirii|ltitr|rscnieuiuisiouregiriisedeureierlaltle	15=e,13=l,1=i,0=u,93=m,19=e,02=t,45=e,99=p,56=r,25=c,03=a,53=s,33=l,54=p,09=m,36=i,14=o,16=s,62=y,35=u,43=r,59=b,2=h,23=n,55=d,46=x,34=t,04=a,96=s,18=d,29=o,08=f,4=z,86=q,69=c,85=n,9=w,49=k,32=g
1	893	-2.748790	4	45	dldeptierusuerpein|fkisseetletdlnmeessenuonsere|seureestelll|aialeedelni|leinisappreesaelt|useudeedeesaeesasat|degaetee|uleeilmerq|feeldespopuestelll|rereexiienireealulaceet|ynenlidilises|sntsaletadithesereeeuldcsaluuezdeneeetnienairedeenlrerlee|bewtnecepein|lwrnemepein|reesteleell|seneenliegnideetnrretee|suesi|tetrellelerenlisauteurnalltnesiiasuis	15=n,13=i,1=e,30=p,99=r,02=u,45=s,56=i,25=t,03=d,19=l,53=r,33=s,54=n,09=o,36=u,14=n,16=e,62=m,35=l,43=t,59=k,2=f,23=r,55=a,63=p,04=a,34=s,60=d,50=e,93=t,96=g,18=q,24=o,29=c,08=x,4=y,98=z,80=c,69=h,85=i,90=w,9=b,49=m,32=a
1	894	-2.712890	7	50	lullrnlprirudeln|gxliiasouiliesannuersonnc|ilsclauiui|yuiouuluinl|htlotiernetainuui|etcrecueenuunmani|econuie|eztantsetq|gaillirierlauiui|tupabltanscuniruncai|imoitecctaui|nniinieitediplietauezobeinirrudenauiilenttueninietia|wumiiecleln|hpriiecleln|gclauiaui|nnieautcontlasuficia|nezat|iustaduinceitiarilkcnudocuitlmnrli	15=n,13=l,01=e,93=d,19=u,02=r,45=i,99=p,61=l,55=n,03=l,31=c,33=n,54=o,09=s,36=r,14=e,16=u,11=a,62=s,35=i,43=i,51=u,53=o,59=x,2=g,32=a,5=y,23=t,0=e,46=r,56=t,91=t,1=h,34=a,04=m,96=o,18=q,25=s,21=z,29=c,08=b,41=m,86=d,69=p,85=d,9=w,49=c,52=f,65=k
1	897	-3.141791	5	23	wuiyuinassloyaemaifniiuis|akiuesesiilasusienuusielaiiuuuuilieulxseuuisui|esiulauiiuuasiusous|ssiussusiicuilusisiu|oiiuseslemelunauiiesssiloeu|wauuiucuiiciiesssiiluneuesseu|wuolssoumi|waoiiiuuslamaug|aiiumuiuenaenuliuuasiusous|auilfiitiusliisslauiilssumaosspiieu|eseiseusscuiuoiuesies|uuiseuesssusieussltseuriuemauiiicaochesssusucaidciisiiousesliiessslauiciiseussumauusii|qiyeusempiniiuis|oyausembiniiuis|auiiuuasiusiious|uuisemiisoiuolisscuiilasisausuieuii|unaiuesl|euilasauiousiusisuiieusslesuauleuiulsuisssouseuisiesslineunaiues	5=s,1=i,3=u,30=n,99=f,2=a,50=m,4=e,90=y,19=o,6=l,0=w,09=x,59=k,60=c,18=g,29=p,08=t,98=d,80=h,69=r,9=q,49=b
1	898	-3.025034	2	24	sirsuisteempstlesypisaue|tefileleanteiclisiiclntaiiiumlingeliueu|lcintiaiitcierie|ecieeieansunicci|raielenleslniistialeecnrli|stiuinsiansaleeeaniislileeli|sirneerieh|syfaiientestiq|taiesuilistlisimiitcierie|tunpasbienaeentianeeiestreexali|lezelieensuufilcle|iuelileeeiclieendelinfilestuanstrndsleeeieinsyonsaearielenaleeentunsaelieeiestiiea|krslielestfisaue|wpstieleslfisaue|tiaiitciearie|iuelesacfirmeensiantcetieulia|iisyilen|lunteturiciceialieenleitinluineueeerielucleemisliisyile	5=e,31=u,11=a,0=s,3=i,99=p,21=y,4=l,2=t,61=m,19=r,09=g,6=n,51=c,91=f,01=h,18=q,29=x,81=b,41=z,98=o,08=d,9=k,1=w
1	899	-2.897756	4	29	wshsoueetthunemyonse|uecinenentueianoiiantuniiisrnitzenises|naituiniiuaietie|eaieeienastiaai|tnienetnentiouinneeattni|wuisiainanneeentionineeni|witteetieq|wmcniietueuix|uniesinounoiriiuaietie|uskcfpietneetuinteeieuteesnni|nebenieeasscinane|isenineeeianieetdenitcineusnautagneeeieiamlanentienetnneeetusanenieeieuiien|chnieneuconse|thuienenconse|uiniiuaientie|isenenacitreeaintuaeuiesnin|iominet|nstueustiaiaeinnieetneiuitnsiteseeetiensaneeroniomine	5=e,31=s,11=n,30=o,99=y,21=m,50=e,4=n,2=u,90=h,19=t,6=t,0=w,3=i,09=z,61=r,51=a,91=c,60=a,01=q,18=x,29=s,81=p,10=f,69=k,41=b,98=l,80=g,08=d
1	900	-3.028995	5	22	uetueleniialfnrinlfeulleli|xkleririllcieilreueeilrclleeeelalreamireeliel|rilecellesileitei|iileiieillauelaeilile|tlleiriariuraeenellriiilatre|neeleauellaullriiillaeeureriire|uetaiiteiul|ntllleeicineb|xlleiuelerenreuealesileitei|xelaflloleialliicellaiieintiipllre|rirlireiiaueletlerilri|eelireriiieilreiiaoirezlerinelllantaouriiieieanldaullillteiriallriiicelaullireiieineeill|qtureiriupleulleli|lfneiriuyleulleli|xellesileilltei|eeliriullitletaliiauellcilheielrell|eenleria|relchelteileiliellreiiariseareleaieliiiteirelilriialeureenleri	5=i,1=l,3=e,0=u,99=f,02=n,4=r,6=a,19=t,09=m,62=c,59=k,2=x,32=s,18=b,29=p,08=o,98=d,69=z,9=q,49=y,52=h
1	901	-3.011032	7	27	wnekneneiiseleaieelreenei|hzenaiaieesiniearnnieaseennnneseansfianneine|aiensneencienitni|iieniinieeunesnieien|teeniaisayasnneneeaiiiestan|ennenuneeueeaiiieesnranaiian|wntsiitnye|eteeennisiena|heenynenanearnsencienitni|hnesleegeniseeiisneesiinietiipeean|aiaeianiiunentenaieai|nneianaiiinieaniisgiandenaieneeesetumaiiininseequeeieetniaiseeaiiisneueeianiinienniee|xekaniaypereenei|eleniaybereenei|hneencienieetni|nneiayeeitentseiiuneesieonineanee|nneenais|anesonetnienieineeaniisaicnsanensineiiitnianeieaiiseranneenai	5=i,1=e,3=n,30=r,99=l,02=e,4=a,6=s,90=k,0=w,09=f,62=s,59=z,2=h,19=t,32=c,60=u,50=y,18=a,29=p,08=g,98=q,80=m,69=d,9=x,49=b,52=o
1	902	-2.949518	6	28	aecauesiipesliameeanui|qirelilinaiesleaeeslaneeeupletfileuiu|lseaenenseicei|iseiieintautesse|cneilitlialteesenliistcle|seuetaentanliiinteealeliile|aectiiceix|amrneeiaisez|qneiauelesleaepenseicei|qutenageitniiaentiieisciiknle|liwileiitauurelsli|euileliiiesleiitoiletrelisuntsctoaliiieietamytaninceilitnliiiautanileiieiseein|bcaleilisreanui|heseilialreanui|qenenseincei|euiliansrecpiitaenasdeiulen|eeamelit|luaducesesienleiitlinetluetiuiiiceilusliipealeeameli	5=i,31=u,11=n,0=a,3=e,99=e,21=m,4=l,02=s,61=p,19=c,09=f,6=t,62=a,51=s,91=r,2=q,32=n,01=x,18=z,29=k,81=g,41=w,98=y,08=o,9=b,1=h,52=d
1	903	-2.812794	8	34	xshsuliitulesaudesi|ziaueieieniuieduuieneuuusteunmieusis|eiunueuriuilui|iiuiiuiersnuiiu|leuieinesenuulueeiiinleu|lusuruereeiiienudeueiieu|xulniiluif|xaaeuuiniluo|zeussueuleduturiuilui|zscayquineiinueniiuilliiteeu|eiwieuiirssaueiei|usieueiiiuieuiinpieunaueilsenllrgeiiiuiurabreieluieineeiiinsreieuiiuiluuie|aheuieiladesi|kuluieseadesi|zueuriuielui|usieseiaultiirueniouiseue|udauein|esnosluiuiiueeuiineirunesunisiiiluiesieiitdeudauei	5=i,31=s,11=e,30=d,99=u,21=a,50=s,4=e,02=l,61=t,3=u,90=h,0=x,09=m,6=n,62=n,51=i,91=a,2=z,19=l,32=r,60=r,01=f,18=o,29=t,81=q,10=y,69=c,41=w,98=b,80=g,08=p,1=k,52=o
1	904	-3.079182	1	25	oaoueteenipetreetadeiuie|twurereiintleiceseirntiissinicnhersili|reunmiisteueide|eeueleiinoiyeieu|aiuerenreernsemiireeeinac|etsunoiineiireeeiinsecreec|oaneeideei|etaiiisenteemb|tiueoucetconisteueide|minpiigueniieenmiineleetaeefiic|rerieceenouaureire|siecreeleiceengeckureemiiinetangereellnetiqneiieiiidereniireeenmineiieceleetseii|xaecereefueiuie|ipemereezueiuie|miisteueiiide|siereeiieauanieenoiinteiemlicii|seturen|cintemiideueiliiceenrlmncunlieeeidecieireenuerseture	5=e,1=i,13=u,0=e,93=d,19=a,2=t,4=r,99=p,6=n,03=o,53=l,33=s,09=h,43=c,59=w,23=m,63=y,18=b,29=f,08=g,98=q,69=k,9=x,49=z
1	905	-3.031745	4	31	mrmerillurgiiniedreael|ikailileeuieleirsleiuieesseueauxliseee|ilauyeesilalenl|llaleleeumetlela|realiluinitryeeillleura|qisaumeeteeillleetrailla|mrullenne|qireeesluinyh|iealmairiamuesilalenl|yeudeesalueelluyeeulenirllpeea|ilielallumaraileil|selaillelealluslabainyeeetirtoilleetiecteeleeenlilueeillluyeteelalenislee|zegalinpereael|rgylinfereael|yeesilaleeenl|selineelraruellumeeuilelyeeaee|wriailu|aeuilyeenlaleeeealluieyuaaueelllenlaeleilluerariail	5=l,1=e,13=a,30=r,99=d,2=i,50=n,4=i,90=g,19=r,6=u,03=m,53=e,33=s,09=x,43=a,59=k,93=n,23=y,63=t,60=t,0=q,18=h,29=p,08=s,98=c,80=o,69=b,9=z,49=f,3=w
1	906	-2.764501	5	34	ntniesiiayesliestlenti|skililinessauecalebictaueziutit|liieuncsiiali|iiiisineetpaii|qoiilielieleceunliiaetu|escienneenliiineceuliiu|nteialif|ebonciesieuo|biiniuesunacsiiali|steyndiieniieuneisiestiirnu|ligiuiienitilali|wtiuliisauiiediuhiliestneestedeliisseebreenanlilienliiiesteeniuisiescin|xteuilierienti|qyeuiliemienti|uncsiianli|wtilienititaiiennesaiuitun|cesilie|ltesiunliiasnuiielsueuieitiialiltaliieielcesili	5=i,31=t,11=n,0=e,93=l,19=t,2=s,4=l,99=y,61=a,13=i,03=n,43=u,09=z,6=e,33=c,21=b,51=a,53=s,59=k,23=u,63=p,91=o,1=q,01=f,18=o,29=r,08=d,41=g,98=r,69=h,3=w,9=x,49=m
1	907	-2.894429	7	37	xnfnroiistfoerapreni|okueieiesocierdiesaudnolswilnin|eiustedoiuini|iiuiciemnuiiu|zguieisereurteeiiistl|xodusdemeeiiieurleiil|dtsiinil|xagedisortb|auidueroldodoiuini|onspesuiseiistesicrotiicel|eihiliisdutueiei|qnileiiciliissilaueronemotmyeiiccmammeienieiseeiiisonmeilicrodie|gflierogreni|tftieregreni|tedoiuieni|qniereitutoiisdesoiitinle|qroueis|ensoiteniuiceliisectslusiniiinienieiiorlrouei	5=i,31=n,11=e,30=r,99=p,21=a,50=r,4=e,2=o,90=f,19=t,6=s,0=x,43=l,09=w,61=o,33=d,13=u,51=i,53=c,59=k,93=n,23=t,63=u,60=m,91=g,1=z,03=d,01=l,18=b,29=c,08=s,41=h,98=m,80=y,69=a,3=q
1	908	-3.043380	3	28	aaacreeniorteradeicie|kbcteteiigueineleitgiillininnyetliui|tecnsicheceide|eeceueiinaimeiec|aicetenteetnlesiiteeeinan|rlcnaiineiiteeeiinlenteen|aaneeideei|raiiilegeesq|kiceacnrnancheceide|sinoiisceniieensiineueraeexiin|tetieneenacacteite|lienteeueineensenfcteesiiinranseteeuunriwneiieiiideteniiteeensineiieneuerleii|zaeneteexceicie|ioeseteepceicie|sicheceiiide|lieteeiieacanieenaiigeiesuinii|lrcten|nigesiideceiuiineentusnncnuieeeidenieiteencetlrcte	5=e,1=i,13=c,0=e,93=d,19=a,02=r,4=t,99=o,6=n,03=a,53=u,33=l,09=y,43=n,62=g,59=b,2=k,32=h,23=s,63=m,18=q,29=x,08=s,98=w,69=f,9=z,49=p
1	909	-2.924524	3	32	dnduilleinieliinriuil|wqueleliiuclierslieuiissieiaezlesici|elueaiuolulirl|llulcliieditlilu|niuleleesetraiiellliena|isuediimiiellliitraella|dnellirsi|iniiislusay|wiulduaiadeuolulirl|aieniituleiilleaiielclinllkiia|eleilalledunueliel|silaellclialletlaguesaiiieinmbellcceiixmiiliiirleleiiellleaimiilalclislii|hipaleskiriuil|npalesfiriuil|aiuoluliiirl|silesiilnuneillediiulilaciaii|siuele|aiulaiirluliciialleecaeauecilllirlailielleiresiuel	5=l,1=i,13=u,30=r,99=n,02=i,4=e,6=e,03=d,19=n,53=c,33=s,09=z,43=a,62=u,59=q,2=w,93=r,32=o,23=a,63=t,50=s,60=m,18=y,29=k,08=t,98=x,80=b,69=g,90=p,9=h,49=f
1	910	-2.790045	8	37	fcfineetunrencluise|bqirereinstruetramiestragerses|reinsideitle|eeieseiausotei|yhiereareuraeulireetacr|neiafiauireeeiaeurreer|fcaetled|umhieeneulc|miefirnrfaideitle|bsauipieaieealiaesenceeoir|rewereeaficirtre|zserreestreeapermirensiancapureessaumaauitilereaireeensauiereseneei|kcurereuoiuise|yuulereuxiuise|bsideitile|zsereuiecicteeafintelesri|enirea|rsnelileitsireearslariaeseetlerstreeaiurenire	5=e,31=s,11=i,0=u,93=l,19=c,02=n,4=r,99=u,61=t,13=i,03=f,43=r,09=g,6=a,33=e,21=m,51=t,53=s,62=n,59=q,2=b,32=d,63=o,23=l,91=h,1=y,01=d,18=c,29=o,08=p,41=w,98=a,69=m,3=z,9=k,49=x
1	911	-2.705824	7	40	icissiiltsayetdeui|khsaiaieaumadnmaresnulerdieuiu|aisaussismoi|iisiuierunmis|xmsiairayandteaiimrce|snsriereaiiiendeaiie|icrimoig|pemeniayto|esiiseseirssismoi|kurtelsireiirteriuisciicee|aifieiiriscsamai|quieaiiumeiirliezsaisuerscrbaiiuurepremeoiaireaiiiaureieiuisnie|mweiaismdeui|cwtiayamdeui|kussismeoi|quiayeicscliirieamitiuee|nssair|auaiteoismueeiirautresriuiimoiaumaiildanssai	5=i,31=u,11=e,30=d,99=t,21=e,50=y,4=a,02=s,61=l,13=s,03=i,19=c,43=e,09=d,6=r,33=n,51=m,53=u,62=a,59=h,2=k,93=o,32=s,63=n,60=r,23=t,91=m,1=x,01=g,18=o,0=p,29=c,08=l,41=f,98=p,80=b,69=z,3=q,90=w
1	912	-3.065404	4	25	eiceisienllesteplenstiessisl|nysoulssenlilaieiilaenssiiiiseaiequiislis|wlsienissiinlsilcil|llsillilsseeiseilslsi|cssiulklfeiienisalllsesbi|eniisieeisseesalllsseiifolui|eicellciles|encsssiilenlenig|nssileisoiepieiesiinlsilcil|nisetssdsilessllenissellilencllrsai|wusuilleeisicsolal|iisuolllilailleduixsolenissseencedflllilieensmeesslssciulesallleniseessuillileniilss|hcfiulersiessisl|steniulezsiessisl|nissiinlsilsscil|iisulesslcsiceslleeissenlslniliaiss|iiensole|wisenlniscilsilslisaillklinikisielislllciuislallesifiiensol	5=l,1=s,3=i,0=e,99=t,2=n,24=p,6=e,19=c,54=u,09=q,14=a,34=o,59=y,4=w,94=b,04=f,64=k,18=g,29=r,08=d,98=m,69=x,9=h,49=z
1	913	-2.960527	8	29	belgelouiiengnaultolleli|uklarilleuieidoeeideulleeeeledeepreeliel|qileeuelleeuileinei|iileiieillceleeilile|nllerimiteeoueldiiilelhe|bueelecellcldiiilleeetaire|beneiineal|bunllleeieuauez|ulleaelaonoeeleeuileinei|ueletllsleielliieuelleiieauniiflde|qrlreiicelenlaidi|eelraiiieideiiesreslaauelllcunestiiieieculxcllillnerieldiiieuelcllreiieaueeill|wnteraflolleli|ngueraylolleli|uelleeuileillnei|eelrallinleneliicelleuiliueiedell|eoulaie|qeleuiuelneileilieldeiimieuemeleeieliiinerelidiieleteoulai	5=i,1=l,3=e,30=o,99=t,2=u,50=a,24=n,90=g,19=n,6=e,0=b,54=r,09=p,14=d,34=a,59=k,4=q,60=c,94=h,04=t,64=m,18=z,29=f,08=s,98=x,69=s,9=w,49=y
1	914	-2.932657	5	30	nirneinteeconfenpoinuee|tealteunteiediniiedntuiiiendinatieee|gsintiuiitsierie|esieeieunnenissi|ruitemesniintedeeschi|ntieinniunydeeeuniisleti|nirneeriey|npauiiententiq|tuienelinfiniciitsierie|tenounbienueentiuneeientreetadi|gextieenneealede|ietleeeiedieenitinalenteunntrniseeeieinnpwnnueuritecdeeentennutieeientiieu|krsitentainuee|zontitesainuee|tiuiitsieurie|ietenusairceenniuntsetieidiu|iinplen|genteterisiseedieemeitimeineeeeeriteedeecisiinple	5=e,31=e,11=u,0=n,3=i,99=o,21=p,24=f,61=c,2=t,19=r,54=t,09=a,6=n,14=d,34=l,91=a,51=s,4=g,94=h,04=s,64=m,01=y,18=q,81=b,41=x,98=w,08=i,9=k,1=z
1	915	-2.823747	8	35	ztytaniiedymarsanti|niiorinenieilaeeilenneeeteleegretit|hteeneneenteidei|iteiieinuteette|dnerisiueeantliitloe|zneteuenefliiineeeuoire|zedeiideif|zrineeienaneq|nneatoamaeleenteidei|ntwixceieniieneneiieandiinile|hibreiiuttioili|etroiiieileiiepreeioantnundepuiiieieurduninderilliiientunreiieaneein|kdueranianti|dyneriuianti|neneenteindei|etrantiedliiuenentineielen|earoie|htenintdetetitleiisienesteeitiiidertiliileuearoi	5=i,31=t,11=n,30=a,99=s,21=r,50=a,24=m,90=y,19=d,6=e,2=n,0=z,3=e,54=r,09=g,14=l,34=o,91=i,51=t,4=h,60=u,94=o,61=l,04=u,64=s,01=f,18=q,81=c,10=x,69=w,41=b,98=d,08=p,9=k
1	916	-2.934800	8	29	altalilseeuinagesinlaiilie|xzireeiiteleslallestiilllliusluyellieli|weiltliilmeiletle|eeileeleiiualiuleieil|tiileedepullsliseeeiuiql|sllilualiiuaiseeeiiullpreel|altueetleai|stiiilleteslh|xiilealirlaglaluilmeiletle|xliuniinileuiieetliiueelesteecisl|weieleeualiltirese|lliereeelesleeunelfiresliiiustunpeeelelusiouaiieiitleeuiseeetliuaiieleeleslleii|ktpleeacilaiilie|insleeabilaiilie|xliilmeileiitle|llieeaiietiltuieeualiiteialelslii|llsireu|wlitalitleileielisleedemldliluelieeetlelieseeuilpllsire	5=e,1=i,3=l,0=a,99=n,02=s,24=g,6=u,19=t,54=e,09=y,14=s,62=t,34=r,59=z,2=x,32=m,4=w,94=q,04=p,64=d,18=h,29=c,08=n,98=o,69=f,9=k,49=b,52=a
1	920	-2.973157	3	31	eaensieesipsmesiansinie|iwirdeiisiceiuslersiiillisiusqdlici|gensaiilieneine|eeneceiiseizeien|aindeteoslsaireeeisau|silnseiissireeeiisloreeu|easeeinesi|siaiiilesiesaf|iineenusiuesilieneine|aispiitnesiieesaiisecesiaeexiiu|gdieueesenairere|lidreeceiueesteuhiresaiiissiastoeeccssiikssiieiiindesireeesaissiieuecesileii|yasudesxnsinie|ipsadesbnsinie|aiilieneiiine|lidesiieanasieeseiisieieaciuii|lsiires|uisieaiineneiciiueetcasunscieeeineuiereesnolsiire	5=e,1=i,13=n,0=s,93=n,19=a,2=i,24=m,99=p,6=s,03=e,53=c,33=l,54=d,09=q,43=u,14=r,34=r,59=w,23=a,4=g,63=z,04=o,64=t,18=f,29=x,08=t,98=k,69=h,9=y,49=b
1	921	-2.862921	6	36	cucieleetuabolideirie|lfitceiitlsemeoemtliiooitinthcoisi|qertuiiolereile|eereseiitciieier|uirceserieuimeeeitun|ylortciiaimeeeiitorteen|cuteeiloi|yluiiioetlouz|lirecitelnctiolereile|uitdiidretiieetuiitesolueeniin|qcieneetcruiteme|oicteeseineetdenkitouiiialutdreessaligaiieiiilcetimeeetuiaiienesoloeii|xianconieirie|uaucopieirie|uiiolereiiile|oicoiieurutieetciitleieusinii|welitet|nitleuiilereisiineessutnrtsieeeileniemeetienelite	5=e,1=i,13=r,30=e,99=d,2=l,50=o,24=b,90=a,19=u,6=t,03=c,53=s,33=o,54=c,09=h,43=n,14=m,34=t,59=f,93=l,23=u,4=q,63=i,04=r,64=s,60=a,0=y,18=z,29=n,08=d,98=g,69=k,9=x,49=p,3=w
1	922	-2.752383	8	38	ctcreniissebientdetai|nirouitenualeiidemriaslexilaia|zirentiniradi|iiriuiteeafair|krruimioeienadiiaetl|enirecteldiiiteiooiil|cteiadil|emrtiienienq|mricrlenlcsiniradi|naestprietiienteiuientiictl|ziwiliieeaaroidi|yauoiiualiiepileroienateentepoiiuueempeetatduisdiiienaeetiliuieniit|hteluiecretai|ksenuiegretai|ntiniratdi|yauietitrtsiiectenainialt|iemoie|zaenintdirautliimunelreiaiiaduaidiieroiemoi	5=i,31=a,11=t,0=e,93=d,19=t,2=n,24=b,99=s,61=s,13=r,03=c,43=l,09=x,6=e,33=i,21=m,14=d,51=a,53=u,54=u,34=o,91=r,23=n,4=z,63=f,04=o,64=m,1=k,01=l,18=q,29=c,08=p,41=w,98=p,3=y,9=h,49=g
1	924	-2.889990	5	34	itiusiielmehistceluli|zwlalillfsilaeuioflluulelaetlulsl|biuenluxiuilci|iiuisilleildiliu|tlulioireuenloiiileta|suueilleeloiiilleuraiia|iteiilciel|stllluifieng|zluiiuasaieuxiuilci|nlemllnuielliienlleisistiiplla|blliaiieiutlaioi|ullaiisilaiieniaylaienlllestenriisseslreellilllclieloiiienleelliaisisuill|ktealiepueluli|lmenliequeluli|nluxiuilllci|ulliellituteliieillfilinslall|uslaie|alfinllciuilsllaiiosneauesliiilcialioiieuruslai	5=i,1=l,13=u,0=e,93=c,19=t,02=s,24=h,99=m,6=e,03=i,53=s,33=u,54=l,09=t,43=a,62=f,14=o,34=a,59=w,2=z,32=x,23=n,4=b,63=d,04=r,64=o,18=g,29=p,08=n,98=r,69=y,9=k,49=q
1	925	-2.988480	5	37	imiuuiiemwxiuldeluli|zkllcillcsideridcllrrlelaescrlsl|hiuenluyiuilri|iiuisilleilniliu|mlucigionenldiiilema|urueillaldiiilleroliia|imeiilrol|umlllricont|zluiiuauaieuyiuilri|nledllfuielliienlleisiumiimlla|hcliaiieiumllidi|rlcliisilaiiefiatllonllleumefoiisseulballilllrcieldiiienlalliaisiurill|qlwacomleluli|mwncopleluli|nluyiuilllri|rlcollimumeliieillcilinslall|rullie|alcinllriuilsllaiigsneauesliiilrialidiieuorulli	5=i,1=l,13=u,30=e,99=d,02=u,24=x,90=w,19=m,6=e,03=i,53=s,33=r,54=c,09=s,43=a,62=c,14=d,34=l,59=k,2=z,93=r,32=y,23=n,4=h,63=n,04=o,64=g,60=a,50=o,18=t,29=m,08=f,98=b,69=t,9=q,49=p
1	928	-3.149343	1	24	uicuiliurneldurourldiullif|rzlioollesaltiuialterlliiiileltieuxtiifil|olierilliislaca|nlinalleuileafli|cllaoeouteiiurillonlecti|uriilieuilleullonlleiiutitnti|uicencaul|urcllliaesurim|rllauilitiurtiuieliislaca|riledllqlaellnerillenaurcnpllti|otftineuilicliolo|iiftionaltineuktibliourillleurcequonaieurlheulfllcaoellonerileulftinauriall|wcutaoupliullif|lduraouyliullif|rilliislallca|iifoulfclicelneuillesfrailtill|iiurlioe|tilesrilcalafilltineoirietiligifncatifltneliutiiurlio	15=f,3=i,1=l,0=u,99=d,2=r,45=o,6=e,55=n,19=c,4=t,95=x,35=a,25=s,59=z,18=m,29=p,08=q,98=h,69=b,85=k,9=w,49=y,65=g
1	929	-2.907665	5	29	weigeiensulgnntnideiiet|nzierriiusaineeainuniieeeeiuinecyneetei|rieuneiieesiala|siesaiiceiuatie|liiaruntnueeneiirsiulne|wneeieceiiciirsiiueenensne|welusleti|wnliiieauntneq|niieteienenneeuieesiala|neiudiikiauiisuneiiusetnlspiine|rntnesceielierir|eetnersainesconemientneiiicnlcarsaecnihcitiilaruiirsuneicitnesetneaii|xignantpieiiet|lgnantbieiiet|neiieesiaiila|eetntitlieluisceiiustnaeineii|eenieru|neiusneilaiateiinesureneuneiefetslanetinsuieneenier	15=t,3=e,1=i,30=e,99=d,2=n,50=t,4=n,90=g,19=l,6=u,55=s,0=w,95=y,60=c,35=a,25=s,45=r,59=z,18=q,29=p,08=k,98=h,80=a,69=m,85=o,9=x,49=b,65=f
1	930	-2.818091	3	30	uiduriunistuntuotiunia|caittnecisliuiislenniiirslieuxliiar|lsieniniinsede|wsiieneureissi|dnetetuleiiuninlisedli|unirieuineuntineiiulilili|uideidem|uoanieecuniq|nneuriliunliuisiinsede|nretnupeenienineieundignli|tlaliieurrailst|iialitiisliieublieaitunrneundefutieieuoyemandetentienremaliieunien|kduletunaiunia|ztunetulaiunia|niniinsende|iiatunsaidsieuinecanerlin|iiuoite|lrecnrdiseainliietinielrihiaidelrslisiuliiuoit	15=a,3=i,11=n,0=u,99=t,21=o,45=t,2=n,61=s,55=i,31=r,19=d,4=l,95=x,6=e,51=s,25=c,91=a,35=e,5=w,01=m,18=q,29=g,81=p,98=y,08=f,85=b,9=k,1=z,65=h
1	931	-2.823331	5	34	hrnrnltionlesmfnlet|cieuulicedeneedeilleeerreeayeeetr|edeileleelduou|kdetulariedde|oluuieseienleletdioee|hlereaelalutlieneeetee|heoitous|hmileuilslep|llesreenlenereelduou|lrwixquiltileliteslotblee|ueteetarrieedu|eeteeutedeetageeiieeslrlaloaoutueamaistlouuilutilristeetesleul|ineueslinlet|onlueseinlet|leleeldulou|eetesldieortaelictlureel|enmeui|ericlroeduteleetiueleierezettouerdetrneenmeu	15=t,3=e,11=l,30=n,99=f,21=m,50=s,4=e,2=l,90=n,19=o,6=i,55=t,31=r,0=h,95=y,60=a,61=r,51=d,25=c,45=u,91=i,35=u,5=k,01=s,18=p,29=b,81=q,10=x,69=w,98=a,80=o,85=g,65=z
1	932	-2.869966	5	28	sidsilisrelasuslaisllit|whliuullenelaisielaflliiiilelaiesmaiitil|ulifilliinlede|rlirellesileetli|dlleueusaeiisillurledai|siiliesillesllurlleiisaiarai|siderdesl|sdlllieensiq|wllesiliaisaisieliinlede|wileallcleellrfilleresdrollai|uatairesilidliulu|iitaiurelairespaibliusilllesdecsureieslyesltlldeuellurfilesltairesiell|zdsaeusolisllit|laseusglisllit|williinlellde|iitusltdlidelresillenlneilaill|iisliue|ailfnildeletillaireuxieailikitrdeaitlarelisaiisliu	15=t,3=i,1=l,0=s,99=a,02=s,45=u,6=e,55=r,19=d,4=a,95=m,62=f,35=e,25=n,59=h,2=w,18=q,29=o,08=c,98=y,69=b,85=p,9=z,49=g,52=n,65=k,32=x
1	933	-2.922483	7	33	zlimlilcsaincecinuiilu|whileeiiareiiuleiitiilllliaiilabilluli|eiltliillriele|silseiialiaeuil|liieeaioiallcliiesialil|cllilaliiaiiesiialuilisil|zllaslloi|cliiilearclq|wiilolililciulaillriele|wlianiifieaiistliiaseclsdiiil|eiuilsalillileie|lluileseiilsarilkilecliiiaclageselacitaiuiileeaiiestliaiuilsecleii|ximieiodiuiilu|inceioyiuiilu|wliillrieiile|lluioiulillaisaliiariseliilii|llcilea|ilitslileieuliiilsaenlaililplusleiluiisaiuillcile	15=u,3=l,1=i,30=u,99=n,02=c,45=e,6=a,55=s,90=m,0=z,4=i,95=b,60=a,62=t,35=e,25=r,59=h,2=w,19=l,50=o,18=q,29=d,08=f,98=t,80=g,69=k,85=r,9=x,49=y,52=s,65=p,32=n
1	934	-2.755497	6	34	ueculenisonuunoeuret|rdeuurerealeueealtreeelsleeugleetl|laeterefaici|qaeiireuleeaae|criueuuleeenerliaecle|neleeuereuruireeeulelile|ueceicis|undreierneh|kriulelenleuesefaici|kleorumieritereiincibrle|ultleieulldelau|eetleuiealeieupleedeunlrencexuuiieeunyestrciueruitlestleiineir|wculiundeuret|ooniuuldeuret|kerefairci|eetuuradecsieuertaailler|eeuneue|lltalceaiterleieufeellezeticillaliseuleeuneu	15=t,3=e,11=r,0=u,99=o,21=n,45=u,02=n,61=s,55=i,31=l,19=c,4=l,95=g,6=e,62=t,51=a,25=r,91=d,35=i,32=f,5=q,01=s,18=h,2=k,29=b,81=m,98=y,08=x,85=p,9=w,1=o,52=a,65=z
1	935	-2.779591	8	39	plzlitechtiothluid|uainnuauisiliisieuiiilciicpiiidl|isieiuissere|ysieeuclaissi|ruenaioiaiitiuiesarii|tiliciucuneuailiiieii|piraeren|ptauieautio|kuioliiitilicissere|klxambeaueeiuaeetrequii|nidiiecllaiisn|iidiineisiiecriiaaintluatrcgneeictmandurenauneelandiieetieu|azientaluid|whteioialuid|kiuisseure|iidiousairceciuesdeliiu|iltina|iledlrisediuiieansiailifidereilsiecliiltin	15=d,3=i,11=u,30=l,99=h,21=t,50=o,4=i,02=t,61=c,55=e,31=l,90=z,0=p,95=p,60=c,62=e,51=s,25=u,6=a,45=n,91=a,35=e,19=r,32=s,5=y,01=n,18=o,2=k,29=q,81=b,10=m,69=x,98=m,80=g,85=r,1=w,52=d,65=f
1	936	-2.930883	1	29	sssainenedinuinsbiear|nwauueenotetsteanneellenetnipalefe|uanceeloetst|eaeteensentra|seetunuianliceeueenst|inlanseenieeueeenlitaet|ssnestie|inseeatnoich|neetsatintsneloetst|cendeeyetneeenceenetinsemeet|uartensasaueu|lrtueteteniktxauiceeeninsnyiaeffninezniereestuneeuenceniertetictee|qsiatuimaiear|edintuigaiear|ceeloeteest|lruiersasneenseenorcfetee|linaun|tenocestetefeetenafcntanfresttreaenaialinau	15=r,13=a,1=e,0=i,93=b,19=s,2=n,45=u,99=d,6=n,55=e,03=s,53=f,33=l,4=a,95=p,43=t,35=t,25=o,59=w,23=c,18=h,29=m,08=y,98=z,69=x,85=k,9=q,49=g
1	937	-2.713601	4	37	tatediniamieriemdess|iwstteeilneutneeiieelleieucheleue|tsireellenan|nsnneeiteinss|aeentiereadreetneiau|qilsiteeceetneeaduenu|tainepre|qiaeesniirro|ieentsediutiellenan|reimeedenieenireezurianceeu|tesunitsastet|lsutnneuncouyserreeeciacfenuuciexceseeantieetnirecesenurrnee|kemenercedess|aminerbedess|reelleneean|lseresasaieniteeilsrueuee|gdisti|ueilreaneneueeunieuriusiusnanuseeniedudist	15=s,13=s,1=e,30=d,99=m,2=i,50=r,4=e,90=m,19=a,6=i,55=n,03=t,53=u,33=l,95=h,60=c,43=u,35=n,25=l,45=t,59=w,23=r,63=a,0=q,93=p,18=o,29=c,65=z,08=d,98=x,80=f,69=y,85=o,9=k,49=b,3=g
1	938	-2.843965	2	36	scslanifdantanchalu|nwlttrentroairleglicfoeadliuc|tleurinrece|iliereaceeul|cretetaleiaurlireco|anilesreartireiaolio|sceicea|ancrleesauo|nresloanosfinrece|ncedrakeerieureieancipro|tluoieslcllrt|iuolitroieamonltancreancezalitteagbeaurcetertienceauoieauer|xcaletaplalu|qdanetaylalu|urinrerce|iutauclcfiesresunecor|ianlte|lcesnccelrtroieltueoletuicelcrlielalianlt	15=u,13=l,01=a,93=h,19=c,2=n,0=a,45=t,99=d,61=f,55=i,03=s,31=c,33=i,4=l,95=d,6=e,43=o,21=g,51=r,53=t,11=r,59=w,35=e,23=u,18=o,25=s,29=p,81=k,98=b,08=z,69=n,85=m,9=x,49=y,1=q
1	939	-2.778593	4	42	kazaneinnzeesenyper|eqessoneusentsengetaaulxetra|sencotesini|ieiiolanire|noisneserncoeisnnu|ketentolosiornueiu|tnninip|kenoeinesch|eoiteeneutatesini|eambflinoincopusenicou|seruinteneess|trueiusuilaumeeseaolenldeiuulgonpronisnosineanpreiuscio|bzeiesceper|nzeiesmeper|cotesioni|trsprnenaintondreiauo|wneesn|eandeaniesuouineucnuenurinieaseianunees	15=r,13=e,01=p,93=y,19=n,2=e,50=s,4=e,90=z,6=n,55=i,30=n,31=a,0=k,33=t,95=x,60=l,43=u,61=a,21=g,51=s,53=u,11=o,45=s,59=q,35=i,23=c,63=r,03=t,18=h,29=c,65=p,81=l,10=f,91=b,69=m,98=o,80=d,85=a,49=m,25=d,3=w
1	940	-2.874051	3	31	srstuieiqulurbaita|whtlliiereinseidxiiooieineaydoisi|ltetiioriere|itieiiesieeat|riieleladeoatiiliiern|uotesiieaiiliiieoandin|sreireai|uriiteeratz|wiiestnunseioriere|tieqiimieeiiietiieieurifiin|ldaniestrtlil|oanlieinieacnptlatiiieuremadisseuigeaiaiireleiilietieaianieateii|kradelaftaita|iquelantaita|tiiorieiire|oalaiartreiiesiieratsinii|outle|niertireieisiiniedstentesairenaidietadoutl	15=a,13=t,1=i,0=a,93=b,19=r,02=u,45=l,99=q,6=e,55=i,03=s,53=s,33=o,4=d,95=y,43=n,62=x,35=e,25=r,59=h,2=w,23=t,18=z,29=f,08=m,98=g,69=p,85=c,9=k,49=n
1	941	-2.807124	3	36	mlmanauionlniorian|zwalliiuseiemeitpiirriuieuxtrisi|lauoiirsiele|aaaeiiumiuena|liielutitcroiilaiule|nraumiiuiilaiicretae|mluaihii|nliiaepiof|ziiemaenemuirsiele|oiuoiitieuiiauoiiuaenladiie|ltneaumalalil|rnelaeieaudegatioiiiunluytassuniquiniileluiilauoiuintesioeii|bictetidirian|ionetikirian|oiirsieiile|rntiinlaluiaumiiusnosieii|rnalu|eiusoileieisiieautsoueausnaleenitauirtrnal	15=n,13=a,1=i,30=r,99=o,02=n,45=l,6=u,55=a,03=m,19=l,53=s,33=r,4=t,95=x,60=u,43=e,62=p,35=e,25=s,59=w,2=z,23=o,63=c,50=i,93=h,18=f,29=d,08=t,98=q,80=y,69=g,85=d,90=c,9=b,49=k
1	942	-2.714276	6	40	tetaunnouluezpar|xwallirsieaciuemaclneeaqucrl|larladises|nansiealesra|eislelauecasiunieee|ucaetieailniecaeune|teenesp|ueiasepasf|xistaeueteadises|xleoiayseinesiensuengie|lurenetaeauil|creunsieneademalulieueetaunsseambepriesleilnrleprensassi|keauslagapar|houslacapar|xladisies|crlpreaennetirioslei|cuale|ulrolesaisieneusseeaesrnesuliuneaaucual	15=r,13=a,01=p,93=z,19=e,02=u,45=l,99=o,61=n,55=n,03=t,31=l,33=c,4=u,95=q,0=a,6=e,43=e,21=m,51=i,53=s,62=r,11=i,59=w,2=x,35=s,32=d,23=s,18=f,25=p,29=g,81=y,98=b,08=t,69=m,85=d,9=k,49=c,1=h,52=o
1	943	-2.644105	5	44	drdiatalanaratio|wqinnesniepriesuiruansperou|nisuifiere|titeesuseoi|reensetempieetisrn|arisdesentempnetn|drstret|areiestim|weedinandsifiere|wuzkxlesetsiesteartden|neontsdiriein|ronetnintsonzinauesarsyetnnsubstoerensentsustoeentiee|kgeeetditio|hlaeetcitio|wuifieere|rontoriratsdesiceune|rains|euscureiinentsenisnisnotreeuietaperain	15=o,13=i,01=t,93=a,19=r,02=a,45=n,99=l,61=a,55=t,03=d,31=u,33=r,4=e,95=p,60=s,43=n,21=u,6=s,51=i,30=p,53=n,62=s,11=e,59=q,2=w,35=e,32=f,23=i,63=m,50=t,18=m,29=d,81=l,10=x,91=k,69=z,98=b,80=y,85=o,90=g,49=c,1=h,52=c
1	944	-2.697102	3	30	aidailiaureltauiaultiallia|ukliiillesesiaieseulliiiilesiepoiiail|ilieuilliislede|rlirelleaileeali|dlleieineiiauillirlelti|auiilieailleallirlleiiniioi|aiderdeal|audlllieesauig|ulleailhiawiaieliislede|uiletllfleellreuillereaudrclsi|zoloireailidliili|iiloiiresirefoibliiauillleaudefaireieaulmealalldeiellireuilealloireauiell|xdneiacliallia|ltaueiayliallia|uilliislellde|iiaialadlidelreaillesaueisill|iiauliie|zilesuildeleailsireiiuiniliqiardioiasreliniiaulii	15=a,3=i,1=l,0=a,99=t,2=u,45=i,6=e,55=r,19=d,54=o,09=p,14=s,35=e,25=s,59=k,94=t,04=n,18=g,24=w,34=h,29=c,08=f,4=z,98=m,69=b,9=x,49=y,65=q,64=n
1	945	-2.749908	7	35	weireillinuraalioliies|lyieuuiintetleetnliieeeeintendreesei|uienleiieetieue|iieieiineinesie|uiieunusnelleiiuiinioe|wleeieneiiniiuiiineeseure|weuniueai|wluiiieenlalep|liieaeixlalenieetieue|leinoiibieniiinleiiniealuicite|krireineieuieuiu|eeireuieteinbrefixaleiiinlunquieenlignisiiueuniiuinleiniireiealeeii|zuseraciliies|urlerahiliies|leiieetieiiue|eeiraisuieuniineiintsleeteii|ellieun|keintleiueieseiteinuelemeiedesiuerestiniesellieu	15=s,3=e,1=i,30=l,99=o,2=l,50=a,24=a,90=r,19=u,6=n,55=i,0=w,54=r,09=d,14=t,35=e,25=t,45=u,59=y,60=n,94=o,04=s,18=p,34=x,29=c,08=b,4=k,98=g,80=q,69=f,9=z,49=h,65=d,64=m
1	946	-2.670829	5	36	ainariauilyautamyianio|scittneseliaieleuniiireliezaiior|fsieuiniiusene|wsiieneareissi|nnetetdeiiaurlislhi|auirieaineantineiiditai|aineineb|amcnieesauio|unearciatiailiiusene|ureynageenieuineieauniucli|txaiiearrccst|iraitieliieraiecitaurneauneratieieamdebonnetentieureanaiieauien|qndetaucianio|kyauetdcianio|uiniiusenne|iiotanscinlieainesoueilin|iiamite|fresurniseorliietiuipriuioiniaiolilidiiamit	15=o,3=i,11=n,0=a,99=y,21=m,45=t,2=u,61=l,55=i,31=r,19=n,54=a,09=z,6=e,14=l,35=e,25=s,91=c,51=s,4=f,5=w,94=h,04=d,01=b,18=o,24=t,34=c,81=g,41=x,98=d,08=r,9=q,1=k,65=u,64=p
1	947	-2.801618	8	42	wifinlendfolsunein|cuirrencetnietnleiiiintinptiini|zrinlieiilrede|xrieeesinirri|deernroninliterayi|wliiisiesereeniioirti|widnedes|wsueienlllic|leilianoniaiilrede|limumdeneenlieneilldeluti|rptiesiiuarr|iitireetienqtinualliesldsbreeissansnedernerenlisetieilliee|hdoitllunein|dflerounein|lieiilreede|iitleruidaesiencnleitie|insirn|zinclidirenitienriligiikineditinteaioinsir	15=n,3=i,11=e,30=n,99=u,21=s,50=l,24=o,90=f,19=d,6=n,55=e,2=l,31=i,0=w,54=t,09=p,14=t,35=e,25=c,45=r,91=u,51=r,4=z,60=s,5=x,94=y,61=a,04=o,01=s,18=c,34=a,81=d,10=m,69=m,41=p,98=a,80=b,08=q,9=h,65=k,64=g
1	948	-2.829817	7	34	nesneierluiurariueniies|qyieaaiiuteieneeiliieeeeiuieuxceesei|aieleiieetiese|lieleiiuneiuesie|siieauanueereiialiuite|reeieuneiiuniialiiueeneace|nesulseni|rsiiieeutrez|qiieneifengeneuieetiese|qeiuuiirieuiilleiiulersloiie|wciceluneiesieaia|eeicealeielurcepieareiiiursurnaleeuriaunisiiseauiialleiuniicelereeii|ksneanoieniies|iureanbieniies|qeiieetieiise|eesanissiesuiluneiiutioeeieii|eerieau|weiloeiseieseiieluadeheiemeslsecesiluieneeriea	15=s,3=e,1=i,0=n,99=u,02=r,45=a,6=u,55=l,19=s,54=c,09=x,14=i,62=l,35=e,25=t,59=y,2=q,94=t,04=n,18=z,24=g,34=f,29=o,08=r,4=w,98=a,69=p,9=k,49=b,52=o,65=m,64=h,32=d
1	950	-2.690290	8	41	eiretitraitseniienio|coissneceuieieuaniiiteuiemdiiot|hsiainilsere|wsireneeteissi|rnesesleiittursabi|titieeineensrneiilisdi|eirerrem|enonieectiq|xneetuiepieiailsere|xteinepeenrainereenysoui|sfdireettouss|itdisreuireddieoisttnetredesreieencemonresensrateendiretien|krlestoienio|zitesloienio|xinilsenre|iiosensoirareeinasseiuin|iienise|htastriseotuiresliatigiorridiourailiienis	15=o,3=i,11=n,0=e,99=i,21=n,45=s,02=t,61=a,55=r,31=t,19=r,54=d,09=m,6=e,14=u,62=a,35=e,25=c,91=o,51=s,32=l,4=h,5=w,94=b,04=l,01=m,18=q,24=p,34=u,2=x,52=s,95=y,81=p,41=f,98=c,08=d,9=k,1=z,65=g,64=a
1	952	-2.806611	2	34	sastirleixirlirayiitc|rftlliiesuiesuperiinnieieetknini|lteuiinsiuau|ltluiiesieuct|aiiulelaeniuiillieae|irntesiieiiilliienable|saelauii|iraiituesiug|riiusteireseinsiuau|uiexiiriueiileuiieluiraloiie|wkcelestatlil|ncelluieleidemtliuiiieiraeralnneiriheiiciiauleiilleuieiiceluiuuii|zaauliotiitc|ixiruliqtiitc|uiinsiuiiau|ncliicataeilesiiescunieii|nirtle|eiesuiauiuiniielonueetenclauecpletanirtl	15=c,13=t,1=i,0=i,93=y,19=a,2=r,45=l,99=x,6=e,55=l,03=s,53=n,33=n,54=k,09=t,43=e,14=p,35=u,25=s,59=f,23=u,04=a,34=b,18=g,29=o,08=r,4=w,98=h,69=m,85=d,9=z,49=q,64=o
1	953	-2.747540	5	42	tetintasephitionier|tzenniissuieturstiissisiesdcsili|nesaiissiueu|aeauiistisure|eiiunsnypnaiinaisee|qtsestiiniinaiissylae|tesaiuii|qteiieustiam|tiiutilntetsissiueu|aisoiiaiusiiasaiigliteamiie|wcreasteeenin|srenauieancediliaiiintesayallntioniriieunsiinasainiiculiauii|kipeciminier|epacifinier|aiissiuiieu|siciireeesiastiissralieii|xntens|eissaieuiuiliieablaseeslraeuerrasinenten	15=r,13=e,1=i,30=n,99=o,2=t,50=i,24=h,90=p,19=e,6=s,55=a,03=t,53=l,33=s,54=c,09=d,43=e,14=r,35=u,25=s,45=n,59=z,23=a,63=p,04=y,34=l,60=n,0=q,93=u,18=m,29=m,65=g,08=a,4=w,98=o,69=d,85=c,9=k,49=f,3=x,64=b
1	954	-2.613986	5	43	nenuenintenienectua|nxuiitensounsdegualnuepoaal|iuestanoses|iuisteelesau|etsieireaenldioeeu|enauenteetiitearriu|neeiest|enetusemesd|ntsnuuenunnanoses|nlettezsetiesteiseneiftu|koauieellcroi|hlorisouieequyuienlteeneeprisseegletatesietiienletauisesst|wersiefutua|btensiemutua|stanostes|aaitaeuenientemanslut|aenuie|klemnlesuostuiasseuuesaiesuadieuraenui	15=a,13=u,01=t,93=c,19=e,2=n,0=e,45=i,99=t,61=n,55=i,03=n,31=l,33=a,54=o,09=p,6=e,43=u,21=g,14=d,35=s,51=o,53=s,11=t,59=x,23=s,04=r,34=r,18=d,25=m,29=f,81=z,91=c,4=k,98=l,08=p,69=y,85=q,3=h,9=w,49=m,1=b,64=a
1	955	-2.639583	7	48	hnonliiarobeiraceu|ikessuaistiledameanciaptaun|seanuaitere|ieieuonaeue|ruesasuflinditari|hiaealuousiuaausii|lrairec|hirueeaienp|meensliilcaitere|inworgeauianunseirirui|xtuiionnosts|zntsistiioyiaoseinuoiraquissommacuuresausiainouteseneu|ooitereceu|rontedeceu|nuaiteure|auscurercialuatuieniu|zliesa|xnatinreetsuiilsnaieasuireiudiclilies	15=u,13=e,01=c,93=a,19=r,2=i,50=e,24=b,90=o,6=a,55=i,30=l,31=n,0=h,33=a,54=t,09=p,43=i,61=c,21=m,14=d,35=e,03=l,51=t,53=s,11=u,45=s,59=k,23=n,60=o,63=f,04=u,34=s,18=p,29=r,65=n,81=g,10=r,91=o,69=w,4=x,98=m,08=q,85=y,3=z,49=d,25=t,64=l
1	956	-2.840713	4	36	rarolntenlilabreoc|qkoiieetdueuruozeetteteutystele|iotieetdeuau|nonueetretuco|aeeuitiettrieeinetau|ltotreetreeineettesnu|ratnaure|laeeoutdrig|qeeuroulurtetdeuau|ietneepeuteentieetnulanceeu|hscuntroaoiei|tcuinueuntraumoirieeetlatpenlltlextreceeauiteeintietrecunuriuee|waeuircoreoc|enluirdoreoc|ieetdeueeau|tcirecaoatentreetdcileuee|tloit|uetdieaueueleeunflituotlcnauucontoetloi	15=c,13=o,1=e,0=r,93=b,19=a,02=l,45=i,99=n,6=t,55=n,03=r,53=l,33=t,54=s,09=y,43=u,62=z,14=o,35=u,25=d,59=k,2=q,23=i,04=e,34=s,18=g,29=c,08=p,4=h,98=x,69=m,85=a,9=w,49=d,64=f
1	957	-2.801666	4	40	ninttresstutssista|qhtuussenesanerfssoosesaesloscs|uteussonseie|rtressenseeat|isseueulxiussurseia|totenssessursseolcra|nierspos|tisstefoug|qssentatanesonseie|usesssdseessreusseretirdssa|klaarentitusu|oaauresarepayscousssetiedlrccetsmesassieuessureusesslecouess|zswalodsista|iwulobsista|ussonsessie|oslosaitiesrenssenaucsass|ottue|asenusiesescssarmcueatecarieaarretlottu	15=a,13=t,1=s,30=i,99=s,02=t,45=u,6=e,55=r,03=n,19=i,53=c,33=o,54=l,09=s,43=a,62=f,14=r,35=e,25=n,59=h,2=q,23=u,63=x,04=l,34=c,60=e,50=o,93=p,18=g,29=d,08=d,4=k,98=m,69=y,85=p,90=w,9=z,49=b,64=m
1	959	-2.659390	7	47	sisansmoninigpar|hbaiilaitesuoelacumeexecru|iaauantuiu|sasulaueura|iluieiuecnuosteie|ncaeslalislecurse|siesiup|nilauantp|hlusaeneseantuiu|huzclquelsetlesunistle|keresauucrti|wuersitesamezainuleniefusiialdeprliuielisaualeuintul|cyeentapar|iytensapar|huantuliu|cripriaimseslatduuel|cnaie|kuaduiuatilesriteeaeirsiueroseaucnai	15=r,13=a,01=p,93=g,19=i,02=n,45=i,99=o,61=m,55=s,03=s,31=u,33=c,54=e,09=x,6=e,43=e,21=l,14=o,35=u,51=t,53=i,62=a,11=l,59=b,2=h,32=n,60=a,04=u,34=r,18=p,23=t,50=n,29=t,81=q,10=l,91=c,69=z,4=k,98=d,08=f,85=m,3=w,90=y,49=s,52=d,64=r
1	960	-2.933181	1	22	altalilauesipaureauiplaiilie|ukilrereinueleirlalleiouiillllnircherllieli|reiculiillueiletle|eeileeleinalnleieil|tiilersreaollauliireeentrl|aullicalinaiireeeinllarlreerl|aligeetleai|autiiillsueaulx|uiilealilrlaurlacillueiletle|ulnpiimilsiiesulineeleauteediirl|rerierlesaliltilreire|llierlreeeleirlesmerlyilreauliinauigmareeelecautfaiieiitlersiireesulnaiierleeleaulleii|ztarlereadilaiilie|ipaulereabilaiilie|uliillueileiitle|lliereaiietiligiesalinueieulelirlii|llauilrs|rlnueulitleileieliirlesrelucrlicelieeetlerlieiresilarllauilre	5=e,1=i,3=l,0=a,99=p,2=u,4=r,56=s,19=t,09=h,36=c,16=n,46=o,59=k,96=g,18=x,29=d,08=m,86=f,69=y,9=z,49=b
1	961	-3.002782	5	27	qelgelauiergunaultalleli|uwleninilsuieilnaeeilpulleeeeslnsdineeliel|nilsuelleeuileirei|iileiieillceseilile|rlleinenapeauellniiisrne|queelecellcllniiilseaneniine|qeloiireal|qurllleeeuauez|ulleaelenaunasleeuileirei|uestllfleellieuelsiieauriimllne|ninlineiicelerlenilni|eelineniiieilneiefineblenauelllcurchniiieieculxcllillreinellniieuelcllineiieaueeill|klgneinamlalleli|rgueinaylalleli|uelleeuileillrei|eelinallirleloliicelsuiliueielnell|eaulene|nesuiuelreileiliellneienieusnelsieliiireinelilnielaneauleni	5=i,1=l,3=e,30=a,99=t,2=u,50=a,4=n,90=g,19=r,56=e,0=q,09=d,36=s,16=s,46=p,59=w,60=c,96=o,18=z,29=m,08=f,98=x,80=h,69=b,9=k,49=y
1	962	-3.045269	2	28	rulraureiiopreairypureai|eiduaiasneiusauruusseeuuuaoatziauaia|asteueuuesuilui|isuiiusnrunussu|leuianairsuureueaiiinlau|reuatranreaiisnuurauaiiau|rabiiluiq|rydeuuneireux|eeuirauaureauruouuesuilui|eunperfuneineaniiuireliimeau|aiwiauinraaduasai|uaiauaiiiusauinciatduaireuenrybcraiiiuitrelgreieluianeaiineunreiauiiuireuuie|hlrauiairedureai|kpreuiairadureai|eueuuesuielui|uaiairesduloinranesieuiaaue|uuryuan|auneiealususiueauinaiuetaatiaiiiluiaasaiiourauuryuai	5=i,31=a,11=e,0=r,3=u,99=p,21=y,4=a,2=e,61=o,19=l,09=z,36=t,46=s,51=s,16=n,91=d,56=n,01=q,96=b,18=x,29=m,81=f,41=w,86=g,08=c,9=h,1=k
1	963	-2.909943	4	33	kixielentxluasyenie|leriueulsleilueiilplniiiidurfeuiiei|ulrliniillietie|elieeienuisilli|tnieunuapielinueeestui|kliiiuinunueelsieuiueeui|kizeetieq|ksrniinlalig|lniaiiuelueidiillietie|liwrtainnenliseeialteeonui|uebeuieeuiiriulue|iieuiueeeiluienheurriualinultumueeeieiuscunentieunnueenliuneuieeialiien|rxuieualrenie|txlieuaurenie|liniillientie|iieuanlritdeeuisllelieiuin|iesiun|uislelitilileinuienueilruireieeetieuilueedeuiesiue	5=e,31=i,11=n,30=e,99=y,21=s,50=a,4=u,2=l,90=x,19=t,56=n,0=k,3=i,09=f,36=r,61=d,46=p,51=l,16=s,91=r,60=u,01=q,96=z,18=g,29=o,81=a,10=t,69=w,41=b,98=c,80=m,08=h
1	964	-2.929863	5	26	eiteiliserlosuesloiellile|qkliueuellneieluieiielunlliiiicluszeuiileil|uelinillidelietie|eelieeielceicieleli|tllieurueepiisillueeectui|siilseilcellueeelciieuiueeui|eilaeetieel|stllliienesig|qllieeiliuisuieslidelietie|qicollmlirlleenilceeiesteexllui|ueuleuiereilitliuelue|iileuiueeeieluiermeuihliuesillcslameueeeiesstbellelltieurllueeenicelleuieeiesiiell|wteuieueexliellile|losieueefliellile|qillidelielltie|iileueelletlilalereillnelyieiluill|iisliur|uilnyiltielieleilluieruedsuilseileeetieuileluerlieuiisliue	5=e,1=l,3=i,0=e,99=o,02=s,4=u,56=r,19=t,09=z,36=s,16=c,62=n,59=k,2=q,32=d,46=p,96=a,18=g,29=x,08=m,86=b,69=h,9=w,49=f,52=y
1	965	-2.894805	7	31	zilhilisealesuesleallile|wkliueuellneieluaiielunlliiiinlumdeuiileil|uelinillirelietie|eelieeielliinieleli|tllieuauroiisillueeentui|siiliiillillueeelniauiueeui|zilpeetirl|stllliienesig|wlliriliuisuamlirelietie|winellclialleenilneeiesteetllui|ueuleuieeiilitliuelue|iileuiueeeieluieaceuixliuesillnstiqueeeiemslfillelltieuallueeenililleuieeiesiiell|blhuieurtlallile|lesieurslallile|willirelielltie|iileurlletlilpleeiillnelyieiluill|iisliua|uilnyiltielieleilluieauermuilmeileeetieuileluealauiisliue	5=e,1=l,3=i,30=a,99=e,02=s,4=u,56=a,90=h,0=z,09=d,36=m,16=n,62=n,59=k,2=w,19=t,32=r,60=i,46=o,50=r,96=p,18=g,29=t,08=c,98=f,80=q,69=x,9=b,49=s,52=y
1	966	-2.881902	6	32	ieriteniincnuiiaceilti|pireuiuiluiesueieesuuleeetnuoyiuetit|useueletseirei|iseiiessiesesse|rleiueuiixeeneluiiisrue|netoitsiluiisseeiueuiiue|itmiireib|iarleeiuineq|pleiiteuenueienetseirei|pescligeeliiutsiieinriialue|uiziueieittreusui|etiueuiiiesueiediuoreuinelsiamdiuiiieionrhililreiueluiiiuesiliueiieineeil|kriueiuinreilti|wcneiuiiureilti|peletseilrei|etiuiilsrernieielusfeituel|eeiaeue|utuftresesielueieuitoutoitiiireiutsuiineiueeiaeui	5=i,31=t,11=l,0=i,3=e,99=c,21=a,4=u,02=n,61=n,19=r,09=y,36=o,62=u,51=s,91=r,2=p,32=t,16=s,46=x,56=e,01=b,96=m,18=q,29=a,81=g,41=z,86=h,08=d,9=k,1=w,52=f
1	967	-2.901020	8	38	guzulciirscenysuiui|tisleieiiailceullceailllurendieluiu|eclalillclipli|icliiliialolccl|pilietenfllclieiiiopel|clulaliaieiicolueleiiel|guwiipliq|gysilliaicle|tilnulelceulrllclipli|tuksmoltiiiauoiilicpiipiel|eixieliiauuslecei|luieleiiilcelitbiensleicliocpareiiililaymaiiiplietieiiiauaiieliilicllii|szelieicsuiui|hsclienesuiui|tlillcliipli|luienicslpriialiacdliueli|luylet|euaduplclcilieliteilneuniuiiiplieuceiirueluylei	5=i,31=u,11=i,30=u,99=s,21=y,50=n,4=e,02=c,61=r,3=l,90=z,0=g,09=d,36=n,62=a,51=c,91=s,2=t,19=p,32=l,16=o,60=a,46=f,56=t,01=q,96=w,18=e,29=p,81=o,10=m,69=k,41=x,98=m,80=r,08=b,1=h,52=d
1	968	-2.885863	1	29	atauesesipesneestleiuie|skuneneinsdeireteixsiittnincoentidi|neicaiitseueile|eeuedeinaizeieu|tiuensneexteaiineeentr|esticaineiineeeinterneer|aimeeileei|estiiitsseeay|siueauresrecitseueile|anpiibusiiesainedeesteefiir|nenieresautuneine|tierneedeiresberguneeaiinesimbeneedecestheiieiiilensiineesaneiieredeesteii|wtereneefueiuie|ipeaeneequeiuie|aiitseueiiile|tieneeiietuimiesainseieadirii|tesuns|rnseaiileueidiiresndscricdieeeilerieinesuentesune	5=e,1=i,13=u,0=e,93=l,19=t,2=s,4=n,99=p,56=s,03=a,53=d,33=t,09=o,36=c,16=n,46=x,43=r,59=k,23=a,63=z,96=m,18=y,29=f,08=b,86=h,69=g,9=w,49=q
1	969	-2.801293	4	35	ataiaiestqiloiitailie|iwlleleisireilareihiiirrsiledelriri|leieuiirieleine|eelereisaideiel|tilelsloldauiileeestu|kirieaiioiileeeiidauleeu|aimeeinoi|kitiiirsiouy|iileallailaeirieleine|ustiiclsiiesuiseroiteeniiu|lelieuesaltlleile|rieuleereiuesceuxllouiiioitobleerroiigoiieiiinelsiileesuioiieueroireii|fiqueloniailie|tquelopiailie|uiirieleiiine|rieloiietlimiesaisieieuriuii|zaills|usieuiineleiriiueslrieuierieeeineuieilesiauaille	5=e,1=i,13=l,30=a,99=t,2=i,50=o,4=l,90=q,19=t,56=s,03=a,53=r,33=r,09=d,36=e,16=s,46=h,59=w,93=n,23=u,63=d,43=u,60=o,0=k,96=m,18=y,29=n,08=c,98=g,80=b,69=x,9=f,49=p,3=z
1	970	-2.781152	5	38	aoauaneestanieanodaure|nxuieielnnedaiepruirsichedrer|iectuineuede|eeuenelargeeu|wqueisieapiatuieeelod|atrcarlauieeeliadieed|armeedec|arquisneatk|rueaudandasineuede|tltumusuesnrleneanoeeoud|ieledesauouieie|bredieenedesmedyuieatularmmaieenecanozaueudeisuieestlauedeneanieu|foadeieaouaure|wtateieapuaure|tuineueude|breieaueouosesarlneeterdu|ianuis|dlnetudeuenudesinncircereeedeireiesuaiianuie	5=e,31=r,11=u,0=a,93=d,19=o,2=n,4=i,99=t,61=s,13=u,03=a,43=d,09=h,36=c,33=i,21=r,46=p,51=e,53=n,16=l,59=x,23=t,63=g,56=s,91=q,1=w,01=c,96=m,18=k,29=o,08=m,41=l,86=z,69=y,3=b,9=f,49=p
1	971	-2.658748	8	41	zayaueirayeescouuai|ehleiesmesseursiclradenfinaia|esnoureilsti|iilisiueacsil|kglieresecuoueiiiman|zoanaueueiiiucuneiin|zaxistiq|zcgurresob|clialeuenadreilsti|omoullruireamisseaiidun|eiminiralalesei|waineiissnirlintleseaueeaepeiissecpeusutierueiireaeuinisseriu|gynieseguuai|ayoieseguuai|oureilsuti|waiesuialadiieamesioianu|wueler|nmeioutilssunireseneaniaiistieaseiidunuelei	5=i,31=a,11=u,30=u,99=o,21=c,50=s,4=e,2=e,90=y,19=a,56=r,0=z,43=n,09=f,36=n,61=d,33=r,13=l,46=i,51=s,53=s,16=m,59=h,93=t,23=o,63=c,60=e,91=g,1=k,03=a,01=q,96=x,18=b,29=d,08=l,41=m,98=p,80=p,69=t,3=w
1	972	-2.839475	3	32	tutsiesibileiuduisie|zwsleleiipreinuceilpiiccnilagelciri|leiatismeseide|eesereintikeies|uiselsleuecutiileeenun|iciatinuiileeeincunleen|tiheeideui|iuiiicepeutf|zisetsninuasmeseide|tnbiiossiiestinereiueeaiin|lelienestsusleile|cienleereinesoenysleutiiniihouleereaiuxuiieiiidelsiileestnuiienereiceii|quuneleuasuisie|ibuteleursuisie|tismeseiiide|cieleuiieusihiestiipeietrinii|cisls|nipetiideseiriineslemaniarieeeidenieilessulcisle	5=e,1=i,13=s,0=u,93=d,19=u,02=i,4=l,99=b,56=s,03=t,53=r,33=c,09=g,36=a,16=n,62=p,43=n,59=w,2=z,32=m,23=t,63=k,46=e,96=h,18=f,29=a,08=o,86=x,69=y,9=q,49=r
1	973	-2.757153	3	35	totsiesimileiimaisie|wgsleleiitreilareiltiirrnilezelriri|leieuisdeseile|eesereintideies|oiselslaldauiileeenou|irietiiciileeeiidauleeu|tineeilai|ioiiiretaux|wisetsuilaesdeseile|unmiiossiiesuinereioeepiiu|lelieuestsosleile|rieuleereiuesoeubslauiiniocyleereeiihciieiiilelsiileesuiciieuereireii|kiquelapiaisie|oquelafiaisie|uisdeseiiile|rielaiieosiniestiiteieuriuii|risls|uiteuiileseiriiuesledeuierieeeileuieilesialrisle	5=e,1=i,13=s,30=a,99=m,02=i,4=l,56=s,03=t,19=o,53=r,33=r,09=z,36=e,16=n,62=t,59=g,2=w,93=l,32=d,23=u,63=d,43=u,50=a,60=c,96=n,18=x,29=p,08=o,98=h,80=y,69=b,90=q,9=k,49=f
1	974	-2.688769	7	41	lmlameedomiemmrntle|ygaieietastunetpraeldieceulel|ieaalaceatre|eeaestanlbtea|wqaeinienpenstieeeamu|nslenlantieetaenuieeu|nlpetres|nrqteeaensu|raelaumuneaceatre|saotianteealaesemmeedtu|ieheuenlamaitie|kleuieestuenieuxaienstanrpinieeseemmontttreintieensanteuesemeet|zmnueiendantle|wonseienfantle|ylaceattre|kleientemamdenltateselut|emain|ilaestreatstuenieceileeleetreiltienaniemaie	5=e,31=l,11=t,0=n,93=r,19=m,02=m,4=i,99=o,61=d,13=a,03=l,43=u,09=c,36=e,33=e,21=r,46=p,51=t,53=s,62=a,59=g,2=y,32=c,63=b,16=a,23=s,56=n,91=q,1=w,01=s,96=p,18=u,29=d,08=i,41=h,86=o,69=x,3=k,9=z,49=f
1	975	-2.616733	8	44	anaireetertareiise|xhiteteindutieupriesttcmenses|teinsileiuse|eeiedeiusauei|zpietstatailiteeetnn|klscaiuiteeeiainteen|ksyeuseq|krpieenald|rieainrticileiuse|lteicisieenstederneemin|tewenesainitute|fsenteedunescenbitalitrnuoteeddurouiuisetsiteeensuienedereei|pgneterpiise|ngletatpiise|xsileiuise|fsetaienintesainuelesni|erits|tsneliseiudinestelctsceseeusetsuteetiterite	5=e,31=s,11=i,30=i,99=e,21=r,50=a,4=t,02=r,61=t,13=i,03=a,19=n,43=n,09=m,36=c,33=e,46=p,51=u,53=d,62=n,59=h,2=x,93=s,32=l,63=a,60=u,16=t,23=l,56=s,91=p,1=z,0=k,01=q,96=y,18=d,29=m,08=c,41=w,98=o,80=o,69=b,3=f,90=g
1	976	-3.052467	4	29	etneteteriaesetieresteeetei|rqelsieuritintettieoreettttunchstteite|kiecrteettrietinti|iietiitieuetutieiet|neetsifieotterteniiiuezt|ertteceteueeniiieuttalist|etexiintiee|erneeettarierty|reetieteltettecettrietinti|rtuseemetaeeiarteuiitierniident|ksestiaetetnelini|ttesliiitintiamstbelierteeuerexmaiiiticerngeeeieentsaeniiartueeestiitierttiee|wnatsiedeteeetei|esertsiepeteeetei|rteettrietieenti|ttesieeeinetexeiaeteurieirtitntee|tterela|kturirtentietieitentiifitrtfteciteiiintsteiniaetattereli	5=i,1=e,3=t,0=e,99=s,2=r,24=t,56=a,19=n,54=s,09=h,36=c,14=n,16=u,46=o,34=l,59=q,4=k,94=z,64=f,04=a,96=x,18=y,29=d,08=m,86=g,69=b,9=w,49=p
1	977	-2.933522	8	33	qelzeliuitczsouluilleli|uylarilsuieilieeilbulleeeeslagreeliel|xilauelleeuileicei|iileiieillneseilile|clleridobeiuelliiislre|queelenellnlliiilseetaire|qelpiiceol|qucllleetuouem|ulleoelaisialeeuileicei|uesulleletllituelsiieouciiflle|xrlreiineleclaili|eelraiiieileiterenlaouelllnulpetiiieienulknllillcertlliituelnllreiieoueeill|wcteroflilleli|czuerohlilleli|uelleeuileillcei|eelrolliclelpliinelsuiliueielell|eiulat|xesuiuelceileilielleiidieuedelaieliiicerelilitleteiulai	5=i,1=l,3=e,30=i,99=u,2=u,50=o,24=s,90=z,19=c,56=t,0=q,54=r,09=g,36=a,14=l,16=s,46=b,34=a,59=y,4=x,60=n,94=r,64=d,04=t,96=p,18=m,29=f,08=e,98=k,69=n,9=w,49=h
1	978	-2.877374	5	34	sitsiisleetasdeseaisnie|leaulnsleieuisiinolniiiisuryliiei|pnrliniilnietie|enieeinssisinni|tnilemesoiisliueenthi|sliirsisqueensiibueli|sizeetieq|seaniirleslig|lniesiuisdisitiilnietie|lisansfirnerliseeieslteelaui|pexliersiiaueue|iilueeeieuierolraueslinssezobeeeiersltcsnentiletueerlissnlieeiesliien|ktbileslaisnie|waslilebaisnie|liniilnientie|iilesnnaittersislnelieiuin|iiseur|pislelitinineiuieemeilimireieeetilieueetibiiseue	5=e,31=i,11=n,0=s,3=i,99=a,21=e,24=d,61=t,2=l,19=t,54=l,09=y,36=r,14=u,16=s,46=o,51=n,34=u,91=a,4=p,94=h,64=m,04=b,01=q,96=z,18=g,56=r,81=f,41=x,86=c,08=o,9=k,1=w
1	979	-2.941743	8	39	wayaceiraymsegceai|einduiceiniucnnioeennnncurdunaia|pirenenneiniani|iiniinietncniin|aenuilsonceauiiilzn|wenantacquiiicnnodiun|waxiianiq|wenennresent|eensadcmcnlnneiniani|eaknhfnreireaciinseaiienun|pimuniitaandiui|naudiiiniunirpurndseaetexpoiiinintesteieanuiluiireateuniinsennie|baonusenceai|ayenuionceai|enenneinieani|nauseinnaliitaceiieninune|ncedr|pnceieaaniniiauniilinenlariaiiianuaiuiilnoncedi	5=i,31=a,11=e,30=c,99=g,21=e,50=s,24=m,90=y,19=a,56=r,2=e,0=w,3=n,54=u,09=d,36=r,14=u,16=c,46=o,51=i,34=d,91=n,4=p,60=t,94=z,61=l,64=l,04=o,01=q,96=x,18=t,81=f,10=h,69=k,41=m,98=s,08=p,9=b
1	980	-2.936083	8	33	aunauiuresiaaueriauaiiuie|kzileeiiseueruauuersiiuuuulrtpeuuieui|weiusuiiudeiuenue|eeiueeueilaulueieiu|niiueegeaouuruireeelibu|ruuitauilaireeeiluuileeu|auineenueai|rniiiuueseruy|kiiueauiluauuatiudeiuenue|kulaiiciusiieesuileeuerneetiru|weieuesauiunilere|uuieleeeueruesceuxileruiilrincieeeuetrnmaiieiinuesireeesulaiieueeueruueii|hniueeatiuaiiuie|iarueeafiuaiiuie|kuiiudeiueiinue|uuieeaiieniuiniesauiiseiqueuruii|uurils|wuisquinueiueieuirueegeduguiteuieeenueuieresiuiuurile	5=e,1=i,3=u,0=a,99=a,02=r,24=u,56=s,19=n,54=e,09=p,36=t,14=r,16=l,62=s,34=l,59=z,2=k,32=d,4=w,94=b,46=o,64=g,04=i,96=n,18=y,29=t,08=c,86=m,69=x,9=h,49=f,52=q
1	984	-2.977774	3	35	eaetuieunbufeuiasuntne|iwnddentilensuienninniitcopdinln|kenoanniietense|eetelentengenet|antdemeuniuanceeetas|uiinoentunceeentirdees|enoeenseun|uiannniuieuaq|inteetsuisuoniietense|atbnnltunneuanteleuiaeernns|kdneseuetandece|inddeelenseuleshndeuanntuinolreeleouiayunnennnsdunceeuatunneseleuiienn|zausdeurtuntne|nbuadeuxtuntne|anniietennnse|indeunneatnoneuentienealnsnn|iuindu|stieannsetenlnnseemliosnolneeensesneceutriuinde	5=e,1=n,13=t,0=u,93=s,19=a,2=i,24=f,99=b,56=u,03=e,53=l,33=i,54=d,09=p,36=o,14=c,16=t,46=n,43=s,34=d,59=w,23=a,4=k,63=g,64=m,04=r,96=o,18=q,29=r,08=l,86=y,69=h,9=z,49=x
1	985	-2.850545	6	40	tateuiisamosieguerei|ixeneieniriuutiepieettnuscetere|kiesdeetiiriedi|iiririentepieir|aereioimpudeuiiinal|zitesteeleuiiientmniil|tefiiedse|ziaeeetsisde|ieritenuousetiiriedi|dngeearseeisdenirsiaiiceel|keeilistraeniui|teeniirielisailhensdeeeliefamiirrliebleeieeedeseuiisdeleeilirsitiee|qemlesceuerei|amdesyeuerei|deetiirieeedi|teeseeiarefeisteniieidrelee|wuiens|lniideediriereeliiorislesreiiiedileiuiseuluieni	5=i,1=e,13=r,30=u,99=g,2=i,50=s,24=o,90=m,19=a,56=s,03=t,53=r,33=t,54=e,09=c,36=s,14=u,16=n,46=p,34=n,59=x,93=d,23=d,4=k,63=p,43=l,04=m,64=o,60=l,0=z,96=f,18=e,29=c,08=a,98=b,69=h,9=q,49=y,3=w
1	986	-2.693711	7	42	ycylesiiagediescreuai|siprieusseneletsulluonfinaia|zennulsileri|iiliseueameil|xpliicietlesaoiiiucn|enaneaumoiieulariin|eaoierim|eppulesiend|pliylnesnyalsileri|nugusleuiesauisiesciitun|zikinieeaaprioi|wairiiseniesinprienuueposaiisinescheueuriiaoiienueuinisiesliu|qceniietleuai|xgeniiebleuai|nulsileuri|waiieuiclcaieeauseinianu|lepre|nusinurilesuniicsncaniaiieriaioielalepri	5=i,31=a,11=u,0=e,93=r,19=c,2=s,24=d,99=g,61=a,13=l,03=y,43=n,09=f,36=n,14=o,16=u,33=l,46=t,51=e,53=s,54=i,34=r,91=p,23=n,4=z,63=m,64=c,1=x,04=a,01=m,96=o,18=d,56=e,21=p,29=t,08=s,41=k,86=h,3=w,9=q,49=b
1	988	-2.981769	5	38	aealriauxopiredoului|yzunuiuuroiueoiicruuiitcsquiuou|tiusnulsiliudi|iilioiutaubiuil|euluihiokionuciiitee|riusautouciiiutilniie|aumiiudiou|reuuuiirionp|yulialereoslsiliudi|ntxuuclauuianutioireiiduue|tuuieiaaleunici|iuuniioiueiaciemunionuutrumcliioisregouuiuuuduauciiantouuieioiriiuu|weoeuiodloului|uxonuiofloului|nulsiliuuudi|iuuiouuielumuiaauuriuinoueuu|iruna|eurinuudiliuouueiihisseusouiiiudieuicialliruni	5=i,1=u,13=l,0=o,93=d,19=e,02=r,24=p,99=x,56=a,03=a,53=o,33=i,54=u,09=q,36=s,14=c,16=t,62=r,43=e,34=n,59=z,2=y,32=s,23=n,4=t,63=b,46=k,64=h,04=l,96=m,18=p,29=d,08=c,86=g,69=m,9=w,49=f
1	989	-2.807329	5	40	cpcrsetpayesifeirie|qzineeiirdenemenriimmanshemidi|keisdiriereile|eeredeiacileier|pireeceuledineeeapu|smisciitineeeiamuneeu|cimeeilsi|spiiimersdo|qirecineyesriereile|dafiiortiietdiaedespeepiiu|keieuetcrpinene|mieneedeiuetoeuxinsdiiasimoueedessigtiieiiiletineetditiieuedesmeii|wiauespieirie|padesbieirie|diriereiiile|miesiieprimietciireieddiuii|msint|uirediilereidiiueeceisuisdieeeileuienetrumsine	5=e,1=i,13=r,30=e,99=f,02=s,24=y,90=a,19=p,56=t,03=c,53=d,33=m,54=e,09=h,36=s,14=n,16=a,62=r,34=n,59=z,2=q,93=l,32=i,23=d,4=k,63=l,43=u,04=u,64=c,60=t,50=s,96=m,18=o,29=p,08=o,98=g,69=x,9=w,49=b
1	992	-2.908361	1	28	uecueleunalnuisuilneullet|iwlesslanelreueelpilleeeealroudreetel|sloielleenlece|sleselaueaetle|cllerasupeeuiellssacre|uieelouelaullsslaeeurersre|uelysceul|uicllleeanuieq|illeuelereuireuoleenlece|ieanllflealtaielaseuicsbllre|srtreaueleclesls|eetresselreaugrezlesuiellauilyfusseouichultllcerallrsaieaultreseuieell|kcuresubleullet|lnuiesumleullet|ielleenlellce|eetsultclelytauelantieelrell|eeuilera|reanielceletellreaseiorelexetsceretlsaleureeuiles	15=t,3=e,1=l,0=u,99=n,2=i,45=s,56=a,25=n,19=c,4=r,95=d,36=o,16=a,46=p,35=e,59=w,55=s,96=y,18=q,29=b,08=f,86=h,69=z,85=g,9=k,49=m,65=x
1	993	-2.882900	5	33	wuiruilsmuraetaidliius|ayiueeiisnielunitaiiuuuuiieuabeuusui|eilauiiuusinun|riurniiauinsiu|uiinemettulauiieriueu|wauuiuauiiaiieriiuleuereu|wuinruuti|wauiiiuumataux|aiiutuiuelaelliuusinun|auidiikiumismauiirutaurciieu|eeseurauiuuiueie|uuseuernieurapeuhiuetauiiiaauagernuaaifaisiiunemiiermauiaiseurutaunii|qirenetciliius|uranetziliius|auiiuusiniiun|uusetisuiuinirauiissanuieuii|ulaiuem|euisauiuninsuiienmeualeuiuousruneusiemileulaiue	15=s,3=u,1=i,30=l,99=d,2=a,50=t,4=e,90=r,19=u,56=m,25=s,0=w,95=b,60=a,16=i,46=t,35=n,45=e,59=y,36=l,55=r,96=n,18=x,29=c,08=k,98=f,80=g,69=h,85=p,9=q,49=z,65=o
1	994	-2.793546	3	34	euoenuesaltesdentuerui|coudeliculeueuulgsruuunletemeuuin|eltsuruusluou|xluaulieuiullu|oruerdeguuesurdaioeu|esuntenierealiuueeueaeu|enaaous|enoruurcesuf|sruenueueseueuluusluou|suitrebulirsniauesoapreu|deieurennoueld|uuieudauleurezetoudesurienahedautesoysirouerrearsuisieuauesuur|woeeudesouerui|ktesudeeouerui|suruuslurou|uuiderlonairenicisuneur|uuenuer|euicsnouluiureurdustenuquiaouenlealueeuuenud	15=i,3=u,11=r,0=e,99=t,21=n,45=d,2=s,61=l,55=a,31=n,19=o,4=e,95=m,36=t,46=g,51=l,25=c,16=i,91=o,35=u,5=x,56=r,01=s,96=a,18=f,29=p,81=b,86=y,08=h,85=z,9=w,1=k,65=q
1	995	-2.904687	5	38	qimitrmlmeachotlit|rsiaauoriuatiiuceliiiisainpaiiti|auneiliieuele|zuiuelnioiuui|lleamacciteilauolai|qeiiinilnlauuoitaiauai|qiwuler|qhsliimeceix|eliciiateatisiieuele|eipsgdestmeiouiceluylai|aataiuniisiaua|iitaiauiuaiundansiaceilnelnfaueinelbrtlleamlaumeiortaiuiceiel|smaeacestlit|lmeeacastlit|eiliieuelle|iitaclusilsuniorteeiail|ithiam|aioreiliuetilaemaienaiikituleaiuaustaithia	15=t,3=i,11=l,30=t,99=o,21=h,50=c,4=a,2=e,90=m,19=l,56=m,25=r,31=i,0=q,95=p,60=n,61=s,46=c,51=u,16=o,45=a,91=s,35=e,36=n,55=u,5=z,01=r,96=w,18=x,29=y,81=d,10=g,69=p,86=b,80=f,85=d,65=k
1	996	-2.829639	5	32	eiceilieprlnueulniellia|kwlieelapiluieiiluslliiiialureduiiail|elisilliiplici|nlinilaeiaiali|clliureexiiuillenacui|uiilreilaellenlaiieuiunui|eilmnciel|ucllliirpuis|kllieiliuiuuierliiplici|kianllylirllnsilaniucntllui|euauireilicliele|iiauieniluirequiblieuillaulmyeeniruchelallciurllensiaelauiniuiill|zceuieetliellia|lnuieetliellia|killiiplillci|iiaeelaclilmareilaploiiluill|iiuliur|uilsoilciliailluirefruiligianciuialerlieuiiulie	15=a,3=i,1=l,0=e,99=n,02=u,45=e,56=r,25=p,19=c,4=u,95=d,36=r,16=a,62=s,35=i,59=w,2=k,55=n,46=x,96=m,18=s,29=t,08=y,86=h,69=b,85=q,9=z,49=t,52=o,65=g,32=f
1	997	-2.817362	7	37	xildilourlnueulnollic|wqlieelauileoiileslliiiialeiayeiicil|elisilliiulici|rlirillaiaicli|clliereskiiuilleracei|uiiliaillallerlaioeierei|xildrcisl|ucllliiruuin|wllisilieiueofliiulici|wianllblirllrsilariucrtllei|eeceirailicliele|iiceierileirageillieuillaucaperifulmalcllcierllersilalceiriuiill|hldeiestlollic|lnuiestlollic|williiulillci|iiceslcclildlrailauloiileill|iiulier|eilsoilcilicilleirezfeilimicrcieiclerloeiiulie	15=c,3=i,1=l,30=o,99=n,02=u,45=e,56=r,25=u,90=d,0=x,4=e,95=y,60=a,16=a,62=s,35=i,59=q,2=w,19=c,55=r,46=k,50=s,96=d,18=n,36=f,29=t,08=b,98=m,80=p,69=l,85=g,9=h,49=t,52=o,65=m,32=z
1	998	-2.762582	6	38	eiaerilnluliesuierit|hpiieschiseieiisecriiirlemedeiitr|esicirinstat|wsinisceicissi|arteuieqiilirincaei|lirmercerensciieeienei|eronata|espriiuhlio|krterieileieilinstat|kicuregiurncrcntlandrei|ietetuerrpiesi|iiteiinisetuexempiilircesobeintmlamatrateurincicateintlitr|paeetilpierit|zultieepierit|kirinstrat|iitiersprotueircsytreir|iiesieu|ercyraisttiretuinmerifitnatersenlieeiiesii	15=t,3=i,11=r,0=e,99=u,21=s,45=i,02=l,61=l,55=n,31=r,19=a,4=e,95=d,36=m,62=c,51=s,25=h,16=c,91=p,35=t,32=n,5=w,46=q,56=u,01=a,96=o,18=o,2=k,29=d,81=g,86=m,08=b,85=x,9=p,1=z,52=y,65=f
1	999	-2.718936	8	43	qiwiuaenmaenomniur|fouleetfueenuueesiuuuineuspeuuri|eeusuiuuertr|heuerisutueeu|tiresenauuauiletteu|auiusuisieeetuneueeeu|qizetra|qooiuusfaub|liuniueuaenunuuertr|lixoccusiesiteratedieu|lereuesiioueel|uureuleueeuesmedoulauitatsylerdatparitresilesutareuerauri|owerlaoniur|kmareneoniur|luiuueritr|uurenieoutnesuisetrieui|unoues|eistituerruiersludeiuguretreieeenneunoul	15=r,3=u,11=i,30=n,99=m,21=o,50=n,4=e,02=a,61=n,55=e,31=i,90=w,0=q,95=p,60=s,62=s,51=e,25=f,16=t,45=l,91=o,35=r,19=t,32=u,5=h,46=a,56=s,01=a,96=z,18=b,2=l,29=d,81=c,10=c,69=x,86=p,36=d,80=y,85=m,1=k,52=t,65=g
1	1000	-2.846821	1	33	ltlueraigenrentdeiui|nwurricrsiulsipniioocilsezloiai|ristiiorists|euesiclcsiu|tiislarepoetiirectu|enoisliceiireicoeuleu|linetsei|entiiioarety|niisluuenuesiorists|tcgiifuaiiaticesentemiiu|rlilsaluturir|oiuresilsaekuburetiiceninferessentheiiiitslaiileatceiiuesetsii|xtelsremueiui|igensrequeiui|tiiorisiits|oireiituinialicritaiuii|oenula|ucrtitsisiaiilsalansuisaietsuiiraueloenur	15=i,13=u,1=i,0=e,93=d,19=t,2=n,45=r,99=g,56=a,25=r,03=l,53=a,33=o,4=l,95=z,36=s,16=c,46=p,35=s,43=u,59=w,23=t,55=e,96=n,18=y,29=m,08=f,86=h,69=b,85=k,9=x,49=q
1	1001	-2.755363	4	41	titeltsimlielegleau|lwarreetneatnebleesseeanoiseue|reaseestenin|rarneetenua|ieenisieiclseerreia|xlseateeneerreeclaira|tecredee|xlieeesslesp|leentaillilaestenin|segeepaseusseequelirdeea|riuinstaiarer|suarrnearnyamaieseeenlinfiruunlehneueeiniseeirsseneuinuesnee|keminiedeleau|imlniezeleau|seesteneein|suieeuiaecusteetusueaee|ollais|aetseineneueeinsiulaaeauurinauerselallar	15=u,13=a,1=e,30=l,99=g,2=l,50=e,4=i,90=m,19=i,56=s,25=t,03=t,53=u,33=s,95=o,60=n,43=a,16=e,46=b,35=n,45=r,59=w,23=s,36=a,55=r,63=c,0=x,93=d,96=c,18=p,29=d,65=q,08=p,98=h,80=f,69=m,85=y,9=k,49=z,3=o
1	1002	-2.786814	3	42	oeonaischaitaieduna|iwnteeniretalemonlucecazelau|eeclilieses|kesrenonsan|eiseptamlalitsnet|alucaunaiesenlatest|aussesu|aofilpbalq|iisontaitoclieses|lnhiayscapiunssaiespit|teaesponeneet|latesreespartantalinaosdatsscaiemuaiesepiesplnuatssalsi|geaestapnuna|xhaistannuna|liliesies|lataiefusapaunbaisuti|lainep|tnbiuesneriespericeucraseseuetpnaelaint	15=a,13=n,01=u,93=d,19=e,2=i,0=a,45=t,99=h,61=c,55=s,03=o,31=u,33=l,4=e,95=z,36=c,21=o,46=m,51=e,43=t,53=r,16=n,59=w,35=s,11=i,23=l,5=k,56=p,96=s,18=q,25=b,91=f,29=p,81=y,86=m,08=d,69=a,85=r,9=g,49=n,1=x
1	1003	-2.717037	6	47	xnfnltstfeunetquil|ezicureeiruluroniunicshuuln|ursdeuerata|kraireteali|teausunualdecretc|xdnstesecrealcurc|xnwrtau|xnreusendd|eeatiulectiuerata|enprobailsdeminetrlec|culuastitiurc|ulcurircrsycpiunenesetsauriisetmuletauseursdeuluaindae|rfuaunliuil|tfeaungiuil|deueraeta|ulcultitirsnetleance|pleius|cetentairieuasuiesunsilrtaunrurilcleic	15=l,13=i,01=u,93=q,19=t,2=e,50=n,4=u,90=f,56=s,25=t,30=l,31=n,0=x,33=u,95=h,60=s,43=c,61=i,21=n,46=o,51=r,53=i,16=e,45=c,59=z,35=a,11=e,23=d,36=s,03=t,5=k,55=r,63=a,96=w,18=d,91=r,29=l,65=m,81=b,10=o,69=p,86=m,80=a,85=y,49=g,3=p
1	1004	-2.686209	3	36	pupiideezalaurieiu|qmillerdletplesseettresnihstede|lenceetdelul|aialerprlui|ueelselioticeelarut|atenperieelaertitsat|pefaulie|aueeetedicy|qeelpitatinetdelul|crzeenieeueceralauageet|lsuslepiuilel|tutlalesleiktbiliceeraefnilalnauxieueeulseeesaecrieutaliclee|wuislligiieiu|ezalliciieiu|ceetdeleeul|tulieuuiefueperducdetee|taise|trdceuleledeeslelontenduaultueleiistail	15=u,13=i,1=e,0=i,93=r,19=u,02=a,45=l,99=z,56=e,25=d,03=p,53=d,33=t,4=s,95=h,36=n,16=r,62=s,35=l,43=t,59=m,2=q,23=c,55=a,46=o,96=f,18=y,29=g,08=n,86=x,69=b,85=k,9=w,49=c,32=o
1	1005	-2.801462	3	40	iaieceuesasaesceul|kfusserenesineiceettresppitede|setneeteenan|euenerirnlu|aeeniuioilcneeseras|atetieepeeseeelcsies|iezeeboe|aaeeuncond|keeniusaicteteenan|nrseexuuelunerenaaerees|silinuiuauses|tlssenesepgsquioneeraaposentaempeleeaniueeieunepelindonnee|weminioreceul|esanioyeceul|neeteeneean|tlioelauezluierelndesee|tauiu|sreneanenedeeinushtsetdleanslesuecitaus	15=l,13=u,1=e,30=c,99=s,02=a,45=s,56=u,25=e,03=i,19=a,53=d,33=t,4=i,95=p,60=p,43=s,16=r,62=c,35=n,59=f,2=k,23=n,36=t,55=e,63=l,50=o,93=b,96=z,18=d,29=r,08=x,98=m,80=o,69=q,85=g,90=m,9=w,49=y,32=h
1	1006	-2.639649	6	45	osonenspeuesmani|wknuuisdatilaronlesetirelie|unsentausu|qaudanonuin|siueruirliliunnst|iletieniienanlitent|iebnsua|ioyilrfilz|wiuontetitntausu|lnpicnrinsennuesnait|ueieuronsneau|litendaeuriptcnuiliniobciunutesmaiisuerienrlnaitnuilui|xsieuuianani|hpeuuignani|wentauisu|liuiiayebiroisadueti|lener|eesdesunadieurutteetdinsueeaurnielenu	15=i,13=n,01=a,93=m,19=s,02=e,45=u,99=p,61=s,55=n,03=o,31=e,33=l,4=e,95=r,0=i,36=t,21=o,46=r,51=a,43=t,53=d,62=s,11=i,59=k,2=w,35=u,32=t,16=n,5=q,23=l,56=r,96=b,18=z,25=f,91=y,29=a,08=c,86=m,69=c,85=p,9=x,49=g,1=h,52=d
1	1007	-2.576126	7	49	aeailstllsleduii|hmissindeentezpitutumpetiu|sinuicenen|fendelalnii|eineteregnoissleu|wousaimissignuesu|wubsenu|leiinnroy|hinaiulensicenen|olliaitisnulsnlesciu|seientaieiees|tiuesdeusmourieroillemassnslexuiienetiestoluiendroni|dkenerciuii|qllnerriuii|huicenien|tieriedubitaineonuui|tliet|eunoueniedientscseusdiseneueestnetlis	15=i,13=i,01=u,93=d,19=e,02=l,45=s,99=l,61=t,55=s,03=a,31=u,33=t,4=e,95=p,60=m,43=u,21=p,46=z,51=e,30=n,53=d,62=n,11=i,59=m,2=h,35=n,32=c,16=l,5=f,23=o,63=g,50=r,56=t,36=s,0=w,96=b,18=y,29=c,08=a,86=x,80=a,69=r,85=o,90=k,91=d,49=r,1=q,52=o
1	1008	-2.789653	3	34	ieiieseinastiluilsteisseu|lqseuustnedeieesmlsseeeetdobleeues|usolesseenseie|rserestieteuse|isselauimeeilessurtsoe|ileesoiestissursteeceule|iesarieis|ilissseeanileg|lsseiespeizeioseenseie|lettssyseasualestreilirnsde|wlsleaieseiseusu|eesleuredeaylesseuilesstilsayiureoilihisussielasdraletisslereileess|kiceuinseisseu|stileuixseisseu|lesseensessie|eeuuisuisesauaiestnuleedess|eeilspa|wetnlesieseuesdeaueleresefeurieleusuaseceeilseu	15=u,3=e,1=s,0=i,99=t,2=l,45=u,56=a,25=n,19=i,54=l,09=b,36=o,14=d,16=t,46=m,35=e,59=q,55=r,94=o,04=c,96=a,18=g,24=z,34=p,29=n,08=y,4=w,86=h,69=s,9=k,49=x,65=f,64=r
1	1009	-2.856391	7	39	xiloilousnomralfolliu|aqlieelaueloielyalliiiialthiiiuil|eltailliiulene|clicelleiaeuli|nlleenryioaillecalbi|xaiilieillelleclaiirieii|xilpcnirl|xanllliisarait|allirildomotliiulene|aiafllclislusailacirancslli|wiliiceilinliele|iiliiecelesciipldraillleanedeceiealmelullniisllcsailelliiciraiell|znriirslolliu|noaiirklolliu|ailliiulellne|iilirlunlilplceilauuaeilill|ioalds|wiauailneleuilleseiainiligiucniiiuleslirioalie	15=u,3=i,1=l,30=o,99=f,2=a,50=r,24=m,90=o,19=n,56=s,25=u,0=x,54=i,09=h,36=t,14=l,16=a,46=y,35=e,45=e,59=q,60=e,55=c,94=b,64=n,04=r,96=p,18=t,34=d,29=s,08=c,4=w,98=m,80=d,69=p,9=z,49=k,65=g
1	1010	-2.735446	5	40	oidoiiousthousouhionia|lrrletleeioiiepuniiiiteafliiai|keauiniiueede|xeisietoitieei|dnilssopiiouiesetbi|ouiiaoitmesetiicisli|oinsdem|ourniislouid|uneoiriooioitiiueede|uithnometasuitseoudsurei|szlesoiirres|iilisseeesclarisouintouncosseaoudymandestessuitonliseouien|wdcesourionia|qhouescrionia|uiniiueende|iiasonerinasoitlaueiein|iiours|kitluidieeaieessiuipiigiasdiliaesticiiouis	15=a,3=i,11=n,0=o,99=h,21=u,45=s,2=u,61=t,55=s,31=i,19=d,54=l,09=f,36=a,14=e,16=t,46=p,51=e,35=e,25=l,34=r,91=r,4=k,5=x,94=b,56=s,04=c,01=m,96=n,18=d,24=o,81=m,41=z,86=y,08=c,9=w,1=q,65=g,64=p
1	1011	-2.722667	8	46	kiwiodsiwromporie|deualsdeaoiilturiiiisarmaiiei|blruiriiuleie|ylineraisilli|iretnotiouianldfi|kuiiiaissanlsiilitai|kignies|kmeriisuouit|urioiuoroidiiuleie|uizequedesuisniouinueai|txainaiieult|iiaitneaespareuouirauiantneiauicserietdansuiarainiouier|hiliaoueorie|iwuetleorie|uiriiulerie|iiaorleiidnaisdeueiair|iomus|bisduiiileeiaestiuiniicieniiaieandiliomit	15=e,3=i,11=r,30=o,99=p,21=m,50=o,24=r,90=w,19=i,56=s,25=d,31=i,0=k,54=a,09=m,36=r,14=a,16=s,2=u,46=t,51=l,35=e,34=u,91=e,4=b,60=a,55=n,5=y,94=f,61=d,64=n,45=t,04=l,01=s,96=g,18=t,81=u,10=q,69=z,41=x,86=c,80=n,08=p,9=h,65=c
1	1012	-2.819441	7	38	ieeieleitalbnunlbeillen|qxleuulatiueieiuclleeeeauordeenel|ulecelleetliei|slesilaieainle|elledauiceenellusalhe|neeloielailluslaeeteude|ieloseiil|nellleeatnep|qlliielseizeioleetliei|qeabllyleallscelasinesplue|kdldiaieleeleulu|eeldeusiuiaydemleunellanloyiusionefilnlleedallusceailldesineill|wetiuipleillen|lbniuilleillen|qelleetlillei|eenuilnelelonaielatldieuell|eenlsa|kelcdeleilineluiaumerelegenseedenlualeteenleu	15=n,3=e,1=l,0=i,99=b,02=n,45=u,56=a,25=t,19=e,54=d,09=r,36=o,14=u,16=a,62=c,35=i,59=x,2=q,55=s,94=h,46=c,04=t,96=o,18=p,24=z,34=s,29=p,08=y,4=k,86=f,69=m,9=w,49=l,52=d,65=g,64=r,32=m
1	1014	-2.792138	8	45	ilniilaestaliotliele|murainmtrliltrsellllnrdcallei|xilsleloitnt|bilelinilnliil|nelatlicllaireisyl|alidiindreinllallal|iiuentd|iouelltmalq|petiirlimlilsloitnt|plnteiflteesinetionsurl|lwattiiiuril|lialletrttradullaleniouriletdangdeenlateleslniealetalte|hnatlauliele|ktatlauliele|pleloitent|llelieiuiuetilesistlrle|lliort|xissinliteirttlolzilpleenlalereslallioll	15=e,3=l,11=e,0=i,99=t,21=o,45=l,02=a,61=s,55=e,31=i,19=n,54=a,09=c,36=d,14=r,16=n,62=s,35=t,25=m,51=i,34=r,91=u,32=o,4=x,5=b,94=y,46=c,56=t,04=a,01=d,96=u,18=q,24=m,2=p,52=s,95=n,81=f,41=w,86=g,08=r,9=h,1=k,65=p,64=z
1	1016	-2.845895	2	38	popieanixenlenoteiir|nyillicauispuisniillcdumelioi|liutiilaiuou|aiauicpcuri|oiienlesletiilacos|enliupiceiilaiclcgas|piraouei|enoiiilnaetq|niiupisenseuilaiuou|tcxiidinirnticauenoapiis|keieunpioilil|lrslaudunehsfiletiicenirdelauuenobeiriiitenidantceirsauetuii|woculepieiir|ixenulezieiir|tiilaiuiiou|lrleiroiirrnpicartoisii|lenign|scatiouiuioiisamonusiuoraousrilniclenil	15=r,13=i,1=i,0=e,93=t,19=o,2=n,45=l,99=x,56=n,25=a,03=p,53=o,33=l,54=e,09=m,36=u,14=d,16=c,46=s,35=u,43=s,59=y,23=t,55=a,34=g,04=c,96=r,18=q,29=p,08=d,4=k,86=b,69=f,85=h,9=w,49=z,64=m
1	1017	-2.828545	5	46	cicietiikdeuiteieu|uzenniatlircliguiiuuamstluiai|nissiiutilil|aealiacalue|iielinoresiinaair|xuuisciidiinaiauonar|ciraifei|xuiiiiuiuesq|uiilcinedesiutilil|satiiceiiuisiinaeuiapiir|hlilliceienin|uurnaliradorminesiiiduircoaaaduisdiuiiifliimaisidiillaeslii|wikrlepieieu|ikslepieieu|siiutiliiil|uileiuieiruiciatusairii|beuini|ratsiililiaiirayausrisauailruiniiereuen	15=u,13=e,1=i,30=e,99=t,2=u,50=e,24=d,90=k,19=i,56=i,25=t,03=c,53=a,33=u,54=l,09=t,36=s,14=m,16=a,46=g,35=l,43=r,45=n,59=z,23=s,55=a,63=r,04=o,34=n,60=d,0=x,93=f,96=r,18=q,29=p,65=n,08=c,4=h,98=s,69=m,85=o,9=w,49=p,3=b,64=y
1	1018	-2.729391	5	48	caclureioursurancli|aupdetrteuueeprieetmoydeir|beonieresas|xestetctsil|huldosupeunisetau|unrourtcmeetenpeu|urseasc|ukuieoaung|riscluurucieresas|ntoiursiiorrtesuraeliu|sfdsourrupes|eiusesmsouqualsunituksdusesouramciiassimeontciuesunsi|wanssullcli|hourssullcli|nieresias|eisuieursiourtairsrui|eukpo|utarrasletiueztroultreendresolneurls	15=i,13=l,01=c,93=n,19=a,2=r,0=u,45=s,99=o,61=i,55=e,03=c,31=r,33=e,54=d,09=y,36=o,14=m,16=t,11=i,46=p,51=e,43=u,53=t,34=p,91=u,25=a,35=s,23=n,4=b,5=x,56=o,1=h,04=n,96=s,18=g,21=k,29=l,81=r,41=f,86=m,08=d,69=a,85=q,9=w,49=l,65=t,64=z
1	1020	-2.820075	4	40	papiidsegeneapieir|kwinnerduetpualeettrancotede|nenceetdeuau|eieuerpruri|aeiosnisticeenerat|etenperieeneertslet|peueauie|eaeeetsdich|keeupitetinetdeuau|crgeexiserscereueaefeet|zoeouspiainen|trtneuausiytminiceereeuxineuneamiereeeposeaescrierteuicuee|basunifiieir|egeuniqiieir|ceetdeueeau|trnieraieursperdrcdetee|teels|trdceaueuedeausnontendreautrensistein	15=r,13=i,1=e,0=i,93=p,19=a,02=e,45=n,99=g,56=s,25=d,03=p,53=d,33=t,54=o,09=c,36=n,14=a,16=r,62=l,35=u,43=t,59=w,2=k,23=c,55=e,46=s,34=l,04=s,96=u,18=h,29=f,08=x,4=z,86=m,69=m,85=y,9=b,49=q,32=o
1	1021	-2.714935	4	45	uiuetdeeclslectenu|qfnsseadieruinceessanronsede|serreesdeiii|lnlieauaiun|iennesextreeslair|lserueemeesleaseslr|ueplette|lieenictro|qeeiuestitresdeiii|raceehneeuerealililyeer|znenieuninses|surslierlmargestreealimkslirlemmeueeetneenleremeenidtriee|webrntyetenu|ibrntpetenu|reesdeieeii|senteuinepueueadurderee|slese|radreiieiedeniesarrerduliirueseneslns	15=u,13=n,1=e,30=t,99=c,02=l,45=s,56=e,25=d,03=u,19=i,53=d,33=s,54=n,09=o,36=r,14=n,16=a,62=c,35=i,43=r,59=f,2=q,23=r,55=l,63=x,04=e,34=s,60=m,50=t,93=t,96=p,18=o,24=i,29=y,08=h,4=z,98=m,80=k,69=g,85=a,90=b,9=w,49=p,32=a
1	1022	-2.645397	7	50	oaoitetktltantio|qwillnsdeioursniinrrmaiou|lisuiceuau|peudenonuoi|yoiaslepieanlenai|eaureuntreenilsei|euleaut|emonisheab|qnuoiitiericeuau|ankndisnesuneutaexni|lzauseuuosel|ioileuruseficileannemldeleurtautonaultresantoieueaun|calulexitio|yktuleditio|quiceunau|ioleneoulosonseruuin|iemss|inhanneuouruslcriigueenauelsilitil	15=o,13=i,01=t,93=n,19=a,02=t,45=l,99=k,61=t,55=e,03=o,31=u,33=i,54=a,09=m,36=r,14=r,16=n,11=n,62=s,35=u,43=i,51=e,53=d,59=w,2=q,32=c,5=p,23=a,0=e,46=p,56=s,91=o,1=y,34=s,04=l,96=l,18=b,25=h,21=m,29=x,08=d,41=z,86=u,69=c,85=f,9=c,49=d,52=r,65=g
