sealid	cisi	site	type	complete	direction	signs_visual	signs_reading	motif
1	Agr-1	Alamgirpur	POT:T:g	Y	L/R	410 17	17 410	
2	Agr-2	Alamgirpur	POT:T:g	Y	L/R	410 17	17 410	
3	Agr-3	Alamgirpur	POT:T:g	Y	L/R	405 17	17 405	
5		Allahdino	TAG	Y	R/L	740 235	235 740	Bull
6	Ad-1	Allahdino	SEAL:S	Y	R/L	740 390 590	590 390 740	Bull1
7	Ad-2	Allahdino	SEAL:S	Y	R/L	368 390 125 33	33 125 390 368	Bull1:J
8	Ad-3	Allahdino	SEAL:S	Y	R/L	740 904 33 705 235	235 705 33 904 740	Bull1:II
9	Ad-4	Allahdino	SEAL:S	Y	R/L	740 17 495 235 741 66	66 741 235 495 17 740	Bull1:II
10	Ad-5	Allahdino	SEAL:S	Y	R/L	156 460 510	510 460 156	Bull1
11	Ad-6	Allahdino	SEAL:S	Y	R/L	72 170 740 840 13	13 840 740 170 72	Rhin
16		Altyn Depe	SEAL:S	Y	L/R	390 415	415 390	
17	Ai-7	Amri	POT:T:g	Y	L/R	390 34	34 390	
18		Bakkar Buthi	POT:T:g	Y	R/L	405 844 32 840 2 861	861 2 840 32 844 405	
19	Blk-1	Bala-kot	SEAL:S	Y	R/L	226 3 2 297 350 125 413	413 125 350 297 2 3 226	Bull1
20	Blk-2	Bala-kot	SEAL:S	Y	R/L	390 717 61 2 368 634	634 368 2 61 717 390	Bull1
22	Blk-4	Bala-kot	SEAL:S	Y	R/L	527 554 298 368 634	634 368 298 554 527	Bull1:II
26		Banawali	SEAL:S	Y	R/L	520 1	1 520	Goat:1
27	B-1	Banawali	SEAL:S	Y	R/L	90 740 220 2 368 550 821	821 550 368 2 220 740 90	Bull1:O
28	B-3	Banawali	SEAL:S	Y	R/L	220 14	14 220	Bull1
29	B-4	Banawali	SEAL:S	Y	R/L	740 797	797 740	Bull3
30	B-5	Banawali	SEAL:S	Y	R/L	2 817	817 2	Bull3
31	B-7	Banawali	SEAL:S	Y	R/L	2 817	817 2	Buff
32	B-8	Banawali	SEAL:S	Y	R/L	740 61	61 740	Goat:4
33	B-9	Banawali	SEAL:S	Y	R/L	390 4	4 390	Goat:3
36	B-15	Banawali	SEAL:S	Y	R/L	2 817	817 2	Rhin
37	B-17	Banawali	SEAL:S	Y	R/L	236 2 308 90	90 308 2 236	Htgr
39	B-19	Banawali	SEAL:S	Y	R/L	740 803	803 740	
40	B-21	Banawali	SEAL:R	Y	R/L	426 3 60 692	692 60 3 426	
50		Bhirrana	SEAL:S	Y	L/R	390 3 3	3 3 390	Buff
52		Bhirrana	SEAL:S	Y	R/L	236 2 820	820 2 236	Bull1
54	Ch-2	Chandigarh	POT:T:g	Y	R/L	740 50 705	705 50 740	
57	C-87	Chanhujo-daro	TAG:P	Y	R/L	740 405	405 740	
58	C-72	Chanhujo-daro	SEAL:S	Y	L/R	740 386	386 740	Bull3
60	C-80	Chanhujo-daro	SEAL:S	Y	R/L	892 700	700 892	Bull1:W
61	C-66	Chanhujo-daro	SEAL:S	Y	R/L	390 3 2 817	817 2 3 390	Bull1:W
64	C-54	Chanhujo-daro	SEAL:S	Y	R/L	842 32 31 592 31 60 920	920 60 31 592 31 32 842	Bull1:W
65	C-59	Chanhujo-daro	SEAL:S	Y	R/L	740 482 235	235 482 740	Bull1:V
66	C-69	Chanhujo-daro	SEAL:S	Y	R/L	390 844 60 575 717	717 575 60 844 390	Bull1:J
67	C-75	Chanhujo-daro	SEAL:S	Y	R/L	740 531 60 692	692 60 531 740	Elep
68	C-55	Chanhujo-daro	SEAL:S	Y	R/L	740 67 741 647 892	892 647 741 67 740	Bull1
69	C-60	Chanhujo-daro	SEAL:S	Y	R/L	740 176 32 2 861	861 2 32 176 740	Bull1:W
70	C-70	Chanhujo-daro	SEAL:S	Y	R/L	32 31 0 151 740 240 235	235 240 740 151 0 31 32	Bull1:II
71	C-53	Chanhujo-daro	SEAL:S	Y	R/L	32 31 0 740 222 235 2 861	861 2 235 222 740 0 31 32	Bull1
72	C-76	Chanhujo-daro	SEAL:S	Y	R/L	32 31 0 850 32 530 740 741 456	456 741 740 530 32 850 0 31 32	Gaur
73	C-68	Chanhujo-daro	SEAL:S	Y	R/L	32 31 0 740 791 713	713 791 740 0 31 32	Bull1
74	C-58	Chanhujo-daro	SEAL:S	Y	R/L	32 31 0 740 222 235 2 861	861 2 235 222 740 0 31 32	Bull1
75	C-79	Chanhujo-daro	SEAL:S	Y	L/R	32 0 226 32 817	817 32 226 0 32	
76	C-74	Chanhujo-daro	SEAL:S	Y	R/L	125 2 861	861 2 125	Gaur
77	C-51	Chanhujo-daro	SEAL:S	Y	R/L	151 740 100 240	240 100 740 151	Bull1:W
79	C-56	Chanhujo-daro	SEAL:S	Y	R/L	1 368 767	767 368 1	Bull1:I
80	C-61	Chanhujo-daro	SEAL:S	Y	R/L	526 388	388 526	Bull1
81	C-78	Chanhujo-daro	SEAL:S	Y	R/L	740 636 240 0 2 817	817 2 0 240 636 740	
85	C-63	Chanhujo-daro	SEAL:S	Y	R/L	161 55	55 161	Bull1:S
87	C-67	Chanhujo-daro	SEAL:S	Y	R/L	520 233 803 2 817	817 2 803 233 520	Bull1:S
88	C-77	Chanhujo-daro	SEAL:S	Y	R/L	151 690 0 32 31	31 32 0 690 151	T-A-T
89	C-1	Chanhujo-daro	SEAL:S	Y	R/L	31 840 140 740 101 2 365 287 34	34 287 365 2 101 740 140 840 31	Bull1
90	C-2	Chanhujo-daro	SEAL:S	Y	R/L	740 390 590	590 390 740	Bull1:L
91	C-3	Chanhujo-daro	SEAL:S	Y	R/L	740 16 2 920 317	317 920 2 16 740	Bull1:W
92	C-4	Chanhujo-daro	SEAL:S	Y	R/L	520 235 803 2 817	817 2 803 235 520	Bull1:L
93	C-5	Chanhujo-daro	SEAL:S	Y	R/L	740 140 717 2 298 741	741 298 2 717 140 740	Bull1:I
94	C-6	Chanhujo-daro	SEAL:S	Y	R/L	817 521 521 0 90 740 221 2 31 500	500 31 2 221 740 90 0 521 521 817	Bull1:J
96	C-8	Chanhujo-daro	SEAL:S	Y	R/L	740 803 233 741 250 579	579 250 741 233 803 740	Bull1:J
97	C-9	Chanhujo-daro	SEAL:S	Y	R/L	151 233 803 33 705 240	240 705 33 803 233 151	Bull1:J
98	C-10	Chanhujo-daro	SEAL:S	Y	R/L	740 231 220 32 2 817	817 2 32 220 231 740	Bull1:W
99	C-11	Chanhujo-daro	SEAL:S	Y	R/L	590 615 140 0 232 240 1 60 920	920 60 1 240 232 0 140 615 590	Bull1:I
100	C-12	Chanhujo-daro	SEAL:S	Y	R/L	161 390 590 31 740 60 920	920 60 740 31 590 390 161	Bull1:L
103	C-15	Chanhujo-daro	SEAL:S	Y	R/L	740 400 920 31	31 920 400 740	Bull1:W
104	C-16	Chanhujo-daro	SEAL:S	Y	R/L	429 3 741 60 920	920 60 741 3 429	Bull1:L
105	C-17	Chanhujo-daro	SEAL:S	Y	R/L	740 100	100 740	Bull1:I
107	C-20	Chanhujo-daro	SEAL:S	Y	R/L	151 790 31 790 495	495 790 31 790 151	Bull1:I
108	C-21	Chanhujo-daro	SEAL:S	Y	R/L	156 230	230 156	Bull1:II
111	C-24	Chanhujo-daro	SEAL:S	Y	R/L	390 128 702 2 0 226 32 2 1 480 850	850 480 1 2 32 226 0 2 702 128 390	Tigr
113	C-30	Chanhujo-daro	SEAL:S	Y	R/L	822 140 15	15 140 822	
114	C-32	Chanhujo-daro	SEAL:C	Y	R/L	375 400 390 632	632 390 400 375	Bull1:W
123	Dlp-1	Desalpur	SEAL:R	Y	R/L	740 920 320 233 240 1 2 817	817 2 1 240 233 320 920 740	
127		Dholavira	SEAL:S	Y	R/L	151 892 32	32 892 151	Bull1:W
128		Dholavira	SEAL:S	Y	R/L	156 19	19 156	Bull1:S
129		Dholavira	SEAL:S	Y	R/L	93 808	808 93	Bull1:J
130		Dholavira	SEAL:S	Y	R/L	244 165 0 740 879 220 416 803 2 856	856 2 803 416 220 879 740 0 165 244	Bull1:W
131		Dholavira	SEAL:S	Y	R/L	520 460 495	495 460 520	Bull1:S
132		Dholavira	SEAL:S	Y	R/L	740 416 2 861	861 2 416 740	Tigr
133		Dholavira	SEAL:S	Y	R/L	520 460	460 520	
134		Dholavira	SEAL:R	Y	R/L	154 388 717 705	705 717 388 154	
135		Dholavira	SEAL:R	Y	R/L	590 407 790 32	32 790 407 590	
136		Dholavira	SEAL:R	Y	R/L	390 16 2 861	861 2 16 390	
137		Dholavira	SEAL:R	Y	L/R	617 142	142 617	
138		Dholavira	SEAL:R	Y	R/L	520 33 706 233	233 706 33 520	
139		Dholavira	SEAL:R	Y	R/L	740 100 407 590	590 407 100 740	
144		Dholavira	MISC	Y	R/L	798 821 1 480 850 820 388 611 820	820 611 388 820 850 480 1 821 798	
145	Dlv-1	Dholavira	SEAL:S	Y	R/L	151 382 31 2 861	861 2 31 382 151	Bull1:J
149		Farmana	SEAL:S	Y	L/R	240 220	220 240	Bull1
150		Farmana	TAG	Y	R/L	740 760 445	445 760 740	Bull1
151		Farmana	SEAL:S	Y	R/L	220 32	32 220	Buff
153		Farmana	SEAL:S	Y	R/L	390 371	371 390	Bull1:J
157	Grb-1	Gharo Bhiro	SEAL:R	Y	R/L	740 923 838	838 923 740	
158		SI20	SEAL:S	Y	R/L	236 140 893 861	861 893 140 236	Bull1:I
160		Hajar	TAB:I	Y	R/L	617 117	117 617	Gaur
162	H-1189	Harappa	TAB:I	Y	R/L	33 0 0	0 0 33	
170	H-1397	Harappa	MISC	Y	R/L	527 740 914	914 740 527	
173	H-1086	Harappa	POT:T:s	Y	R/L	220 16	16 220	
176	H-1085	Harappa	POT:T:s	Y	R/L	235 33	33 235	
181	H-1422	Harappa	POT:T:g	Y	R/L	740 142	142 740	
198	H-1138	Harappa	TAB:B	Y	R/L	740 603 240 60 692	692 60 240 603 740	
199	H-423	Harappa	SEAL:S	Y	R/L	520 220 240 798 60 692	692 60 798 240 220 520	Bull1
205	H-661	Harappa	SEAL:R	Y	R/L	740 55 806	806 55 740	
212		Harappa	TAB:B	Y	R/L	0 0 0 0	0 0 0 0	
217	H-294	Harappa	TAB:I	Y	R/L	90 740 240 220	220 240 740 90	S590
218	H-1177	Harappa	TAB:I	Y	R/L	0 0 740 519	519 740 0 0	
220	H-1142	Harappa	TAB:B	Y	L/R	400 154 440 220	220 440 154 400	Fish
221	H-1326	Harappa	TAB:I	Y	R/L	520 220 415	415 220 520	Bult
222	H-1354	Harappa	TAB:I	Y	R/L	700 34	34 700	Bult
225		Harappa	TAB:B	Y	R/L	804 740 219	219 740 804	
229	H-1312	Harappa	TAB:I	Y	R/L	740 31 904 1 32	32 1 904 31 740	
232	H-1355	Harappa	TAB:I	Y	L/R	390 35	35 390	Bult
233	H-1047	Harappa	SEAL:S	Y	R/L	405 4 745 905	905 745 4 405	Bull1:W
234		Harappa	TAB:I	Y	L/R	400 156 435 255	255 435 156 400	
236		Harappa	MISC	Y	R/L	60 550	550 60	
237	H-1056	Harappa	SEAL:S	Y	R/L	400 90 740 220 3	3 220 740 90 400	Bull1
240	H-73	Harappa	SEAL:S	Y	R/L	151 231	231 151	Bull1:I
244		Harappa	MISC	Y	R/L	156 384 31 400	400 31 384 156	
246	H-1045	Harappa	SEAL:S	Y	R/L	740 900 5 2 820	820 2 5 900 740	Bull1:U
248	H-1513	Harappa	TAB:I	Y	R/L	740 554	554 740	
249	H-1133	Harappa	TAB:B	Y	R/L	400 892 831	831 892 400	
255	H-1319	Harappa	TAB:I	Y	R/L	400 678	678 400	
257	H-1309	Harappa	TAB:I	Y	L/R	156 176 741 60 920	920 60 741 176 156	
258	H-1121	Harappa	TAB:B	Y	L/R	700 33 711 817 0	0 817 711 33 700	
259	H-1051	Harappa	SEAL:S	Y	R/L	400 740 575 17 920 320 798 2 861	861 2 798 320 920 17 575 740 400	Bull1:I
260		Harappa	TAB:I	Y	R/L	400 740 176	176 740 400	
261	H-1052	Harappa	SEAL:S	Y	R/L	503 233 240	240 233 503	Bull1
264	H-1287	Harappa	TAB:I	Y	R/L	400 156 140 32	32 140 156 400	
265	H-1273	Harappa	TAB:I	Y	R/L	400 740 176	176 740 400	
266	H-1158	Harappa	TAB:I	Y	L/R	400 740 760 605	605 760 740 400	Gavi
268	H-1188	Harappa	TAB:I	Y	R/L	869 0	0 869	
273	H-1102	Harappa	TAB:B	Y	R/L	400 740 382	382 740 400	
274		Harappa	TAB:I	Y	R/L	154 435 255	255 435 154	
280		Harappa	TAB:B	Y	R/L	740 904 240 2 817	817 2 240 904 740	Bull
281	H-1331	Harappa	TAB:I	Y	R/L	400 98	98 400	
282	H-1330	Harappa	TAB:I	Y	R/L	520 220	220 520	
284	H-1030	Harappa	SEAL:S	Y	R/L	90 740 103 2 861	861 2 103 740 90	Bull1:W
288	H-1402	Harappa	POT:T:g	Y	R/L	740 798 820	820 798 740	
290	H-1112	Harappa	TAB:B	Y	R/L	520 0 255	255 0 520	
291		Harappa	TAB:B	Y	R/L	740 407 590 690 436 255 920 318 220 415 803	803 415 220 318 920 255 436 690 590 407 740	Gavi
292	H-1032	Harappa	SEAL:S	Y	R/L	740 100 140 3	3 140 100 740	Bull1:W
293	H-1033	Harappa	SEAL:S	Y	R/L	220 500 520 2 862 32	32 862 2 520 500 220	Bull1:W
294	H-161	Harappa	SEAL:R	Y	R/L	740 760 70 921 315 233	233 315 921 70 760 740	
295	H-1187	Harappa	TAB:I	Y	R/L	740 924	924 740	Bult
297	H-874	Harappa	TAB:B	Y	R/L	400 740 455	455 740 400	
300		Harappa	TAB:B	Y	R/L	700 33 711 335 575 413	413 575 335 711 33 700	
303	H-1043	Harappa	SEAL:S	Y	R/L	151 760 220 3 2 861	861 2 3 220 760 151	Bull1:W
306	H-1080	Harappa	SEAL:R	Y	R/L	740 100 176	176 100 740	
308		Harappa	TAB:I	Y	R/L	0 220	220 0	
309		Harappa	TAB:I	Y	L/R	740 785 4	4 785 740	Pipal
310	H-911	Harappa	TAB:I	Y	R/L	416 590 33	33 590 416	
311	H-1192	Harappa	TAB:I	Y	R/L	400 740 767 220 416	416 220 767 740 400	
313	H-1123	Harappa	TAB:B	Y	R/L	525 550 220	220 550 525	
315	H-1517	Harappa	ROD	Y	R/L	405 5 2	2 5 405	
316		Harappa	TAB:B	Y	R/L	740 904 240	240 904 740	
317	H-1321	Harappa	TAB:B	Y	R/L	400 226 32	32 226 400	
318	H-1028	Harappa	SEAL:S	Y	R/L	220 16	16 220	Bull1:W
319	H-1077	Harappa	SEAL:R	Y	R/L	400 255 400 165 900 1	1 900 165 400 255 400	
321		Unknown	SEAL:S	Y	R/L	90 740 103 741 66	66 741 103 740 90	Bull1:J
322	H-1027	Harappa	SEAL:S	Y	R/L	520 33 706 231 415 803	803 415 231 706 33 520	Bull1:W
370	H-2016	Harappa	TAB:B	Y	R/L	700 32 740 335 575 413	413 575 335 740 32 700	
371	H-1771	Harappa	TAB:B	Y	L/R	740 31 1 140	140 1 31 740	Goat:4
373	H-1924	Harappa	TAB:B	Y	R/L	550 3 435	435 3 550	
375	H-1881	Harappa	TAB:B	Y	R/L	415 700 33 171	171 33 700 415	
378	H-1776	Harappa	TAB:B	Y	R/L	740 390 590 60 550	550 60 590 390 740	Elep
379	H-1996	Harappa	TAB:B	Y	R/L	405 5	5 405	
382	H-1894	Harappa	TAB:B	Y	R/L	400 740 61 140	140 61 740 400	
383	H-1773	Harappa	TAB:B	Y	L/R	740 31 1 140	140 1 31 740	Goat:4
386	H-1853	Harappa	TAB:B	Y	R/L	400 617 829	829 617 400	
388	H-1874	Harappa	TAB:B	Y	R/L	2 220 455 0	0 455 220 2	
390	H-2063	Harappa	TAB:I	Y	R/L	400 156 435 255	255 435 156 400	
392	H-1858	Harappa	TAB:B	Y	R/L	400 137	137 400	
393	H-1981	Harappa	TAB:B	Y	R/L	0 4 745 590	590 745 4 0	Tri4
394	H-1987	Harappa	TAB:B	Y	R/L	390 4 455 371 741 590	590 741 371 455 4 390	
396	H-1877	Harappa	TAB:B	Y	R/L	400 775 516	516 775 400	
397	H-2141	Harappa	TAB:I	Y	R/L	565 740 176 231	231 176 740 565	
400	H-1772	Harappa	TAB:B	Y	R/L	740 31 1 140	140 1 31 740	Goat:4
401	H-2003	Harappa	TAB:B	Y	R/L	390 4 2 817	817 2 4 390	Mult
403	H-1920	Harappa	TAB:B	Y	R/L	740 515 126	126 515 740	
405	H-2192	Harappa	TAB:I	Y	R/L	740 630 240 33 171	171 33 240 630 740	
406	H-1895	Harappa	TAB:B	Y	L/R	400 740 100 240	240 100 740 400	
407	H-2213	Harappa	TAB:I	Y	R/L	740 760 840 799	799 840 760 740	
409	H-1942	Harappa	TAB:B	Y	R/L	405 35 2 861	861 2 35 405	Bult
410	H-1897	Harappa	TAB:B	Y	R/L	400 740 904 240	240 904 740 400	
411	H-1865	Harappa	TAB:B	Y	R/L	740 702 61 2 0	0 2 61 702 740	
414	H-1915	Harappa	TAB:B	Y	R/L	32 920 491	491 920 32	
415	H-1832	Harappa	TAB:B	Y	R/L	400 297 352 892 590 740 176	176 740 590 892 352 297 400	
416	H-2035	Harappa	TAB:I	Y	R/L	220 233	233 220	Gavi
417	H-1957	Harappa	TAB:B	Y	R/L	400 90	90 400	Mult
418	H-2140	Harappa	TAB:I	Y	R/L	565 740 176 231	231 176 740 565	
419	H-1898	Harappa	TAB:B	Y	R/L	400 368 741	741 368 400	
420	H-2174	Harappa	TAB:I	Y	R/L	90 100 415 717	717 415 100 90	Fish
422	H-1943	Harappa	TAB:B	Y	R/L	740 384 31	31 384 740	Bult
423	H-1997	Harappa	TAB:B	Y	R/L	400 740 176 235	235 176 740 400	Mult
424	H-1845	Harappa	TAB:B	Y	R/L	740 636 240 60 692	692 60 240 636 740	
425	H-2125	Harappa	TAB:I	Y	R/L	740 143 67	67 143 740	
426	H-1714	Harappa	SEAL:R	Y	R/L	407 790 32	32 790 407	
427	H-1854	Harappa	TAB:B	Y	R/L	400 740 717	717 740 400	
430	H-1673	Harappa	SEAL:S	Y	R/L	405 4 104	104 4 405	Bull1:W
433	H-1905	Harappa	TAB:B	Y	L/R	700 33	33 700	
434	H-2570	Harappa	ROD	Y	R/L	700 34 1	1 34 700	
437	H-1912	Harappa	TAB:B	Y	L/R	520 240	240 520	
448	H-1967	Harappa	TAB:B	Y	R/L	382 760 382 2 820	820 2 382 760 382	Mult
453	H-1909	Harappa	TAB:B	Y	R/L	740 817 491	491 817 740	
454	H-1778	Harappa	TAB:B	Y	R/L	740 817 491	491 817 740	Gavi
455	H-2076	Harappa	TAB:I	Y	L/R	740 760 240	240 760 740	
458	H-1940	Harappa	TAB:B	Y	L/R	400 740 67 100	100 67 740 400	Bult
459	H-1991	Harappa	TAB:B	Y	R/L	740 100 415	415 100 740	
461	H-1919	Harappa	TAB:B	Y	R/L	740 892	892 740	
463	H-1827	Harappa	TAB:B	Y	R/L	400 740 176	176 740 400	
464	H-585	Harappa	SEAL:S	Y	R/L	390 3	3 390	Zebu
466	H-1882	Harappa	TAB:B	Y	R/L	861 3	3 861	
467	H-1825	Harappa	TAB:B	Y	L/R	740 176 220	220 176 740	
468	H-1876	Harappa	TAB:B	Y	R/L	400 775 516	516 775 400	
469	H-2077	Harappa	TAB:I	Y	L/R	740 760 240	240 760 740	
470	H-2215	Harappa	TAB:I	Y	R/L	0	0	
472	H-2084	Harappa	TAB:I	Y	R/L	824 892 413	413 892 824	
476	H-2094	Harappa	TAB:I	Y	R/L	2 861 416	416 861 2	
479	H-1669	Harappa	SEAL:S	Y	R/L	520 220 415 60 920	920 60 415 220 520	Bull1:W
480	H-1850	Harappa	TAB:B	Y	R/L	400 740 760 382	382 760 740 400	
481	H-2148	Harappa	TAB:I	Y	R/L	110	110	
484	H-2246	Harappa	TAB:I	Y	R/L	740 760 840 799	799 840 760 740	Bult
485	H-1953	Harappa	TAB:B	Y	R/L	520 220 415 240 803	803 240 415 220 520	Zebu
488	H-2097	Harappa	TAB:I	Y	R/L	2 861 416	416 861 2	
489	H-2210	Harappa	TAB:I	Y	R/L	390 3	3 390	Bult
490	H-2184	Harappa	TAB:I	Y	R/L	400 740 32 15	15 32 740 400	
491	H-2127	Harappa	TAB:I	Y	R/L	504 350 741 60 920	920 60 741 350 504	
494	H-741	Harappa	TAB:B	Y	R/L	400 740 100 176 175	175 176 100 740 400	
497	H-1836	Harappa	TAB:B	Y	R/L	400 740 0 792	792 0 740 400	
498	H-1921	Harappa	TAB:B	Y	R/L	0 740 233 240	240 233 740 0	
499	H-1862	Harappa	TAB:B	Y	L/R	700 33 400 740 388	388 740 400 33 700	
501	H-2576	Harappa	BNGL	Y	R/L	534 556	556 534	
502	H-1664	Harappa	SEAL:S	Y	R/L	405 3	3 405	Bull1:W
504	H-1932	Harappa	TAB:B	Y	R/L	400 740 0 832 0	0 832 0 740 400	Gavi
506	H-1867	Harappa	TAB:B	Y	R/L	151 740 221	221 740 151	
508	H-1869	Harappa	TAB:B	Y	R/L	151 740 222	222 740 151	
509	H-1868	Harappa	TAB:B	Y	R/L	151 740 222	222 740 151	
510	H-1916	Harappa	TAB:B	Y	R/L	520 70 255 832	832 255 70 520	
513	H-1671	Harappa	SEAL:S	Y	R/L	740 61 2 455 420 32	32 420 455 2 61 740	Bull1:S
515	H-1908	Harappa	TAB:B	Y	R/L	520 240	240 520	
516	H-1938	Harappa	TAB:B	Y	R/L	740 690 435 255	255 435 690 740	Bult
518	H-2095	Harappa	TAB:I	Y	R/L	2 861 416	416 861 2	
519	H-2186	Harappa	TAB:I	Y	R/L	390 4 155 390	390 155 4 390	
520	H-2034	Harappa	TAB:I	Y	R/L	400 98	98 400	Goat
526	H-1770	Harappa	TAB:B	Y	R/L	400 520 233	233 520 400	Gaur
530	H-1677	Harappa	SEAL:S	Y	R/L	156 140	140 156	Bull1
532	H-2069	Harappa	TAB:I	Y	R/L	700 34 400 525 550	550 525 400 34 700	
533	H-2175	Harappa	TAB:I	Y	R/L	90 740 101 31	31 101 740 90	Fish
534	H-2036	Harappa	TAB:I	Y	R/L	400 740 637	637 740 400	Gavi
535	H-1977	Harappa	TAB:B	Y	R/L	740 32 840	840 32 740	Mult
537	H-1692	Harappa	SEAL:S	Y	R/L	740 390 590 2 861	861 2 590 390 740	
542		Harappa	POT:T:g	Y	R/L	111 33	33 111	
544	H-2115	Harappa	TAB:I	Y	R/L	400 740 32 28	28 32 740 400	
548	H-1931	Harappa	TAB:B	Y	R/L	400 740 176 791	791 176 740 400	Gavi
549	H-2208	Harappa	TAB:I	Y	R/L	400 740 32 27	27 32 740 400	Fish
550	H-1822	Harappa	TAB:B	Y	R/L	400 740 176 519	519 176 740 400	
552	H-1767	Harappa	TAB:B	Y	R/L	617 550 3	3 550 617	Zebu
554	H-1906	Harappa	TAB:B	Y	R/L	400 90 740 400 90	90 400 740 90 400	
556	H-1939	Harappa	TAB:B	Y	R/L	400 740 141	141 740 400	Bult
557	H-1855	Harappa	TAB:B	Y	R/L	400 153 118	118 153 400	
559	H-1834	Harappa	TAB:B	Y	R/L	298 350 892 590	590 892 350 298	
560	H-1873	Harappa	TAB:B	Y	R/L	400 236 233	233 236 400	
567	H-1923	Harappa	TAB:B	Y	R/L	400 740 32 840	840 32 740 400	
569	H-1922	Harappa	TAB:B	Y	R/L	400 740 275 320 235 240 798	798 240 235 320 275 740 400	
570	H-1797	Harappa	TAB:B	Y	L/R	740 690 435 255 55	55 255 435 690 740	Bult
574	H-2055	Harappa	TAB:I	Y	R/L	90 740 240 235	235 240 740 90	S590
578	H-2197	Harappa	TAB:I	Y	R/L	400 90 740 100 390 231	231 390 100 740 90 400	
581	H-1990	Harappa	TAB:B	Y	R/L	700 33 711 335 575 413	413 575 335 711 33 700	
585	H-1954	Harappa	TAB:B	Y	R/L	400 740 176	176 740 400	Bull
589	H-2128	Harappa	TAB:I	Y	R/L	504 350 741 60 920	920 60 741 350 504	
592	H-1999	Harappa	TAB:B	Y	R/L	400 154 806 467	467 806 154 400	Mult
593	H-1839	Harappa	TAB:B	Y	R/L	740 100 175 630 705	705 630 175 100 740	
594	H-2022	Harappa	TAB:B	Y	R/L	740 752 175 2 861	861 2 175 752 740	Phyt
596	H-2139	Harappa	TAB:I	Y	R/L	740 176 33 705 235	235 705 33 176 740	
597	H-2039	Harappa	TAB:I	Y	R/L	740 690 436 255	255 436 690 740	Fish
598	H-1859	Harappa	TAB:B	Y	R/L	400 137	137 400	
599	H-1864	Harappa	TAB:B	Y	R/L	740 142 62 2 817	817 2 62 142 740	
601	H-2021	Harappa	TAB:B	Y	R/L	740 752 460 495 240 415	415 240 495 460 752 740	Phyt
603	H-1732	Harappa	POT:T:s	Y	R/L	158 805 480	480 805 158	
609		Harappa	POT:T:g	Y	R/L	34 705	705 34	
613		Harappa	POT:T:g	Y	R/L	520 235	235 520	
621		Harappa	TAB:I	Y	R/L	700 34	34 700	
622	H-1709	Harappa	SEAL:R	Y	R/L	158 838 470	470 838 158	
623	H-1706	Harappa	SEAL:R	Y	R/L	405 3 2 293 360	360 293 2 3 405	
624	H-1817	Harappa	TAB:B	Y	R/L	400 525 554	554 525 400	
625	H-1745	Harappa	POT:T:s	Y	R/L	3 408	408 3	
626	H-1662	Harappa	SEAL:S	Y	R/L	33 33 0 740 142 61 140 2 546	546 2 140 61 142 740 0 33 33	Bull1:W
627	H-1917	Harappa	TAB:B	Y	R/L	400 151 97	97 151 400	
628	H-1899	Harappa	TAB:B	Y	R/L	520 33 33	33 33 520	
630	H-2207	Harappa	TAB:I	Y	R/L	400 740 32 27	27 32 740 400	Fish
631	H-1842	Harappa	TAB:B	Y	R/L	740 690 435 176 233 803	803 233 176 435 690 740	
632	H-2193	Harappa	TAB:I	Y	R/L	0 740 242 235	235 242 740 0	
634	H-1680	Harappa	SEAL:S	Y	R/L	390 3 2 820	820 2 3 390	Bull1:W
635	H-1814	Harappa	TAB:B	Y	R/L	740 33 711 335 575 413	413 575 335 711 33 740	
637	H-1860	Harappa	TAB:B	Y	R/L	400 97	97 400	
638	H-2209	Harappa	TAB:I	Y	R/L	400 740 32 25	25 32 740 400	Fish
640	H-2108	Harappa	TAB:I	Y	R/L	400 740 32 14	14 32 740 400	
643	H-2198	Harappa	TAB:I	Y	R/L	700 32	32 700	
644	H-1956	Harappa	TAB:B	Y	R/L	400 137	137 400	Mult
646	H-1824	Harappa	TAB:B	Y	R/L	740 176 31 60 201	201 60 31 176 740	
647	H-2062	Harappa	TAB:I	Y	R/L	868 705 590	590 705 868	
649	H-1823	Harappa	TAB:B	Y	R/L	400 740 798 365 415 1	1 415 365 798 740 400	
652	H-1841	Harappa	TAB:B	Y	R/L	740 540 204 255	255 204 540 740	
653	H-1813	Harappa	TAB:B	Y	R/L	700 33 711 335 575 413	413 575 335 711 33 700	
654	H-1863	Harappa	TAB:B	Y	L/R	368 91	91 368	
658	H-1946	Harappa	TAB:B	Y	R/L	700 125	125 700	
659	H-2204	Harappa	TAB:I	Y	R/L	400 740 32 27	27 32 740 400	Fish
662	H-1951	Harappa	TAB:B	Y	R/L	617 550 3 790	790 3 550 617	Mult
664	H-1975	Harappa	TAB:B	Y	R/L	740 760 61 60 692	692 60 61 760 740	Scene
665	H-2096	Harappa	TAB:I	Y	R/L	2 861 416	416 861 2	
666	H-2054	Harappa	TAB:I	Y	R/L	90 740 240 235	235 240 740 90	S590
668	H-1672	Harappa	SEAL:S	Y	R/L	740 400 142 61 33	33 61 142 400 740	Bull1:W
670	H-1891	Harappa	TAB:B	Y	R/L	700 3	3 700	
671	H-2066	Harappa	TAB:I	Y	R/L	400 156 435 255	255 435 156 400	
672	H-2214	Harappa	TAB:I	Y	R/L	876 32 578 415	415 578 32 876	
675	H-1903	Harappa	TAB:B	Y	R/L	740 923 235	235 923 740	
677	H-2024	Harappa	TAB:B	Y	R/L	90 740 176 741 347	347 741 176 740 90	Mult
679	H-2217	Harappa	TAB:I	Y	R/L	257 360	360 257	
681	H-2090	Harappa	TAB:I	Y	R/L	869 60 820	820 60 869	
682	H-1146	Harappa	TAB:B	Y	R/L	526 554 2 820	820 2 554 526	
686	H-1846	Harappa	TAB:B	Y	R/L	740 603 240 60 692	692 60 240 603 740	
687	H-1989	Harappa	TAB:B	Y	R/L	700 33 711 335 575 413	413 575 335 711 33 700	
688	H-1684	Harappa	SEAL:S	Y	R/L	682 413 840 0 740 61	61 740 0 840 413 682	Bull1
689	H-1988	Harappa	TAB:B	Y	R/L	700 33 711 335 575 413	413 575 335 711 33 700	
690	H-1982	Harappa	TAB:B	Y	R/L	390 0 742 0	0 742 0 390	Tri4
693	H-2238	Harappa	TAB:I	Y	R/L	156 3	3 156	
694	H-2187	Harappa	TAB:I	Y	R/L	740 32 840	840 32 740	
701	H-2272	Harappa	POT:T:g	Y	L/R	700 33	33 700	
702	H-2368	Harappa	POT:T:g	Y	R/L	740 176	176 740	
703	H-2267	Harappa	POT:T:g	Y	R/L	400 852	852 400	
715	H-1734	Harappa	POT:T:s	Y	R/L	16 220 382	382 220 16	
718		Harappa	POT:T:g	Y	R/L	740 175 415 33 1	1 33 415 175 740	
719		Harappa	POT:T:g	Y	R/L	740 176	176 740	
729	H-2010	Harappa	TAB:B	Y	R/L	740 482 240 2 861	861 2 240 482 740	Bull1
730		Harappa	TAB:B	Y	R/L	400 740 17 503	503 17 740 400	Gavi
731	H-1670	Harappa	SEAL:S	Y	R/L	740 760 33 33 240 2 824	824 2 240 33 33 760 740	Bull1:J
732	H-2131	Harappa	TAB:I	Y	R/L	368 900	900 368	
737	H-1964	Harappa	TAB:B	Y	R/L	400 740 16 503	503 16 740 400	Gavi
740		Harappa	TAB:I	Y	R/L	700 34	34 700	
742	H-1810	Harappa	TAB:B	Y	R/L	33 711 335 575 413	413 575 335 711 33	
743	H-1907	Harappa	TAB:B	Y	R/L	700 34	34 700	
744	H-1993	Harappa	TAB:B	Y	R/L	740 0 220 4 2 390 95	95 390 2 4 220 0 740	
745	H-1980	Harappa	TAB:B	Y	R/L	400 158 806 475	475 806 158 400	Phyt
746	H-2200	Harappa	TAB:I	Y	R/L	400 740 176 240	240 176 740 400	Fish
749	H-2183	Harappa	TAB:I	Y	R/L	400 740 575 17 798	798 17 575 740 400	
751	H-1872	Harappa	TAB:B	Y	R/L	400 236 220	220 236 400	
752	H-2143	Harappa	TAB:I	Y	R/L	90 740 792	792 740 90	
753	H-2201	Harappa	TAB:I	Y	R/L	400 740 176 240	240 176 740 400	Fish
755	H-1947	Harappa	TAB:B	Y	R/L	740 630 0	0 630 740	
760	H-2040	Harappa	TAB:I	Y	R/L	740 803 60 550	550 60 803 740	Fish
765	H-1936	Harappa	TAB:B	Y	L/R	511 32 142	142 32 511	Bult
768	H-1545	Harappa	POT:T:g	Y	R/L	31 893	893 31	
769	H-2239	Harappa	TAB:I	Y	R/L	156 3	3 156	
771	H-1930	Harappa	TAB:B	Y	R/L	408 817 920 2 861	861 2 920 817 408	Gavi
772	H-1831	Harappa	TAB:B	Y	R/L	156 176	176 156	
773	H-1830	Harappa	TAB:B	Y	R/L	156 176	176 156	
774	H-1861	Harappa	TAB:B	Y	R/L	368 91	91 368	
775	H-1666	Harappa	SEAL:S	Y	R/L	161 97 741 140	140 741 97 161	Bull1:W
776	H-1958	Harappa	TAB:B	Y	R/L	712 840 400 740 440	440 740 400 840 712	Gavi
780	H-1844	Harappa	TAB:B	Y	R/L	400 154 690	690 154 400	
784	H-1871	Harappa	TAB:B	Y	R/L	151 740 235	235 740 151	
786	H-2099	Harappa	TAB:I	Y	R/L	416 590 33	33 590 416	
787	H-1983	Harappa	TAB:B	Y	R/L	405 4 1 2 817	817 2 1 4 405	
788	H-1840	Harappa	TAB:B	Y	R/L	637 272 317	317 272 637	Bird
789	H-1785	Harappa	TAB:B	Y	R/L	407 4 2 861	861 2 4 407	Phyt
790	H-1961	Harappa	TAB:B	Y	R/L	400 740 440	440 740 400	Gavi
794	H-2237	Harappa	TAB:I	Y	R/L	154 3	3 154	
797	H-2033	Harappa	TAB:I	Y	R/L	400 98	98 400	Goat
800	H-1935	Harappa	TAB:B	Y	R/L	90 740 176 741 347	347 741 176 740 90	Mult
801	H-2173	Harappa	TAB:I	Y	R/L	400 740 817 491	491 817 740 400	
805	H-1788	Harappa	TAB:B	Y	R/L	154 806 470 2 861	861 2 470 806 154	
806	H-2189	Harappa	TAB:B	Y	R/L	400 740 152 240	240 152 740 400	
807	H-1934	Harappa	TAB:B	Y	R/L	90 740 176 741 347	347 741 176 740 90	Mult
810	H-1682	Harappa	SEAL:S	Y	R/L	154 3 617 33	33 617 3 154	Bull1
811	H-1978	Harappa	TAB:B	Y	R/L	400 90 740 100 415	415 100 740 90 400	Phyt
812	H-2155	Harappa	TAB:I	Y	R/L	400 236	236 400	
815	H-2154	Harappa	TAB:I	Y	R/L	400 226	226 400	
816	H-2240	Harappa	TAB:I	Y	R/L	869 575	575 869	Bult
823	H-2130	Harappa	TAB:I	Y	R/L	365 900	900 365	
824	H-1775	Harappa	TAB:B	Y	R/L	220 0 700 33	33 700 0 220	
825	H-1691	Harappa	SEAL:S	Y	L/R	892 590	590 892	
829	H-2211	Harappa	TAB:I	Y	R/L	700 840 32 741	741 32 840 700	Bult
830	H-2104	Harappa	TAB:I	Y	L/R	400 137	137 400	
831	H-1880	Harappa	TAB:B	Y	R/L	520 33 33	33 33 520	
832	H-2229	Harappa	TAB:I	Y	R/L	156 3	3 156	
834	H-2185	Harappa	TAB:I	Y	R/L	400 158 690	690 158 400	
838	H-2190	Harappa	TAB:I	Y	R/L	861 3	3 861	
840	H-2123	Harappa	TAB:I	Y	L/R	861 3	3 861	
841	H-2146	Harappa	TAB:I	Y	R/L	700 32	32 700	
842	H-2026	Harappa	TAB:B	Y	R/L	90 740 176 741 347	347 741 176 740 90	Mult
843	H-2109	Harappa	TAB:I	Y	R/L	400 740 681	681 740 400	
844	H-2221	Harappa	TAB:I	Y	R/L	156 3	3 156	
845	H-2222	Harappa	TAB:I	Y	R/L	156 3	3 156	
846	H-2223	Harappa	TAB:I	Y	R/L	156 3	3 156	
847	H-2236	Harappa	TAB:I	Y	R/L	156 3	3 156	
848	H-2149	Harappa	TAB:I	Y	R/L	590 32 645 3	3 645 32 590	
850	H-2230	Harappa	TAB:I	Y	R/L	156 3	3 156	
851	H-2220	Harappa	TAB:I	Y	R/L	156 3	3 156	
852	H-2226	Harappa	TAB:I	Y	R/L	156 3	3 156	
853	H-2227	Harappa	TAB:I	Y	R/L	156 3	3 156	
854	H-2225	Harappa	TAB:I	Y	R/L	156 3	3 156	
855	H-2228	Harappa	TAB:I	Y	R/L	156 3	3 156	
856	H-2219	Harappa	TAB:I	Y	R/L	156 3	3 156	
857	H-2224	Harappa	TAB:I	Y	R/L	156 3	3 156	
858	H-2218	Harappa	TAB:I	Y	R/L	156 3	3 156	
859	H-2231	Harappa	TAB:I	Y	R/L	156 3	3 156	
860	H-2232	Harappa	TAB:I	Y	R/L	156 3	3 156	
861	H-2234	Harappa	TAB:I	Y	R/L	156 3	3 156	
862	H-2070	Harappa	TAB:I	Y	R/L	400 740 817 276	276 817 740 400	
863	H-1896	Harappa	TAB:B	Y	R/L	400 892 831	831 892 400	
867	H-1812	Harappa	TAB:B	Y	R/L	700 33 711 335 575 413	413 575 335 711 33 700	
869	H-1995	Harappa	TAB:B	Y	R/L	400 151 142	142 151 400	
870	H-2235	Harappa	TAB:I	Y	R/L	156 3	3 156	
871	H-2206	Harappa	TAB:I	Y	R/L	740 32 25	25 32 740	Fish
876	H-1879	Harappa	TAB:B	Y	R/L	520 33 33	33 33 520	
878	H-2233	Harappa	TAB:I	Y	R/L	156 3	3 156	
880	H-2028	Harappa	TAB:B	Y	R/L	90 740 176 741 347	347 741 176 740 90	Mult
882	H-2029	Harappa	TAB:B	Y	R/L	90 740 176 741 347	347 741 176 740 90	Mult
884	H-2027	Harappa	TAB:B	Y	R/L	90 740 176 741 347	347 741 176 740 90	Mult
885	H-1711	Harappa	SEAL:R	Y	R/L	740 840 13 745 31 370	370 31 745 13 840 740	
886	H-2030	Harappa	TAB:B	Y	R/L	90 740 176 741 347	347 741 176 740 90	Mult
890	H-1829	Harappa	TAB:B	Y	R/L	700 34	34 700	
892	H-2119	Harappa	TAB:I	Y	R/L	740 416	416 740	
894	H-2135	Harappa	TAB:I	Y	R/L	740 920 318 700 692	692 700 318 920 740	
895	H-1828	Harappa	TAB:B	Y	R/L	700 34	34 700	
897	H-2089	Harappa	TAB:I	Y	R/L	869 60 1 820	820 1 60 869	
901	H-1870	Harappa	TAB:B	Y	R/L	158 221	221 158	
902	H-2020	Harappa	TAB:B	Y	R/L	690 590 32 220	220 32 590 690	Gavi
904	H-2019	Harappa	TAB:B	Y	R/L	690 590 32 220	220 32 590 690	Gavi
905	H-2136	Harappa	TAB:I	Y	R/L	400 740 717	717 740 400	
907	H-1959	Harappa	TAB:B	Y	R/L	712 840 400 740 440	440 740 400 840 712	
913	H-1992	Harappa	TAB:B	Y	R/L	520 220 415	415 220 520	Bull1
916	H-1811	Harappa	TAB:B	Y	R/L	700 33 711 335 575 413	413 575 335 711 33 700	
917	H-1933	Harappa	TAB:B	Y	R/L	400 520 400 352	352 400 520 400	Gavi
920	H-1678	Harappa	SEAL:S	Y	R/L	520 233 240 220 32	32 220 240 233 520	Bull1:W
921	H-1929	Harappa	TAB:B	Y	R/L	400 740 61 140	140 61 740 400	Bull2
922	H-1902	Harappa	TAB:B	Y	R/L	158 3 494	494 3 158	
923	H-1945	Harappa	TAB:B	Y	R/L	400 740 388 717 705	705 717 388 740 400	Fish
927	H-1941	Harappa	TAB:B	Y	R/L	400 236 220	220 236 400	Bult
929	H-1679	Harappa	SEAL:S	Y	R/L	740 400 142 61	61 142 400 740	Bull1:W
930	H-1883	Harappa	TAB:B	Y	R/L	740 790 32	32 790 740	
932	H-1710	Harappa	SEAL:R	Y	R/L	90 326 700 920 125 1 55 920 140	140 920 55 1 125 920 700 326 90	
937	H-2011	Harappa	TAB:B	Y	R/L	740 482 240 2 861	861 2 240 482 740	Bull1
938	H-1937	Harappa	TAB:B	Y	R/L	740 690 435 255	255 435 690 740	Bult
939	H-1705	Harappa	SEAL:R	Y	R/L	740 904 233 240 798 60 692	692 60 798 240 233 904 740	
943	H-1667	Harappa	SEAL:S	Y	R/L	740 540 2 817	817 2 540 740	Bull1:W
945	H-2142	Harappa	TAB:B	Y	L/R	526 550 233	233 550 526	
951		Dholavira	SEAL:S	Y	R/L	390 4 2 817	817 2 4 390	Bull1:U
1004	H-1966	Harappa	TAB:B	Y	R/L	520 233 49 2 861	861 2 49 233 520	Gaur
1007	H-1726	Harappa	POT:T:s	Y	R/L	740 100 692 491 2 817	817 2 491 692 100 740	
1011	H-1713	Harappa	SEAL:R	Y	R/L	426 3 13 817	817 13 3 426	
1017	H-1737	Harappa	POT:T:s	Y	R/L	220 33	33 220	
1018	H-2102	Harappa	TAB:I	Y	R/L	137 413	413 137	
1020	H-1657	Harappa	SEAL:S	Y	R/L	740 405 590 32 900 3 806 235 220 32 2 690 921	921 690 2 32 220 235 806 3 900 32 590 405 740	Bull1:W
1021	H-1774	Harappa	TAB:B	Y	R/L	700 32	32 700	Scene
1023	H-1793	Harappa	TAB:B	Y	R/L	700 745	745 700	
1024	H-1851	Harappa	TAB:B	Y	R/L	740 803 892 31 2 861	861 2 31 892 803 740	
1032	H-1736	Harappa	POT:T:s	Y	R/L	220 33	33 220	
1034	H-1979	Harappa	TAB:B	Y	R/L	740 158 806 467	467 806 158 740	Phyt
1052		Harappa	TAB:I	Y	R/L	400 740 817 491	491 817 740 400	
1054	H-1325	Harappa	TAB:I	Y	R/L	740 32 165 0	0 165 32 740	
1057	H-733	Harappa	TAB:B	Y	R/L	740 390 590 240	240 590 390 740	
1058	H-1308	Harappa	TAB:I	Y	L/R	740 690 636 240	240 636 690 740	
1060	H-1050	Harappa	SEAL:S	Y	R/L	804 235 2 817	817 2 235 804	Bull1:W
1061	H-1294	Harappa	TAB:I	Y	R/L	527 550 233	233 550 527	
1062	H-1	Harappa	SEAL:S	Y	R/L	820 595 575 692	692 575 595 820	Bull1:W
1063	H-2	Harappa	SEAL:S	Y	R/L	232 740 176 745 440 617	617 440 745 176 740 232	Bull1:W
1064	H-3	Harappa	SEAL:S	Y	R/L	740 585 17 2 611 615 703	703 615 611 2 17 585 740	Bull1:W
1065	H-4	Harappa	SEAL:S	Y	R/L	220 63 51	51 63 220	Bull1:W
1066	H-5	Harappa	SEAL:S	Y	R/L	920 706 193 384 32 920 140 902	902 140 920 32 384 193 706 920	Bull1:W
1067	H-6	Harappa	SEAL:S	Y	R/L	317 890 1 32 776 625	625 776 32 1 890 317	Bull1:W
1068	H-7	Harappa	SEAL:S	Y	R/L	920 440 692 1 542 250	250 542 1 692 440 920	Bull1:W
1069	H-8	Harappa	SEAL:S	Y	R/L	354 1 740 405 590 33 706 2 690 921	921 690 2 706 33 590 405 740 1 354	Bull1:W
1070	H-9	Harappa	SEAL:S	Y	R/L	220 17	17 220	Bull1:W
1071	H-10	Harappa	SEAL:S	Y	R/L	820 302 596 18 125 381	381 125 18 596 302 820	Bull1:W
1073	H-12	Harappa	SEAL:S	Y	R/L	740 690 435 255 803 220 240 235 2 817	817 2 235 240 220 803 255 435 690 740	Bull1:W
1074	H-13	Harappa	SEAL:S	Y	R/L	740 760 615 503 2 817	817 2 503 615 760 740	Bull1:W
1075	H-14	Harappa	SEAL:S	Y	R/L	740 772 240 60 415 56	56 415 60 240 772 740	Bull1:W
1077	H-17	Harappa	SEAL:S	Y	R/L	520 233 240 60 201	201 60 240 233 520	Bull1:W
1080	H-20	Harappa	SEAL:S	Y	R/L	740 176 690 435 255 220 32 806 60 550	550 60 806 32 220 255 435 690 176 740	Bull1:W
1081	H-21	Harappa	SEAL:S	Y	R/L	405 61 527 555 233 235 806 2 817	817 2 806 235 233 555 527 61 405	Bull1:W
1082	H-22	Harappa	SEAL:S	Y	R/L	740 920 320 233 806 2 405 321	321 405 2 806 233 320 920 740	Bull1:W
1084	H-24	Harappa	SEAL:S	Y	R/L	740 626 176 33 705 233	233 705 33 176 626 740	Bull1:W
1085	H-25	Harappa	SEAL:S	Y	R/L	740 900 3 806 33 705 235 55	55 235 705 33 806 3 900 740	Bull1:W
1086	H-26	Harappa	SEAL:S	Y	R/L	740 388 231 240 798 1 820	820 1 798 240 231 388 740	Bull1:W
1087	H-27	Harappa	SEAL:S	Y	R/L	154 806 468 1 740 877 760	760 877 740 1 468 806 154	Bull1:W
1089	H-29	Harappa	SEAL:S	Y	R/L	595 140 640	640 140 595	Bull1:W
1092	H-32	Harappa	SEAL:S	Y	R/L	740 923	923 740	Bull1:W
1095	H-36	Harappa	SEAL:S	Y	R/L	740 798 220 742 146	146 742 220 798 740	Bull1:S
1096	H-37	Harappa	SEAL:S	Y	R/L	740 531	531 740	Bull1:S
1097	H-38	Harappa	SEAL:S	Y	R/L	156 803	803 156	Bull1:W
1098	H-39	Harappa	SEAL:S	Y	R/L	740 390 590 231 240 235 745 60 920	920 60 745 235 240 231 590 390 740	Bull1:W
1099	H-40	Harappa	SEAL:S	Y	R/L	740 798 235 1 368 831 165	165 831 368 1 235 798 740	Bull1:W
1101	H-42	Harappa	SEAL:S	Y	R/L	740 380 235 2 817	817 2 235 380 740	Bull1:J
1102	H-43	Harappa	SEAL:S	Y	R/L	405 690 32	32 690 405	Bull1:W
1103	H-44	Harappa	SEAL:S	Y	R/L	520 33 706 235 798 803 2 31 892	892 31 2 803 798 235 706 33 520	Bull1:W
1104	H-45	Harappa	SEAL:S	Y	R/L	90 740 101 2 820	820 2 101 740 90	Bull1:W
1105	H-46	Harappa	SEAL:S	Y	R/L	740 920 320 235	235 320 920 740	Bull1:W
1106	H-47	Harappa	SEAL:S	Y	R/L	740 752 482	482 752 740	Bull1:W
1107	H-48	Harappa	SEAL:S	Y	R/L	430 3	3 430	Bull1:W
1108	H-49	Harappa	SEAL:S	Y	R/L	617 550 3	3 550 617	Bull1:S
1109	H-50	Harappa	SEAL:S	Y	R/L	740 406 590 741 406 125	125 406 741 590 406 740	Bull1:W
1110	H-51	Harappa	SEAL:S	Y	R/L	740 639 240 2 861	861 2 240 639 740	Bull1:W
1112	H-53	Harappa	SEAL:S	Y	R/L	520 33 706	706 33 520	Bull1:I
1113	H-54	Harappa	SEAL:S	Y	R/L	390 3 368 817	817 368 3 390	Bull1:S
1114	H-55	Harappa	SEAL:S	Y	R/L	390 4 2 861 125	125 861 2 4 390	Bull1:X
1115	H-56	Harappa	SEAL:S	Y	R/L	740 176 60 692	692 60 176 740	Bull1:I
1116	H-57	Harappa	SEAL:S	Y	R/L	159 57	57 159	Bull1:W
1117	H-58	Harappa	SEAL:S	Y	R/L	158 806 468 740 752 231 235	235 231 752 740 468 806 158	Bull1:W
1118	H-59	Harappa	SEAL:S	Y	R/L	740 910	910 740	Bull1
1119	H-60	Harappa	SEAL:S	Y	R/L	621 740 900 3 0 2 820	820 2 0 3 900 740 621	Bull1:II
1120	H-61	Harappa	SEAL:S	Y	R/L	740 690 435 255 1 60 201	201 60 1 255 435 690 740	Bull1:II
1121	H-62	Harappa	SEAL:S	Y	R/L	740 100 140 3	3 140 100 740	Bull1:W
1122	H-63	Harappa	SEAL:S	Y	R/L	740 100 717	717 100 740	Bull1:W
1123	H-64	Harappa	SEAL:S	Y	R/L	520 70 921 240	240 921 70 520	Bull1:W
1124	H-65	Harappa	SEAL:S	Y	R/L	740 32 28	28 32 740	Bull1:U
1125	H-66	Harappa	SEAL:S	Y	R/L	617 243 950	950 243 617	Bull1:W
1126	H-67	Harappa	SEAL:S	Y	R/L	592 31	31 592	Bull1:II
1127	H-68	Harappa	SEAL:S	Y	R/L	90 740 220 3 2 390 72	72 390 2 3 220 740 90	Bull1:I
1128	H-69	Harappa	SEAL:S	Y	R/L	740 61	61 740	Bull1:I
1129	H-70	Harappa	SEAL:S	Y	R/L	390 3 491	491 3 390	Bull1:I
1130	H-71	Harappa	SEAL:S	Y	R/L	390 16	16 390	Bull1:I
1131	H-72	Harappa	SEAL:S	Y	R/L	617 142	142 617	Bull1:W
1132	H-74	Harappa	SEAL:S	Y	R/L	2 610 125 32	32 125 610 2	Bull1:J
1133	H-75	Harappa	SEAL:S	Y	R/L	400 740 390 590	590 390 740 400	Bull1:I
1134	H-76	Harappa	SEAL:S	Y	R/L	740 100 240 235 741 175 132	132 175 741 235 240 100 740	Gaur
1136	H-79	Harappa	SEAL:S	Y	R/L	740 910	910 740	Gaur
1137	H-80	Harappa	SEAL:S	Y	R/L	595 820 100 415 741 315 850	850 315 741 415 100 820 595	Gaur
1138	H-81	Harappa	SEAL:S	Y	R/L	156 3	3 156	Gaur
1139	H-82	Harappa	SEAL:S	Y	R/L	390 17 2 220 455 741	741 455 220 2 17 390	Gaur
1141	H-85	Harappa	SEAL:S	Y	R/L	520 219 2 817	817 2 219 520	Zebu
1142	H-86	Harappa	SEAL:S	Y	R/L	520 460 31	31 460 520	Zebu
1143	H-87	Harappa	SEAL:S	Y	R/L	740 615 703	703 615 740	Buff
1144	H-88	Harappa	SEAL:S	Y	R/L	740 32 840 820	820 840 32 740	Rhin
1145	H-89	Harappa	SEAL:S	Y	R/L	232 240 741 60 920	920 60 741 240 232	Elep
1146	H-90	Harappa	SEAL:S	Y	R/L	521 368 280 192 440	440 192 280 368 521	Elep
1147	H-91	Harappa	SEAL:S	Y	R/L	520 70 253 60 692	692 60 253 70 520	Elep
1148	H-92	Harappa	SEAL:S	Y	R/L	156 176 518 220 416 2 615	615 2 416 220 518 176 156	Elep
1149	H-93	Harappa	SEAL:S	Y	R/L	892 700	700 892	Elep
1151	H-96	Harappa	SEAL:S	Y	R/L	368 740 870	870 740 368	CompBull
1153	H-98	Harappa	SEAL:S	Y	R/L	861 920 0 520 220 16	16 220 520 0 920 861	
1154	H-99	Harappa	SEAL:S	Y	L/R	400 565	565 400	Othr
1158	H-1005	Harappa	POT:T:g	Y	R/L	748 530 323 316	316 323 530 748	
1161	H-101	Harappa	SEAL:S	Y	L/R	740 760 440	440 760 740	
1164	H-1014	Harappa	MISC	Y	R/L	407 16 1 2 861	861 2 1 16 407	
1166	H-1017	Harappa	ROD	Y	R/L	556 60 550	550 60 556	Bult
1168	H-102	Harappa	SEAL:S	Y	R/L	740 630 240 741 861	861 741 240 630 740	Bull1:W
1169	H-103	Harappa	SEAL:S	Y	R/L	159 97 0 520 33 705 0 740 717 220 415 806	806 415 220 717 740 0 705 33 520 0 97 159	
1170	H-129	Harappa	SEAL:R	Y	R/L	409 61 740 235 220 31 2 861 244 165	165 244 861 2 31 220 235 740 61 409	
1171	H-130	Harappa	SEAL:R	Y	R/L	409 32 845 33 705 231 806 2 595 812 125 717	717 125 812 595 2 806 231 705 33 845 32 409	
1173	H-132	Harappa	SEAL:R	Y	R/L	154 806 471 407 845 740 233 231 798	798 231 233 740 845 407 471 806 154	
1174	H-133	Harappa	SEAL:R	Y	R/L	740 554 220 415 798 60 692	692 60 798 415 220 554 740	
1175	H-134	Harappa	SEAL:R	Y	R/L	740 405 590 220 3 2 861	861 2 3 220 590 405 740	
1176	H-135	Harappa	SEAL:R	Y	R/L	740 773 231 806 2 861	861 2 806 231 773 740	
1178	H-137	Harappa	SEAL:R	Y	R/L	740 443 388 33 705 233 2 817	817 2 233 705 33 388 443 740	
1179	H-138	Harappa	SEAL:R	Y	R/L	740 388	388 740	
1180	H-139	Harappa	SEAL:R	Y	R/L	368 861 503	503 861 368	
1181	H-140	Harappa	SEAL:R	Y	R/L	740 384 32 2 817	817 2 32 384 740	
1182	H-141	Harappa	SEAL:R	Y	R/L	405 32 900 3 70 2 233 235	235 233 2 70 3 900 32 405	
1183	H-142	Harappa	SEAL:R	Y	R/L	740 267 811 832 60 692	692 60 832 811 267 740	
1184	H-143	Harappa	SEAL:R	Y	R/L	154 806 469 1 740 877 32	32 877 740 1 469 806 154	
1185	H-144	Harappa	SEAL:R	Y	R/L	203 892 193	193 892 203	
1187	H-146	Harappa	SEAL:R	Y	R/L	154 806 467 31	31 467 806 154	
1188	H-147	Harappa	SEAL:R	Y	R/L	740 840 13	13 840 740	
1189	H-148	Harappa	SEAL:R	Y	R/L	520 240 235	235 240 520	
1190	H-149	Harappa	SEAL:R	Y	R/L	405 61 33 706 794 630 220 2 820	820 2 220 630 794 706 33 61 405	
1191	H-150	Harappa	SEAL:R	Y	R/L	63 740 918	918 740 63	
1192	H-151	Harappa	SEAL:R	Y	R/L	407 17 60 193	193 60 17 407	
1193	H-152	Harappa	SEAL:R	Y	R/L	154 806 468	468 806 154	
1194	H-153	Harappa	SEAL:R	Y	R/L	64 706 140	140 706 64	
1195	H-154	Harappa	SEAL:R	Y	R/L	154 806 467 1 2 817	817 2 1 467 806 154	
1196	H-155	Harappa	SEAL:R	Y	R/L	740 176 1 367 861 216	216 861 367 1 176 740	
1197	H-156	Harappa	SEAL:R	Y	R/L	740 49	49 740	
1198	H-157	Harappa	SEAL:R	Y	R/L	154 615 503	503 615 154	
1199	H-158	Harappa	SEAL:R	Y	R/L	154 806 472 1 740 405 590	590 405 740 1 472 806 154	
1201	H-160	Harappa	SEAL:R	Y	R/L	400 154 806 468	468 806 154 400	
1204	H-164	Harappa	SEAL:R	Y	R/L	161 97 2 817	817 2 97 161	
1206	H-171	Harappa	TAB:B	Y	R/L	740 176 798 231	231 798 176 740	Bull
1207	H-172	Harappa	TAB:B	Y	R/L	712 840 400 740 440	440 740 400 840 712	Gavi
1208	H-174	Harappa	TAB:B	Y	R/L	400 740 17 503	503 17 740 400	Gavi
1209	H-175	Harappa	TAB:B	Y	R/L	167 705 368 5 741 60 920	920 60 741 5 368 705 167	Anth
1210	H-176	Harappa	TAB:B	Y	R/L	740 821	821 740	Scene
1211	H-177	Harappa	TAB:B	Y	R/L	700 33 151 706 31 2 817	817 2 31 706 151 33 700	Scene
1212	H-178	Harappa	TAB:B	Y	R/L	400 740 717	717 740 400	Anth
1213	H-179	Harappa	TAB:B	Y	R/L	740 100 176	176 100 740	Scene
1214	H-180	Harappa	TAB:B	Y	R/L	151 390 590 741 330 368	368 330 741 590 390 151	Scene
1215	H-182	Harappa	TAB:B	Y	R/L	740 32 840	840 32 740	Scene
1216	H-183	Harappa	TAB:B	Y	R/L	400 202 892 220 920	920 220 892 202 400	Phyt
1217	H-184	Harappa	TAB:B	Y	R/L	400 202 892 220 920	920 220 892 202 400	Phyt
1218	H-185	Harappa	TAB:B	Y	R/L	617 142	142 617	
1219	H-186	Harappa	TAB:B	Y	R/L	32 840	840 32	Phyt
1220	H-187	Harappa	TAB:B	Y	R/L	400 740 460 495	495 460 740 400	Phyt
1221	H-188	Harappa	TAB:B	Y	R/L	400 90 740 100 415	415 100 740 90 400	Phyt
1222	H-189	Harappa	TAB:B	Y	R/L	400 158 806 470	470 806 158 400	Othr
1223	H-190	Harappa	TAB:B	Y	R/L	158 806 465	465 806 158	Phyt
1224	H-191	Harappa	TAB:B	Y	R/L	740 798 460 354	354 460 798 740	Phyt
1226	H-194	Harappa	TAB:B	Y	R/L	740 390 590 240	240 590 390 740	Phyt
1228	H-197	Harappa	TAB:B	Y	R/L	142 33	33 142	
1229	H-198	Harappa	TAB:B	Y	R/L	142 33	33 142	
1234	H-203	Harappa	TAB:B	Y	R/L	400 740 220 415 798	798 415 220 740 400	
1235	H-204	Harappa	TAB:B	Y	R/L	400 740 405 590 235 806	806 235 590 405 740 400	
1236	H-205	Harappa	TAB:B	Y	R/L	740 48 741 850	850 741 48 740	
1237	H-206	Harappa	TAB:B	Y	R/L	740 636 240 204 705 621	621 705 204 240 636 740	
1239	H-208	Harappa	TAB:B	Y	R/L	400 158 806 472	472 806 158 400	
1240	H-209	Harappa	TAB:B	Y	R/L	400 921 690 435 255 55	55 255 435 690 921 400	
1242	H-211	Harappa	TAB:B	Y	R/L	400 740 898 617	617 898 740 400	
1243	H-212	Harappa	TAB:B	Y	R/L	400 156 118	118 156 400	
1244	H-213	Harappa	TAB:B	Y	R/L	400 520 400 352	352 400 520 400	
1245	H-214	Harappa	TAB:B	Y	L/R	400 520 400 353	353 400 520 400	
1246	H-215	Harappa	TAB:B	Y	R/L	400 137	137 400	
1247	H-216	Harappa	TAB:B	Y	L/R	740 337 484	484 337 740	
1248	H-217	Harappa	TAB:B	Y	R/L	740 337 484	484 337 740	
1249	H-218	Harappa	TAB:B	Y	R/L	740 336 176	176 336 740	
1250	H-219	Harappa	TAB:B	Y	R/L	415 35 171	171 35 415	
1253	H-226	Harappa	TAB:B	Y	R/L	400 158 904 736	736 904 158 400	Mult
1254	H-227	Harappa	TAB:B	Y	R/L	400 158 904 736	736 904 158 400	
1255	H-228	Harappa	TAB:B	Y	R/L	400 158 904 736	736 904 158 400	Mult
1256	H-229	Harappa	TAB:B	Y	R/L	400 740 892 617	617 892 740 400	
1257	H-230	Harappa	TAB:B	Y	R/L	520 72 219	219 72 520	Phyt
1258	H-231	Harappa	TAB:B	Y	R/L	520 220 240 2 820	820 2 240 220 520	
1259	H-232	Harappa	TAB:B	Y	R/L	400 740 177 519	519 177 740 400	
1260	H-233	Harappa	TAB:B	Y	R/L	400 740 176	176 740 400	
1262	H-236	Harappa	TAB:B	Y	R/L	740 32 840 679	679 840 32 740	
1263	H-237	Harappa	TAB:B	Y	L/R	740 636 240 60 692	692 60 240 636 740	
1264	H-239	Harappa	TAB:B	Y	R/L	390 0 740 500 91	91 500 740 0 390	
1265	H-240	Harappa	TAG:P	Y	R/L	740 904 32 233 803	803 233 32 904 740	
1266	H-241	Harappa	TAB:B	Y	R/L	1 142	142 1	Turt
1268	H-243	Harappa	TAB:B	Y	R/L	400 520 233	233 520 400	Pipal
1270	H-245	Harappa	TAB:B	Y	R/L	700 33	33 700	
1271	H-246	Harappa	TAB:B	Y	R/L	400 804 0 233 240	240 233 0 804 400	
1272	H-247	Harappa	TAB:B	Y	R/L	400 740 335 0	0 335 740 400	
1273	H-248	Harappa	TAB:B	Y	R/L	400 740 920 320 233 240 798	798 240 233 320 920 740 400	
1274	H-249	Harappa	TAB:B	Y	R/L	520 233	233 520	
1276	H-251	Harappa	TAB:B	Y	R/L	400 740 100 240	240 100 740 400	Gaur
1277	H-252	Harappa	TAB:B	Y	R/L	520 240 2 405 501	501 405 2 240 520	Bull1:I
1278	H-253	Harappa	TAB:B	Y	R/L	520 240 2 405 501	501 405 2 240 520	Bull1:I
1279	H-254	Harappa	TAB:B	Y	R/L	520 240 2 405 501	501 405 2 240 520	Bull1:I
1280	H-255	Harappa	TAB:B	Y	R/L	520 240 2 405 501	501 405 2 240 520	Bull1:I
1281	H-256	Harappa	TAB:B	Y	R/L	520 240 2 405 501	501 405 2 240 520	Bull1:I
1282	H-257	Harappa	TAB:B	Y	R/L	520 240 2 405 501	501 405 2 240 520	Bull1:I
1283	H-258	Harappa	TAB:B	Y	R/L	520 240 2 405 501	501 405 2 240 520	Bull1:I
1284	H-259	Harappa	TAB:B	Y	R/L	520 240 2 405 501	501 405 2 240 520	Bull1:I
1285	H-260	Harappa	TAB:B	Y	R/L	520 240 2 405 501	501 405 2 240 520	Bull1
1286	H-261	Harappa	TAB:B	Y	R/L	520 240 2 405 501	501 405 2 240 520	Bull1:I
1287	H-262	Harappa	TAB:B	Y	R/L	520 240 2 405 501	501 405 2 240 520	Bull1:I
1288	H-263	Harappa	TAB:B	Y	R/L	520 240 2 405 501	501 405 2 240 520	Bull1:I
1289	H-264	Harappa	TAB:B	Y	R/L	520 240 2 405 501	501 405 2 240 520	Bull1:I
1290	H-265	Harappa	TAB:B	Y	R/L	520 240 2 405 501	501 405 2 240 520	Bull1
1293	H-268	Harappa	SEAL:S	Y	R/L	740 585 17 33 706 803 2 220 455 920	920 455 220 2 803 706 33 17 585 740	Bull1:W
1294	H-270	Harappa	SEAL:S	Y	R/L	740 482 55 220 415 798 803 742 617	617 742 803 798 415 220 55 482 740	Bull1:W
1295	H-271	Harappa	SEAL:S	Y	R/L	595 420 717 745	745 717 420 595	Bull1
1296	H-272	Harappa	SEAL:S	Y	R/L	740 585 17 240 2 305 32 904	904 32 305 2 240 17 585 740	Bull1
1298	H-276	Harappa	TAB:B	Y	R/L	520 240 2 405 501	501 405 2 240 520	Bull1:I
1299	H-277	Harappa	TAB:B	Y	R/L	520 240 2 405 501	501 405 2 240 520	Bull1
1300	H-278	Harappa	TAB:B	Y	R/L	740 407 590 690 436 255 920 318 220 415 803	803 415 220 318 920 255 436 690 590 407 740	Gavi
1301	H-279	Harappa	TAB:B	Y	R/L	740 407 590 690 436 255 920 318 220 415 803	803 415 220 318 920 255 436 690 590 407 740	Gavi
1302	H-280	Harappa	TAB:B	Y	R/L	740 407 590 690 436 255 920 318 220 415 803	803 415 220 318 920 255 436 690 590 407 740	Gavi
1303	H-281	Harappa	TAB:B	Y	R/L	740 407 590 690 436 255 920 318 220 415 803	803 415 220 318 920 255 436 690 590 407 740	Gavi
1304	H-282	Harappa	TAB:B	Y	R/L	740 407 590 690 436 255 920 318 220 415 803	803 415 220 318 920 255 436 690 590 407 740	Gavi
1305	H-283	Harappa	TAB:B	Y	R/L	740 407 590 690 436 255 920 318 220 415 803	803 415 220 318 920 255 436 690 590 407 740	Gavi
1306	H-284	Harappa	TAB:B	Y	R/L	740 407 590 690 436 255 920 318 220 415 803	803 415 220 318 920 255 436 690 590 407 740	Gavi
1308	H-286	Harappa	TAB:I	Y	R/L	400 90	90 400	Goat:2
1309	H-287	Harappa	TAB:I	Y	L/R	400 740 760 605	605 760 740 400	Gavi
1310	H-288	Harappa	TAB:I	Y	R/L	156 3	3 156	Fish
1311	H-289	Harappa	TAB:I	Y	L/R	740 783 4	4 783 740	Pipal
1312	H-290	Harappa	TAB:I	Y	L/R	740 783 4	4 783 740	Pipal
1314	H-292	Harappa	TAB:I	Y	R/L	2 817	817 2	
1315	H-293	Harappa	TAB:I	Y	R/L	2 817	817 2	
1317	H-295	Harappa	SEAL:S	Y	R/L	511 32	32 511	Bult
1318	H-296	Harappa	TAB:I	Y	R/L	400 740 575 17 920	920 17 575 740 400	
1319	H-297	Harappa	TAB:I	Y	R/L	400 151 336 630 706	706 630 336 151 400	
1320	H-298	Harappa	TAB:I	Y	R/L	400 740 636 240	240 636 740 400	
1321	H-299	Harappa	TAB:I	Y	L/R	400 156 435 255	255 435 156 400	
1322	H-300	Harappa	TAB:I	Y	R/L	400 740 776 495	495 776 740 400	
1323	H-301	Harappa	TAB:I	Y	R/L	400 740 636 240 31 32 171	171 32 31 240 636 740 400	
1324	H-302	Harappa	TAB:I	Y	R/L	400 760 740 220 416	416 220 740 760 400	
1325	H-303	Harappa	TAB:I	Y	R/L	400 740 32 27	27 32 740 400	
1326	H-304	Harappa	TAB:I	Y	R/L	740 32 59	59 32 740	
1327	H-305	Harappa	TAB:I	Y	L/R	740 255 61	61 255 740	
1328	H-306	Harappa	TAB:I	Y	R/L	740 32 840	840 32 740	
1329	H-307	Harappa	TAB:I	Y	R/L	368 900	900 368	
1330	H-308	Harappa	TAB:I	Y	R/L	400 740 176	176 740 400	
1331	H-309	Harappa	TAB:I	Y	R/L	400 740 176	176 740 400	
1332	H-310	Harappa	SEAL:R	Y	R/L	740 231 3	3 231 740	
1333	H-311	Harappa	TAB:I	Y	R/L	400 740 178	178 740 400	
1334	H-312	Harappa	TAB:I	Y	R/L	400 740 176	176 740 400	
1335	H-313	Harappa	TAB:I	Y	R/L	400 740 176	176 740 400	
1336	H-314	Harappa	TAB:I	Y	R/L	400 740 176	176 740 400	
1337	H-315	Harappa	TAB:I	Y	R/L	400 740 176	176 740 400	
1338	H-316	Harappa	TAB:I	Y	R/L	400 740 176	176 740 400	
1339	H-317	Harappa	TAB:I	Y	R/L	400 740 176	176 740 400	
1341	H-319	Harappa	TAB:I	Y	R/L	520 220 415	415 220 520	
1342	H-320	Harappa	TAB:I	Y	R/L	520 240 0	0 240 520	
1343	H-321	Harappa	TAB:I	Y	R/L	740 690 630 240	240 630 690 740	
1344	H-322	Harappa	TAB:I	Y	R/L	400 740 32 28	28 32 740 400	
1345	H-323	Harappa	TAB:I	Y	R/L	740 100 240	240 100 740	
1346	H-324	Harappa	TAB:I	Y	R/L	400 156 384 31	31 384 156 400	
1348	H-326	Harappa	TAB:I	Y	R/L	740 840 13	13 840 740	
1349	H-327	Harappa	TAB:I	Y	R/L	156 0 0	0 0 156	
1350	H-328	Harappa	TAB:I	Y	R/L	400 741 717 235	235 717 741 400	
1351	H-329	Harappa	TAB:I	Y	R/L	520 220	220 520	
1353	H-331	Harappa	TAB:I	Y	R/L	400 892 829	829 892 400	
1355	H-334	Harappa	TAB:I	Y	R/L	400 892 829	829 892 400	
1356	H-335	Harappa	TAB:I	Y	R/L	390 34	34 390	
1361	H-340	Harappa	TAB:I	Y	R/L	13 840 32 626 0	0 626 32 840 13	
1362	H-341	Harappa	TAB:I	Y	R/L	400 740 336 176	176 336 740 400	
1363	H-343	Harappa	TAB:I	Y	R/L	740 861 877	877 861 740	
1364	H-344	Harappa	TAB:I	Y	R/L	526 550 220	220 550 526	
1365	H-345	Harappa	TAB:I	Y	R/L	700 33	33 700	
1366	H-346	Harappa	TAB:I	Y	R/L	520 220 415	415 220 520	
1367	H-347	Harappa	TAB:I	Y	R/L	400 98	98 400	
1369	H-350	Harappa	TAB:I	Y	R/L	740 690 639 240	240 639 690 740	Fish
1370	H-351	Harappa	TAB:I	Y	R/L	400 740 32 60 13	13 60 32 740 400	
1371	H-352	Harappa	SEAL:R	Y	R/L	400 740 176	176 740 400	Bult
1372	H-353	Harappa	TAB:I	Y	R/L	400 740 176	176 740 400	Bult
1373	H-354	Harappa	SEAL:R	Y	R/L	400 740 176	176 740 400	Bult
1374	H-355	Harappa	TAB:I	Y	R/L	400 740 176	176 740 400	
1375	H-356	Harappa	TAB:I	Y	R/L	400 740 176	176 740 400	Bult
1376	H-357	Harappa	TAB:I	Y	R/L	400 740 176	176 740 400	Bult
1378	H-359	Harappa	TAB:I	Y	R/L	526 550 220	220 550 526	Bult
1379	H-360	Harappa	TAB:I	Y	R/L	740 636 240 60 692	692 60 240 636 740	Bult
1380	H-361	Harappa	TAB:I	Y	R/L	740 0 0 0	0 0 0 740	Bult
1381	H-362	Harappa	TAB:I	Y	R/L	740 760 797	797 760 740	Bult
1382	H-363	Harappa	TAB:I	Y	R/L	565 741 263	263 741 565	Mult
1383	H-364	Harappa	TAB:I	Y	R/L	520 220 415	415 220 520	Fish
1385	H-366	Harappa	TAB:I	Y	R/L	154 3	3 154	Fish
1387	H-368	Harappa	SEAL:CY	Y	R/L	400 156 384 31	31 384 156 400	
1388	H-369	Harappa	SEAL:CY	Y	R/L	368 33 705 31 741 390 741	741 390 741 31 705 33 368	
1390	H-371	Harappa	POT:T:g	Y	L/R	700 36	36 700	
1391	H-372	Harappa	POT:T:g	Y	R/L	700 33	33 700	
1396	H-380	Harappa	IMPL	Y	R/L	930 632 920	920 632 930	
1397	H-381	Harappa	IMPL	Y	R/L	930 632	632 930	
1400	H-386	Harappa	SEAL:S	Y	R/L	527 555 740 55 240 415 798 60 201	201 60 798 415 240 55 740 555 527	Bull1:W
1401	H-388	Harappa	SEAL:S	Y	R/L	520 33 706 231 806 2 817	817 2 806 231 706 33 520	Bull1:W
1402	H-389	Harappa	SEAL:S	Y	R/L	740 405 590 235 2 31 480 625	625 480 31 2 235 590 405 740	Bull1:W
1404	H-391	Harappa	SEAL:S	Y	R/L	740 31 504 235 60 920	920 60 235 504 31 740	Bull1:I
1410	H-405	Harappa	SEAL:S	Y	R/L	236 806 2 863	863 2 806 236	Bull1:W
1412	H-407	Harappa	SEAL:S	Y	R/L	390 3 2 817	817 2 3 390	Bull1:W
1413	H-408	Harappa	SEAL:S	Y	R/L	740 176 240 2 702 503	503 702 2 240 176 740	Bull1:W
1414	H-410	Harappa	SEAL:S	Y	R/L	368 840 830 2 861	861 2 830 840 368	Bull1:L
1415	H-411	Harappa	SEAL:S	Y	R/L	740 440 240 1 820	820 1 240 440 740	Bull1:J
1416	H-412	Harappa	SEAL:S	Y	R/L	161 233 220 32 741 831	831 741 32 220 233 161	Bull1:I
1422	H-420	Harappa	SEAL:S	Y	R/L	407 4 1 740 443 388 140	140 388 443 740 1 4 407	Bull1:W
1423	H-421	Harappa	SEAL:S	Y	R/L	679 740 240 60 550	550 60 240 740 679	Bull1:W
1430	H-440	Harappa	SEAL:S	Y	R/L	90 740 240 31	31 240 740 90	Bull1:W
1431	H-441	Harappa	SEAL:S	Y	R/L	740 337 484	484 337 740	Bull1:W
1434	H-444	Harappa	SEAL:S	Y	R/L	241 220 32 2 861	861 2 32 220 241	Bull1:W
1436	H-446	Harappa	SEAL:S	Y	R/L	740 585 798 2 861 216	216 861 2 798 585 740	Bull1:J
1439	H-449	Harappa	SEAL:S	Y	R/L	740 390 590 240 741 390 728	728 390 741 240 590 390 740	Bull1:W
1440	H-450	Harappa	SEAL:S	Y	R/L	740 100 240 741 702 900 3	3 900 702 741 240 100 740	Bull1:J
1441	H-451	Harappa	SEAL:S	Y	R/L	740 400 142 61	61 142 400 740	Bull1:W
1442	H-452	Harappa	SEAL:S	Y	R/L	740 266	266 740	Bull1:L
1444	H-454	Harappa	SEAL:S	Y	R/L	740 390 590 742 700	700 742 590 390 740	Bull1:J
1445	H-455	Harappa	SEAL:S	Y	R/L	520 33 705 2 172 32	32 172 2 705 33 520	Bull1:J
1446	H-456	Harappa	SEAL:S	Y	R/L	520 33 706 2 817 808	808 817 2 706 33 520	Bull1:I
1447	H-457	Harappa	SEAL:S	Y	R/L	740 798 3 2 416	416 2 3 798 740	Bull1:J
1448	H-458	Harappa	SEAL:S	Y	R/L	368 861 575	575 861 368	Bull1:I
1449	H-459	Harappa	SEAL:S	Y	R/L	527 555 231 2 817	817 2 231 555 527	Bull1:T
1456	H-468	Harappa	SEAL:S	Y	R/L	740 900 3 2 940 705	705 940 2 3 900 740	Bull1:J
1457	H-469	Harappa	SEAL:S	Y	R/L	740 760 840 13	13 840 760 740	Bull1:J
1459	H-472	Harappa	SEAL:S	Y	R/L	740 585 900 2 2 820	820 2 2 900 585 740	Bull1
1460	H-473	Harappa	SEAL:S	Y	R/L	861 576 545	545 576 861	Bull1:W
1461	H-474	Harappa	SEAL:S	Y	R/L	740 900 482 484 900	900 484 482 900 740	Bull1:W
1462	H-475	Harappa	SEAL:S	Y	R/L	740 416	416 740	Bull1:W
1465	H-477	Harappa	SEAL:S	Y	R/L	138 1 595 752 455	455 752 595 1 138	Bull1:W
1466	H-478	Harappa	SEAL:S	Y	R/L	740 770 235 2 817	817 2 235 770 740	Bull1:W
1467	H-479	Harappa	SEAL:S	Y	R/L	740 405 590 790	790 590 405 740	Bull1:W
1471	H-483	Harappa	SEAL:S	Y	R/L	740 32 840 233 60 550	550 60 233 840 32 740	Bull1
1478	H-499	Harappa	SEAL:S	Y	R/L	156 3	3 156	Bull1:S
1479	H-501	Harappa	SEAL:S	Y	R/L	520 233 803 2 817	817 2 803 233 520	Bull1
1480	H-502	Harappa	SEAL:S	Y	R/L	90 740 220 32	32 220 740 90	Bull1:J
1481	H-503	Harappa	SEAL:S	Y	R/L	520 175	175 520	Bull1:J
1483	H-505	Harappa	SEAL:S	Y	R/L	527 140	140 527	Bull1:I
1484	H-506	Harappa	SEAL:S	Y	R/L	294 350 595 820 2 820	820 2 820 595 350 294	Bull1:I
1487	H-510	Harappa	SEAL:S	Y	R/L	740 390 590 60 795	795 60 590 390 740	Bull1:I
1488	H-511	Harappa	SEAL:S	Y	R/L	390 871	871 390	Bull1:I
1489	H-512	Harappa	SEAL:S	Y	R/L	740 900 5	5 900 740	Bull1:I
1490	H-513	Harappa	SEAL:S	Y	R/L	111 833 528	528 833 111	Bull1:U
1491	H-514	Harappa	SEAL:S	Y	R/L	151 220 16 2 820	820 2 16 220 151	Bull1:W
1492	H-515	Harappa	SEAL:S	Y	R/L	740 798 460 350 741 590 32	32 590 741 350 460 798 740	Bull1:S
1493	H-516	Harappa	SEAL:S	Y	R/L	156 31	31 156	Bull1:I
1495	H-518	Harappa	SEAL:S	Y	R/L	407 4	4 407	Bull1:W
1496	H-519	Harappa	SEAL:S	Y	R/L	740 904 33 741 700	700 741 33 904 740	Bull1:L
1497	H-521	Harappa	SEAL:S	Y	R/L	740 61	61 740	Bull1
1501	H-530	Harappa	SEAL:S	Y	R/L	520 400 350 31	31 350 400 520	Bull1
1510	H-550	Harappa	SEAL:S	Y	R/L	520 33 706 31	31 706 33 520	
1518	H-565	Harappa	SEAL:S	Y	R/L	90 740 35 171 61	61 171 35 740 90	
1530	H-580	Harappa	SEAL:S	Y	R/L	740 269 511 60 690	690 60 511 269 740	Gaur
1532	H-584	Harappa	SEAL:S	Y	R/L	400 137	137 400	Gaur
1533	H-586	Harappa	SEAL:S	Y	R/L	740 877 32	32 877 740	Zebu
1534	H-589	Harappa	SEAL:S	Y	R/L	740 900 5 33	33 5 900 740	Buff
1535	H-591	Harappa	SEAL:S	Y	R/L	400 221 31 741	741 31 221 400	Elep
1536	H-592	Harappa	SEAL:S	Y	R/L	740 575 17 220 415 803	803 415 220 17 575 740	Gaur
1539	H-596	Harappa	SEAL:S	Y	L/R	390 3	3 390	
1540	H-597	Harappa	SEAL:S	Y	R/L	740 390 590 70 32 2 861	861 2 32 70 590 390 740	Bull1:J
1543	H-600	Harappa	SEAL:S	Y	R/L	2 368 260	260 368 2	Bull1:I
1544	H-601	Harappa	SEAL:S	Y	R/L	740 717 233 220 32	32 220 233 717 740	Bull1
1548	H-608	Harappa	SEAL:S	Y	R/L	530 0 140 220	220 140 0 530	
1551	H-611	Harappa	SEAL:S	Y	R/L	527 550 2 125 590	590 125 2 550 527	
1552	H-612	Harappa	SEAL:S	Y	R/L	740 892 590 893 1 615	615 1 893 590 892 740	Bull1:L
1557	H-642	Harappa	SEAL:R	Y	R/L	1 304 354 125 812 33	33 812 125 354 304 1	
1560	H-645	Harappa	SEAL:R	Y	R/L	595 632 740 550	550 740 632 595	
1564	H-649	Harappa	SEAL:R	Y	R/L	520 33 705 233 240 806 2 820	820 2 806 240 233 705 33 520	
1569	H-654	Harappa	SEAL:R	Y	R/L	405 61 740 806	806 740 61 405	
1574	H-659	Harappa	SEAL:R	Y	R/L	407 845 140 740 233 240 798 365 263	263 365 798 240 233 740 140 845 407	
1575	H-660	Harappa	SEAL:R	Y	R/L	520 95 33 706 240 798	798 240 706 33 95 520	
1576		Dholavira	SEAL:S	Y	R/L	740 590 17	17 590 740	Bull1
1580	H-665	Harappa	SEAL:R	Y	R/L	407 4 60 692	692 60 4 407	
1581	H-666	Harappa	SEAL:R	Y	R/L	740 7 503 626 484	484 626 503 7 740	
1583	H-668	Harappa	SEAL:R	Y	R/L	790 740	740 790	
1584	H-669	Harappa	SEAL:R	Y	R/L	740 220 32	32 220 740	
1585	H-670	Harappa	SEAL:R	Y	R/L	154 806 468	468 806 154	
1586	H-679	Harappa	SEAL:R	Y	R/L	565 806	806 565	
1587	H-680	Harappa	SEAL:R	Y	R/L	527 554 104	104 554 527	
1588	H-681	Harappa	SEAL:R	Y	R/L	154 806 468	468 806 154	
1594	H-688	Harappa	SEAL	Y	R/L	140 820	820 140	
1599	H-694	Harappa	TAB:B	Y	R/L	740 390 590 235 368 806	806 368 235 590 390 740	Bull1:S
1600	H-695	Harappa	TAB:B	Y	R/L	740 390 590 235 368 806	806 368 235 590 390 740	Bull1:S
1601	H-696	Harappa	TAB:B	Y	R/L	740 176	176 740	Bull1
1602	H-697	Harappa	TAB:B	Y	R/L	740 904 240 2 817	817 2 240 904 740	Bull2
1603	H-698	Harappa	TAB:B	Y	R/L	400 520 233	233 520 400	Gaur
1604	H-699	Harappa	TAB:B	Y	R/L	740 176 798 231	231 798 176 740	Zebu
1605	H-700	Harappa	TAB:B	Y	R/L	740 176 798 231	231 798 176 740	Zebu
1607	H-702	Harappa	TAB:B	Y	R/L	137 2 820	820 2 137	Mult
1608	H-703	Harappa	TAB:B	Y	R/L	435 255 55	55 255 435	Bull
1610	H-705	Harappa	TAB:B	Y	R/L	712 840 400 740 440	440 740 400 840 712	Gavi
1611	H-706	Harappa	TAB:B	Y	R/L	700 33 137 2 820	820 2 137 33 700	Gavi
1614	H-709	Harappa	TAB:B	Y	R/L	400 740 16 503	503 16 740 400	Gavi
1615	H-710	Harappa	TAB:B	Y	R/L	400 740 16 503	503 16 740 400	Gavi
1619	H-715	Harappa	TAB:B	Y	R/L	526 550 60 820	820 60 550 526	T-A-T
1620	H-717	Harappa	TAB:B	Y	R/L	705 904	904 705	
1621	H-718	Harappa	TAB:B	Y	R/L	1 480 165 900	900 165 480 1	Phyt
1622	H-719	Harappa	TAB:B	Y	R/L	405 4 2 861	861 2 4 405	Phyt
1623	H-720	Harappa	TAB:B	Y	R/L	740 794	794 740	Phyt
1625	H-723	Harappa	TAB:B	Y	R/L	740 32 840	840 32 740	Phyt
1626	H-724	Harappa	TAB:B	Y	R/L	158 806 465	465 806 158	Phyt
1628	H-726	Harappa	TAB:B	Y	R/L	158 806 465	465 806 158	Phyt
1630	H-728	Harappa	TAB:B	Y	R/L	740 798 460 15	15 460 798 740	Phyt
1631	H-729	Harappa	TAB:B	Y	R/L	740 798 460 354	354 460 798 740	Phyt
1633	H-734	Harappa	TAB:B	Y	R/L	740 390 590 240	240 590 390 740	
1636	H-742	Harappa	TAB:B	Y	R/L	400 740 100 176 175	175 176 100 740 400	
1637	H-743	Harappa	TAB:B	Y	R/L	740 752 482 240	240 482 752 740	
1639	H-745	Harappa	TAB:B	Y	R/L	482 240	240 482	
1641	H-748	Harappa	TAB:B	Y	R/L	400 740 220 415 798	798 415 220 740 400	
1643	H-750	Harappa	TAB:B	Y	R/L	400 740 405 590 235 806	806 235 590 405 740 400	
1644	H-751	Harappa	TAB:B	Y	R/L	400 740 405 590 235 806	806 235 590 405 740 400	
1645	H-752	Harappa	TAB:B	Y	R/L	400 740 405 590 235 806	806 235 590 405 740 400	
1646	H-753	Harappa	TAB:B	Y	R/L	400 740 405 590 235 806	806 235 590 405 740 400	
1647	H-754	Harappa	TAB:B	Y	R/L	400 740 405 590 235 806	806 235 590 405 740 400	
1649	H-756	Harappa	TAB:B	Y	R/L	407 5 741 500 561	561 500 741 5 407	
1650	H-757	Harappa	TAB:B	Y	R/L	740 100 440	440 100 740	
1651	H-758	Harappa	TAB:B	Y	R/L	740 100 440	440 100 740	
1653	H-761	Harappa	TAB:B	Y	R/L	400 154 440 220	220 440 154 400	
1658	H-766	Harappa	TAB:B	Y	R/L	65 826	826 65	
1659	H-767	Harappa	TAB:B	Y	R/L	400 740 220 415 798	798 415 220 740 400	
1660	H-768	Harappa	TAB:B	Y	R/L	400 740 33 705 233 235 0	0 235 233 705 33 740 400	
1662	H-770	Harappa	TAB:B	Y	R/L	151 840 416	416 840 151	
1663	H-771	Harappa	TAB:B	Y	R/L	32 257 840	840 257 32	
1665	H-773	Harappa	TAB:B	Y	R/L	740 798 803 2 390 530 741	741 530 390 2 803 798 740	
1666	H-774	Harappa	TAB:B	Y	R/L	700 33 711 335 575 413	413 575 335 711 33 700	
1667	H-776	Harappa	TAB:B	Y	R/L	740 803 741 31 32 716	716 32 31 741 803 740	
1668	H-777	Harappa	TAB:B	Y	R/L	390 4 104	104 4 390	
1669	H-778	Harappa	TAB:B	Y	R/L	390 4 817	817 4 390	
1670	H-779	Harappa	TAB:B	Y	R/L	0 0 740 233 240	240 233 740 0 0	
1671	H-780	Harappa	TAB:B	Y	R/L	740 400 142 61	61 142 400 740	
1672	H-781	Harappa	TAB:B	Y	R/L	740 904 240	240 904 740	
1674	H-783	Harappa	TAB:B	Y	R/L	400 740 690 0	0 690 740 400	
1676	H-785	Harappa	TAB:B	Y	R/L	740 255 0	0 255 740	
1677	H-786	Harappa	TAB:B	Y	R/L	520 220 415	415 220 520	
1678	H-787	Harappa	TAB:B	Y	L/R	400 740 176 700 33	33 700 176 740 400	
1679	H-788	Harappa	TAB:B	Y	R/L	740 255 0	0 255 740	
1680	H-789	Harappa	TAB:B	Y	R/L	400 520 220 16	16 220 520 400	
1681	H-790	Harappa	TAB:B	Y	R/L	400 740 384 33	33 384 740 400	
1683	H-792	Harappa	TAB:B	Y	R/L	400 154 896	896 154 400	
1684	H-793	Harappa	TAB:B	Y	R/L	400 154 896	896 154 400	
1685	H-794	Harappa	TAB:B	Y	R/L	400 232 235	235 232 400	
1686	H-795	Harappa	TAB:B	Y	R/L	442 0 220 0	0 220 0 442	
1687	H-796	Harappa	TAB:B	Y	R/L	455 370	370 455	
1689	H-798	Harappa	TAB:B	Y	R/L	158 792	792 158	
1690	H-799	Harappa	TAB:B	Y	R/L	32 820 100 415	415 100 820 32	
1691	H-800	Harappa	TAB:B	Y	R/L	740 337 692 490	490 692 337 740	
1692	H-801	Harappa	TAB:B	Y	R/L	415 35 171	171 35 415	
1693	H-802	Harappa	TAB:B	Y	R/L	400 740 337 0	0 337 740 400	
1695	H-806	Harappa	TAB:B	Y	R/L	740 176 220 235	235 220 176 740	
1696	H-807	Harappa	TAB:B	Y	R/L	740 176 220 235	235 220 176 740	
1697	H-808	Harappa	TAB:B	Y	R/L	740 176 220 235	235 220 176 740	
1699	H-810	Harappa	TAB:B	Y	R/L	400 158 904 736	736 904 158 400	Mult
1700	H-811	Harappa	TAB:B	Y	R/L	317 740 335 740 176 2 920 491	491 920 2 176 740 335 740 317	
1701	H-812	Harappa	TAB:B	Y	R/L	368 35	35 368	
1702	H-813	Harappa	TAB:B	Y	R/L	400 892 0	0 892 400	
1703	H-814	Harappa	TAB:B	Y	L/R	400 820 100 415	415 100 820 400	
1704	H-815	Harappa	TAB:B	Y	R/L	520 72 219	219 72 520	Othr
1705	H-816	Harappa	TAB:B	Y	R/L	400 740 390 590	590 390 740 400	
1706	H-817	Harappa	TAB:B	Y	R/L	400 740 336 18	18 336 740 400	
1707	H-818	Harappa	TAB:B	Y	R/L	740 336 18	18 336 740	
1708	H-819	Harappa	TAB:B	Y	R/L	520 240	240 520	
1710	H-821	Harappa	TAB:B	Y	L/R	740 636 240 1 692	692 1 240 636 740	
1711	H-822	Harappa	TAB:B	Y	L/R	740 636 240 1 692	692 1 240 636 740	
1712	H-823	Harappa	TAB:B	Y	R/L	740 636 240 60 692	692 60 240 636 740	
1715	H-825	Harappa	TAB:B	Y	R/L	740 32 840	840 32 740	
1716	H-827	Harappa	TAB:B	Y	R/L	0 0 0	0 0 0	
1717	H-829	Harappa	TAB:B	Y	L/R	137 2 820	820 2 137	
1719	H-833	Harappa	TAB:B	Y	R/L	526 554 2 820	820 2 554 526	
1720	H-834	Harappa	TAB:B	Y	R/L	400 740 690 436 255	255 436 690 740 400	
1724	H-838	Harappa	TAB:B	Y	R/L	740 615 495 2 817	817 2 495 615 740	
1725	H-839	Harappa	TAB:B	Y	R/L	400 140	140 400	
1727	H-841	Harappa	TAB:B	Y	R/L	400 740 790	790 740 400	
1728	H-842	Harappa	TAB:B	Y	R/L	400 740 861	861 740 400	
1729	H-843	Harappa	TAB:B	Y	R/L	400 527 195	195 527 400	Xhch
1732	H-846	Harappa	TAB:B	Y	R/L	400 740 100 31 705	705 31 100 740 400	Gavi
1734	H-848	Harappa	TAB:B	Y	R/L	740 100 0 0	0 0 100 740	
1735	H-849	Harappa	TAB:B	Y	R/L	400 740 892 617	617 892 740 400	Fish
1736	H-850	Harappa	TAB:B	Y	R/L	400 740 892 617	617 892 740 400	Fish
1738	H-852	Harappa	TAB:B	Y	R/L	740 760 268 233 220	220 233 268 760 740	Phyt
1739	H-853	Harappa	TAB:B	Y	R/L	740 177 231	231 177 740	Bult
1740	H-854	Harappa	TAB:B	Y	L/R	400 740 335 3	3 335 740 400	Bult
1741	H-857	Harappa	TAB:B	Y	R/L	740 390 590 235	235 590 390 740	
1742	H-859	Harappa	TAB:B	Y	R/L	520 240 2 405 501	501 405 2 240 520	Bull1:I
1743	H-860	Harappa	TAB:B	Y	R/L	520 240 2 405 501	501 405 2 240 520	Bull1:I
1744	H-861	Harappa	TAB:B	Y	R/L	520 240 2 405 501	501 405 2 240 520	Bull1:I
1745	H-862	Harappa	TAB:B	Y	R/L	520 240 2 405 501	501 405 2 240 520	Bull1:I
1746	H-863	Harappa	TAB:B	Y	R/L	520 240 2 405 501	501 405 2 240 520	Bull1:I
1747	H-864	Harappa	TAB:B	Y	R/L	520 240 2 405 501	501 405 2 240 520	Bull1:I
1748	H-865	Harappa	TAB:B	Y	R/L	520 240 2 405 501	501 405 2 240 520	Bull1:I
1749	H-866	Harappa	TAB:B	Y	R/L	520 240 2 405 501	501 405 2 240 520	Bull1:U
1750	H-867	Harappa	TAB:B	Y	R/L	520 240 2 405 501	501 405 2 240 520	Bull1:U
1751	H-868	Harappa	TAB:B	Y	R/L	520 240 2 405 501	501 405 2 240 520	Bull1:I
1752	H-869	Harappa	TAB:B	Y	R/L	520 240 2 405 501	501 405 2 240 520	Bull1:I
1753	H-870	Harappa	TAB:B	Y	R/L	520 240 2 405 501	501 405 2 240 520	Bull1:I
1754	H-871	Harappa	TAB:B	Y	R/L	740 407 590 690 436 255 920 318 220 415 803	803 415 220 318 920 255 436 690 590 407 740	Gavi
1755	H-872	Harappa	TAB:B	Y	R/L	740 407 590 690 436 255 920 318 220 415 803	803 415 220 318 920 255 436 690 590 407 740	Gavi
1756	H-873	Harappa	TAB:B	Y	R/L	740 407 590 690 436 255 920 318 220 415 803	803 415 220 318 920 255 436 690 590 407 740	Gavi
1758	H-875	Harappa	TAB:B	Y	R/L	400 740 840 13	13 840 740 400	
1759	H-876	Harappa	TAB:B	Y	R/L	200 705 380	380 705 200	
1762	H-879	Harappa	TAB:I	Y	L/R	400 740 760 605	605 760 740 400	Gavi
1763	H-880	Harappa	TAB:B	Y	L/R	400 740 760 605	605 760 740 400	Gavi
1764	H-881	Harappa	TAB:I	Y	L/R	400 740 760 605	605 760 740 400	Gavi
1765	H-882	Harappa	TAB:I	Y	L/R	400 740 760 605	605 760 740 400	Gavi
1769	H-887	Harappa	TAB:I	Y	R/L	2 817	817 2	
1770	H-888	Harappa	TAB:I	Y	R/L	400 234	234 400	Bult
1771	H-889	Harappa	TAB:I	Y	R/L	400 226	226 400	Bult
1772	H-890	Harappa	TAB:I	Y	R/L	0 711 335 575 413	413 575 335 711 0	
1773	H-891	Harappa	TAB:I	Y	R/L	400 740 590 17 0	0 17 590 740 400	
1774	H-892	Harappa	TAB:I	Y	R/L	400 740 336 176	176 336 740 400	
1775	H-893	Harappa	TAB:I	Y	R/L	400 740 337	337 740 400	
1776	H-894	Harappa	TAB:I	Y	R/L	700 125	125 700	
1778	H-896	Harappa	TAB:I	Y	R/L	868 705 590	590 705 868	
1779	H-1181	Harappa	TAB:I	Y	R/L	868 706 590	590 706 868	
1781	H-899	Harappa	TAB:I	Y	R/L	400 520 231 240	240 231 520 400	
1782	H-900	Harappa	TAB:I	Y	R/L	400 740 817 491	491 817 740 400	
1785	H-903	Harappa	TAB:I	Y	R/L	740 760 240	240 760 740	
1786	H-904	Harappa	TAB:I	Y	R/L	740 32 840 2	2 840 32 740	
1787	H-905	Harappa	TAB:I	Y	R/L	400 740 636 240 31 32 171	171 32 31 240 636 740 400	
1788	H-906	Harappa	TAB:I	Y	R/L	151 229	229 151	
1792	H-910	Harappa	TAB:I	Y	R/L	2 861 416	416 861 2	
1793	H-912	Harappa	TAB:I	Y	R/L	400 740 760 220 416	416 220 760 740 400	
1794	H-914	Harappa	TAB:I	Y	R/L	415 33 0	0 33 415	
1796	H-916	Harappa	TAB:I	Y	R/L	400 740 32 59	59 32 740 400	
1797	H-917	Harappa	TAB:I	Y	R/L	400 740 32 27	27 32 740 400	
1798	H-918	Harappa	TAB:I	Y	R/L	400 740 32 0	0 32 740 400	
1799	H-919	Harappa	TAB:I	Y	R/L	740 636 240	240 636 740	
1801	H-921	Harappa	TAB:I	Y	R/L	740 255 61	61 255 740	
1802	H-922	Harappa	TAB:I	Y	R/L	520 31	31 520	
1803	H-923	Harappa	TAB:I	Y	R/L	520 31	31 520	
1804	H-924	Harappa	TAB:I	Y	R/L	740 840 13	13 840 740	
1805	H-925	Harappa	TAB:I	Y	R/L	740 840 13	13 840 740	
1806	H-926	Harappa	TAB:I	Y	R/L	400 740 840 0 220	220 0 840 740 400	
1807	H-927	Harappa	TAB:I	Y	R/L	368 900	900 368	
1808	H-928	Harappa	TAB:I	Y	R/L	368 900	900 368	
1809	H-929	Harappa	TAB:I	Y	R/L	368 900	900 368	
1810	H-930	Harappa	TAB:I	Y	R/L	740 900 4	4 900 740	
1811	H-931	Harappa	TAB:I	Y	R/L	0 0 0	0 0 0	
1813	H-933	Harappa	TAB:I	Y	L/R	400 740 176	176 740 400	
1814	H-934	Harappa	TAB:I	Y	R/L	400 740 176	176 740 400	
1815	H-935	Harappa	TAB:I	Y	R/L	400 740 176	176 740 400	
1816	H-936	Harappa	TAB:I	Y	R/L	400 740 176	176 740 400	
1818	H-938	Harappa	TAB:I	Y	R/L	520 220 415	415 220 520	
1819	H-939	Harappa	TAB:I	Y	L/R	520 220 415	415 220 520	
1821	H-941	Harappa	TAB:I	Y	R/L	520 220 415	415 220 520	
1822	H-942	Harappa	TAB:I	Y	L/R	520 220 16	16 220 520	
1823	H-943	Harappa	TAB:I	Y	R/L	400 158 592	592 158 400	
1824	H-944	Harappa	TAB:I	Y	R/L	400 158 592	592 158 400	
1825	H-945	Harappa	TAB:I	Y	R/L	400 234	234 400	
1826	H-946	Harappa	TAB:I	Y	R/L	400 234	234 400	
1827	H-947	Harappa	TAB:I	Y	R/L	400 236	236 400	
1828	H-948	Harappa	TAB:I	Y	R/L	700 33	33 700	
1829	H-949	Harappa	TAB:I	Y	R/L	151 229	229 151	
1830	H-950	Harappa	TAB:I	Y	R/L	710 0 220 32	32 220 0 710	
1831	H-951	Harappa	TAB:I	Y	R/L	700 33	33 700	
1832	H-952	Harappa	TAB:I	Y	R/L	740 564	564 740	
1833	H-953	Harappa	TAB:I	Y	R/L	0 550 556	556 550 0	
1834	H-954	Harappa	TAB:I	Y	R/L	90 740 235 240	240 235 740 90	
1836	H-959	Harappa	TAB:I	Y	R/L	400 740 178	178 740 400	
1837	H-960	Harappa	TAB:I	Y	R/L	400 740 176	176 740 400	
1838	H-961	Harappa	TAB:I	Y	R/L	0 740 176	176 740 0	
1839	H-962	Harappa	TAB:I	Y	R/L	400 740 176	176 740 400	
1840	H-963	Harappa	TAB:I	Y	R/L	740 176	176 740	
1842	H-965	Harappa	TAB:I	Y	R/L	740 690 636 240	240 636 690 740	
1843	H-966	Harappa	TAB:I	Y	R/L	740 690 636 240	240 636 690 740	
1844	H-967	Harappa	TAB:I	Y	R/L	400 740 32 28	28 32 740 400	
1845	H-968	Harappa	TAB:I	Y	L/R	526 550 233	233 550 526	
1846	H-969	Harappa	TAB:B	Y	R/L	740 0 0	0 0 740	
1852	H-975	Harappa	TAB:I	Y	R/L	740 760 382	382 760 740	
1853	H-976	Harappa	TAB:I	Y	R/L	400 137	137 400	Fish
1855	H-978	Harappa	TAB:I	Y	R/L	400 740 176	176 740 400	Bult
1856	H-979	Harappa	TAB:I	Y	R/L	400 740 176	176 740 400	Bult
1858	H-982	Harappa	SEAL:R	Y	R/L	740 388 31	31 388 740	Bult
1859	H-983	Harappa	TAB:I	Y	R/L	400 740 637 240	240 637 740 400	Bult
1861	H-985	Harappa	TAB:I	Y	R/L	156 435 255	255 435 156	
1863	H-987	Harappa	TAB:I	Y	R/L	400 740 176	176 740 400	
1864	H-988	Harappa	TAB:I	Y	R/L	400 740 636 240 31 32 171	171 32 31 240 636 740 400	Bult
1874	Hls-1	Hulas	TAG:P	Y	R/L	740 407 590	590 407 740	
1875	Jk-2	Jhukar	SEAL:S	Y	R/L	740 803 233 2 817	817 2 233 803 740	Bull1:J
1876	K-63	Kalibangan	SEAL:R	Y	R/L	400 740 776 495	495 776 740 400	
1877	K-1	Kalibangan	SEAL:S	Y	R/L	31 504 632 32	32 632 504 31	Bull1:W
1879	K-4	Kalibangan	SEAL:S	Y	R/L	36 269 140 2 741 60 920	920 60 741 2 140 269 36	Bull1:W
1880	K-5	Kalibangan	SEAL:S	Y	R/L	520 233 240 803 741 125	125 741 803 240 233 520	Bull1:W
1882	K-7	Kalibangan	SEAL:S	Y	R/L	740 100 176 838 1 220 455 530 741	741 530 455 220 1 838 176 100 740	Bull1:W
1884	K-9	Kalibangan	SEAL:S	Y	R/L	70 740 220 3 900	900 3 220 740 70	Bull1:W
1885	K-10	Kalibangan	SEAL:S	Y	R/L	740 690 435 255 2 368 861 590 32 368	368 32 590 861 368 2 255 435 690 740	Bull1:I
1886	K-11	Kalibangan	SEAL:S	Y	R/L	740 717 415 836 900	900 836 415 717 740	Bull1:S
1888	K-13	Kalibangan	SEAL:S	Y	R/L	740 585 17 741 630	630 741 17 585 740	Bull1:J
1890	K-15	Kalibangan	SEAL:S	Y	R/L	871 947 0 400 740 543 350 895 785 220 335	335 220 785 895 350 543 740 400 0 947 871	Bull1:II
1891	K-16	Kalibangan	SEAL:S	Y	R/L	90 740 240 0 60 820	820 60 0 240 740 90	Bull1:X
1892	K-17	Kalibangan	SEAL:S	Y	R/L	740 531	531 740	Bull1:I
1894	K-19	Kalibangan	SEAL:S	Y	R/L	405 5	5 405	Bull1:W
1895	K-20	Kalibangan	SEAL:S	Y	R/L	151 216	216 151	Bull1:J
1896	K-22	Kalibangan	SEAL:S	Y	R/L	866 151 33 33	33 33 151 866	Bull1:I
1897	K-23	Kalibangan	SEAL:S	Y	R/L	740 441 2 820 33	33 820 2 441 740	Bull1:I
1898	K-24	Kalibangan	SEAL:S	Y	R/L	740 760 93 2 252 575	575 252 2 93 760 740	Bull1
1899	K-25	Kalibangan	SEAL:S	Y	R/L	520 231 2 220 65 132 82	82 132 65 220 2 231 520	Bull1
1901	K-27	Kalibangan	SEAL:S	Y	R/L	2 817	817 2	Bull2
1902	K-28	Kalibangan	SEAL:S	Y	R/L	440 411 740 335 2 285 491	491 285 2 335 740 411 440	Gaur
1906	K-33	Kalibangan	SEAL:S	Y	R/L	226 2 861	861 2 226	Buff
1907	K-39	Kalibangan	SEAL:S	Y	R/L	590 390	390 590	Rhin
1908	K-40	Kalibangan	SEAL:S	Y	R/L	760 31 2 861 791 440 717	717 440 791 861 2 31 760	Elep
1912	K-49	Kalibangan	SEAL:S	Y	R/L	151 17 3	3 17 151	T-A-T
1913	K-50	Kalibangan	SEAL:S	Y	L/R	390 4	4 390	Comp
1914	K-51	Kalibangan	SEAL:S	Y	R/L	250 255	255 250	
1919	K-56	Kalibangan	Oth	Y	L/R	740 165 60 550	550 60 165 740	Bull1:I
1920	K-59	Kalibangan	SEAL:R	Y	R/L	15 13 31 892	892 31 13 15	
1922	K-61	Kalibangan	SEAL:R	Y	L/R	740 690	690 740	
1923	K-62	Kalibangan	SEAL:R	Y	R/L	740 176 233 803	803 233 176 740	
1926	K-68	Kalibangan	TAB:B	Y	R/L	700 32	32 700	Bull1
1927	K-69	Kalibangan	TAG	Y	R/L	892 890 417 2 56 91	91 56 2 417 890 892	Bull1
1928	K-70	Kalibangan	TAG	Y	R/L	892 890 417 2 56 91	91 56 2 417 890 892	Bull1
1929	K-71	Kalibangan	TAG	Y	R/L	892 890 417 2 56 91	91 56 2 417 890 892	
1930	K-72	Kalibangan	TAG	Y	R/L	892 890 417 2 56 91	91 56 2 417 890 892	Bull1
1931	K-73	Kalibangan	TAG	Y	R/L	892 890 417 2 56 91	91 56 2 417 890 892	Bull1
1932	K-74	Kalibangan	TAG	Y	R/L	892 890 417 2 56 91	91 56 2 417 890 892	Bull1
1933	K-75	Kalibangan	TAG	Y	R/L	892 890 417 2 56 91	91 56 2 417 890 892	Bull1
1935	K-78	Kalibangan	TAB:B	Y	R/L	740 817 390 2 820	820 2 390 817 740	Gavi
1938	K-82	Kalibangan	TAG:L	Y	R/L	390 3 2 861	861 2 3 390	Bull1
1940	K-85	Kalibangan	TAG:L	Y	R/L	520 33 2 861	861 2 33 520	Elep
1945	K-90	Kalibangan	POT:T:g	Y	R/L	32	32	
1951	K-97	Kalibangan	POT:T:g	Y	R/L	405 3	3 405	
1957	K-104	Kalibangan	POT:T:g	Y	R/L	740 180	180 740	
1964	K-120	Kalibangan	POT:T:p	Y	R/L	390 832 3	3 832 390	
1967	K-32	Kalibangan	SEAL:S	Y	R/L	520 231	231 520	Zebu
1968	Krs-1	Khirsara	SEAL:R	Y	R/L	215 1 480 306 813 33 60 413 346 706	706 346 413 60 33 813 306 480 1 215	
1969	Krs-2	Khirsara	SEAL:R	Y	R/L	740 575 17	17 575 740	
1971		Kish	SEAL:S	Y	R/L	740 390 590 220 3 60 840 416	416 840 60 3 220 590 390 740	Bull1:L
1981	Lh-1	Lohumjo-daro	SEAL:S	Y	R/L	740 760 615 104 717 235 2 392 590 125	125 590 392 2 235 717 104 615 760 740	Bull1:S
1984	L-1	Lothal	SEAL:S	Y	R/L	527 550 233 2 812 95	95 812 2 233 550 527	Bull1:W
1986	L-4	Lothal	SEAL:S	Y	R/L	90 740 100 233 2 575 31	31 575 2 233 100 740 90	Bull1
1988	L-9	Lothal	SEAL:S	Y	R/L	526 555 235	235 555 526	Bull1:W
1990	L-11	Lothal	SEAL:S	Y	R/L	590 705 435 255 778 2 817	817 2 778 255 435 705 590	Bull1:L
1994	L-16	Lothal	SEAL:S	Y	R/L	154 4	4 154	Bull1:W
1996	L-18	Lothal	SEAL:S	Y	R/L	415 31 2 820	820 2 31 415	Bull1:S
1998	L-20	Lothal	SEAL:S	Y	R/L	390 4 491	491 4 390	Bull1:J
1999	L-21	Lothal	SEAL:S	Y	R/L	156 142 60 820	820 60 142 156	Bull1:S
2000	L-22	Lothal	SEAL:S	Y	R/L	740 840 13	13 840 740	Bull1:U
2001	L-23	Lothal	SEAL:S	Y	R/L	740 482 235	235 482 740	Bull1:W
2003	L-26	Lothal	SEAL:S	Y	R/L	740 798 240 60 111 166	166 111 60 240 798 740	Bull1:W
2005	L-28	Lothal	SEAL:S	Y	R/L	740 406 590 741 60 920	920 60 741 590 406 740	Bull1:S
2006	L-29	Lothal	SEAL:S	Y	R/L	390 3 480 368 861	861 368 480 3 390	Bull1:O
2008	L-35	Lothal	SEAL:S	Y	R/L	740 176 233	233 176 740	Bull1:J
2009	L-36	Lothal	SEAL:S	Y	R/L	422 3 1 60 65 405 720	720 405 65 60 1 3 422	Bull1
2010	L-37	Lothal	SEAL:S	Y	R/L	104 892 390 406	406 390 892 104	Bull1
2011	L-38	Lothal	SEAL:S	Y	R/L	151 100 220	220 100 151	Bull1:V
2012	L-39	Lothal	SEAL:S	Y	R/L	520 315 2 861 626	626 861 2 315 520	Bull1
2013	L-41	Lothal	SEAL:S	Y	R/L	90 740 233 2 817	817 2 233 740 90	Bull
2014	L-42	Lothal	SEAL:S	Y	R/L	156 3	3 156	Bull1:S
2015	L-43	Lothal	SEAL:S	Y	R/L	151 590 390	390 590 151	Bull1:X
2016	L-45	Lothal	SEAL:S	Y	R/L	411 440 236 220 741 634	634 741 220 236 440 411	Gaur
2017	L-46	Lothal	SEAL:S	Y	R/L	527 388 233 740 176 2 861 392	392 861 2 176 740 233 388 527	Gaur
2018	L-47	Lothal	SEAL:S	Y	R/L	409 190 2 798 55	55 798 2 190 409	Bull1
2019	L-48	Lothal	SEAL:S	Y	R/L	865 685 0 226 32 741 390	390 741 32 226 0 685 865	Goat:2
2020	L-51	Lothal	SEAL:S	Y	R/L	527 555 231 235	235 231 555 527	Misc
2021	L-52	Lothal	SEAL:S	Y	L/R	527 550	550 527	
2022	L-55	Lothal	SEAL:S	Y	R/L	740 176 233	233 176 740	
2023	L-56	Lothal	SEAL:S	Y	L/R	740 912	912 740	
2025	L-58	Lothal	SEAL:S	Y	R/L	740 550	550 740	
2026	L-59	Lothal	SEAL:S	Y	R/L	740 32 840	840 32 740	
2027	L-60	Lothal	SEAL:S	Y	L/R	740 861 140	140 861 740	
2036	L-82	Lothal	SEAL:R	Y	R/L	806 231 2 221	221 2 231 806	
2037	L-83	Lothal	SEAL:L	Y	R/L	740 806 240 2 820	820 2 240 806 740	
2041	L-87	Lothal	SEAL:R	Y	R/L	740 32 840 233 220 32 60 825 2	2 825 60 32 220 233 840 32 740	
2042	L-88	Lothal	SEAL:R	Y	R/L	405 5 1 63 615 262	262 615 63 1 5 405	
2043	L-89	Lothal	SEAL:R	Y	R/L	527 555 235 2 861	861 2 235 555 527	
2044	L-90	Lothal	SEAL:R	Y	R/L	423 3 60 407 140	140 407 60 3 423	
2046	L-92	Lothal	SEAL:R	Y	R/L	520 70 255 832 2 817	817 2 832 255 70 520	
2051	L-97	Lothal	SEAL:R	Y	R/L	409 15	15 409	
2052	L-98	Lothal	SEAL:R	Y	R/L	520 220 415 519	519 415 220 520	
2053	L-101	Lothal	MISC	Y	R/L	390 700 790 32 63	63 32 790 700 390	
2054	L-102	Lothal	SEAL:R	Y	R/L	154 5	5 154	
2060	L-111	Lothal	SEAL:R	Y	R/L	740 904 240 235	235 240 904 740	
2061	L-112	Lothal	SEAL:R	Y	R/L	740 760 605 2 540 590	590 540 2 605 760 740	
2063	L-114	Lothal	SEAL:R	Y	R/L	740 407 590 904 220 32 803 60 920	920 60 803 32 220 904 590 407 740	
2064	L-115	Lothal	SEAL:R	Y	R/L	575 705 56 31	31 56 705 575	
2066	L-118	Lothal	SEAL:R	Y	L/R	140 32	32 140	
2067	L-122	Lothal	SEAL:R	Y	R/L	527 550 740 443 60 820	820 60 443 740 550 527	
2068	L-124	Lothal	TAG:L	Y	R/L	90 740 220 55 1 741 500 705	705 500 741 1 55 220 740 90	
2069	L-125	Lothal	TAG:L	Y	R/L	90 740 220 55 1 741 500 705	705 500 741 1 55 220 740 90	Bull1
2070	L-126	Lothal	TAG:L	Y	R/L	90 740 220 55 1 741 500 705	705 500 741 1 55 220 740 90	Bull1
2071	L-128	Lothal	TAG:L	Y	R/L	90 740 220 55 1 741 500 705	705 500 741 1 55 220 740 90	
2072	L-129	Lothal	TAG	Y	R/L	90 740 220 55 1 741 500 705	705 500 741 1 55 220 740 90	
2073	L-130	Lothal	TAG	Y	R/L	236 2 861	861 2 236	Bull1
2074	L-131	Lothal	TAG	Y	R/L	236 2 861	861 2 236	
2077	L-134	Lothal	TAG	Y	R/L	520 233 220 240 2 617	617 2 240 220 233 520	
2084	L-142	Lothal	TAG:P	Y	R/L	140 15 1 31 692	692 31 1 15 140	Bull1
2085	L-143	Lothal	TAG	Y	R/L	740 388 220 4 60 920	920 60 4 220 388 740	Bull1
2087	L-145	Lothal	TAG	Y	R/L	390 415 2 550	550 2 415 390	Bull1
2088	L-146	Lothal	TAG:O	Y	R/L	520 33 705	705 33 520	Bull1
2093	L-161	Lothal	TAG:B	Y	R/L	740 48 2 817	817 2 48 740	Elep
2094	L-162	Lothal	TAG:B	Y	R/L	740 48 2 817	817 2 48 740	Elep
2095	L-163	Lothal	TAG:B	Y	R/L	740 48 2 817	817 2 48 740	Elep
2096	L-164	Lothal	TAG:B	Y	R/L	740 48 2 817	817 2 48 740	Elep
2097	L-165	Lothal	TAG:B	Y	R/L	740 48 2 817	817 2 48 740	Elep
2098	L-166	Lothal	TAG:B	Y	R/L	740 48 2 817	817 2 48 740	Elep
2099	L-167	Lothal	TAG:B	Y	R/L	740 48 2 817	817 2 48 740	Elep
2100	L-168	Lothal	TAG:B	Y	R/L	740 48 2 817	817 2 48 740	Elep
2101	L-169	Lothal	TAG:B	Y	R/L	740 48 2 817	817 2 48 740	Elep
2102	L-170	Lothal	TAG:B	Y	R/L	740 48 2 817	817 2 48 740	Elep
2112	L-190	Lothal	TAG	Y	R/L	880	880	
2117	L-197	Lothal	TAG	Y	R/L	0 0 32 0	0 32 0 0	
2125	L-206	Lothal	TAG:W	Y	R/L	90 740 220 55 1 741 500 705	705 500 741 1 55 220 740 90	
2126	L-207	Lothal	TAG	Y	R/L	740 482 2 820	820 2 482 740	Bull1
2134	L-218	Lothal	TAG:P	Y	R/L	317 590 111	111 590 317	Bull1
2135	L-219	Lothal	TAG	Y	R/L	233 226 32 60 220 575	575 220 60 32 226 233	Bull1
2136	L-220	Lothal	TAG:P	Y	R/L	100 31 2 861	861 2 31 100	CompBull
2149	L-271	Lothal	POT:T:g	Y	L/R	156 31 240	240 31 156	
2153		Luristan	SEAL:C	Y	R/L	831 413 840 91	91 840 413 831	Gaur
2155		Mohenjo-daro	POT:T:g	Y	L/R	740 5	5 740	
2158	M-2062	Mohenjo-daro	POT:T:g	Y	R/L	741 32 0 31 46	46 31 0 32 741	
2159	M-2067	Mohenjo-daro	POT:T:g	Y	R/L	35 171	171 35	
2161	M-2061	Mohenjo-daro	POT:T:g	Y	R/L	742 406 0 740 482 235 1 480	480 1 235 482 740 0 406 742	
2162	M-2063	Mohenjo-daro	POT:T:g	Y	R/L	740 142 480	480 142 740	
2176	M-1989	Mohenjo-daro	SEAL:R	Y	L/R	679 740 575 17 798	798 17 575 740 679	
2177	M-1742	Mohenjo-daro	SEAL:S	Y	R/L	390 4	4 390	Bull1:W
2178	M-1696	Mohenjo-daro	SEAL:S	Y	R/L	520 33 705 220 415 2 861	861 2 415 220 705 33 520	Bull1:II
2179	M-1880	Mohenjo-daro	SEAL:S	Y	R/L	151 176 2 861	861 2 176 151	Gaur
2180		Dholavira	SEAL:S	Y	R/L	740 840 416 240 741 500 91	91 500 741 240 416 840 740	Bull1:V
2181	M-1847	Mohenjo-daro	SEAL:S	Y	R/L	527 550 235	235 550 527	Bull1
2182	M-1792	Mohenjo-daro	SEAL:S	Y	R/L	740 760 240 0 740 952 740	740 952 740 0 240 760 740	Bull1:J
2183	M-1748	Mohenjo-daro	SEAL:S	Y	R/L	527 388	388 527	Bull1
2184	M-1794	Mohenjo-daro	SEAL:S	Y	R/L	400 703 617	617 703 400	Bull1:W
2185	M-1751	Mohenjo-daro	SEAL:S	Y	R/L	565 740 235	235 740 565	Bull1:J
2188	M-1850	Mohenjo-daro	SEAL:S	Y	R/L	506 2 817	817 2 506	Bull1:S
2189	M-1953	Mohenjo-daro	SEAL:R	Y	R/L	407 845 233 806	806 233 845 407	
2191	M-1857	Mohenjo-daro	SEAL:S	Y	R/L	390 3	3 390	Bull1
2192	M-1805	Mohenjo-daro	SEAL:S	Y	R/L	740 440 741 60 920	920 60 741 440 740	Bull1:S
2193	M-1766	Mohenjo-daro	SEAL:S	Y	R/L	740 32 845 240 2 269 892 810 33	33 810 892 269 2 240 845 32 740	Bull1:W
2194	M-1809	Mohenjo-daro	SEAL:S	Y	R/L	740 798 235	235 798 740	Bull1:U
2195	M-1749	Mohenjo-daro	SEAL:S	Y	R/L	220 455 125 31	31 125 455 220	Bull1:W
2196	M-1764	Mohenjo-daro	SEAL:S	Y	R/L	679 60 550	550 60 679	Bull1:W
2197	M-1685	Mohenjo-daro	SEAL:S	Y	R/L	90 740 101 908 545	545 908 101 740 90	Bull1:S
2199	M-1682	Mohenjo-daro	SEAL:S	Y	R/L	161 924 146	146 924 161	Bull1:W
2200	M-2003	Mohenjo-daro	POT:T:s	Y	R/L	740 831 820 705	705 820 831 740	
2204	M-1976	Mohenjo-daro	SEAL:R	Y	R/L	617 142 2 817	817 2 142 617	
2205	M-1984	Mohenjo-daro	SEAL:R	Y	R/L	407 3	3 407	
2206	M-1689	Mohenjo-daro	SEAL:S	Y	R/L	153 803 595	595 803 153	Bull1:W
2209		Mohenjo-daro	POT:T:g	Y	L/R	158 32	32 158	
2210	M-2113	Mohenjo-daro	ROD	Y	R/L	400 740 760 435 690	690 435 760 740 400	
2212	M-165	Mohenjo-daro	SEAL:S	Y	R/L	817 740 194 0 740 760 1 741 390 32	32 390 741 1 760 740 0 194 740 817	Bull1:I
2213	M-235	Mohenjo-daro	SEAL:S	Y	R/L	368 1 550 0 740 543 350 2 820	820 2 350 543 740 0 550 1 368	Gaur
2215	M-1811	Mohenjo-daro	SEAL:S	Y	R/L	740 821	821 740	Bull1:L
2218	M-1683	Mohenjo-daro	SEAL:S	Y	R/L	155 806 467 1 692	692 1 467 806 155	Bull1:W
2219	M-1881	Mohenjo-daro	SEAL:S	Y	R/L	740 100 176 741 617	617 741 176 100 740	Gaur
2220	M-1675	Mohenjo-daro	SEAL:S	Y	R/L	621 390 844 2 820	820 2 844 390 621	Bull1:W
2221	M-1892	Mohenjo-daro	SEAL:S	Y	R/L	368 501 706 0 821 1 480 850 595 391	391 595 850 480 1 821 0 706 501 368	Zebu
2222	M-1824	Mohenjo-daro	SEAL:S	Y	R/L	401 698	698 401	Bull1:L
2223	M-1986	Mohenjo-daro	SEAL:R	Y	R/L	154 806 468	468 806 154	
2224	M-1676	Mohenjo-daro	SEAL:S	Y	R/L	740 760 70 255 832 240 2 595 504 803	803 504 595 2 240 832 255 70 760 740	Bull1:S
2225	M-1923	Mohenjo-daro	SEAL:S	Y	R/L	740 760 440 90 853 16	16 853 90 440 760 740	Tigr
2226	M-1692	Mohenjo-daro	SEAL:S	Y	R/L	390 600 617 2 190 125 632 32	32 632 125 190 2 617 600 390	Bull1:L
2227	M-1975	Mohenjo-daro	SEAL:R	Y	R/L	740 752 1 595 204 920	920 204 595 1 752 740	
2228	M-1697	Mohenjo-daro	SEAL:S	Y	R/L	390 3 2 861	861 2 3 390	Bull1:W
2229	M-1737	Mohenjo-daro	SEAL:S	Y	R/L	740 760 72 921 32 2 820	820 2 32 921 72 760 740	Bull1:W
2230	M-1743	Mohenjo-daro	SEAL:S	Y	R/L	64 840 140 740 176	176 740 140 840 64	Bull1:J
2231	M-1688	Mohenjo-daro	SEAL:S	Y	R/L	125 435 255 2 286 220 31 12 31 455 33 590	590 33 455 31 12 31 220 286 2 255 435 125	Bull1:S
2232	M-1916	Mohenjo-daro	SEAL:S	Y	R/L	740 604 142 2 518	518 2 142 604 740	Tigr
2233	M-1744	Mohenjo-daro	SEAL:S	Y	R/L	400 892 81 518 1 31 250	250 31 1 518 81 892 400	Bull1:L
2234	M-1956	Mohenjo-daro	SEAL:R	Y	R/L	740 900 790 220 415 798 806	806 798 415 220 790 900 740	
2235	M-2036	Mohenjo-daro	TAG:C	Y	R/L	35 171	171 35	Mult
2236	M-1677	Mohenjo-daro	SEAL:S	Y	R/L	520 382 32 2 820 1 440 12	12 440 1 820 2 32 382 520	Bull1:W
2240	M-1674	Mohenjo-daro	SEAL:S	Y	R/L	90 740 222 231 2 861 683	683 861 2 231 222 740 90	Bull1:J
2241	M-1795	Mohenjo-daro	SEAL:S	Y	R/L	390 844	844 390	Bull1:S
2242	M-1702	Mohenjo-daro	SEAL:S	Y	R/L	740 191	191 740	Bull1:W
2243	M-940	Mohenjo-daro	SEAL:S	Y	R/L	527 555 2 817	817 2 555 527	Bull1:J
2244	M-1807	Mohenjo-daro	SEAL:S	Y	R/L	400 390 844	844 390 400	Bull1:S
2246	M-457	Mohenjo-daro	TAB:B	Y	R/L	740 630	630 740	Crs
2248	M-1849	Mohenjo-daro	SEAL:S	Y	R/L	400 804 233	233 804 400	Bull1:L
2249	M-966	Mohenjo-daro	SEAL:S	Y	R/L	740 42 741 60 920	920 60 741 42 740	Bull1:J
2250	M-1981	Mohenjo-daro	SEAL:R	Y	R/L	400 130 746	746 130 400	
2251	M-1704	Mohenjo-daro	SEAL:S	Y	R/L	740 760 605 2 861	861 2 605 760 740	Bull1:W
2252	M-2028	Mohenjo-daro	TAB:B	Y	R/L	617 142	142 617	
2253	M-1800	Mohenjo-daro	SEAL:S	Y	R/L	527 550	550 527	Bull1:W
2254	M-1756	Mohenjo-daro	SEAL:S	Y	R/L	151 240 235 741 892	892 741 235 240 151	Bull1:J
2255	M-1765	Mohenjo-daro	SEAL:S	Y	R/L	215 31 480 140 632 705 2 93 33	33 93 2 705 632 140 480 31 215	Bull1:W
2256	M-1753	Mohenjo-daro	SEAL:S	Y	R/L	740 760 519 240 2 861	861 2 240 519 760 740	Bull1:L
2259	M-1819	Mohenjo-daro	SEAL:S	Y	R/L	740 176	176 740	Bull1:I
2261	M-1721	Mohenjo-daro	SEAL:S	Y	R/L	740 42 2 820	820 2 42 740	Bull1:W
2262	M-1827	Mohenjo-daro	SEAL:S	Y	R/L	520 233	233 520	Bull1:I
2263	M-963	Mohenjo-daro	SEAL:S	Y	R/L	740 176 2 817	817 2 176 740	Bull1:S
2264	M-1699	Mohenjo-daro	SEAL:S	Y	R/L	161 803	803 161	Bull1:W
2265	M-888	Mohenjo-daro	SEAL:S	Y	R/L	520 220 240 741 440	440 741 240 220 520	Bull1:S
2266	M-1705	Mohenjo-daro	SEAL:S	Y	R/L	740 798 235	235 798 740	Bull1:W
2267	M-1848	Mohenjo-daro	SEAL:S	Y	R/L	32 29	29 32	Bull1:U
2268	M-1709	Mohenjo-daro	SEAL:S	Y	R/L	621 520 220 2 817	817 2 220 520 621	Bull1:S
2270	M-1668	Mohenjo-daro	SEAL:S	Y	R/L	740 773 233 803 2 320 705 125	125 705 320 2 803 233 773 740	Bull1:S
2271	M-1684	Mohenjo-daro	SEAL:S	Y	R/L	405 371 31	31 371 405	Bull1:W
2272	M-1717	Mohenjo-daro	SEAL:S	Y	R/L	740 760 17 503 368 817	817 368 503 17 760 740	Bull1:J
2273	M-1839	Mohenjo-daro	SEAL:S	Y	R/L	151 97	97 151	Bull1:I
2275		Mohenjo-daro	TAB:C	Y	R/L	740 752 615 503	503 615 752 740	Othr
2276	M-1726	Mohenjo-daro	SEAL:S	Y	R/L	740 615 495 240 2 861	861 2 240 495 615 740	Bull1:W
2277	M-1990	Mohenjo-daro	SEAL	Y	L/R	740 760 440 240 220 2 861	861 2 220 240 440 760 740	
2278	M-1974	Mohenjo-daro	SEAL:R	Y	R/L	64 31 400 521 2 820	820 2 521 400 31 64	
2280	M-1724	Mohenjo-daro	SEAL:S	Y	R/L	427 3 1 165 309	309 165 1 3 427	Bull1:W
2282	M-1879	Mohenjo-daro	SEAL:S	Y	R/L	740 636 240 66 556	556 66 240 636 740	Gaur
2283	M-1746	Mohenjo-daro	SEAL:S	Y	R/L	90 740 100 415 240 2 817	817 2 240 415 100 740 90	Bull1:S
2285	M-1760	Mohenjo-daro	SEAL:S	Y	R/L	740 923 240 235 60 820	820 60 235 240 923 740	Bull1:S
2288	M-1846	Mohenjo-daro	SEAL:S	Y	R/L	400 158 3	3 158 400	Bull1:I
2290	M-1791	Mohenjo-daro	SEAL:S	Y	R/L	740 760 268 2 840 32	32 840 2 268 760 740	Bull1:J
2291	M-1889	Mohenjo-daro	SEAL:S	Y	R/L	390 844 741 31 371	371 31 741 844 390	Gaur
2292	M-1706	Mohenjo-daro	SEAL:S	Y	R/L	740 803 220 32 220 2 820	820 2 220 32 220 803 740	Bull1:I
2293	M-808	Mohenjo-daro	SEAL:S	Y	R/L	740 455 240 235 60 820	820 60 235 240 455 740	Bull1:J
2294	M-1917	Mohenjo-daro	SEAL:S	Y	R/L	400 527 555 233 235	235 233 555 527 400	Tigr
2296	M-1711	Mohenjo-daro	SEAL:S	Y	R/L	740 760 49 2 817	817 2 49 760 740	Bull1:W
2297	M-1772	Mohenjo-daro	SEAL:S	Y	R/L	740 400 142 61 2 798 435 255 705	705 255 435 798 2 61 142 400 740	Bull1:I
2299	M-1708	Mohenjo-daro	SEAL:S	Y	R/L	740 585 17 2 817	817 2 17 585 740	Bull1:I
2302	M-1897	Mohenjo-daro	SEAL:S	Y	R/L	592 31	31 592	Zebu
2304	M-1761	Mohenjo-daro	SEAL:S	Y	R/L	820 590	590 820	Bull1:J
2305	M-1828	Mohenjo-daro	SEAL:S	Y	R/L	156 142	142 156	Bull1:S
2306	M-1886	Mohenjo-daro	SEAL:S	Y	R/L	740 100 415	415 100 740	Gaur
2307	M-1779	Mohenjo-daro	SEAL:S	Y	R/L	156 3	3 156	Bull1:J
2308		Mohenjo-daro	TAB:C	Y	R/L	740 752 615 503	503 615 752 740	Othr
2309	M-1784	Mohenjo-daro	SEAL:S	Y	R/L	740 923 806	806 923 740	Bull1:W
2310	M-1810	Mohenjo-daro	SEAL:S	Y	R/L	740 100 140 3 2 156 920	920 156 2 3 140 100 740	Bull1:J
2312	M-1900	Mohenjo-daro	SEAL:S	Y	R/L	520 240 741 590 575	575 590 741 240 520	Zebu
2313	M-1763	Mohenjo-daro	SEAL:S	Y	R/L	416 1 565 740 220 32 2 856	856 2 32 220 740 565 1 416	Bull1:W
2314	M-1891	Mohenjo-daro	SEAL:S	Y	R/L	400 740 17 503 240	240 503 17 740 400	Gaur
2316	M-1821	Mohenjo-daro	SEAL:S	Y	R/L	740 838 741 390 900 140	140 900 390 741 838 740	Bull1:I
2317	M-1977	Mohenjo-daro	SEAL:R	Y	R/L	617 142 746 140	140 746 142 617	
2318	M-2089	Mohenjo-daro	ROD	Y	L/R	2 861 96	96 861 2	
2319	M-1829	Mohenjo-daro	SEAL:S	Y	R/L	520 175	175 520	Bull1:I
2320	M-1803	Mohenjo-daro	SEAL:S	Y	R/L	740 615 503	503 615 740	Bull1:I
2321	M-1762	Mohenjo-daro	SEAL:S	Y	R/L	645 202 1 820	820 1 202 645	Bull1:S
2322	M-2041	Mohenjo-daro	TAB:I	Y	R/L	740 690 60 550	550 60 690 740	
2323	M-1755	Mohenjo-daro	SEAL:S	Y	R/L	740 176 2 861	861 2 176 740	Bull1:L
2324	M-1777	Mohenjo-daro	SEAL:S	Y	R/L	740 585 17	17 585 740	Bull1:L
2325	M-1735	Mohenjo-daro	SEAL:S	Y	R/L	156 31	31 156	Bull1:S
2327	M-1922	Mohenjo-daro	SEAL:S	Y	R/L	740 405 590	590 405 740	
2328	M-1816	Mohenjo-daro	SEAL:S	Y	R/L	151 97	97 151	Bull1
2329	M-1822	Mohenjo-daro	SEAL:S	Y	R/L	31 32 171 745	745 171 32 31	Bull1:W
2332	M-1741	Mohenjo-daro	SEAL:S	Y	R/L	565 31 416 140 220 1	1 220 140 416 31 565	Bull1:S
2335	M-1671	Mohenjo-daro	SEAL:S	Y	R/L	791 575 413 0 740 222 176 60 920	920 60 176 222 740 0 413 575 791	Bull1:J
2336	M-1769	Mohenjo-daro	SEAL:S	Y	R/L	865 32 0 226 32 700 605	605 700 32 226 0 32 865	Bull1:S
2337	M-1885	Mohenjo-daro	SEAL:S	Y	R/L	151 55 240 235	235 240 55 151	Gaur
2338	M-1955	Mohenjo-daro	SEAL:R	Y	R/L	390 920 322 803 2 820	820 2 803 322 920 390	
2339	M-1757	Mohenjo-daro	SEAL:S	Y	R/L	504 350 240 741 60 920	920 60 741 240 350 504	Bull1:S
2340	M-1854	Mohenjo-daro	SEAL:S	Y	R/L	892 590	590 892	Bull1
2342	M-1661	Mohenjo-daro	SEAL:S	Y	R/L	520 70 219 2 861 32 520 919 140	140 919 520 32 861 2 219 70 520	Bull1:W
2343	M-1790	Mohenjo-daro	SEAL:S	Y	R/L	592 741 60 920	920 60 741 592	Bull1:J
2344	M-1902	Mohenjo-daro	SEAL:S	Y	R/L	151 390 590 741 60 920	920 60 741 590 390 151	Zebu
2345	M-1804	Mohenjo-daro	SEAL:S	Y	R/L	740 798 231 60 820	820 60 231 798 740	Bull1:J
2346	M-1714	Mohenjo-daro	SEAL:S	Y	R/L	617 243 31 700 861	861 700 31 243 617	Bull1:U
2347	M-1817	Mohenjo-daro	SEAL:S	Y	R/L	740 388 235	235 388 740	Bull1:II
2348	M-1988	Mohenjo-daro	SEAL	Y	R/L	740 772 240	240 772 740	
2349	M-1793	Mohenjo-daro	SEAL:S	Y	R/L	226 32 60 891	891 60 32 226	Bull1:L
2350	M-1899	Mohenjo-daro	SEAL:S	Y	R/L	924 132 2 861	861 2 132 924	Zebu
2351	M-1920	Mohenjo-daro	SEAL:S	Y	L/R	407 5	5 407	
2352	M-2078	Mohenjo-daro	BNGL	Y	R/L	360 268 252 326	326 252 268 360	
2353	M-1799	Mohenjo-daro	SEAL:S	Y	R/L	390 16	16 390	Bull1:S
2354	M-1770	Mohenjo-daro	SEAL:S	Y	R/L	740 176 390 90 390	390 90 390 176 740	Bull1:U
2355	M-1838	Mohenjo-daro	SEAL:S	Y	R/L	390 920 323	323 920 390	Bull1:I
2356	M-2098	Mohenjo-daro	ROD	Y	R/L	400 740 176 140	140 176 740 400	
2359	M-1693	Mohenjo-daro	SEAL:S	Y	R/L	527 555 33 706 235 2 817	817 2 235 706 33 555 527	Bull1
2363	M-1815	Mohenjo-daro	SEAL:S	Y	R/L	740 615 703	703 615 740	Bull1:I
2364	M-1893	Mohenjo-daro	SEAL:S	Y	R/L	740 927 33 817	817 33 927 740	Zebu
2365	M-1982	Mohenjo-daro	SEAL:R	Y	R/L	740 100 240 31	31 240 100 740	
2366	M-1789	Mohenjo-daro	SEAL:S	Y	R/L	740 455 2 368 260	260 368 2 455 740	Bull1:I
2367	M-2020	Mohenjo-daro	TAB:B	Y	R/L	167 705	705 167	
2368		Mohenjo-daro	IMPL	Y	R/L	821 1 480 850 595 391	391 595 850 480 1 821	
2372	M-1740	Mohenjo-daro	SEAL:S	Y	R/L	151 61	61 151	Bull1:S
2373	M-1695	Mohenjo-daro	SEAL:S	Y	R/L	740 337 484 31 60 891	891 60 31 484 337 740	Bull1:J
2375	M-1759	Mohenjo-daro	SEAL:S	Y	R/L	740 32 840 2 768	768 2 840 32 740	Bull1:S
2377	M-707	Mohenjo-daro	SEAL:S	Y	R/L	740 760 1 220 415 798 803	803 798 415 220 1 760 740	Bull1:W
2378	M-1701	Mohenjo-daro	SEAL:S	Y	R/L	820 297 861	861 297 820	Bull1:W
2380	M-2026	Mohenjo-daro	TAB:B	Y	R/L	90 740 240 235 590 645 104	104 645 590 235 240 740 90	Cros
2381	M-1686	Mohenjo-daro	SEAL:S	Y	R/L	740 904 220 32 2 142	142 2 32 220 904 740	Bull1:W
2382	M-2040	Mohenjo-daro	TAB:I	Y	R/L	740 690 60 550	550 60 690 740	
2385	M-1715	Mohenjo-daro	SEAL:S	Y	R/L	740 923 33 705 60 692	692 60 705 33 923 740	Bull1:J
2386	M-1729	Mohenjo-daro	SEAL:S	Y	R/L	390 3 2 820	820 2 3 390	Bull1:W
2388		Mohenjo-daro	SEAL:S	Y	R/L	740 637 240 2 861	861 2 240 637 740	Bull1:S
2389	M-1681	Mohenjo-daro	SEAL:S	Y	R/L	520 72 233 740 798 2 861 832	832 861 2 798 740 233 72 520	Bull1:W
2390	M-1707	Mohenjo-daro	SEAL:S	Y	R/L	298 350 761 32 60 572	572 60 32 761 350 298	Bull1:I
2391	M-1837	Mohenjo-daro	SEAL:S	Y	R/L	151 219	219 151	Bull1
2393	M-1745	Mohenjo-daro	SEAL:S	Y	R/L	368 821 55 31 2 31 892	892 31 2 31 55 821 368	Bull1:L
2394	M-2106	Mohenjo-daro	ROD	Y	R/L	400 740 585 838 240	240 838 585 740 400	
2398	M-1883	Mohenjo-daro	SEAL:S	Y	R/L	90 740 35 171 61 31 2 69	69 2 31 61 171 35 740 90	Gaur
2401	M-1680	Mohenjo-daro	SEAL:S	Y	R/L	740 717 220 415	415 220 717 740	Bull1:W
2402	M-1901	Mohenjo-daro	SEAL:S	Y	R/L	151 61 0 156 2 252 692	692 252 2 156 0 61 151	Zebu
2403	M-1690	Mohenjo-daro	SEAL:S	Y	R/L	520 70 220 32 240 838 741 958 220 278	278 220 958 741 838 240 32 220 70 520	Bull1:W
2405	M-1767	Mohenjo-daro	SEAL:S	Y	R/L	790 0 400 296 350 892 632 32	32 632 892 350 296 400 0 790	Bull1:W
2406	M-1980	Mohenjo-daro	SEAL:R	Y	R/L	740 460 503	503 460 740	
2407	M-1888	Mohenjo-daro	SEAL:S	Y	R/L	156 3 877	877 3 156	Gaur
2408	M-2010	Mohenjo-daro	TAG:O	Y	R/L	390 3	3 390	Bull1
2409	M-1911	Mohenjo-daro	SEAL:S	Y	R/L	621 390 531 2 820	820 2 531 390 621	Rhin
2410	M-1691	Mohenjo-daro	SEAL:S	Y	R/L	740 690 435 255 240 741 906	906 741 240 255 435 690 740	Bull1:L
2411	M-1725	Mohenjo-daro	SEAL:S	Y	R/L	400 740 100 140 3	3 140 100 740 400	Bull1:S
2413	M-1796	Mohenjo-daro	SEAL:S	Y	R/L	740 32 840 740 455 861	861 455 740 840 32 740	Bull1:J
2414	M-1910	Mohenjo-daro	SEAL:S	Y	R/L	520 240 31 1 740 121	121 740 1 31 240 520	Rhin
2417	M-1728	Mohenjo-daro	SEAL:S	Y	R/L	161 55 240 220 32 2 820	820 2 32 220 240 55 161	Bull1:W
2418	M-1844	Mohenjo-daro	SEAL:S	Y	R/L	390 4 2 817	817 2 4 390	Bull1:U
2420	M-1814	Mohenjo-daro	SEAL:S	Y	R/L	520 220 415 240	240 415 220 520	Bull1:S
2422	M-1954	Mohenjo-daro	SEAL:R	Y	R/L	740 407 590 31 752 33 705 220 415 798 2 861	861 2 798 415 220 705 33 752 31 590 407 740	
2423	M-1732	Mohenjo-daro	SEAL:S	Y	R/L	241 832 740 176	176 740 832 241	Bull1:II
2426	M-1836	Mohenjo-daro	SEAL:S	Y	R/L	520 233	233 520	Bull1:I
2427	M-1768	Mohenjo-daro	SEAL:S	Y	R/L	740 798 220 60 820	820 60 220 798 740	Bull1:W
2428	M-1738	Mohenjo-daro	SEAL:S	Y	R/L	226 240 235 60 692	692 60 235 240 226	Bull1:S
2429	M-1731	Mohenjo-daro	SEAL:S	Y	R/L	390 4 741 617	617 741 4 390	Bull1:J
2431	M-1673	Mohenjo-daro	SEAL:S	Y	R/L	817 900 241 368 260	260 368 241 900 817	Bull1:W
2432	M-2014	Mohenjo-daro	TAB:B	Y	R/L	527 550 798 220	220 798 550 527	Mult
2434	M-1719	Mohenjo-daro	SEAL:S	Y	R/L	740 639 240	240 639 740	Bull1:W
2435	M-1830	Mohenjo-daro	SEAL:S	Y	R/L	740 388 2 820	820 2 388 740	Bull1:X
2436	M-2024	Mohenjo-daro	TAB:B	Y	R/L	740 760 335 803	803 335 760 740	
2437	M-821	Mohenjo-daro	SEAL:S	Y	R/L	527 555	555 527	Bull1:S
2439	M-1887	Mohenjo-daro	SEAL:S	Y	R/L	740 83 235 240	240 235 83 740	Gaur
2440	M-1818	Mohenjo-daro	SEAL:S	Y	R/L	740 61 877	877 61 740	Bull1:W
2441	M-1912	Mohenjo-daro	SEAL:S	Y	R/L	520 220 3	3 220 520	Elep
2442	M-1771	Mohenjo-daro	SEAL:S	Y	R/L	740 384 741 859	859 741 384 740	Bull1:J
2443	M-1957	Mohenjo-daro	SEAL:R	Y	R/L	154 806 474 1 2 820	820 2 1 474 806 154	
2445	M-1978	Mohenjo-daro	SEAL:R	Y	R/L	405 61 33 705 236	236 705 33 61 405	
2448	M-1739	Mohenjo-daro	SEAL:S	Y	R/L	740 390 590 32 60 201	201 60 32 590 390 740	Bull1:S
2449	M-1964	Mohenjo-daro	SEAL:R	Y	R/L	900 4	4 900	
2450	M-1750	Mohenjo-daro	SEAL:S	Y	R/L	390 4 2 861	861 2 4 390	Bull1:W
2451	M-1801	Mohenjo-daro	SEAL:S	Y	R/L	520 400 350 31 741 762	762 741 31 350 400 520	Bull1:L
2452	M-1915	Mohenjo-daro	SEAL:S	Y	R/L	740 840 13	13 840 740	Elep
2453	M-984	Mohenjo-daro	SEAL:S	Y	R/L	390 4 2 817	817 2 4 390	Bull1
2454	M-1831	Mohenjo-daro	SEAL:S	Y	R/L	390 4 260	260 4 390	Bull1:I
2455	M-1747	Mohenjo-daro	SEAL:S	Y	R/L	165 741 31 60 692	692 60 31 741 165	Bull1:S
2457	M-1752	Mohenjo-daro	SEAL:S	Y	R/L	740 760 19 2 817	817 2 19 760 740	Bull1:S
2458		Mohenjo-daro	TAB:C	Y	R/L	740 752 615 503	503 615 752 740	Othr
2460	M-1820	Mohenjo-daro	SEAL:S	Y	R/L	740 460 510	510 460 740	Bull1
2461	M-1853	Mohenjo-daro	SEAL:S	Y	R/L	32 820 140 5	5 140 820 32	Bull1:I
2462	M-1775	Mohenjo-daro	SEAL:S	Y	R/L	740 49	49 740	Bull1:W
2463	M-1834	Mohenjo-daro	SEAL:S	Y	R/L	450 617 33 0 740 460 510 741 252 791	791 252 741 510 460 740 0 33 617 450	Bull1:J
2464	M-595	Mohenjo-daro	SEAL:S	Y	R/L	740 100 415 176 2 820	820 2 176 415 100 740	Bull1:W
2465		Mohenjo-daro	TAB:C	Y	R/L	749 479	479 749	
2466	M-1798	Mohenjo-daro	SEAL:S	Y	R/L	740 717	717 740	Bull1:W
2467	M-2108	Mohenjo-daro	ROD	Y	R/L	400 740 840 13 240	240 13 840 740 400	
2468	M-1781	Mohenjo-daro	SEAL:S	Y	R/L	400 520 233 803	803 233 520 400	Bull1:W
2470	M-1972	Mohenjo-daro	SEAL:R	Y	R/L	740 455 235 798 742 460 353	353 460 742 798 235 455 740	
2471	M-1903	Mohenjo-daro	SEAL:S	Y	R/L	740 861 125	125 861 740	Buff
2472	M-1983	Mohenjo-daro	SEAL:R	Y	R/L	390 5	5 390	
2473	M-1665	Mohenjo-daro	SEAL:S	Y	R/L	520 33 705 233 240 2 610 125 32	32 125 610 2 240 233 705 33 520	Bull1:W
2474	M-2107	Mohenjo-daro	ROD	Y	R/L	400 740 840 13 240	240 13 840 740 400	
2475	M-1841	Mohenjo-daro	SEAL:S	Y	R/L	740 760 260 0 220 255 220 63 315	315 63 220 255 220 0 260 760 740	Bull1:J
2476	M-1845	Mohenjo-daro	SEAL:S	Y	R/L	740 803 235	235 803 740	Bull1:S
2478	M-1906	Mohenjo-daro	SEAL:S	Y	R/L	520 33 705 233 235 60 820	820 60 235 233 705 33 520	Rhin
2479	M-1774	Mohenjo-daro	SEAL:S	Y	R/L	740 840 13	13 840 740	Bull1:U
2480	M-1985	Mohenjo-daro	SEAL:R	Y	R/L	100 904 717 220 415 806 742	742 806 415 220 717 904 100	
2481		Mohenjo-daro	TAB:C	Y	R/L	407 63 845 240 798	798 240 845 63 407	Unknown
2482	M-1907	Mohenjo-daro	SEAL:S	Y	R/L	390 5 2 455 511	511 455 2 5 390	Rhin
2484	M-1720	Mohenjo-daro	SEAL:S	Y	R/L	679 740 233 240	240 233 740 679	Bull1:W
2485	M-1687	Mohenjo-daro	SEAL:S	Y	R/L	520 220 368 817	817 368 220 520	Bull1:S
2486	M-1723	Mohenjo-daro	SEAL:S	Y	R/L	740 32 840 33 705 798	798 705 33 840 32 740	Bull1:W
2487	M-1855	Mohenjo-daro	SEAL:S	Y	R/L	740 255	255 740	Bull1
2488		Mohenjo-daro	TAB:C	Y	R/L	1 740 923 33 705	705 33 923 740 1	Comp
2489		Dholavira	SEAL:S	Y	R/L	740 390 590 2 817	817 2 590 390 740	Bull1:V
2490	M-1667	Mohenjo-daro	SEAL:S	Y	R/L	740 690 435 255 220 32 2 717 820	820 717 2 32 220 255 435 690 740	Bull1:W
2493	M-709	Mohenjo-daro	SEAL:S	Y	R/L	740 100 1 440 742 60 920	920 60 742 440 1 100 740	Bull1:W
2495	M-1780	Mohenjo-daro	SEAL:S	Y	R/L	740 645 3 741 70 255	255 70 741 3 645 740	Bull1:I
2498	M-1908	Mohenjo-daro	SEAL:S	Y	R/L	740 760	760 740	Rhin
2499	M-1813	Mohenjo-daro	SEAL:S	Y	R/L	740 17 503	503 17 740	Bull1:U
2506	M-1716	Mohenjo-daro	SEAL:S	Y	R/L	520 220 240 803 2 820	820 2 803 240 220 520	Bull1:W
2507	M-1730	Mohenjo-daro	SEAL:S	Y	R/L	740 460 510 220 65 393	393 65 220 510 460 740	Bull1:S
2509	M-1833	Mohenjo-daro	SEAL:S	Y	R/L	390 15 2 861	861 2 15 390	Bull1:S
2511		Mohenjo-daro	TAB:B	Y	R/L	740 32 840	840 32 740	Scene
2512	M-1826	Mohenjo-daro	SEAL:S	Y	R/L	520 72 921	921 72 520	Bull1:W
2513	M-1776	Mohenjo-daro	SEAL:S	Y	R/L	520 220 803 741 262	262 741 803 220 520	Bull1:U
2514	M-1797	Mohenjo-daro	SEAL:S	Y	R/L	740 803	803 740	Bull1:W
2516	M-1672	Mohenjo-daro	SEAL:S	Y	R/L	520 220 3 741 60 920	920 60 741 3 220 520	Bull1:W
2517	M-1700	Mohenjo-daro	SEAL:S	Y	R/L	400 125 745	745 125 400	Bull1:W
2520		Mohenjo-daro	TAB:C	Y	R/L	740 752 615 503	503 615 752 740	Othr
2521	M-1785	Mohenjo-daro	SEAL:S	Y	R/L	906 200 0 740 100 415 33 702	702 33 415 100 740 0 200 906	Bull1:L
2522		Mohenjo-daro	TAB:C	Y	R/L	740 615 503	503 615 740	Rhin
2523		Mohenjo-daro	TAB:C	Y	R/L	407 585 33 705 233 235 806	806 235 233 705 33 585 407	Comp
2524	M-1703	Mohenjo-daro	SEAL:S	Y	R/L	151 97 232 416	416 232 97 151	Bull1:W
2525	M-1514	Mohenjo-daro	TAB:C	Y	R/L	740 752	752 740	
2527	M-2104	Mohenjo-daro	ROD	Y	R/L	151 97 700 34	34 700 97 151	
2528	M-1961	Mohenjo-daro	SEAL	Y	R/L	406 72 2 817	817 2 72 406	
2530	M-2088	Mohenjo-daro	ROD	Y	R/L	527 556	556 527	
2531	M-1	Mohenjo-daro	SEAL:S	Y	R/L	1 368 861 255 371	371 255 861 368 1	Bull1:W
2532	M-3	Mohenjo-daro	SEAL:S	Y	R/L	717 32 521	521 32 717	Bull1:W
2533	M-4	Mohenjo-daro	SEAL:S	Y	R/L	298 465 33 705 231 2 564 617 33	33 617 564 2 231 705 33 465 298	Bull1:W
2534	M-5	Mohenjo-daro	SEAL:S	Y	R/L	740 773 240 235 60 692	692 60 235 240 773 740	Bull1:W
2535	M-6	Mohenjo-daro	SEAL:S	Y	R/L	820 880 65 244	244 65 880 820	Bull1:W
2536	M-7	Mohenjo-daro	SEAL:S	Y	R/L	407 845 140 740 101 923 240 2 861	861 2 240 923 101 740 140 845 407	Bull1:W
2537	M-8	Mohenjo-daro	SEAL:S	Y	R/L	706 140 632	632 140 706	Bull1:W
2538	M-9	Mohenjo-daro	SEAL:S	Y	R/L	31 311 745	745 311 31	Bull1:W
2539	M-10	Mohenjo-daro	SEAL:S	Y	R/L	405 61 70 32 33 706 235 806 2 267 455	455 267 2 806 235 706 33 32 70 61 405	Bull1:W
2540	M-12	Mohenjo-daro	SEAL:S	Y	R/L	740 390 590 233 2 368 202 892 371	371 892 202 368 2 233 590 390 740	Bull1:W
2541	M-13	Mohenjo-daro	SEAL:S	Y	R/L	368 304 125	125 304 368	Bull1:W
2542	M-14	Mohenjo-daro	SEAL:S	Y	R/L	740 776 503 2 817	817 2 503 776 740	Bull1:W
2543	M-15	Mohenjo-daro	SEAL:S	Y	R/L	90 740 176 2 861	861 2 176 740 90	Bull1:W
2544	M-16	Mohenjo-daro	SEAL:S	Y	R/L	820 130 35 171	171 35 130 820	Bull1:W
2545	M-17	Mohenjo-daro	SEAL:S	Y	R/L	390 16 2 814 560	560 814 2 16 390	Bull1:W
2546	M-18	Mohenjo-daro	SEAL:S	Y	R/L	932 740 55	55 740 932	Bull1:W
2548	M-20	Mohenjo-daro	SEAL:S	Y	R/L	390 5 2 861 36 460 513	513 460 36 861 2 5 390	Bull1:W
2549	M-21	Mohenjo-daro	SEAL:S	Y	R/L	350 1 740 362 692 32 2 861	861 2 32 692 362 740 1 350	Bull1:W
2551	M-23	Mohenjo-daro	SEAL:S	Y	R/L	842 871 192 368 0 740 482 60 692 520 220 235 1 920	920 1 235 220 520 692 60 482 740 0 368 192 871 842	Bull1:W
2552	M-24	Mohenjo-daro	SEAL:S	Y	R/L	90 740 240 235 2 906 140	140 906 2 235 240 740 90	Bull1:W
2553	M-25	Mohenjo-daro	SEAL:S	Y	R/L	617 243 706 595	595 706 243 617	Bull1:J
2554	M-26	Mohenjo-daro	SEAL:S	Y	R/L	90 740 531 60 692	692 60 531 740 90	Bull1:J
2556	M-28	Mohenjo-daro	SEAL:S	Y	R/L	892 374 740 760 840 416 2 861	861 2 416 840 760 740 374 892	Bull1:W
2557	M-29	Mohenjo-daro	SEAL:S	Y	R/L	740 55 240 235 806 2 220 455 503	503 455 220 2 806 235 240 55 740	Bull1:W
2558	M-30	Mohenjo-daro	SEAL:S	Y	R/L	740 752 17 503 240 235 806	806 235 240 503 17 752 740	Bull1:W
2559	M-31	Mohenjo-daro	SEAL:S	Y	R/L	740 269 511 233 60 820	820 60 233 511 269 740	Bull1:W
2560	M-32	Mohenjo-daro	SEAL:S	Y	R/L	390 3 2 817	817 2 3 390	Bull1:J
2561	M-33	Mohenjo-daro	SEAL:S	Y	R/L	740 32 923 382 233 2 112	112 2 233 382 923 32 740	Bull1:W
2562	M-34	Mohenjo-daro	SEAL:S	Y	R/L	740 336 176 2 405 372 374	374 372 405 2 176 336 740	Bull1:W
2563	M-35	Mohenjo-daro	SEAL:S	Y	R/L	740 390 590 233 231 2 107	107 2 231 233 590 390 740	Bull1:W
2564	M-36	Mohenjo-daro	SEAL:S	Y	R/L	740 794 630 220 32 2 368 906 329	329 906 368 2 32 220 630 794 740	Bull1:S
2565	M-37	Mohenjo-daro	SEAL:S	Y	R/L	520 220 415	415 220 520	Bull1:S
2566	M-38	Mohenjo-daro	SEAL:S	Y	R/L	740 690 435 255 220 32 240 235 2 390 125 632 32	32 632 125 390 2 235 240 32 220 255 435 690 740	Bull1:J
2568	M-40	Mohenjo-daro	SEAL:S	Y	R/L	391 2 527 475 5	5 475 527 2 391	Bull1:J
2569	M-41	Mohenjo-daro	SEAL:S	Y	R/L	740 636 240 233 235 2 405 125 820	820 125 405 2 235 233 240 636 740	Bull1:W
2570	M-42	Mohenjo-daro	SEAL:S	Y	R/L	527 550 240 2 817	817 2 240 550 527	Bull1:S
2571	M-43	Mohenjo-daro	SEAL:S	Y	R/L	740 798 231 2 55 373	373 55 2 231 798 740	Bull1:W
2572	M-44	Mohenjo-daro	SEAL:S	Y	R/L	740 760 33 705 803 2 920 317	317 920 2 803 705 33 760 740	Bull1:W
2573	M-45	Mohenjo-daro	SEAL:S	Y	R/L	617 831 2 1 302 840 32	32 840 302 1 2 831 617	Bull1:W
2574	M-46	Mohenjo-daro	SEAL:S	Y	R/L	740 798 240 235 2 220 65 215	215 65 220 2 235 240 798 740	Bull1:W
2575	M-47	Mohenjo-daro	SEAL:S	Y	R/L	740 760 235 2 861	861 2 235 760 740	Bull1:J
2576	M-48	Mohenjo-daro	SEAL:S	Y	R/L	390 820 460 60 368 920	920 368 60 460 820 390	Bull1:J
2577	M-49	Mohenjo-daro	SEAL:S	Y	R/L	527 550 240 220 32 2 300 350 600 190	190 600 350 300 2 32 220 240 550 527	Bull1:W
2578	M-50	Mohenjo-daro	SEAL:S	Y	R/L	740 585 17 33 705 240 798 2 820	820 2 798 240 705 33 17 585 740	Bull1:W
2579	M-51	Mohenjo-daro	SEAL:S	Y	R/L	740 798 460 350 235 741 390 140	140 390 741 235 350 460 798 740	Bull1:J
2580	M-52	Mohenjo-daro	SEAL:S	Y	R/L	740 904 32 220 415 235 803 2 504 717	717 504 2 803 235 415 220 32 904 740	Bull1:W
2581	M-53	Mohenjo-daro	SEAL:S	Y	R/L	90 740 220 16 2 297 190 900 140	140 900 190 297 2 16 220 740 90	Bull1:W
2582	M-54	Mohenjo-daro	SEAL:S	Y	R/L	236 240 33 705 798 2 820	820 2 798 705 33 240 236	Bull1:W
2584	M-56	Mohenjo-daro	SEAL:S	Y	R/L	740 877 32 235 60 550 611 840	840 611 550 60 235 32 877 740	Bull1:W
2585	M-57	Mohenjo-daro	SEAL:S	Y	R/L	226 32 231 798 2 693	693 2 798 231 32 226	Bull1:W
2586	M-58	Mohenjo-daro	SEAL:S	Y	R/L	740 460 503 2 817	817 2 503 460 740	Bull1:W
2587	M-59	Mohenjo-daro	SEAL:S	Y	R/L	368 3 742 60 920	920 60 742 3 368	Bull1:W
2591	M-63	Mohenjo-daro	SEAL:S	Y	R/L	526 555 60 550	550 60 555 526	Bull1:J
2592	M-64	Mohenjo-daro	SEAL:S	Y	R/L	520 33 706 60 220 4	4 220 60 706 33 520	Bull1:W
2593	M-65	Mohenjo-daro	SEAL:S	Y	R/L	520 220 31 1 706 575	575 706 1 31 220 520	Bull1:W
2595	M-67	Mohenjo-daro	SEAL:S	Y	R/L	457 0 740 165 900 60 111 575	575 111 60 900 165 740 0 457	Bull1:W
2596	M-68	Mohenjo-daro	SEAL:S	Y	R/L	690 518 0 90 740 176 742 60 920	920 60 742 176 740 90 0 518 690	Bull1:J
2597	M-69	Mohenjo-daro	SEAL:S	Y	R/L	740 803 231 60 692	692 60 231 803 740	Bull1:I
2598	M-70	Mohenjo-daro	SEAL:S	Y	R/L	226 32 2 390 692	692 390 2 32 226	Bull1:T
2599	M-71	Mohenjo-daro	SEAL:S	Y	R/L	151 279 142 2 390 95	95 390 2 142 279 151	Bull1:J
2600	M-72	Mohenjo-daro	SEAL:S	Y	R/L	740 255 705 140 3 2 861	861 2 3 140 705 255 740	Bull1:V
2601	M-73	Mohenjo-daro	SEAL:S	Y	R/L	400 520 897	897 520 400	Bull1:W
2602	M-74	Mohenjo-daro	SEAL:S	Y	R/L	595 575 704 140	140 704 575 595	Bull1:U
2603	M-75	Mohenjo-daro	SEAL:S	Y	R/L	520 220 4 2 817	817 2 4 220 520	Bull1:W
2604	M-77	Mohenjo-daro	SEAL:S	Y	R/L	832 390 803 2 861	861 2 803 390 832	Bull1:W
2605	M-78	Mohenjo-daro	SEAL:S	Y	R/L	740 344 32 545	545 32 344 740	Bull1:S
2606	M-79	Mohenjo-daro	SEAL:S	Y	R/L	688 0 740 100 240 233 2 861	861 2 233 240 100 740 0 688	Bull1:J
2607	M-80	Mohenjo-daro	SEAL:S	Y	R/L	156 3 60 368 817	817 368 60 3 156	Bull1:J
2608	M-81	Mohenjo-daro	SEAL:S	Y	R/L	527 555 240 2 617 70	70 617 2 240 555 527	Bull1:S
2609	M-82	Mohenjo-daro	SEAL:S	Y	R/L	740 222 2 207 550 390	390 550 207 2 222 740	Bull1:I
2610	M-83	Mohenjo-daro	SEAL:S	Y	R/L	390 18 796	796 18 390	Bull1:W
2611	M-84	Mohenjo-daro	SEAL:S	Y	R/L	740 765 240 1 368 920	920 368 1 240 765 740	Bull1:W
2612	M-85	Mohenjo-daro	SEAL:S	Y	R/L	520 233 741 81 272	272 81 741 233 520	Bull1:W
2613	M-86	Mohenjo-daro	SEAL:S	Y	R/L	520 33 705 231 2 820 700	700 820 2 231 705 33 520	Bull1:S
2614	M-87	Mohenjo-daro	SEAL:S	Y	R/L	400 890 104	104 890 400	Bull1:S
2615	M-88	Mohenjo-daro	SEAL:S	Y	R/L	527 388 233	233 388 527	Bull1:J
2616	M-89	Mohenjo-daro	SEAL:S	Y	R/L	740 794 734 32 235	235 32 734 794 740	Bull1:J
2617	M-90	Mohenjo-daro	SEAL:S	Y	R/L	740 840 13 31 2 817	817 2 31 13 840 740	Bull1:J
2618	M-91	Mohenjo-daro	SEAL:S	Y	R/L	740 100 798 220 32 2 861 255 416	416 255 861 2 32 220 798 100 740	Bull1:S
2619	M-92	Mohenjo-daro	SEAL:S	Y	R/L	740 798 460 350 2 814 84	84 814 2 350 460 798 740	Bull1:S
2620	M-93	Mohenjo-daro	SEAL:S	Y	R/L	156 3 240 741 345	345 741 240 3 156	Bull1:J
2621	M-94	Mohenjo-daro	SEAL:S	Y	R/L	740 390 590 220 3	3 220 590 390 740	Bull1:S
2622	M-95	Mohenjo-daro	SEAL:S	Y	R/L	390 3 2 111 165	165 111 2 3 390	Bull1:S
2623	M-96	Mohenjo-daro	SEAL:S	Y	R/L	156 4	4 156	Bull1:J
2624	M-97	Mohenjo-daro	SEAL:S	Y	R/L	156 435 255	255 435 156	Bull1:J
2625	M-98	Mohenjo-daro	SEAL:S	Y	R/L	740 585 17 900	900 17 585 740	Bull1:J
2626	M-99	Mohenjo-daro	SEAL:S	Y	R/L	740 215 2 368 119	119 368 2 215 740	Bull1:S
2627	M-100	Mohenjo-daro	SEAL:S	Y	R/L	90 740 255 705 2 861	861 2 705 255 740 90	Bull1:S
2628	M-101	Mohenjo-daro	SEAL:S	Y	R/L	390 503 740 168 2 817	817 2 168 740 503 390	Bull1:J
2629	M-102	Mohenjo-daro	SEAL:S	Y	R/L	154 3 900 545	545 900 3 154	Bull1:J
2630	M-103	Mohenjo-daro	SEAL:S	Y	R/L	390 4 2 820	820 2 4 390	Bull1:W
2631	M-104	Mohenjo-daro	SEAL:S	Y	R/L	90 740 220 235 853	853 235 220 740 90	Bull1:J
2634	M-107	Mohenjo-daro	SEAL:S	Y	R/L	740 565 233 2 940 260	260 940 2 233 565 740	Bull1:S
2635	M-108	Mohenjo-daro	SEAL:S	Y	R/L	413 820 220 65 798 550 820	820 550 798 65 220 820 413	Bull1:S
2636	M-109	Mohenjo-daro	SEAL:S	Y	R/L	740 879 220 415 2 287 140	140 287 2 415 220 879 740	Bull1:S
2638	M-111	Mohenjo-daro	SEAL:S	Y	R/L	740 920 320 233 1 821	821 1 233 320 920 740	Bull1:J
2639	M-112	Mohenjo-daro	SEAL:S	Y	R/L	740 760 220 16 382 741 572 684	684 572 741 382 16 220 760 740	Bull1:J
2640	M-113	Mohenjo-daro	SEAL:S	Y	R/L	740 32 840 741 60 920	920 60 741 840 32 740	Bull1:J
2641	M-114	Mohenjo-daro	SEAL:S	Y	R/L	740 760 440 2 297 416	416 297 2 440 760 740	Bull1:S
2642	M-115	Mohenjo-daro	SEAL:S	Y	R/L	390 844 140 176 803 2 301 190	190 301 2 803 176 140 844 390	Bull1
2643	M-116	Mohenjo-daro	SEAL:S	Y	R/L	740 100 176 840 13 2 817	817 2 13 840 176 100 740	Bull1:I
2644	M-117	Mohenjo-daro	SEAL:S	Y	R/L	520 33 705 220 803 55 2 820	820 2 55 803 220 705 33 520	Bull1:S
2645	M-118	Mohenjo-daro	SEAL:S	Y	R/L	740 772 33 705 233 803 2 861	861 2 803 233 705 33 772 740	Bull1:W
2646	M-119	Mohenjo-daro	SEAL:S	Y	R/L	151 337 484 2 390 125 632 32 900 563	563 900 32 632 125 390 2 484 337 151	Bull1:S
2647	M-120	Mohenjo-daro	SEAL:S	Y	R/L	858 0 740 100 585 741 840 346	346 840 741 585 100 740 0 858	Bull1:S
2648	M-121	Mohenjo-daro	SEAL:S	Y	R/L	740 900 790 233 798	798 233 790 900 740	Bull1:W
2649	M-122	Mohenjo-daro	SEAL:S	Y	R/L	520 33 705	705 33 520	Bull1:J
2650	M-123	Mohenjo-daro	SEAL:S	Y	R/L	400 93 368 72	72 368 93 400	Bull1:W
2651	M-124	Mohenjo-daro	SEAL:S	Y	R/L	740 923 220 32	32 220 923 740	Bull1:W
2653	M-126	Mohenjo-daro	SEAL:S	Y	R/L	520 552 60 692	692 60 552 520	Bull1:U
2654	M-127	Mohenjo-daro	SEAL:S	Y	R/L	565 740 220 741 176	176 741 220 740 565	Bull1:J
2655	M-128	Mohenjo-daro	SEAL:S	Y	R/L	740 923 803 741 500 705	705 500 741 803 923 740	Bull1:J
2656	M-129	Mohenjo-daro	SEAL:S	Y	R/L	520 233 240 235 741 360	360 741 235 240 233 520	Bull1:W
2657	M-130	Mohenjo-daro	SEAL:S	Y	R/L	740 94 220 32 2 144	144 2 32 220 94 740	Bull1:J
2658	M-131	Mohenjo-daro	SEAL:S	Y	R/L	740 390 590 741 390 790	790 390 741 590 390 740	Bull1:W
2659	M-132	Mohenjo-daro	SEAL:S	Y	R/L	156 3 545	545 3 156	Bull1:W
2660	M-133	Mohenjo-daro	SEAL:S	Y	R/L	527 550 240 220 255 812 906 388	388 906 812 255 220 240 550 527	Bull1:W
2661	M-134	Mohenjo-daro	SEAL:S	Y	R/L	872 32 692	692 32 872	Bull1:W
2662	M-135	Mohenjo-daro	SEAL:S	Y	R/L	520 33 705 31	31 705 33 520	Bull1:J
2663	M-136	Mohenjo-daro	SEAL:S	Y	R/L	90 740 220 16 31 908 545	545 908 31 16 220 740 90	Bull1:S
2665	M-138	Mohenjo-daro	SEAL:S	Y	R/L	740 900 5	5 900 740	Bull1:J
2666	M-139	Mohenjo-daro	SEAL:S	Y	R/L	33 832 236 741 361	361 741 236 832 33	Bull1:J
2667	M-140	Mohenjo-daro	SEAL:S	Y	R/L	740 336 2 220 65 440 455	455 440 65 220 2 336 740	Bull1:S
2669	M-142	Mohenjo-daro	SEAL:S	Y	R/L	136 140 2 861	861 2 140 136	Bull1:J
2670	M-143	Mohenjo-daro	SEAL:S	Y	R/L	740 205 32 2 252 840	840 252 2 32 205 740	Bull1:J
2671	M-144	Mohenjo-daro	SEAL:S	Y	R/L	740 100 415 240 2 817	817 2 240 415 100 740	Bull1:J
2672	M-145	Mohenjo-daro	SEAL:S	Y	R/L	740 400 142 880	880 142 400 740	Bull1:U
2673	M-146	Mohenjo-daro	SEAL:S	Y	R/L	740 255 920 60 692	692 60 920 255 740	Bull1:J
2674	M-147	Mohenjo-daro	SEAL:S	Y	R/L	226 803 2 220 455 520	520 455 220 2 803 226	Bull1:J
2675	M-148	Mohenjo-daro	SEAL:S	Y	R/L	740 817 556	556 817 740	Bull1:J
2676	M-149	Mohenjo-daro	SEAL:S	Y	R/L	740 760 440 60 550	550 60 440 760 740	Bull1:J
2677	M-150	Mohenjo-daro	SEAL:S	Y	R/L	740 832	832 740	Bull1:J
2678	M-151	Mohenjo-daro	SEAL:S	Y	R/L	220 65 864	864 65 220	Bull1:J
2679	M-152	Mohenjo-daro	SEAL:S	Y	R/L	740 772 2 861	861 2 772 740	Bull1:J
2680	M-153	Mohenjo-daro	SEAL:S	Y	R/L	269 130 190	190 130 269	Bull1:J
2681	M-154	Mohenjo-daro	SEAL:S	Y	R/L	621 0 520 220 415 2 257 898	898 257 2 415 220 520 0 621	Bull1:J
2682	M-155	Mohenjo-daro	SEAL:S	Y	R/L	740 176 31	31 176 740	Bull1:J
2683	M-157	Mohenjo-daro	SEAL:S	Y	R/L	740 900 790 233 798 1 820	820 1 798 233 790 900 740	Bull1:J
2684	M-158	Mohenjo-daro	SEAL:S	Y	R/L	390 16 60 550	550 60 16 390	Bull1:I
2685	M-159	Mohenjo-daro	SEAL:S	Y	R/L	740 48 741 250 579	579 250 741 48 740	Bull1:S
2686	M-160	Mohenjo-daro	SEAL:S	Y	R/L	151 243 31 2 820 741	741 820 2 31 243 151	Bull1:W
2687	M-161	Mohenjo-daro	SEAL:S	Y	R/L	617 122 3	3 122 617	Bull1:V
2688	M-162	Mohenjo-daro	SEAL:S	Y	R/L	740 760 840 552 3	3 552 840 760 740	Bull1:X
2689	M-163	Mohenjo-daro	SEAL:S	Y	R/L	520 220 415 60 820	820 60 415 220 520	Bull1:J
2690	M-164	Mohenjo-daro	SEAL:S	Y	R/L	740 142 61 2 817	817 2 61 142 740	Bull1:X
2691	M-166	Mohenjo-daro	SEAL:S	Y	R/L	390 844 240 806 2 861	861 2 806 240 844 390	Bull1:I
2695	M-170	Mohenjo-daro	SEAL:S	Y	R/L	740 923 406 61 70 32 741 861	861 741 32 70 61 406 923 740	Bull1:W
2696	M-171	Mohenjo-daro	SEAL:S	Y	R/L	407 61 740 923 233 806 60 692	692 60 806 233 923 740 61 407	Bull1:W
2697	M-172	Mohenjo-daro	SEAL:S	Y	R/L	405 18 1 220 786 850	850 786 220 1 18 405	Bull1:W
2698	M-173	Mohenjo-daro	SEAL:S	Y	R/L	740 388 900 320 806	806 320 900 388 740	Bull1:W
2699	M-174	Mohenjo-daro	SEAL:S	Y	R/L	740 923 220 32 2 820	820 2 32 220 923 740	Bull1:T
2701	M-176	Mohenjo-daro	SEAL:S	Y	R/L	740 690	690 740	Bull1:J
2702	M-177	Mohenjo-daro	SEAL:S	Y	R/L	390 3 2 803	803 2 3 390	Bull1:S
2704	M-178	Mohenjo-daro	SEAL:S	Y	R/L	390 16	16 390	Bull1:L
2705	M-179	Mohenjo-daro	SEAL:S	Y	R/L	390 3	3 390	Bull1:S
2706	M-180	Mohenjo-daro	SEAL:S	Y	R/L	740 621	621 740	Bull1:J
2707	M-181	Mohenjo-daro	SEAL:S	Y	R/L	520 175 2 295 502	502 295 2 175 520	Bull1:J
2708	M-183	Mohenjo-daro	SEAL:S	Y	R/L	520 233 60 297	297 60 233 520	Bull1:S
2709	M-184	Mohenjo-daro	SEAL:S	Y	R/L	90 740 101 853	853 101 740 90	Bull1:J
2710	M-185	Mohenjo-daro	SEAL:S	Y	R/L	520 220	220 520	Bull1:L
2711	M-186	Mohenjo-daro	SEAL:S	Y	R/L	520 240	240 520	Bull1:J
2712	M-187	Mohenjo-daro	SEAL:S	Y	R/L	156 5	5 156	Bull1:S
2713	M-188	Mohenjo-daro	SEAL:S	Y	R/L	156 31	31 156	Bull1:S
2714	M-189	Mohenjo-daro	SEAL:S	Y	R/L	436 740 176	176 740 436	Bull1:J
2715	M-190	Mohenjo-daro	SEAL:S	Y	R/L	156 843	843 156	Bull1:W
2716	M-191	Mohenjo-daro	SEAL:S	Y	R/L	90 125	125 90	Bull1:L
2717	M-192	Mohenjo-daro	SEAL:S	Y	R/L	700 521 702	702 521 700	Bull1:S
2718	M-193	Mohenjo-daro	SEAL:S	Y	R/L	156 5	5 156	Bull1:W
2719	M-194	Mohenjo-daro	SEAL:S	Y	R/L	90 740 900 5	5 900 740 90	Bull1:S
2720	M-195	Mohenjo-daro	SEAL:S	Y	R/L	298 350 590 32 900 853	853 900 32 590 350 298	Bull1:W
2721	M-196	Mohenjo-daro	SEAL:S	Y	R/L	861 495 368 836 741	741 836 368 495 861	Bull1:U
2722	M-197	Mohenjo-daro	SEAL:S	Y	R/L	161 97	97 161	Bull1:L
2723	M-198	Mohenjo-daro	SEAL:S	Y	R/L	740 760 840 552 2 817	817 2 552 840 760 740	Bull1:W
2724	M-199	Mohenjo-daro	SEAL:S	Y	R/L	90 740 100 415 240 2 861	861 2 240 415 100 740 90	Bull1:S
2725	M-200	Mohenjo-daro	SEAL:S	Y	R/L	740 222 2 820	820 2 222 740	Bull1:J
2726	M-201	Mohenjo-daro	SEAL:S	Y	R/L	151 61	61 151	Bull1:W
2727	M-202	Mohenjo-daro	SEAL:S	Y	R/L	400 241 31 60 820	820 60 31 241 400	Bull1:U
2728	M-203	Mohenjo-daro	SEAL:S	Y	R/L	740 390 590 741 81 220	220 81 741 590 390 740	Bull1:J
2729	M-204	Mohenjo-daro	SEAL:S	Y	R/L	740 61 2 817	817 2 61 740	Bull1:S
2730	M-205	Mohenjo-daro	SEAL:S	Y	R/L	832 904 1 820	820 1 904 832	Bull1:L
2731	M-207	Mohenjo-daro	SEAL:S	Y	R/L	892 831	831 892	Bull1:J
2732	M-208	Mohenjo-daro	SEAL:S	Y	R/L	520 240	240 520	Bull1:J
2733	M-209	Mohenjo-daro	SEAL:S	Y	R/L	151 740 231	231 740 151	Bull1:J
2734	M-210	Mohenjo-daro	SEAL:S	Y	R/L	368 861 903	903 861 368	Bull1:J
2735	M-211	Mohenjo-daro	SEAL:S	Y	R/L	90 740 100 220 2 31 165	165 31 2 220 100 740 90	Bull1:S
2736	M-212	Mohenjo-daro	SEAL:S	Y	R/L	413 33 0 740 388	388 740 0 33 413	Bull1:S
2737	M-213	Mohenjo-daro	SEAL:S	Y	R/L	740 384 2 390 346	346 390 2 384 740	Bull1:J
2738	M-214	Mohenjo-daro	SEAL:S	Y	R/L	400 267 820	820 267 400	Bull1:I
2739	M-215	Mohenjo-daro	SEAL:S	Y	R/L	151 33	33 151	Bull1:I
2740	M-216	Mohenjo-daro	SEAL:S	Y	R/L	151 717	717 151	Bull1:U
2741	M-217	Mohenjo-daro	SEAL:S	Y	R/L	740 877 32 233	233 32 877 740	Bull1
2742	M-218	Mohenjo-daro	SEAL:S	Y	R/L	400 220 428	428 220 400	Bull1:J
2743	M-219	Mohenjo-daro	SEAL:S	Y	R/L	527 456	456 527	Bull1:S
2745	M-221	Mohenjo-daro	SEAL:S	Y	R/L	740 760 335 220 32 2 820	820 2 32 220 335 760 740	Bull1:I
2746	M-222	Mohenjo-daro	SEAL:S	Y	R/L	244 277 255	255 277 244	Bull1:S
2747	M-223	Mohenjo-daro	SEAL:S	Y	L/R	740 705	705 740	Bull1:S
2748	M-224	Mohenjo-daro	SEAL:S	Y	R/L	405 5	5 405	Bull1:W
2749	M-225	Mohenjo-daro	SEAL:S	Y	R/L	241 2 880	880 2 241	Bull1:S
2750	M-226	Mohenjo-daro	SEAL:S	Y	R/L	740 368 278 61	61 278 368 740	Bull1:S
2752	M-228	Mohenjo-daro	SEAL:S	Y	R/L	740 636 240	240 636 740	Bull1:J
2753	M-229	Mohenjo-daro	SEAL:S	Y	R/L	156 31	31 156	Bull1:J
2754	M-230	Mohenjo-daro	SEAL:S	Y	R/L	90 740 176 233	233 176 740 90	Bull1:I
2755	M-231	Mohenjo-daro	SEAL:S	Y	R/L	400 740 100 415	415 100 740 400	Bull1:I
2756	M-232	Mohenjo-daro	SEAL:S	Y	R/L	236 2 390 707	707 390 2 236	Bull2
2757	M-234	Mohenjo-daro	SEAL:S	Y	R/L	842 535 99 4 0 740 483 60 692 520 220 235 1 920	920 1 235 220 520 692 60 483 740 0 4 99 535 842	Gaur
2759	M-236	Mohenjo-daro	SEAL:S	Y	R/L	520 33 706 240 233 803	803 233 240 706 33 520	Gaur
2761	M-238	Mohenjo-daro	SEAL:S	Y	R/L	740 803 233	233 803 740	Gaur
2762	M-239	Mohenjo-daro	SEAL:S	Y	R/L	740 760 921 235 2 112	112 2 235 921 760 740	Gaur
2763	M-240	Mohenjo-daro	SEAL:S	Y	R/L	520 240 220 32 2 861 603	603 861 2 32 220 240 520	Gaur
2764	M-241	Mohenjo-daro	SEAL:S	Y	R/L	90 740 32 840 741 572 683	683 572 741 840 32 740 90	Gaur
2765	M-242	Mohenjo-daro	SEAL:S	Y	R/L	740 721 2 301 350	350 301 2 721 740	Gaur
2766	M-243	Mohenjo-daro	SEAL:S	Y	R/L	892 590 894 140 545	545 140 894 590 892	Gaur
2768	M-245	Mohenjo-daro	SEAL:S	Y	R/L	740 760 70 921 460 503 2 817	817 2 503 460 921 70 760 740	Gaur
2769	M-246	Mohenjo-daro	SEAL:S	Y	R/L	740 503 235 233 2 817	817 2 233 235 503 740	Gaur
2770	M-247	Mohenjo-daro	SEAL:S	Y	R/L	390 17 741 60 920	920 60 741 17 390	Gaur
2771	M-248	Mohenjo-daro	SEAL:S	Y	R/L	740 100 415 2 705 590	590 705 2 415 100 740	Gaur
2772	M-249	Mohenjo-daro	SEAL:S	Y	R/L	140 165 740 176 220 803	803 220 176 740 165 140	Gaur
2773	M-250	Mohenjo-daro	SEAL:S	Y	R/L	804 233 231	231 233 804	Gaur
2774	M-251	Mohenjo-daro	SEAL:S	Y	R/L	390 3 2 125 350	350 125 2 3 390	Gaur
2775	M-252	Mohenjo-daro	SEAL:S	Y	R/L	400 150 617 55 1 150 243	243 150 1 55 617 150 400	Gaur
2776	M-253	Mohenjo-daro	SEAL:S	Y	R/L	527 550 803 2 368 518	518 368 2 803 550 527	Gaur
2777	M-254	Mohenjo-daro	SEAL:S	Y	R/L	435 255 390 5	5 390 255 435	Gaur
2778	M-255	Mohenjo-daro	SEAL:S	Y	R/L	740 879 233	233 879 740	Gaur
2779	M-256	Mohenjo-daro	SEAL:S	Y	R/L	930 0 804 220 60 550	550 60 220 804 0 930	Zebu
2780	M-257	Mohenjo-daro	SEAL:S	Y	R/L	600 740 60 920	920 60 740 600	Zebu
2781	M-258	Mohenjo-daro	SEAL:S	Y	R/L	384 575 0 892 706 717 2 861	861 2 717 706 892 0 575 384	Zebu
2782	M-259	Mohenjo-daro	SEAL:S	Y	R/L	520 231 2 817	817 2 231 520	Zebu
2783	M-260	Mohenjo-daro	SEAL:S	Y	R/L	90 740 220 14 2 820	820 2 14 220 740 90	Zebu
2784	M-261	Mohenjo-daro	SEAL:S	Y	R/L	740 61 1 694	694 1 61 740	Zebu
2786	M-263	Mohenjo-daro	SEAL:S	Y	R/L	90 740 400 350 31 545	545 31 350 400 740 90	Zebu
2787	M-264	Mohenjo-daro	SEAL:S	Y	R/L	740 519	519 740	Zebu
2788	M-265	Mohenjo-daro	SEAL:S	Y	R/L	90 740 35 171 61	61 171 35 740 90	Zebu
2789	M-266	Mohenjo-daro	SEAL:S	Y	R/L	565 740 798 235 233 1 2 269 632	632 269 2 1 233 235 798 740 565	Buff
2790	M-267	Mohenjo-daro	SEAL:S	Y	R/L	740 630 155 2 679	679 2 155 630 740	Buff
2791	M-268	Mohenjo-daro	SEAL:S	Y	R/L	215 1 480 90 820	820 90 480 1 215	Buff
2792	M-269	Mohenjo-daro	SEAL:S	Y	R/L	740 615 495	495 615 740	Buff
2793	M-272	Mohenjo-daro	SEAL:S	Y	R/L	2 818	818 2	Goat:6
2795	M-274	Mohenjo-daro	SEAL:S	Y	R/L	740 760 264 231 742 315 32	32 315 742 231 264 760 740	Rhin
2796	M-275	Mohenjo-daro	SEAL:S	Y	R/L	90 740 760 717 853	853 717 760 740 90	Rhin
2797	M-276	Mohenjo-daro	SEAL:S	Y	R/L	520 33 705 176	176 705 33 520	Rhin
2799	M-278	Mohenjo-daro	SEAL:S	Y	R/L	621 390 4 2 817	817 2 4 390 621	Elep
2801	M-280	Mohenjo-daro	SEAL:S	Y	R/L	740 482 240 2 944 920 140	140 920 944 2 240 482 740	Elep
2802	M-281	Mohenjo-daro	SEAL:S	Y	R/L	740 460 510 250 853	853 250 510 460 740	Elep
2803	M-282	Mohenjo-daro	SEAL:S	Y	R/L	156 142 368 817	817 368 142 156	Elep
2804	M-283	Mohenjo-daro	SEAL:S	Y	R/L	390 18	18 390	Elep
2806	M-285	Mohenjo-daro	SEAL:S	Y	R/L	504 350 240 2 861	861 2 240 350 504	Elep
2807	M-286	Mohenjo-daro	SEAL:S	Y	R/L	740 255 705	705 255 740	Elep
2808	M-288	Mohenjo-daro	SEAL:S	Y	R/L	820 0 90 740 176 741 65 123	123 65 741 176 740 90 0 820	Tigr
2809	M-289	Mohenjo-daro	SEAL:S	Y	R/L	740 176 240 2 817	817 2 240 176 740	Tigr
2810	M-290	Mohenjo-daro	SEAL:S	Y	R/L	400 345 279	279 345 400	Tigr
2811	M-291	Mohenjo-daro	SEAL:S	Y	R/L	740 890 692	692 890 740	Othr
2812	M-292	Mohenjo-daro	SEAL:S	Y	R/L	390 3 60 920	920 60 3 390	Gavi
2813	M-293	Mohenjo-daro	SEAL:S	Y	R/L	151 416 741 849	849 741 416 151	Gavi
2814	M-294	Mohenjo-daro	SEAL:S	Y	R/L	740 220 3	3 220 740	Scene
2815	M-295	Mohenjo-daro	SEAL:S	Y	R/L	621 0 90 740 2 861	861 2 740 90 0 621	Comp
2816	M-296	Mohenjo-daro	SEAL:S	Y	R/L	621 520 220 60 880	880 60 220 520 621	Othr
2817	M-297	Mohenjo-daro	SEAL:S	Y	R/L	90 740 240 575 703 60	60 703 575 240 740 90	Othr
2819	M-300	Mohenjo-daro	SEAL:S	Y	R/L	740 390 590 1 0 60 820	820 60 0 1 590 390 740	CompBull
2820	M-301	Mohenjo-daro	SEAL:S	Y	R/L	740 176	176 740	CompBull
2821	M-302	Mohenjo-daro	SEAL:S	Y	R/L	520 231 235	235 231 520	CompBull
2822	M-303	Mohenjo-daro	SEAL:S	Y	R/L	520 33 705 60 820	820 60 705 33 520	CompBull
2823	M-304	Mohenjo-daro	SEAL:S	Y	R/L	90 740 220 742 534 550 90	90 550 534 742 220 740 90	Scene
2825	M-306	Mohenjo-daro	SEAL:S	Y	R/L	621 740 798 838 741 92 850	850 92 741 838 798 740 621	T-M-T
2826	M-307	Mohenjo-daro	SEAL:S	Y	R/L	740 904 32 60 550	550 60 32 904 740	T-M-T
2827	M-308	Mohenjo-daro	SEAL:S	Y	R/L	520 220 2 727 317	317 727 2 220 520	T-M-T
2828	M-309	Mohenjo-daro	SEAL:S	Y	R/L	224 740 61 2 824	824 2 61 740 224	T-A-T
2829	M-310	Mohenjo-daro	SEAL:S	Y	R/L	621 0 740 482 1 550	550 1 482 740 0 621	T-A-T
2830	M-311	Mohenjo-daro	SEAL:S	Y	R/L	401 2 368 165	165 368 2 401	Comp
2832	M-314	Mohenjo-daro	SEAL:S	Y	R/L	953 817 390 125 308 809 33 0 740 760 706 466 0 520 231 240 235 2 820	820 2 235 240 231 520 0 466 706 760 740 0 33 809 308 125 390 817 953	
2833	M-315	Mohenjo-daro	SEAL:S	Y	R/L	390 34 2 374 228 741	741 228 374 2 34 390	
2834	M-316	Mohenjo-daro	SEAL:S	Y	L/R	367 390 710 2 861	861 2 710 390 367	
2835	M-317	Mohenjo-daro	SEAL:S	Y	R/L	255 60 692 401 920	920 401 692 60 255	Bull1
2836	M-318	Mohenjo-daro	SEAL:S	Y	R/L	31 575	575 31	Zebu
2837	M-319	Mohenjo-daro	SEAL:S	Y	R/L	740 812 33 240 220 32	32 220 240 33 812 740	Tigr
2838	M-320	Mohenjo-daro	SEAL:S	Y	R/L	740 176 741 390 125	125 390 741 176 740	Bull1:W
2839	M-321	Mohenjo-daro	SEAL:S	Y	R/L	617 831	831 617	Bull1:J
2840	M-322	Mohenjo-daro	SEAL:S	Y	R/L	740 61 60 820	820 60 61 740	Bull1:J
2841	M-323	Mohenjo-daro	SEAL:S	Y	R/L	520 220 415 235	235 415 220 520	Bull1:L
2842	M-324	Mohenjo-daro	SEAL:S	Y	R/L	740 215	215 740	Mult
2843	M-325	Mohenjo-daro	SEAL:S	Y	R/L	241 803 2 850 491	491 850 2 803 241	Bull1:L
2844	M-326	Mohenjo-daro	SEAL:S	Y	R/L	740 904 235 741 60 920	920 60 741 235 904 740	Bull1:S
2845	M-327	Mohenjo-daro	SEAL:S	Y	R/L	740 519 2 861	861 2 519 740	Bull1:J
2846	M-328	Mohenjo-daro	SEAL:S	Y	R/L	157 142	142 157	Zebu
2847	M-329	Mohenjo-daro	SEAL:S	Y	R/L	2 861 698	698 861 2	
2848	M-330	Mohenjo-daro	SEAL:S	Y	R/L	156 176	176 156	
2850	M-354	Mohenjo-daro	SEAL:R	Y	R/L	740 729 407 845 236 2 906 125	125 906 2 236 845 407 729 740	
2851	M-355	Mohenjo-daro	SEAL:R	Y	R/L	740 877 32 33 705 231 235 2 861 360 520 919 140	140 919 520 360 861 2 235 231 705 33 32 877 740	
2852	M-356	Mohenjo-daro	SEAL:R	Y	R/L	400 595 420 125 32 820 920 140	140 920 820 32 125 420 595 400	
2853	M-357	Mohenjo-daro	SEAL:R	Y	R/L	740 100 806 472 240 806 1 820	820 1 806 240 472 806 100 740	
2854	M-358	Mohenjo-daro	SEAL:R	Y	R/L	3 1 520 240 806 2 502 31	31 502 2 806 240 520 1 3	
2855	M-359	Mohenjo-daro	SEAL:R	Y	R/L	740 405 590 220 235 803 2 388 385 705 632	632 705 385 388 2 803 235 220 590 405 740	
2856	M-360	Mohenjo-daro	SEAL:R	Y	R/L	90 740 717 770 235	235 770 717 740 90	
2857	M-361	Mohenjo-daro	SEAL:R	Y	R/L	820 64 104	104 64 820	
2858	M-362	Mohenjo-daro	SEAL:R	Y	R/L	740 7 503 2 817	817 2 503 7 740	
2859	M-363	Mohenjo-daro	SEAL:R	Y	R/L	740 100 415 745 60 920	920 60 745 415 100 740	
2860	M-364	Mohenjo-daro	SEAL:R	Y	R/L	740 354 2 817	817 2 354 740	
2861	M-365	Mohenjo-daro	SEAL:R	Y	R/L	527 550 33 705 220 415 60 550	550 60 415 220 705 33 550 527	
2862	M-366	Mohenjo-daro	SEAL:R	Y	R/L	423 3 263 104 745 55	55 745 104 263 3 423	
2865	M-369	Mohenjo-daro	SEAL:R	Y	R/L	740 690 435 255 240 220 415 806 742 60 920	920 60 742 806 415 220 240 255 435 690 740	
2866	M-370	Mohenjo-daro	SEAL:R	Y	R/L	832 904 740 444 388 233 798 806	806 798 233 388 444 740 904 832	
2867	M-371	Mohenjo-daro	SEAL:R	Y	R/L	617 142 384 32 154 806 467	467 806 154 32 384 142 617	
2868	M-372	Mohenjo-daro	SEAL:R	Y	R/L	740 338 605 176 1 820	820 1 176 605 338 740	
2870	M-374	Mohenjo-daro	SEAL:R	Y	R/L	740 900 3 615 503	503 615 3 900 740	
2871	M-375	Mohenjo-daro	SEAL:R	Y	R/L	740 100 233 220 32 2 820	820 2 32 220 233 100 740	
2872	M-376	Mohenjo-daro	SEAL:R	Y	R/L	740 100 176 2 861 533 717	717 533 861 2 176 100 740	
2873	M-377	Mohenjo-daro	SEAL:R	Y	R/L	740 690 435 255 240 235	235 240 255 435 690 740	
2874	M-378	Mohenjo-daro	SEAL:R	Y	R/L	407 5 1 746 740 590	590 740 746 1 5 407	
2875	M-379	Mohenjo-daro	SEAL:R	Y	R/L	154 798 460 353	353 460 798 154	
2876	M-380	Mohenjo-daro	SEAL:R	Y	R/L	137 3 1 740 920 322	322 920 740 1 3 137	
2877	M-381	Mohenjo-daro	SEAL:R	Y	R/L	740 55 220 32 798 2 820	820 2 798 32 220 55 740	
2878	M-382	Mohenjo-daro	SEAL:R	Y	R/L	617 142	142 617	
2879	M-383	Mohenjo-daro	SEAL:R	Y	R/L	617 145	145 617	
2880	M-384	Mohenjo-daro	SEAL:R	Y	R/L	740 900 3 803 2 820	820 2 803 3 900 740	
2881	M-385	Mohenjo-daro	SEAL:R	Y	R/L	407 4 2 820	820 2 4 407	
2882	M-386	Mohenjo-daro	SEAL:R	Y	R/L	405 4 1 137	137 1 4 405	
2883	M-387	Mohenjo-daro	SEAL:R	Y	R/L	226 32 798 742 60 920	920 60 742 798 32 226	
2884	M-388	Mohenjo-daro	SEAL:R	Y	R/L	740 519	519 740	
2885	M-389	Mohenjo-daro	SEAL:R	Y	R/L	740 861 383 31	31 383 861 740	
2886	M-390	Mohenjo-daro	SEAL:R	Y	R/L	250 605 626 60 820	820 60 626 605 250	
2887	M-391	Mohenjo-daro	SEAL:R	Y	R/L	405 845 686 740 793 3 233 805 2 861 533 717	717 533 861 2 805 233 3 793 740 686 845 405	
2888	M-392	Mohenjo-daro	SEAL:R	Y	R/L	740 405 590 220 32 806	806 32 220 590 405 740	
2889	M-393	Mohenjo-daro	SEAL:R	Y	R/L	679 740 575 17 240 806 2 540	540 2 806 240 17 575 740 679	
2890	M-394	Mohenjo-daro	SEAL:R	Y	R/L	740 752 1 33 706	706 33 1 752 740	
2891	M-395	Mohenjo-daro	SEAL:R	Y	R/L	520 220 415 798	798 415 220 520	
2892	M-396	Mohenjo-daro	SEAL:R	Y	R/L	204 630 233 832 904 794 630 235 60 550	550 60 235 630 794 904 832 233 630 204	
2893	M-397	Mohenjo-daro	SEAL:R	Y	R/L	740 752 55 233	233 55 752 740	
2894	M-398	Mohenjo-daro	SEAL:R	Y	R/L	740 920 323	323 920 740	
2895	M-399	Mohenjo-daro	SEAL:R	Y	R/L	740 55 33 706 235	235 706 33 55 740	
2896	M-400	Mohenjo-daro	SEAL:R	Y	R/L	617 142 1 2 820	820 2 1 142 617	
2897	M-401	Mohenjo-daro	SEAL:R	Y	R/L	617 550 3	3 550 617	
2898	M-402	Mohenjo-daro	SEAL:R	Y	R/L	494 615 179 100 1 33 426	426 33 1 100 179 615 494	
2899	M-403	Mohenjo-daro	SEAL:R	Y	R/L	407 63 520 95	95 520 63 407	
2900	M-404	Mohenjo-daro	SEAL:R	Y	R/L	405 5	5 405	
2901	M-405	Mohenjo-daro	SEAL:R	Y	R/L	740 923 240 235 806	806 235 240 923 740	
2903	M-407	Mohenjo-daro	SEAL:R	Y	R/L	740 923 235 742 380	380 742 235 923 740	
2904	M-408	Mohenjo-daro	SEAL:R	Y	R/L	407 61 2 817	817 2 61 407	
2905	M-409	Mohenjo-daro	SEAL:R	Y	R/L	45 740 806	806 740 45	
2907	M-411	Mohenjo-daro	SEAL:R	Y	R/L	390 840 233 240 744 33 272	272 33 744 240 233 840 390	
2908	M-412	Mohenjo-daro	SEAL:R	Y	R/L	31 625 140 220 415	415 220 140 625 31	
2911	M-415	Mohenjo-daro	SEAL:C	Y	R/L	256 832	832 256	Gaur
2912	M-416	Mohenjo-daro	SEAL:C	Y	R/L	324 255 1 405 16	16 405 1 255 324	Gaur
2914	M-420	Mohenjo-daro	POT:T:s	Y	L/R	405 4 747	747 4 405	
2918	M-424	Mohenjo-daro	POT:T:s	Y	R/L	740 792	792 740	
2921	M-427	Mohenjo-daro	TAG:P	Y	R/L	740 100 415 741 60 920	920 60 741 415 100 740	Bull1
2923	M-429	Mohenjo-daro	TAG:L	Y	R/L	156 3	3 156	Bull1
2925	M-431	Mohenjo-daro	TAB:B	Y	R/L	740 390 590 33 705	705 33 590 390 740	
2926	M-432	Mohenjo-daro	TAB:B	Y	R/L	740 390 590 33 705	705 33 590 390 740	
2929	M-437	Mohenjo-daro	TAG:P	Y	R/L	740 390 590 2 820	820 2 590 390 740	Zebu
2930	M-444	Mohenjo-daro	SEAL	Y	R/L	740 100	100 740	
2931	M-445	Mohenjo-daro	TAB:B	Y	R/L	740 176 235	235 176 740	Bull1
2934	M-449	Mohenjo-daro	TAB:B	Y	R/L	167 706	706 167	Mult
2938	M-453	Mohenjo-daro	TAB:B	Y	R/L	740 32 840 220 2 861	861 2 220 840 32 740	Scene
2940	M-455	Mohenjo-daro	TAB:B	Y	R/L	740 690 435 255	255 435 690 740	Scene
2942		Dholavira	SEAL:S	Y	R/L	621 740 514	514 740 621	Bull1:U
2944	M-459	Mohenjo-daro	TAB:B	Y	R/L	740 630	630 740	Crs
2945	M-460	Mohenjo-daro	TAB:B	Y	R/L	740 630	630 740	Crs
2946	M-461	Mohenjo-daro	TAB:B	Y	R/L	740 630	630 740	Cros
2948	M-463	Mohenjo-daro	TAB:B	Y	R/L	740 630	630 740	Xcrs
2949	M-464	Mohenjo-daro	TAB:B	Y	R/L	90 740 240 235 590 645 104	104 645 590 235 240 740 90	Cros
2950	M-465	Mohenjo-daro	TAB:B	Y	R/L	90 740 240 235 590 645 104	104 645 590 235 240 740 90	Cros
2951	M-466	Mohenjo-daro	TAB:B	Y	R/L	90 740 240 235 590 645 104	104 645 590 235 240 740 90	Cros
2952	M-467	Mohenjo-daro	TAB:B	Y	R/L	90 740 240 235 590 645 104	104 645 590 235 240 740 90	Cros
2953	M-468	Mohenjo-daro	TAB:B	Y	R/L	400 740 220 415 798	798 415 220 740 400	Box
2954	M-469	Mohenjo-daro	TAB:B	Y	R/L	400 740 220 415 798	798 415 220 740 400	Xhch
2956	M-471	Mohenjo-daro	TAB:B	Y	R/L	740 100 415 191 2 817	817 2 191 415 100 740	
2957	M-472	Mohenjo-daro	TAB:B	Y	R/L	400 740 405 590 235 806	806 235 590 405 740 400	
2958	M-473	Mohenjo-daro	TAB:B	Y	R/L	740 100 220	220 100 740	
2960	M-476	Mohenjo-daro	TAB:B	Y	R/L	617 142	142 617	
2962	M-478	Mohenjo-daro	TAB:B	Y	R/L	400 97 700 4	4 700 97 400	Mult
2963	M-479	Mohenjo-daro	TAB:B	Y	R/L	400 97 700 4	4 700 97 400	Mult
2964	M-480	Mohenjo-daro	TAB:B	Y	R/L	400 97 700 4	4 700 97 400	Mult
2965	M-481	Mohenjo-daro	TAB:B	Y	R/L	103 740 803 60 540	540 60 803 740 103	Anth
2966	M-482	Mohenjo-daro	TAB:B	Y	R/L	400 740 803	803 740 400	Mult
2971	M-488	Mohenjo-daro	TAB:B	Y	R/L	617 55 435 255 400 136 140	140 136 400 255 435 55 617	Mult
2972	M-490	Mohenjo-daro	TAB:B	Y	R/L	850 140 803 2 840 16	16 840 2 803 140 850	Scene
2973	M-491	Mohenjo-daro	TAB:B	Y	R/L	850 140 803 2 840 16	16 840 2 803 140 850	Scene
2975	M-494	Mohenjo-daro	TAB:B	Y	R/L	390 697 151 740 176 798 838	838 798 176 740 151 697 390	
2976	M-495	Mohenjo-daro	TAB:B	Y	R/L	740 100 415 904 17 32 820 740 904 741	741 904 740 820 32 17 904 415 100 740	
2978	M-501	Mohenjo-daro	SEAL:R	Y	R/L	740 690 60 550	550 60 690 740	
2980	M-503	Mohenjo-daro	TAB:C	Y	R/L	740 176 233 806	806 233 176 740	
2981	M-504	Mohenjo-daro	TAB:C	Y	R/L	740 384 233 806	806 233 384 740	Othr
2983	M-507	Mohenjo-daro	TAB:C	Y	R/L	407 845 220 415	415 220 845 407	Loop
2984	M-508	Mohenjo-daro	TAB:C	Y	R/L	407 845 220 415	415 220 845 407	Loop
2985	M-509	Mohenjo-daro	TAB:C	Y	R/L	165 900 790	790 900 165	
2986	M-510	Mohenjo-daro	TAB:C	Y	R/L	165 900 790	790 900 165	
2987	M-511	Mohenjo-daro	TAB:C	Y	R/L	740 176 220 32	32 220 176 740	
2988	M-512	Mohenjo-daro	TAB:C	Y	R/L	740 176 220 32	32 220 176 740	
2989	M-513	Mohenjo-daro	TAB:C	Y	R/L	706 5	5 706	
2990	M-514	Mohenjo-daro	TAB:C	Y	R/L	706 5	5 706	
2991	M-515	Mohenjo-daro	TAB:C	Y	R/L	706 5	5 706	
2992	M-516	Mohenjo-daro	TAB:C	Y	R/L	341	341	
2993	M-517	Mohenjo-daro	TAB:C	Y	R/L	341	341	
2994	M-519	Mohenjo-daro	TAB:C	Y	R/L	617 142 1 595 95 760 744	744 760 95 595 1 142 617	Bull1:W
2995	M-520	Mohenjo-daro	TAB:C	Y	R/L	617 142 1 595 95 760 744	744 760 95 595 1 142 617	Bull1:W
2997	M-522	Mohenjo-daro	TAB:C	Y	R/L	595 343 615	615 343 595	Gaur
2998	M-523	Mohenjo-daro	TAB:C	Y	R/L	407 71 32	32 71 407	Gaur
2999	M-524	Mohenjo-daro	TAB:C	Y	R/L	407 71 32	32 71 407	Gaur
3000	M-525	Mohenjo-daro	TAB:C	Y	R/L	423 3 1 900 740 690 435 255	255 435 690 740 900 1 3 423	Gaur
3001	M-527	Mohenjo-daro	TAB:C	Y	R/L	1 740 923 33 706	706 33 923 740 1	Elep
3002	M-528	Mohenjo-daro	TAB:C	Y	R/L	1 740 923 33 706	706 33 923 740 1	Elep
3003	M-529	Mohenjo-daro	TAB:C	Y	R/L	1 740 923 33 706	706 33 923 740 1	Elep
3004	M-530	Mohenjo-daro	TAB:C	Y	R/L	1 740 923 33 706	706 33 923 740 1	Elep
3006	M-534	Mohenjo-daro	TAB:C	Y	R/L	407 321 407 845 33 705 235	235 705 33 845 407 321 407	Hare
3007	M-535	Mohenjo-daro	TAB:C	Y	R/L	407 321 407 845 33 705 235	235 705 33 845 407 321 407	Hare
3008	M-536	Mohenjo-daro	TAB:C	Y	R/L	407 321 407 845 33 705 235	235 705 33 845 407 321 407	Hare
3009	M-537	Mohenjo-daro	TAB:C	Y	R/L	407 321 407 845 33 705 235	235 705 33 845 407 321 407	Hare
3010	M-538	Mohenjo-daro	TAB:C	Y	R/L	407 321 407 845 33 705 235	235 705 33 845 407 321 407	Hare
3011	M-539	Mohenjo-daro	TAB:C	Y	R/L	407 321 407 845 33 705 235	235 705 33 845 407 321 407	Hare
3013	M-541	Mohenjo-daro	TAB:C	Y	R/L	407 321 407 845 33 705 235	235 705 33 845 407 321 407	Hare
3014	M-542	Mohenjo-daro	TAB:C	Y	R/L	407 321 407 845 33 705 235	235 705 33 845 407 321 407	Hare
3015	M-543	Mohenjo-daro	TAB:C	Y	R/L	790 740 100 176 421 3	3 421 176 100 740 790	Goat:8
3016	M-544	Mohenjo-daro	TAB:C	Y	R/L	790 740 100 176 421 3	3 421 176 100 740 790	Goat:8
3017	M-545	Mohenjo-daro	TAB:C	Y	R/L	790 740 100 176 421 3	3 421 176 100 740 790	Goat:8
3019	M-547	Mohenjo-daro	TAB:C	Y	R/L	407 32 520 95 585 17 231	231 17 585 95 520 32 407	Othr
3020	M-548	Mohenjo-daro	TAB:C	Y	R/L	407 32 520 95 585 17 231	231 17 585 95 520 32 407	Goat:8
3021	M-549	Mohenjo-daro	TAB:C	Y	R/L	407 32 520 95 585 17 231	231 17 585 95 520 32 407	
3022	M-550	Mohenjo-daro	TAB:C	Y	R/L	740 100 233 3	3 233 100 740	Comp
3023	M-551	Mohenjo-daro	TAB:C	Y	R/L	740 752 615 503	503 615 752 740	Othr
3024	M-552	Mohenjo-daro	TAB:C	Y	R/L	740 752 615 503	503 615 752 740	Othr
3025	M-553	Mohenjo-daro	TAB:C	Y	R/L	740 752 615 503	503 615 752 740	Othr
3026	M-554	Mohenjo-daro	TAB:C	Y	R/L	740 752 615 503	503 615 752 740	Othr
3027	M-555	Mohenjo-daro	TAB:C	Y	R/L	740 752 615 503	503 615 752 740	Othr
3028	M-556	Mohenjo-daro	TAB:C	Y	R/L	740 752 615 503	503 615 752 740	Othr
3029	M-557	Mohenjo-daro	TAB:C	Y	R/L	740 752 615 503	503 615 752 740	Othr
3030	M-558	Mohenjo-daro	TAB:C	Y	R/L	740 752 615 503	503 615 752 740	Othr
3031	M-559	Mohenjo-daro	TAB:C	Y	R/L	740 752 615 503	503 615 752 740	Othr
3032	M-560	Mohenjo-daro	TAB:C	Y	R/L	740 752 615 503	503 615 752 740	Othr
3033	M-561	Mohenjo-daro	TAB:C	Y	R/L	740 752 615 503	503 615 752 740	Othr
3034	M-562	Mohenjo-daro	TAB:C	Y	R/L	740 752 615 503	503 615 752 740	Othr
3035	M-563	Mohenjo-daro	TAB:C	Y	R/L	740 752 615 503	503 615 752 740	Othr
3036	M-564	Mohenjo-daro	TAB:C	Y	R/L	740 752 615 503	503 615 752 740	Othr
3037	M-565	Mohenjo-daro	TAB:C	Y	R/L	740 752 615 503	503 615 752 740	Othr
3038	M-567	Mohenjo-daro	TAB:C	Y	R/L	407 61 845 240 798	798 240 845 61 407	Gaur
3039	M-568	Mohenjo-daro	TAB:C	Y	R/L	407 61 845 240 798	798 240 845 61 407	Tigr
3040	M-569	Mohenjo-daro	TAB:C	Y	R/L	407 61 845 240 798	798 240 845 61 407	
3041	M-571	Mohenjo-daro	TAB:C	Y	R/L	740 773 220 32	32 220 773 740	Comp
3042	M-572	Mohenjo-daro	TAB:C	Y	R/L	740 222 233 235	235 233 222 740	Othr
3043	M-573	Mohenjo-daro	TAB:C	Y	R/L	740 222 233 235 0 617 142 1 368 861	861 368 1 142 617 0 235 233 222 740	Othr
3044	M-574	Mohenjo-daro	TAB:C	Y	R/L	740 222 233 235	235 233 222 740	Othr
3045	M-575	Mohenjo-daro	TAB:C	Y	R/L	617 142 597 32 905	905 32 597 142 617	Othr
3046	M-576	Mohenjo-daro	TAB:C	Y	R/L	617 142 597 32 905	905 32 597 142 617	Othr
3047	M-577	Mohenjo-daro	TAB:C	Y	R/L	617 142 597 32 905 0 407 4 2 365 460 495	495 460 365 2 4 407 0 905 32 597 142 617	Othr
3048	M-578	Mohenjo-daro	TAB:C	Y	R/L	740 388 585 17	17 585 388 740	Comp
3050	M-580	Mohenjo-daro	TAB:C	Y	R/L	740 388 585 17	17 585 388 740	Othr
3051	M-581	Mohenjo-daro	TAB:C	Y	R/L	740 388 585 17	17 585 388 740	Othr
3052	M-582	Mohenjo-daro	TAB:C	Y	R/L	740 900 850 407 61 845 806	806 845 61 407 850 900 740	Anth
3053	M-583	Mohenjo-daro	TAB:C	Y	R/L	740 900 850 407 61 845 806	806 845 61 407 850 900 740	Anth
3054	M-585	Mohenjo-daro	TAB:C	Y	R/L	740 900 850 407 61 845 806	806 845 61 407 850 900 740	Anth
3055	M-586	Mohenjo-daro	TAB:C	Y	R/L	740 900 850 407 61 845 806	806 845 61 407 850 900 740	Anth
3056	M-587	Mohenjo-daro	TAB:C	Y	R/L	740 900 850 407 61 845 806	806 845 61 407 850 900 740	Anth
3057	M-588	Mohenjo-daro	TAB:C	Y	R/L	740 900 850 407 61 845 806	806 845 61 407 850 900 740	Anth
3059	M-597	Mohenjo-daro	TAB:C	Y	R/L	749	749	
3063	M-602	Mohenjo-daro	TAB:C	Y	R/L	781	781	
3064	M-603	Mohenjo-daro	TAB:C	Y	R/L	777	777	
3065	M-604	Mohenjo-daro	TAB:C	Y	R/L	777	777	
3071	M-619	Mohenjo-daro	MISC	Y	R/L	840 32	32 840	
3074	M-623	Mohenjo-daro	SEAL:S	Y	R/L	740 760 175 176 220 415 798 2 299 530 820	820 530 299 2 798 415 220 176 175 760 740	Bull1:W
3075	M-624	Mohenjo-daro	SEAL:S	Y	R/L	190 125 575	575 125 190	Bull1:W
3077	M-626	Mohenjo-daro	SEAL:S	Y	R/L	842 374 125 0 740 803 60 692 740 690 435 255 60 692	692 60 255 435 690 740 692 60 803 740 0 125 374 842	Bull1:J
3078	M-627	Mohenjo-daro	SEAL:S	Y	R/L	617 243 741 615 440 220	220 440 615 741 243 617	Bull1:W
3079	M-628	Mohenjo-daro	SEAL:S	Y	R/L	740 560 233 2 291 690 564	564 690 291 2 233 560 740	Bull1:W
3080	M-629	Mohenjo-daro	SEAL:S	Y	R/L	679 740 176 240 798 2 861	861 2 798 240 176 740 679	Bull1:W
3081	M-631	Mohenjo-daro	SEAL:S	Y	R/L	520 33 706 240 220 32 368 263	263 368 32 220 240 706 33 520	Bull1:W
3084	M-634	Mohenjo-daro	SEAL:S	Y	R/L	679 740 220 415 1 820 812 820 140 820	820 140 820 812 820 1 415 220 740 679	Bull1
3087	M-638	Mohenjo-daro	SEAL:S	Y	R/L	740 482 55 240 235 745 740 590	590 740 745 235 240 55 482 740	
3088	M-639	Mohenjo-daro	SEAL:S	Y	R/L	226 415 2 190 751	751 190 2 415 226	Bull1
3089	M-644	Mohenjo-daro	SEAL:S	Y	R/L	740 585 17 740 240 2 817 90 370	370 90 817 2 240 740 17 585 740	Bull1:W
3091	M-647	Mohenjo-daro	SEAL:S	Y	R/L	740 100 235 233 741 60 920	920 60 741 233 235 100 740	Bull1:S
3092	M-648	Mohenjo-daro	SEAL:S	Y	R/L	90 740 100 220 32 741 361	361 741 32 220 100 740 90	Bull1:J
3093	M-649	Mohenjo-daro	SEAL:S	Y	R/L	820 571	571 820	Bull1:X
3094	M-650	Mohenjo-daro	SEAL:S	Y	R/L	520 220 415 519 2 817	817 2 519 415 220 520	Bull1:W
3095	M-651	Mohenjo-daro	SEAL:S	Y	R/L	740 717 220 240 2 820	820 2 240 220 717 740	Bull1:W
3096	M-653	Mohenjo-daro	SEAL:S	Y	R/L	679 740 235 2 861	861 2 235 740 679	Bull1:W
3097	M-655	Mohenjo-daro	SEAL:S	Y	R/L	740 717 233 2 220 880 689	689 880 220 2 233 717 740	Bull1
3098	M-657	Mohenjo-daro	SEAL:S	Y	R/L	520 240	240 520	Bull1:W
3100	M-661	Mohenjo-daro	SEAL:S	Y	R/L	740 798 220 415 741 72	72 741 415 220 798 740	Bull1:W
3101	M-662	Mohenjo-daro	SEAL:S	Y	R/L	390 704 1 820	820 1 704 390	Bull1:W
3103	M-664	Mohenjo-daro	SEAL:S	Y	R/L	151 62 820 500 706	706 500 820 62 151	Bull1:S
3104	M-665	Mohenjo-daro	SEAL:S	Y	R/L	871 740 637 0 740 798 460 350 2 374 575	575 374 2 350 460 798 740 0 637 740 871	Bull1
3105	M-666	Mohenjo-daro	SEAL:S	Y	R/L	740 440 231 60 692	692 60 231 440 740	Bull1
3109	M-670	Mohenjo-daro	SEAL:S	Y	R/L	154 31 1 520 33 705	705 33 520 1 31 154	Bull1:W
3110	M-671	Mohenjo-daro	SEAL:S	Y	R/L	740 690 435 255 240 235 745 60 920	920 60 745 235 240 255 435 690 740	Bull1:W
3111	M-672	Mohenjo-daro	SEAL:S	Y	R/L	740 405 590 235	235 590 405 740	Bull1:W
3112	M-673	Mohenjo-daro	SEAL:S	Y	R/L	405 17	17 405	Bull1:W
3113	M-674	Mohenjo-daro	SEAL:S	Y	R/L	520 33 706 220 415	415 220 706 33 520	Bull1:W
3114	M-675	Mohenjo-daro	SEAL:S	Y	R/L	740 388 807 33 706 233 235 168 32	32 168 235 233 706 33 807 388 740	Bull1:W
3115	M-677	Mohenjo-daro	SEAL:S	Y	R/L	740 923 70 32 33 706 231 242 2 861 901	901 861 2 242 231 706 33 32 70 923 740	Bull1:L
3116	M-678	Mohenjo-daro	SEAL:S	Y	R/L	740 752 6 503 236 806 2 31 502	502 31 2 806 236 503 6 752 740	Bull1:W
3118		Unknown	SEAL:S	Y	R/L	520 70 255 832 220 3 853	853 3 220 832 255 70 520	Gaur
3119	M-683	Mohenjo-daro	SEAL:S	Y	R/L	740 798 231 2 298 460 32	32 460 298 2 231 798 740	Bull1
3122	M-686	Mohenjo-daro	SEAL	Y	R/L	520 235 806	806 235 520	
3126	M-699	Mohenjo-daro	SEAL:S	Y	R/L	740 100 415 2 130 35 171	171 35 130 2 415 100 740	Bull1:W
3127	M-700	Mohenjo-daro	SEAL:S	Y	R/L	740 760 820 368 263	263 368 820 760 740	Bull1:J
3131	M-704	Mohenjo-daro	SEAL:S	Y	R/L	400 131	131 400	Bull1:W
3132	M-705	Mohenjo-daro	SEAL:S	Y	R/L	740 772 240 803	803 240 772 740	Bull1:W
3133	M-706	Mohenjo-daro	SEAL:S	Y	R/L	740 773 240 2 861 31	31 861 2 240 773 740	Bull1:W
3134	M-708	Mohenjo-daro	SEAL:S	Y	R/L	740 61 2 390 140	140 390 2 61 740	Bull1:W
3135	M-710	Mohenjo-daro	SEAL:S	Y	R/L	400 390 4	4 390 400	Bull1:J
3137	M-712	Mohenjo-daro	SEAL:S	Y	R/L	390 3 2 861	861 2 3 390	Bull1:W
3138	M-713	Mohenjo-daro	SEAL:S	Y	R/L	226 803 717 2 764	764 2 717 803 226	Bull1
3139	M-714	Mohenjo-daro	SEAL:S	Y	R/L	740 585 17 33 705 233 798 803 2 861 603	603 861 2 803 798 233 705 33 17 585 740	Bull1:W
3142	M-717	Mohenjo-daro	SEAL:S	Y	R/L	740 142 61 2 861	861 2 61 142 740	Bull1:J
3146	M-722	Mohenjo-daro	SEAL:S	Y	R/L	740 585 240 220 32 2 817	817 2 32 220 240 585 740	Bull1
3147	M-723	Mohenjo-daro	SEAL:S	Y	R/L	740 460 510 235 220 32 2 861	861 2 32 220 235 510 460 740	Bull1
3148	M-724	Mohenjo-daro	SEAL:S	Y	R/L	390 721 790 2 861	861 2 790 721 390	Bull1:J
3149	M-725	Mohenjo-daro	SEAL:S	Y	R/L	90 740 220 3 741 252 530	530 252 741 3 220 740 90	Bull1:J
3150	M-726	Mohenjo-daro	SEAL:S	Y	R/L	31 850 140 236 220 32 803 2 820	820 2 803 32 220 236 140 850 31	Bull1:T
3151	M-727	Mohenjo-daro	SEAL:S	Y	R/L	740 100 415 2 820	820 2 415 100 740	Bull1:W
3152	M-728	Mohenjo-daro	SEAL:S	Y	R/L	740 575 17 2 820	820 2 17 575 740	Bull1:V
3153	M-729	Mohenjo-daro	SEAL:S	Y	R/L	234 415	415 234	Bull1:I
3154	M-730	Mohenjo-daro	SEAL:S	Y	R/L	740 384 90 351 741 33 272	272 33 741 351 90 384 740	Bull1:J
3155	M-731	Mohenjo-daro	SEAL:S	Y	R/L	151 220	220 151	Bull1:I
3156	M-732	Mohenjo-daro	SEAL:S	Y	R/L	520 400 350 2 817	817 2 350 400 520	Bull1:V
3157	M-733	Mohenjo-daro	SEAL:S	Y	R/L	151 740 760 220 0 892 590 850 32	32 850 590 892 0 220 760 740 151	Bull1:W
3158	M-734	Mohenjo-daro	SEAL:S	Y	R/L	33 33 368 390 590	590 390 368 33 33	Bull1:S
3159	M-735	Mohenjo-daro	SEAL:S	Y	R/L	740 760 235 2 390 125 195	195 125 390 2 235 760 740	Bull1:U
3163	M-739	Mohenjo-daro	SEAL:S	Y	R/L	90 740 100 415 2 31 350 550 692	692 550 350 31 2 415 100 740 90	Bull1:J
3164	M-740	Mohenjo-daro	SEAL:S	Y	R/L	226 491 742 705 575	575 705 742 491 226	Bull1:J
3165	M-741	Mohenjo-daro	SEAL:S	Y	R/L	151 416	416 151	Bull1:I
3166	M-742	Mohenjo-daro	SEAL:S	Y	R/L	90 850 32 60 573	573 60 32 850 90	Bull1:W
3168	M-745	Mohenjo-daro	SEAL:S	Y	R/L	307 350 617 741	741 617 350 307	Bull1
3169	M-746	Mohenjo-daro	SEAL:S	Y	R/L	740 440 220 32 741 390 590 32	32 590 390 741 32 220 440 740	Bull1:I
3171	M-748	Mohenjo-daro	SEAL:S	Y	R/L	828 0 400 798 243	243 798 400 0 828	Bull1
3172	M-749	Mohenjo-daro	SEAL:S	Y	L/R	408 4	4 408	Bull1:W
3173	M-750	Mohenjo-daro	SEAL:S	Y	R/L	740 773 60 820	820 60 773 740	Bull1:W
3176	M-753	Mohenjo-daro	SEAL:S	Y	R/L	520 33 706 806	806 706 33 520	Bull1:W
3177	M-754	Mohenjo-daro	SEAL:S	Y	R/L	740 760 705 742 60 920	920 60 742 705 760 740	Bull1
3178	M-755	Mohenjo-daro	SEAL:S	Y	R/L	740 337 484 741 60 920	920 60 741 484 337 740	Bull1
3179	M-756	Mohenjo-daro	SEAL:S	Y	R/L	740 100 176 2 812 31	31 812 2 176 100 740	Bull1:W
3180	M-757	Mohenjo-daro	SEAL:S	Y	R/L	520 33 705 233 235 808	808 235 233 705 33 520	Bull1
3181	M-758	Mohenjo-daro	SEAL:S	Y	R/L	740 760 1 240 742 530 786	786 530 742 240 1 760 740	Bull1:W
3182	M-759	Mohenjo-daro	SEAL	Y	R/L	520 240 806	806 240 520	
3185	M-762	Mohenjo-daro	SEAL:S	Y	R/L	226 140 2	2 140 226	Bull1:I
3190	M-776	Mohenjo-daro	SEAL:S	Y	R/L	740 32 840 585 17 2 817	817 2 17 585 840 32 740	Bull1:J
3191	M-777	Mohenjo-daro	SEAL:S	Y	R/L	173 520 235 60 550	550 60 235 520 173	Bull1:J
3193	M-779	Mohenjo-daro	SEAL:S	Y	R/L	520 70 921	921 70 520	Bull1:L
3194	M-780	Mohenjo-daro	SEAL:S	Y	R/L	740 773 156 2 820	820 2 156 773 740	Bull1:W
3195	M-781	Mohenjo-daro	SEAL:S	Y	R/L	520 33 706 2 861	861 2 706 33 520	Bull1:S
3196	M-782	Mohenjo-daro	SEAL:S	Y	R/L	740 912 1 740 621	621 740 1 912 740	Bull1:S
3197	M-783	Mohenjo-daro	SEAL:S	Y	R/L	151 61 2 861	861 2 61 151	Bull1:S
3198	M-784	Mohenjo-daro	SEAL:S	Y	R/L	368 390 710	710 390 368	Bull1:S
3199	M-785	Mohenjo-daro	SEAL:S	Y	R/L	740 255 705 2 861	861 2 705 255 740	Bull1:S
3200	M-786	Mohenjo-daro	SEAL:S	Y	R/L	740 798 233 741 175	175 741 233 798 740	Bull1:S
3202	M-788	Mohenjo-daro	SEAL:S	Y	R/L	740 482 235 2 824	824 2 235 482 740	Bull1:J
3206	M-792	Mohenjo-daro	SEAL:S	Y	R/L	679 740 575 17 2 817	817 2 17 575 740 679	Bull1:S
3207	M-793	Mohenjo-daro	SEAL:S	Y	R/L	740 388 235 240 798 2 861	861 2 798 240 235 388 740	Bull1:W
3208	M-794	Mohenjo-daro	SEAL:S	Y	R/L	804 231 2 861	861 2 231 804	Bull1:S
3209	M-795	Mohenjo-daro	SEAL:S	Y	R/L	156 260 2 817	817 2 260 156	Bull1:W
3210	M-796	Mohenjo-daro	SEAL:S	Y	R/L	368 140 706	706 140 368	Bull1:W
3212	M-798	Mohenjo-daro	SEAL:S	Y	R/L	585 831 91	91 831 585	Bull1:W
3214	M-800	Mohenjo-daro	SEAL:S	Y	R/L	234 803 741 82 350	350 82 741 803 234	Bull1:W
3216	M-802	Mohenjo-daro	SEAL:S	Y	R/L	106 741 500 209	209 500 741 106	Bull1:W
3217	M-803	Mohenjo-daro	SEAL:S	Y	R/L	390 5 2 817	817 2 5 390	Bull1
3219	M-806	Mohenjo-daro	SEAL:S	Y	R/L	520 235 803 1 368 861	861 368 1 803 235 520	Bull1:S
3222	M-809	Mohenjo-daro	SEAL:S	Y	R/L	520 460 495 2 595 906	906 595 2 495 460 520	Bull1
3223	M-810	Mohenjo-daro	SEAL:S	Y	R/L	740 731	731 740	Bull1:J
3224	M-811	Mohenjo-daro	SEAL:S	Y	R/L	226 32 803	803 32 226	Bull1:J
3225	M-812	Mohenjo-daro	SEAL:S	Y	R/L	740 58	58 740	Bull1:J
3226	M-813	Mohenjo-daro	SEAL:S	Y	R/L	161 390 590 2 861	861 2 590 390 161	Bull1:S
3227	M-814	Mohenjo-daro	SEAL:S	Y	R/L	740 176 33 705 240 235 803	803 235 240 705 33 176 740	Bull1:S
3228	M-815	Mohenjo-daro	SEAL:S	Y	R/L	520 70 233 798 2 861	861 2 798 233 70 520	Bull1:W
3229	M-816	Mohenjo-daro	SEAL:S	Y	R/L	740 690 435 255 2 817	817 2 255 435 690 740	Bull1:S
3230	M-817	Mohenjo-daro	SEAL:S	Y	R/L	520 382 878	878 382 520	Bull1:S
3232	M-819	Mohenjo-daro	SEAL:S	Y	R/L	520 233 240 803 2 817	817 2 803 240 233 520	Bull1:J
3235	M-822	Mohenjo-daro	SEAL:S	Y	R/L	390 16	16 390	Bull1:S
3236	M-823	Mohenjo-daro	SEAL:S	Y	R/L	740 61 2 817	817 2 61 740	Bull1:S
3237	M-824	Mohenjo-daro	SEAL:S	Y	R/L	368 390 831	831 390 368	Bull1:J
3240	M-828	Mohenjo-daro	SEAL:S	Y	R/L	590 165 32 840	840 32 165 590	Bull1
3242	M-830	Mohenjo-daro	SEAL:S	Y	R/L	400 97	97 400	Bull1
3244	M-832	Mohenjo-daro	SEAL:S	Y	R/L	740 337 176	176 337 740	Bull1:S
3245	M-833	Mohenjo-daro	SEAL:S	Y	R/L	527 550 740 240 2 808	808 2 240 740 550 527	Bull1:W
3246	M-834	Mohenjo-daro	SEAL:S	Y	R/L	151 390 590 900 2 861	861 2 900 590 390 151	Bull1:J
3248	M-836	Mohenjo-daro	SEAL:S	Y	R/L	400 368 55	55 368 400	Bull1:W
3249	M-837	Mohenjo-daro	SEAL:S	Y	R/L	740 142 61 31 741 125 575	575 125 741 31 61 142 740	Bull1:S
3250	M-838	Mohenjo-daro	SEAL:S	Y	R/L	156 3	3 156	Bull1:L
3251	M-839	Mohenjo-daro	SEAL:S	Y	R/L	740 100 415 2 817	817 2 415 100 740	Bull1:L
3252	M-840	Mohenjo-daro	SEAL:S	Y	R/L	32 316 33 705 233 1 920 374	374 920 1 233 705 33 316 32	Bull1:T
3258	M-846	Mohenjo-daro	SEAL:S	Y	R/L	740 923	923 740	Bull1
3259	M-847	Mohenjo-daro	SEAL:S	Y	R/L	740 55 232 233	233 232 55 740	Bull1
3260	M-848	Mohenjo-daro	SEAL:S	Y	R/L	406 125 176	176 125 406	Bull1
3261	M-849	Mohenjo-daro	SEAL:S	Y	R/L	151 350 2 550 615	615 550 2 350 151	Bull1:J
3262	M-850	Mohenjo-daro	SEAL:S	Y	R/L	740 100 415 2 861	861 2 415 100 740	Bull1:L
3263	M-851	Mohenjo-daro	SEAL:S	Y	R/L	621 740 390 590 2 817	817 2 590 390 740 621	Bull1:W
3264	M-852	Mohenjo-daro	SEAL:S	Y	R/L	892 590 794 732 33 853	853 33 732 794 590 892	Bull1:W
3265	M-853	Mohenjo-daro	SEAL:S	Y	R/L	90 740 792 2 817	817 2 792 740 90	Bull1:S
3266	M-854	Mohenjo-daro	SEAL:S	Y	R/L	592 741 60 920	920 60 741 592	Bull1
3267	M-855	Mohenjo-daro	SEAL:S	Y	R/L	856 260 832 390 590 2 817 690 544	544 690 817 2 590 390 832 260 856	Bull1
3268	M-856	Mohenjo-daro	SEAL:S	Y	R/L	740 575 17 60 220 65 374	374 65 220 60 17 575 740	Bull1
3269	M-857	Mohenjo-daro	SEAL:S	Y	R/L	740 690 435 255	255 435 690 740	Bull1
3271	M-860	Mohenjo-daro	SEAL:S	Y	R/L	520 33 705 240	240 705 33 520	Bull1:S
3272	M-861	Mohenjo-daro	SEAL:S	Y	R/L	740 7 503	503 7 740	Bull1:S
3273	M-862	Mohenjo-daro	SEAL:S	Y	R/L	740 760 742	742 760 740	Bull1:S
3274	M-863	Mohenjo-daro	SEAL:S	Y	R/L	740 255 705 741 412	412 741 705 255 740	Bull1:L
3276	M-865	Mohenjo-daro	SEAL:S	Y	R/L	90 740 240 235 1 820	820 1 235 240 740 90	Bull1:W
3278	M-868	Mohenjo-daro	SEAL:S	Y	R/L	520 33 705 231 220 2 817	817 2 220 231 705 33 520	Bull1:W
3279	M-869	Mohenjo-daro	SEAL:S	Y	R/L	740 100 415 2 861	861 2 415 100 740	Bull1:S
3280	M-870	Mohenjo-daro	SEAL:S	Y	R/L	740 460 741 60 920	920 60 741 460 740	Bull1:L
3281	M-872	Mohenjo-daro	SEAL:S	Y	R/L	390 16 2 824	824 2 16 390	Bull1:I
3282	M-873	Mohenjo-daro	SEAL:S	Y	R/L	520 33 705 231 60 550	550 60 231 705 33 520	Bull1:X
3283	M-874	Mohenjo-daro	SEAL:S	Y	R/L	400 159 877	877 159 400	Bull1:W
3284	M-875	Mohenjo-daro	SEAL:S	Y	R/L	105 31 60 820	820 60 31 105	Bull1:J
3286	M-878	Mohenjo-daro	SEAL:S	Y	R/L	740 900 5 741 390 125	125 390 741 5 900 740	Bull1:J
3287	M-879	Mohenjo-daro	SEAL:S	Y	R/L	740 400 142 61	61 142 400 740	Bull1:J
3288	M-880	Mohenjo-daro	SEAL:S	Y	R/L	740 861 877 741 705 319	319 705 741 877 861 740	Bull1:S
3291	M-884	Mohenjo-daro	SEAL:S	Y	R/L	617 16	16 617	Bull1:S
3295	M-889	Mohenjo-daro	SEAL:S	Y	R/L	740 384 32 803 2 820	820 2 803 32 384 740	Bull1:I
3296	M-890	Mohenjo-daro	SEAL:S	Y	R/L	740 927 32 741 208	208 741 32 927 740	Bull1
3299	M-894	Mohenjo-daro	SEAL:S	Y	R/L	892 70 590 495 520 231 368 861	861 368 231 520 495 590 70 892	Bull1:I
3300	M-895	Mohenjo-daro	SEAL:S	Y	R/L	740 48 2 817	817 2 48 740	Bull1
3301	M-896	Mohenjo-daro	SEAL:S	Y	R/L	151 31 90 32 1 505	505 1 32 90 31 151	Bull1
3302	M-897	Mohenjo-daro	SEAL:S	Y	R/L	527 550 235 2 817	817 2 235 550 527	Bull1
3303	M-898	Mohenjo-daro	SEAL:S	Y	R/L	621 46	46 621	Bull1:W
3304	M-899	Mohenjo-daro	SEAL:S	Y	R/L	154 160 363	363 160 154	Bull1:W
3305	M-900	Mohenjo-daro	SEAL:S	Y	R/L	740 390 590 233 220 415 798 838 2 820	820 2 838 798 415 220 233 590 390 740	Bull1
3306	M-901	Mohenjo-daro	SEAL:S	Y	R/L	90 125 2 861	861 2 125 90	Bull1
3308	M-903	Mohenjo-daro	SEAL:S	Y	R/L	740 772 2 817	817 2 772 740	Bull1
3311	M-914	Mohenjo-daro	SEAL:S	Y	R/L	520 920 320 220 415	415 220 320 920 520	Bull1:W
3312	M-915	Mohenjo-daro	SEAL:S	Y	R/L	151 97 31	31 97 151	Bull1:W
3313	M-916	Mohenjo-daro	SEAL:S	Y	R/L	400 806 805	805 806 400	Bull1:J
3314	M-917	Mohenjo-daro	SEAL:S	Y	R/L	740 923 803	803 923 740	Bull1:W
3315	M-918	Mohenjo-daro	SEAL:S	Y	R/L	390 869 2 861	861 2 869 390	Bull1
3316	M-919	Mohenjo-daro	SEAL:S	Y	R/L	156 3	3 156	Bull1
3317	M-920	Mohenjo-daro	SEAL:S	Y	R/L	267 413 575	575 413 267	Bull1:S
3318	M-921	Mohenjo-daro	SEAL:S	Y	R/L	550 740 220 60 297 630	630 297 60 220 740 550	Bull1:L
3322	M-926	Mohenjo-daro	SEAL:S	Y	R/L	740 269 792 741 345	345 741 792 269 740	Bull1:S
3324	M-928	Mohenjo-daro	SEAL:S	Y	R/L	243 705 31	31 705 243	Bull1
3326	M-931	Mohenjo-daro	SEAL:S	Y	R/L	520 233 803 60 820	820 60 803 233 520	Bull1:W
3327	M-932	Mohenjo-daro	SEAL:S	Y	R/L	740 705 171 360 64	64 360 171 705 740	Bull1:S
3328	M-933	Mohenjo-daro	SEAL:S	Y	R/L	740 390 590 741 821	821 741 590 390 740	Bull1:L
3329	M-934	Mohenjo-daro	SEAL:S	Y	R/L	526 555 235 2 861	861 2 235 555 526	Bull1:W
3330	M-935	Mohenjo-daro	SEAL:S	Y	R/L	740 920 320	320 920 740	Bull1:S
3331	M-936	Mohenjo-daro	SEAL:S	Y	R/L	520 460	460 520	Bull1:J
3332	M-937	Mohenjo-daro	SEAL:S	Y	R/L	740 460 503 31 2 900 615	615 900 2 31 503 460 740	Bull1:J
3333	M-938	Mohenjo-daro	SEAL:S	Y	R/L	740 416	416 740	Bull1:W
3334	M-939	Mohenjo-daro	SEAL:S	Y	R/L	527 550	550 527	Bull1:J
3335		Unknown	SEAL:S	Y	R/L	740 205 32 2 390 590 32	32 590 390 2 32 205 740	Bull1:J
3338	M-943	Mohenjo-daro	SEAL:S	Y	R/L	740 176 220 415 798	798 415 220 176 740	Bull1:W
3339	M-944	Mohenjo-daro	SEAL:S	Y	R/L	90 740 233 60 368 817	817 368 60 233 740 90	Bull1:W
3340	M-945	Mohenjo-daro	SEAL:S	Y	R/L	740 923 233	233 923 740	Bull1:S
3341	M-946	Mohenjo-daro	SEAL:S	Y	R/L	740 910	910 740	Bull1:S
3342	M-947	Mohenjo-daro	SEAL:S	Y	R/L	400 90 740 35 171 61	61 171 35 740 90 400	Bull1
3343	M-948	Mohenjo-daro	SEAL:S	Y	R/L	426 3 2 388 31	31 388 2 3 426	Bull1
3345	M-950	Mohenjo-daro	SEAL:S	Y	R/L	740 690 435 255	255 435 690 740	Bull1
3346	M-951	Mohenjo-daro	SEAL:S	Y	R/L	740 927 240 31	31 240 927 740	Bull1:S
3348	M-953	Mohenjo-daro	SEAL:S	Y	R/L	740 792	792 740	Bull1:J
3349	M-954	Mohenjo-daro	SEAL:S	Y	R/L	481 740 255 360	360 255 740 481	Bull1
3350	M-955	Mohenjo-daro	SEAL:S	Y	R/L	31 31 550 3	3 550 31 31	Bull1:U
3351	M-956	Mohenjo-daro	SEAL:S	Y	R/L	400 520 33 705 233	233 705 33 520 400	Bull1:J
3352	M-957	Mohenjo-daro	SEAL:S	Y	R/L	740 760 705 2 577	577 2 705 760 740	Bull1
3353	M-958	Mohenjo-daro	SEAL:S	Y	R/L	740 772 240 2 900 3 590	590 3 900 2 240 772 740	Bull1:J
3354	M-959	Mohenjo-daro	SEAL:S	Y	R/L	520 33 705 236 803	803 236 705 33 520	Bull1
3355	M-960	Mohenjo-daro	SEAL:S	Y	R/L	520 240 740 590 575	575 590 740 240 520	Bull1
3356	M-961	Mohenjo-daro	SEAL:S	Y	R/L	400 158 460 503	503 460 158 400	Bull1:X
3357	M-962	Mohenjo-daro	SEAL:S	Y	R/L	520 220 240 235	235 240 220 520	Bull1:W
3358	M-964	Mohenjo-daro	SEAL:S	Y	R/L	527 550 741 60 920	920 60 741 550 527	Bull1:J
3359	M-965	Mohenjo-daro	SEAL:S	Y	R/L	740 390 590 32 741 527	527 741 32 590 390 740	Bull1:I
3360	M-967	Mohenjo-daro	SEAL:S	Y	R/L	401 861 440 220	220 440 861 401	Bull1:W
3361	M-968	Mohenjo-daro	SEAL:S	Y	R/L	740 923 741 390 590	590 390 741 923 740	Bull1:J
3362	M-969	Mohenjo-daro	SEAL:S	Y	R/L	151 243	243 151	Bull1:S
3364	M-971	Mohenjo-daro	SEAL:S	Y	R/L	740 416 741 60 920	920 60 741 416 740	Bull1:J
3365	M-972	Mohenjo-daro	SEAL:S	Y	R/L	740 142 61	61 142 740	Bull1:J
3366	M-973	Mohenjo-daro	SEAL:S	Y	R/L	621 226	226 621	Bull1:J
3367	M-974	Mohenjo-daro	SEAL:S	Y	R/L	740 927 741 60 920	920 60 741 927 740	Bull1:I
3368	M-975	Mohenjo-daro	SEAL:S	Y	R/L	680 297 741 910	910 741 297 680	Bull1:S
3369	M-976	Mohenjo-daro	SEAL:S	Y	R/L	286 645 1 368 817	817 368 1 645 286	Bull1
3370	M-977	Mohenjo-daro	SEAL:S	Y	L/R	740 803	803 740	Bull1:X
3371	M-978	Mohenjo-daro	SEAL:S	Y	R/L	520 220	220 520	Bull1
3372	M-979	Mohenjo-daro	SEAL:S	Y	R/L	740 773 240 0 2 900 3 590	590 3 900 2 0 240 773 740	Bull1:J
3373	M-980	Mohenjo-daro	SEAL:S	Y	R/L	740 617 550 61 435 93 740 100 415	415 100 740 93 435 61 550 617 740	Bull1
3374	M-981	Mohenjo-daro	SEAL:S	Y	R/L	617 142 1 407 371	371 407 1 142 617	Bull1:W
3375	M-982	Mohenjo-daro	SEAL:S	Y	R/L	740 825 2	2 825 740	Bull1:U
3378	M-985	Mohenjo-daro	SEAL:S	Y	R/L	520 70 33 705 233 235 803	803 235 233 705 33 70 520	Bull1
3379	M-986	Mohenjo-daro	SEAL:S	Y	R/L	740 760 605	605 760 740	Bull1
3380	M-987	Mohenjo-daro	SEAL:S	Y	R/L	390 16	16 390	Bull1
3381	M-988	Mohenjo-daro	SEAL:S	Y	R/L	151 55	55 151	
3383	M-991	Mohenjo-daro	SEAL:S	Y	R/L	156 31 133	133 31 156	Bull1:W
3384	M-992	Mohenjo-daro	SEAL:S	Y	R/L	368 803 31	31 803 368	Bull1:S
3385	M-993	Mohenjo-daro	SEAL:S	Y	R/L	435 1 31	31 1 435	Bull1
3386	M-994	Mohenjo-daro	SEAL:S	Y	R/L	740 904 690	690 904 740	Bull1
3387	M-995	Mohenjo-daro	SEAL:S	Y	R/L	156 31	31 156	Bull1:X
3389	M-997	Mohenjo-daro	SEAL:S	Y	R/L	590 705 575 920 140	140 920 575 705 590	Bull1
3390	M-998	Mohenjo-daro	SEAL:S	Y	R/L	820 390 590	590 390 820	Bull1:I
3393	M-1001	Mohenjo-daro	SEAL:S	Y	R/L	740 482 235	235 482 740	Bull1:L
3394	M-1002	Mohenjo-daro	SEAL:S	Y	R/L	740 373 31 2 315 850	850 315 2 31 373 740	Bull1
3421	M-1044	Mohenjo-daro	SEAL:S	Y	R/L	520 220 32 2 861	861 2 32 220 520	Bull
3427	M-1052	Mohenjo-daro	SEAL:R	Y	R/L	679 740 220 32 806 1 595 575 1 95	95 1 575 595 1 806 32 220 740 679	
3437	M-1063	Mohenjo-daro	SEAL:S	Y	R/L	407 4 2 861	861 2 4 407	
3453	M-1079	Mohenjo-daro	SEAL:S	Y	R/L	740 760 33 706 233 803	803 233 706 33 760 740	Gaur
3454	M-1080	Mohenjo-daro	SEAL:S	Y	R/L	617 550 33	33 550 617	Gaur
3455	M-1081	Mohenjo-daro	SEAL:S	Y	R/L	527 555 55 233 235 741 831 518	518 831 741 235 233 55 555 527	Gaur
3459	M-1085	Mohenjo-daro	SEAL:S	Y	R/L	740 100 415 798 460 350 2 817	817 2 350 460 798 415 100 740	Gaur
3460	M-1086	Mohenjo-daro	SEAL:S	Y	R/L	241 235	235 241	Gaur
3461	M-1087	Mohenjo-daro	SEAL:S	Y	R/L	527 554 1 297 190	190 297 1 554 527	Gaur
3462	M-1088	Mohenjo-daro	SEAL:S	Y	R/L	740 540 2 820	820 2 540 740	Gaur
3463	M-1089	Mohenjo-daro	SEAL:S	Y	R/L	151 390 590 2 374 840	840 374 2 590 390 151	Gaur
3465	M-1091	Mohenjo-daro	SEAL:S	Y	R/L	241 156 590 706 794 732	732 794 706 590 156 241	Gaur
3467	M-1095	Mohenjo-daro	SEAL:S	Y	R/L	861 292 590 520 70 503	503 70 520 590 292 861	Gaur
3468	M-1096	Mohenjo-daro	SEAL:S	Y	R/L	740 455 240 235	235 240 455 740	Gaur
3469	M-1097	Mohenjo-daro	SEAL:S	Y	R/L	808 347 61	61 347 808	Gaur
3472	M-1100	Mohenjo-daro	SEAL:S	Y	R/L	740 760 315	315 760 740	
3474	M-1103	Mohenjo-daro	SEAL:S	Y	R/L	1 820 595 760 706 635	635 706 760 595 820 1	Zebu
3475	M-1104	Mohenjo-daro	SEAL:S	Y	R/L	740 564 60 820	820 60 564 740	Zebu
3479	M-1108	Mohenjo-daro	SEAL:S	Y	R/L	740 100 140 3	3 140 100 740	Zebu
3480	M-1109	Mohenjo-daro	SEAL:S	Y	R/L	520 231 2 820	820 2 231 520	Zebu
3481	M-1110	Mohenjo-daro	SEAL:S	Y	R/L	740 615 104 2 817	817 2 104 615 740	Zebu
3482	M-1111	Mohenjo-daro	SEAL:S	Y	R/L	740 798 745 924 692	692 924 745 798 740	Zebu
3483	M-1112	Mohenjo-daro	SEAL:S	Y	R/L	740 585 220 0 2 130 35 171	171 35 130 2 0 220 585 740	Zebu
3484	M-1113	Mohenjo-daro	SEAL:S	Y	R/L	550 233 235	235 233 550	Zebu
3485	M-1114	Mohenjo-daro	SEAL:S	Y	R/L	740 140 2 741 60 920	920 60 741 2 140 740	Zebu
3486	M-1115	Mohenjo-daro	SEAL:S	Y	R/L	740 335 233 2 861	861 2 233 335 740	Zebu
3487	M-1116	Mohenjo-daro	SEAL:S	Y	R/L	874 543 350 0 520 1 741 794 324	324 794 741 1 520 0 350 543 874	Zebu
3488	M-1117	Mohenjo-daro	SEAL:S	Y	R/L	855 297 892	892 297 855	Zebu
3490	M-1119	Mohenjo-daro	SEAL:S	Y	R/L	740 803 2 820 741	741 820 2 803 740	Zebu
3494	M-1123	Mohenjo-daro	SEAL:S	Y	R/L	156 389	389 156	Zebu
3496	M-1127	Mohenjo-daro	SEAL:S	Y	R/L	60 692 0 740 269 140 2	2 140 269 740 0 692 60	Buff
3497	M-1128	Mohenjo-daro	SEAL:S	Y	R/L	920 388	388 920	Buff
3498	M-1129	Mohenjo-daro	SEAL:S	Y	R/L	740 544 0 353 741 455 920	920 455 741 353 0 544 740	Goat:7
3501	M-1134	Mohenjo-daro	SEAL:S	Y	R/L	820 595 813 541	541 813 595 820	Rhin
3502	M-1135	Mohenjo-daro	SEAL:S	Y	R/L	740 61 2 400 703	703 400 2 61 740	Rhin
3504	M-1137	Mohenjo-daro	SEAL:S	Y	R/L	740 904 2 820	820 2 904 740	
3505	M-1138	Mohenjo-daro	SEAL:S	Y	R/L	740 585 17 2 820	820 2 17 585 740	Rhin
3506	M-1139	Mohenjo-daro	SEAL:S	Y	R/L	740 416 621 2 820	820 2 621 416 740	Rhin
3508	M-1146	Mohenjo-daro	SEAL:S	Y	R/L	740 772 235	235 772 740	Elep
3509	M-1148	Mohenjo-daro	SEAL:S	Y	R/L	520 220 2 861	861 2 220 520	Elep
3511	M-1150	Mohenjo-daro	SEAL:S	Y	R/L	621 520 231 240 2 456	456 2 240 231 520 621	Elep
3512	M-1151	Mohenjo-daro	SEAL:S	Y	R/L	241 742 41	41 742 241	Elep
3513	M-1152	Mohenjo-daro	SEAL:S	Y	R/L	740 32 840 235 2 861	861 2 235 840 32 740	Elep
3516	M-1155	Mohenjo-daro	SEAL:S	Y	R/L	740 760 335 2 33 705	705 33 2 335 760 740	Elep
3517	M-1156	Mohenjo-daro	SEAL:S	Y	R/L	740 690 435 255 233	233 255 435 690 740	Elep
3519	M-1159	Mohenjo-daro	SEAL:S	Y	R/L	232 220 32 2 168 32	32 168 2 32 220 232	Elep
3521	M-1161	Mohenjo-daro	SEAL:S	Y	R/L	520 233 31 2 861	861 2 31 233 520	Elep
3525	M-1165	Mohenjo-daro	SEAL:S	Y	R/L	90 740 920 140 60 692	692 60 140 920 740 90	Tigr
3526	M-1166	Mohenjo-daro	SEAL:S	Y	R/L	740 923 240 2 817	817 2 240 923 740	Tigr
3528	M-1168	Mohenjo-daro	SEAL:S	Y	R/L	740 482	482 740	Htgr
3529	M-1169	Mohenjo-daro	SEAL:S	Y	R/L	520 33 705 220 32 0 231 72 2 270 633 32	32 633 270 2 72 231 0 32 220 705 33 520	Comp
3533	M-1177	Mohenjo-daro	SEAL:S	Y	R/L	740 760 2 817	817 2 760 740	CompBull
3535	M-1179	Mohenjo-daro	SEAL:S	Y	R/L	740 927	927 740	Goat:3
3536	M-1180	Mohenjo-daro	SEAL:S	Y	R/L	35 171 158	158 171 35	Goat:3
3537	M-1181	Mohenjo-daro	SEAL:S	Y	R/L	740 927 231 60 692	692 60 231 927 740	Anth
3544	M-1193	Mohenjo-daro	SEAL:S	Y	R/L	143 96	96 143	
3546	M-1195	Mohenjo-daro	SEAL:S	Y	R/L	740 176	176 740	
3548	M-1197	Mohenjo-daro	SEAL:S	Y	R/L	435 1 3	3 1 435	
3550	M-1199	Mohenjo-daro	SEAL:S	Y	R/L	740 48 232	232 48 740	Bull1:I
3551	M-1200	Mohenjo-daro	SEAL:S	Y	R/L	740 255 704 176	176 704 255 740	Bull1
3552	M-1202	Mohenjo-daro	SEAL:S	Y	R/L	790 0 740 100 415 740 257 840	840 257 740 415 100 740 0 790	Gaur
3553	M-1203	Mohenjo-daro	SEAL:S	Y	R/L	706	706	Bull1:W
3556	M-1206	Mohenjo-daro	SEAL:S	Y	R/L	740 690 435 255 2 861	861 2 255 435 690 740	Gaur
3557	M-1221	Mohenjo-daro	SEAL:S	Y	R/L	90 740 100 320 1 300 632	632 300 1 320 100 740 90	Bull1
3558	M-1222	Mohenjo-daro	SEAL:S	Y	R/L	151 416	416 151	Bull1
3559	M-1224	Mohenjo-daro	SEAL:S	Y	R/L	401 390 16 853	853 16 390 401	Mult
3560	M-1225	Mohenjo-daro	SEAL:S	Y	R/L	740 900 5 877	877 5 900 740	Gaur
3561	M-1226	Mohenjo-daro	SEAL:S	Y	R/L	520 33 705 235 233 2 817	817 2 233 235 705 33 520	Gaur
3562	M-1228	Mohenjo-daro	SEAL:S	Y	R/L	1 368 351	351 368 1	
3564	M-1232	Mohenjo-daro	SEAL:S	Y	L/R	156 3	3 156	
3566	M-1235	Mohenjo-daro	MISC	Y	R/L	156 31	31 156	
3569	M-1262	Mohenjo-daro	SEAL:R	Y	R/L	407 4 1 745 561 586	586 561 745 1 4 407	
3571	M-1264	Mohenjo-daro	SEAL:R	Y	R/L	740 100 456 1 820	820 1 456 100 740	
3572	M-1265	Mohenjo-daro	SEAL:R	Y	R/L	740 55 240 220 32 806	806 32 220 240 55 740	
3573	M-1266	Mohenjo-daro	SEAL:R	Y	R/L	740 483 233 235 55	55 235 233 483 740	
3574	M-1267	Mohenjo-daro	SEAL:R	Y	R/L	416 1 740 720 175 2 861	861 2 175 720 740 1 416	
3575	M-1268	Mohenjo-daro	SEAL:R	Y	R/L	740 455 176 2 817	817 2 176 455 740	
3576	M-1269	Mohenjo-daro	SEAL:R	Y	R/L	520 33 706 240 235	235 240 706 33 520	
3577	M-1270	Mohenjo-daro	SEAL:R	Y	R/L	154 388 717 706	706 717 388 154	
3578	M-1271	Mohenjo-daro	SEAL:R	Y	R/L	400 456 503 337 484 920 140	140 920 484 337 503 456 400	
3579	M-1272	Mohenjo-daro	SEAL:R	Y	R/L	520 70 921 742 615 920	920 615 742 921 70 520	
3580	M-1273	Mohenjo-daro	SEAL:R	Y	R/L	740 55 2 861 603	603 861 2 55 740	
3581	M-1274	Mohenjo-daro	SEAL:R	Y	R/L	130 32 905	905 32 130	
3582	M-1275	Mohenjo-daro	SEAL:R	Y	R/L	740 752 440 220 32 798	798 32 220 440 752 740	
3583	M-1276	Mohenjo-daro	SEAL:R	Y	R/L	159 243 1 740 325	325 740 1 243 159	
3584	M-1277	Mohenjo-daro	SEAL:R	Y	L/R	32 905	905 32	
3589	M-1284	Mohenjo-daro	SEAL:R	Y	R/L	416 1 520 240 806 2 502 31	31 502 2 806 240 520 1 416	
3595	M-1290	Mohenjo-daro	SEAL:R	Y	R/L	595 820 706	706 820 595	
3604	M-1299	Mohenjo-daro	SEAL:R	Y	R/L	527 550 33 705 233 2 817	817 2 233 705 33 550 527	
3610	M-1305	Mohenjo-daro	SEAL:R	Y	R/L	400 159 877	877 159 400	
3611	M-1306	Mohenjo-daro	SEAL:R	Y	R/L	740 405 590 806 2 820	820 2 806 590 405 740	
3612	M-1307	Mohenjo-daro	SEAL:R	Y	R/L	740 460 503	503 460 740	
3613	M-1308	Mohenjo-daro	SEAL:R	Y	R/L	740 32 55 1 407 4	4 407 1 55 32 740	
3615	M-1310	Mohenjo-daro	SEAL:R	Y	R/L	407 4 1 740 407 590 235	235 590 407 740 1 4 407	
3616	M-1311	Mohenjo-daro	SEAL:R	Y	R/L	520 400 354 2 817	817 2 354 400 520	
3617	M-1312	Mohenjo-daro	SEAL:R	Y	R/L	400 740 220	220 740 400	
3619	M-1314	Mohenjo-daro	SEAL:R	Y	R/L	407 16 1 740 923	923 740 1 16 407	
3620	M-1315	Mohenjo-daro	SEAL:R	Y	R/L	617 142 240	240 142 617	
3621	M-1316	Mohenjo-daro	SEAL:R	Y	R/L	127 381 292 590 32 901 620	620 901 32 590 292 381 127	
3622	M-1317	Mohenjo-daro	SEAL:R	Y	R/L	154 384	384 154	
3623	M-1318	Mohenjo-daro	SEAL:R	Y	R/L	740 460 503 2 880	880 2 503 460 740	
3625	M-1320	Mohenjo-daro	SEAL:R	Y	R/L	527 555 231 240 798	798 240 231 555 527	
3627	M-1322	Mohenjo-daro	SEAL:R	Y	R/L	423 3 491	491 3 423	
3628	M-1323	Mohenjo-daro	SEAL:R	Y	R/L	740 798 405 590 33 706 806	806 706 33 590 405 798 740	
3646	M-1341	Mohenjo-daro	SEAL:R	Y	R/L	16 2 504 342 632	632 342 504 2 16	
3647	M-1342	Mohenjo-daro	SEAL:R	Y	R/L	740 680 90 585 17	17 585 90 680 740	
3648	M-1343	Mohenjo-daro	SEAL	Y	R/L	740 390 590 235 2 861	861 2 235 590 390 740	
3650	M-1346	Mohenjo-daro	SEAL:R	Y	R/L	740 861 32 233 803 2 820	820 2 803 233 32 861 740	
3651	M-1350	Mohenjo-daro	SEAL:R	Y	R/L	406 371 220 415 803 742 920 320	320 920 742 803 415 220 371 406	
3652	M-1351	Mohenjo-daro	SEAL:R	Y	R/L	527 555 235	235 555 527	
3657	M-1358	Mohenjo-daro	SEAL:R	Y	R/L	32 2 900 285	285 900 2 32	
3658	M-1359	Mohenjo-daro	SEAL	Y	R/L	520 33 705	705 33 520	
3663	M-1364	Mohenjo-daro	SEAL:R	Y	R/L	740 923 33 705 0	0 705 33 923 740	
3664	M-1365	Mohenjo-daro	SEAL:R	Y	L/R	390 16	16 390	Othr
3665	M-1366	Mohenjo-daro	SEAL:R	Y	R/L	740 483 803 626 61	61 626 803 483 740	
3667	M-1368	Mohenjo-daro	SEAL:R	Y	R/L	740 900 5	5 900 740	
3670	M-1371	Mohenjo-daro	POT:T:s	Y	R/L	527 550 2 370	370 2 550 527	
3671	M-1372	Mohenjo-daro	POT:T:s	Y	R/L	154 101	101 154	
3673	M-1375	Mohenjo-daro	POT:T:s	Y	R/L	790 32 33 705	705 33 32 790	
3675	M-1379	Mohenjo-daro	POT:T:s	Y	R/L	740 540 920	920 540 740	
3677	M-1381	Mohenjo-daro	POT:T:s	Y	R/L	527 550 2 370	370 2 550 527	
3678	M-1382	Mohenjo-daro	POT:T:s	Y	R/L	740 792	792 740	
3679	M-1383	Mohenjo-daro	TAG:R	Y	R/L	740 575 17 31 741 60 920	920 60 741 31 17 575 740	Bull1
3680	M-1384	Mohenjo-daro	TAG:L	Y	R/L	904 4 821 1 480 850 595 391	391 595 850 480 1 821 4 904	
3681	M-1385	Mohenjo-daro	TAG:P	Y	R/L	0 0	0 0	Bull1
3683	M-1388	Mohenjo-daro	TAG:L	Y	R/L	156 3	3 156	Bull1
3684	M-1390	Mohenjo-daro	TAB:B	Y	R/L	400 525 550	550 525 400	Mult
3688	M-1396	Mohenjo-daro	TAB:B	Y	R/L	520 33 705 803 853	853 803 705 33 520	Bull1
3690	M-1399	Mohenjo-daro	TAB:B	Y	R/L	167 704	704 167	Mult
3696	M-1407	Mohenjo-daro	TAB:B	Y	R/L	740 760 335 803	803 335 760 740	
3697	M-1408	Mohenjo-daro	TAB:B	Y	R/L	400 740 33 503	503 33 740 400	
3698	M-1409	Mohenjo-daro	TAB:B	Y	R/L	740 630	630 740	Crs
3699	M-1410	Mohenjo-daro	TAB:B	Y	R/L	740 630	630 740	
3700	M-1411	Mohenjo-daro	TAB:B	Y	R/L	740 630	630 740	
3701	M-1412	Mohenjo-daro	TAB:B	Y	R/L	740 630	630 740	Crs
3703	M-1415	Mohenjo-daro	TAB:B	Y	R/L	90 740 240 235 590 645 104	104 645 590 235 240 740 90	Cros
3704	M-1416	Mohenjo-daro	TAB:B	Y	R/L	90 740 240 235 590 645 104	104 645 590 235 240 740 90	Cros
3705	M-1418	Mohenjo-daro	TAB:B	Y	R/L	740 100 415 240	240 415 100 740	
3709	M-1424	Mohenjo-daro	TAB:B	Y	R/L	740 482 803 745 450 575	575 450 745 803 482 740	Gaur
3710	M-1425	Mohenjo-daro	TAB:B	Y	R/L	400 97 700 4	4 700 97 400	Mult
3711	M-1426	Mohenjo-daro	TAB:B	Y	R/L	740 760 33 33 220 415 798 2 861	861 2 798 415 220 33 33 760 740	
3712	M-1427	Mohenjo-daro	TAG:O	Y	R/L	1 484 140 2 220 627 615 906 388	388 906 615 627 220 2 140 484 1	Bull1
3713	M-1429	Mohenjo-daro	TAB:B	Y	R/L	90 740 792 740 220 3 803	803 3 220 740 792 740 90	Mult
3714	M-1430	Mohenjo-daro	TAB:B	Y	R/L	740 384	384 740	Mult
3719	M-1438	Mohenjo-daro	SEAL:R	Y	R/L	400 740 923 226 32	32 226 923 740 400	
3720	M-1439	Mohenjo-daro	TAB:B	Y	R/L	740 220 3	3 220 740	
3722	M-1441	Mohenjo-daro	SEAL:R	Y	R/L	740 220 3	3 220 740	
3723	M-1442	Mohenjo-daro	TAB:B	Y	R/L	740 220 3	3 220 740	
3724	M-1443	Mohenjo-daro	SEAL:R	Y	R/L	740 220 3	3 220 740	
3725	M-1444	Mohenjo-daro	TAB:I	Y	R/L	740 690 60 550	550 60 690 740	
3726	M-1445	Mohenjo-daro	TAB:I	Y	R/L	690 323	323 690	
3727	M-1448	Mohenjo-daro	TAB:C	Y	R/L	740 176 233 831	831 233 176 740	Othr
3728	M-1449	Mohenjo-daro	TAB:C	Y	R/L	740 176 233 806	806 233 176 740	Othr
3730	M-1452	Mohenjo-daro	TAB:C	Y	R/L	740 176 231 806	806 231 176 740	Othr
3733	M-1456	Mohenjo-daro	TAB:C	Y	R/L	407 845 220 415	415 220 845 407	Loop
3734	M-1457	Mohenjo-daro	TAB:C	Y	R/L	790 740 100 405 590	590 405 100 740 790	Loop
3735	M-1458	Mohenjo-daro	TAB:C	Y	R/L	165 900 790	790 900 165	
3736	M-1461	Mohenjo-daro	TAB:C	Y	R/L	165 900 0	0 900 165	
3738	M-1470	Mohenjo-daro	TAB:C	Y	R/L	617 142 1 595 95 717 747	747 717 95 595 1 142 617	Bull1:W
3741	M-1475	Mohenjo-daro	TAB:C	Y	R/L	424 3 1 900 740 690 435 255	255 435 690 740 900 1 3 424	Buff
3742	M-1476	Mohenjo-daro	TAB:C	Y	R/L	422 3 900 740 690 435 255	255 435 690 740 900 3 422	Buff
3745	M-1479	Mohenjo-daro	TAB:C	Y	R/L	422 3 900 740 690 435 255	255 435 690 740 900 3 422	
3746	M-1480	Mohenjo-daro	TAB:C	Y	R/L	422 3 900 740 690 435 255	255 435 690 740 900 3 422	
3747	M-1482	Mohenjo-daro	TAB:C	Y	R/L	740 923 33 706	706 33 923 740	Elep
3748	M-1483	Mohenjo-daro	TAB:C	Y	R/L	740 923 33 706	706 33 923 740	Elep
3749	M-1484	Mohenjo-daro	TAB:C	Y	R/L	740 923 33 706	706 33 923 740	Elep
3750	M-1485	Mohenjo-daro	TAB:C	Y	R/L	740 923 33 706	706 33 923 740	Elep
3751	M-1486	Mohenjo-daro	TAB:C	Y	R/L	740 923 33 706	706 33 923 740	Elep
3752	M-1488	Mohenjo-daro	TAB:C	Y	R/L	740 923 33 706	706 33 923 740	Elep
3753	M-1491	Mohenjo-daro	TAB:C	Y	R/L	407 321 407 845 33 705 235	235 705 33 845 407 321 407	Hare
3754	M-1492	Mohenjo-daro	TAB:C	Y	R/L	407 321 407 845 33 705 235	235 705 33 845 407 321 407	Hare
3755	M-1493	Mohenjo-daro	TAB:C	Y	R/L	407 321 407 845 33 705 235	235 705 33 845 407 321 407	Hare
3756	M-1494	Mohenjo-daro	TAB:C	Y	R/L	407 321 407 845 33 705 235	235 705 33 845 407 321 407	Hare
3757	M-1497	Mohenjo-daro	TAB:C	Y	R/L	740 100 176 422 3	3 422 176 100 740	
3759	M-1499	Mohenjo-daro	TAB:C	Y	R/L	740 100 176 422 3	3 422 176 100 740	Othr
3760	M-1503	Mohenjo-daro	TAB:C	Y	R/L	740 752 615 503	503 615 752 740	Othr
3761	M-1504	Mohenjo-daro	TAB:C	Y	R/L	740 752 615 503	503 615 752 740	Othr
3762	M-1505	Mohenjo-daro	TAB:C	Y	R/L	740 752 615 503	503 615 752 740	Othr
3763	M-1506	Mohenjo-daro	TAB:C	Y	R/L	740 752 615 503	503 615 752 740	Othr
3764	M-1507	Mohenjo-daro	TAB:C	Y	R/L	740 752 615 503	503 615 752 740	Othr
3765	M-1508	Mohenjo-daro	TAB:C	Y	R/L	740 752 615 503	503 615 752 740	Othr
3766	M-1509	Mohenjo-daro	TAB:C	Y	R/L	740 752 615 503	503 615 752 740	Othr
3767	M-1512	Mohenjo-daro	TAB:C	Y	R/L	740 752 615 503	503 615 752 740	Othr
3768	M-1513	Mohenjo-daro	TAB:C	Y	R/L	740 752 615 503	503 615 752 740	Othr
3769		Ganweriwala	TAG	Y	R/L	740 400 61 299 350 125 176	176 125 350 299 61 400 740	
3770	M-1515	Mohenjo-daro	TAB:C	Y	R/L	407 61 845 240 798	798 240 845 61 407	Othr
3771	M-1516	Mohenjo-daro	TAB:C	Y	R/L	407 61 845 240 798	798 240 845 61 407	Othr
3772	M-1517	Mohenjo-daro	TAB:C	Y	R/L	407 61 845 240 798	798 240 845 61 407	Tigr
3773	M-1520	Mohenjo-daro	TAB:C	Y	R/L	740 222 220 235	235 220 222 740	Othr
3774	M-1521	Mohenjo-daro	TAB:C	Y	R/L	740 222 233 235	235 233 222 740	Rhin
3775	M-1522	Mohenjo-daro	TAB:C	Y	R/L	740 222 233 235	235 233 222 740	Rhin
3776	M-1523	Mohenjo-daro	TAB:C	Y	R/L	407 585 33 705 233 235 806	806 235 233 705 33 585 407	Comp
3777	M-1524	Mohenjo-daro	TAB:C	Y	R/L	407 585 33 705 233 235 806	806 235 233 705 33 585 407	
3778	M-1528	Mohenjo-daro	TAB:C	Y	R/L	617 142 597 32 905	905 32 597 142 617	
3779	M-1529	Mohenjo-daro	TAB:C	Y	R/L	617 142 597 32 904	904 32 597 142 617	Comp
3780	M-1530	Mohenjo-daro	TAB:C	Y	R/L	617 142 597 32 905	905 32 597 142 617	Othr
3781	M-1531	Mohenjo-daro	TAB:C	Y	R/L	617 142 597 32 905	905 32 597 142 617	Othr
3782	M-1532	Mohenjo-daro	TAB:C	Y	R/L	617 142 597 32 905	905 32 597 142 617	Othr
3783	M-1534	Mohenjo-daro	TAB:C	Y	R/L	740 388 585 17	17 585 388 740	Othr
3784	M-1535	Mohenjo-daro	TAB:C	Y	R/L	740 900 850 407 61 845 806	806 845 61 407 850 900 740	Anth
3785	M-1536	Mohenjo-daro	TAB:C	Y	R/L	740 900 850 407 61 845 806	806 845 61 407 850 900 740	Anth
3786	M-1540	Mohenjo-daro	TAB:C	Y	R/L	740 900 850 407 61 845 806	806 845 61 407 850 900 740	Anth
3787	M-1547	Mohenjo-daro	TAB:C	Y	R/L	753	753	
3788	M-1548	Mohenjo-daro	TAB:C	Y	R/L	749 479	479 749	
3790	M-1550	Mohenjo-daro	TAB:C	Y	R/L	749	749	
3791	M-1555	Mohenjo-daro	TAB:C	Y	R/L	777	777	
3792	M-1556	Mohenjo-daro	TAB:C	Y	R/L	777	777	
3793	M-1557	Mohenjo-daro	TAB:C	Y	R/L	777	777	
3794	M-1558	Mohenjo-daro	TAB:C	Y	R/L	777	777	
3798	M-1569	Mohenjo-daro	TAB:C	Y	R/L	904 32 904	904 32 904	
3800	M-1576	Mohenjo-daro	POT:T:g	Y	R/L	241 220 235 803	803 235 220 241	
3801	M-1577	Mohenjo-daro	POT:T:g	Y	R/L	740 31 226	226 31 740	
3814	M-1597	Mohenjo-daro	POT:T:g	Y	R/L	740 900 3 0 741 2	2 741 0 3 900 740	
3815	M-1601	Mohenjo-daro	POT:T:g	Y	R/L	740 920 320	320 920 740	
3820	M-1626	Mohenjo-daro	POT:T:g	Y	L/R	151 33	33 151	
3823	M-1629	Mohenjo-daro	BNGL	Y	R/L	705 32 595 90 175	175 90 595 32 705	
3841	M-1651	Mohenjo-daro	ROD	Y	R/L	400 740 585 838 240	240 838 585 740 400	
3842	M-1652	Mohenjo-daro	ROD	Y	R/L	31 645 645 31	31 645 645 31	
3843	M-1654	Mohenjo-daro	MISC	Y	R/L	740 100 31	31 100 740	Bult
3844	M-1658	Mohenjo-daro	MISC	Y	R/L	0 16 2 861	861 2 16 0	
3845	M-182	Mohenjo-daro	SEAL:S	Y	R/L	740 416	416 740	Bull1:S
3848	M-859	Mohenjo-daro	SEAL:S	Y	R/L	740 760 17 503	503 17 760 740	Bull1
3853	Ns-5	Nausharo	SEAL:S	Y	R/L	90 740 220 16 2 820	820 2 16 220 740 90	Bull1:J
3854	Ns-6	Nausharo	SEAL:S	Y	R/L	520 240 60 922	922 60 240 520	Bull1:J
3855	Ns-7	Nausharo	SEAL:S	Y	R/L	390 3 2 820	820 2 3 390	Bull1:J
3856	Ns-8	Nausharo	SEAL:S	Y	R/L	740 33 495	495 33 740	Bull1
3859	Nd-2	Nindowari-damb	SEAL:S	Y	R/L	400 798 255	255 798 400	Bull1:W
3863		Qala'at al-Bahrain	SEAL:C	Y	L/R	160 90 55 60 190	190 60 55 90 160	Gaur
3865		Ra's al-Junayz	POT:T:g	Y	R/L	405 4	4 405	
3868	Rgr-3	Rakhigarhi	TAG:W	Y	R/L	130 32 820	820 32 130	Bull1
3869	Rgr-1	Rakhigarhi	SEAL:S	Y	R/L	740 760 335 741 60 920	920 60 741 335 760 740	Bull1:J
3872		Rupar	TAG:L	Y	R/L	740 877 32 235	235 32 877 740	Bull1:J
3873	Rpr-1	Rupar	SEAL:R	Y	L/R	400 226 415	415 226 400	Bult
3874		Shortughai	SEAL:S	Y	R/L	426 3	3 426	Rhin
3875	Sktd-1	Surkotada	SEAL:S	Y	R/L	390 4 2 390 125 820	820 125 390 2 4 390	Bull1
3876	Sktd-2	Surkotada	SEAL:S	Y	R/L	740 60 390 803 740	740 803 390 60 740	
3882		Susa	SEAL:CY	Y	R/L	416 150 2 55 31 319 1 924	924 1 319 31 55 2 150 416	Gaur
3884		Tell Umma	TAG:L	Y	R/L	390 4 2 705 127	127 705 2 4 390	Bull1
3889		Unknown	SEAL:C	Y	R/L	740 740 1 550 467	467 550 1 740 740	Gaur
3890		Unknown	SEAL:S	Y	R/L	740 585 231 240 60 820	820 60 240 231 585 740	Bull1:W
3891		Unknown	SEAL:S	Y	R/L	740 100 415 927 60 920 31	31 920 60 927 415 100 740	Bull1:J
3892	?-3	Unknown	SEAL:S	Y	R/L	2 368 590 900	900 590 368 2	
3894	?-5	Unknown	TAB:B	Y	R/L	555 233 2 820	820 2 233 555	
3895	?-6	Unknown	TAB:B	Y	R/L	700 32	32 700	
3896		Unknown	SEAL:S	Y	R/L	740 222 235 2 820	820 2 235 222 740	Bull1:W
3897		Ur	SEAL:C	Y	R/L	93 340 924 220 528	528 220 924 340 93	Gaur
3898		Ur	SEAL:C	Y	R/L	2 4 328 1 803 415	415 803 1 328 4 2	Gaur
3900		Kanmer	IMPL	Y	R/L	413 933 31	31 933 413	Bull1
3901		Kanmer	IMPL	Y	R/L	136 31	31 136	Bull1
3902		Kanmer	IMPL	Y	R/L	931 0	0 931	Bull1
3903	M-1734	Mohenjo-daro	SEAL:S	Y	R/L	740 912	912 740	Bull1:W
3905	M-1664	Mohenjo-daro	SEAL:S	Y	R/L	812 500 60 920	920 60 500 812	Bull1:W
3906	M-1666	Mohenjo-daro	SEAL:S	Y	R/L	740 690 435 255 742 615 380	380 615 742 255 435 690 740	Bull1:W
3907	M-1669	Mohenjo-daro	SEAL:S	Y	L/R	740 390	390 740	Bull1:W
3908	M-1670	Mohenjo-daro	SEAL:S	Y	R/L	740 760 1 233 2 861	861 2 233 1 760 740	Bull1:II
3909	M-1698	Mohenjo-daro	SEAL:S	Y	R/L	740 482 33 705 2 861 803	803 861 2 705 33 482 740	Bull1:W
3912	H-1550	Harappa	POT:T:g	Y	R/L	31 700	700 31	
3915	H-1021	Harappa	SEAL:S	Y	R/L	90 740 235 741 572 368	368 572 741 235 740 90	Bull1:W
3916	H-1022	Harappa	SEAL:S	Y	R/L	368 861 501 31	31 501 861 368	Bull1:W
3918	H-1024	Harappa	SEAL:S	Y	R/L	740 443 388 231	231 388 443 740	Bull1:W
3921	H-1036	Harappa	SEAL:S	Y	R/L	153 31 700	700 31 153	Bull1
3924	H-1046	Harappa	SEAL:S	Y	R/L	151 390 590	590 390 151	Bull1:W
3925	H-1048	Harappa	SEAL:S	Y	R/L	740 32 840 235 2 817	817 2 235 840 32 740	Bull1:W
3926	H-1049	Harappa	SEAL:S	Y	R/L	405 4 2 933	933 2 4 405	Bull1:W
3927	H-1075	Harappa	SEAL:R	Y	R/L	742 440 556	556 440 742	
3930	H-1076	Harappa	SEAL:R	Y	R/L	740 611 706 2 820	820 2 706 611 740	
3932	H-2137	Harappa	TAB:I	Y	R/L	740 100 176	176 100 740	
3934	H-2282	Harappa	POT:T:g	Y	R/L	34 32 32	32 32 34	
3935	H-2283	Harappa	POT:T:g	Y	R/L	34 999 34	34 999 34	
3949	H-1126	Harappa	TAB:B	Y	R/L	740 850	850 740	
3950	H-1084	Harappa	POT:T:s	Y	R/L	220 32	32 220	
3952		Dholavira	TAG	Y	L/R	740 220	220 740	
3953		Wattoowala	SEAL:S	Y	L/R	365 527	527 365	Goat:6
3959	H-1100	Harappa	TAB:B	Y	R/L	700 32	32 700	Bull2
3960	H-1114	Harappa	TAB:B	Y	R/L	400 740 405 590 235 806	806 235 590 405 740 400	
3965	H-1104	Harappa	TAB:B	Y	R/L	158 806 465	465 806 158	Phyt
3966	H-1105	Harappa	TAB:B	Y	R/L	158 806 465	465 806 158	Phyt
3967	H-1107	Harappa	TAB:B	Y	R/L	740 390 590 235	235 590 390 740	Phyt
3969	H-1124	Harappa	TAB:B	Y	R/L	700 33	33 700	
3970	H-1130	Harappa	TAB:B	Y	R/L	740 176 220 235	235 220 176 740	
3971	H-1131	Harappa	TAB:B	Y	R/L	740 176 220 235	235 220 176 740	
3975	H-1137	Harappa	TAB:B	Y	R/L	740 603 240 60 692	692 60 240 603 740	
3976	H-1140	Harappa	TAB:B	Y	R/L	740 32 840 0	0 840 32 740	
3978	H-1148	Harappa	TAB:B	Y	R/L	615 352	352 615	
3979	H-1149	Harappa	TAB:B	Y	R/L	400 740 790	790 740 400	
3984	M-1727	Mohenjo-daro	SEAL:S	Y	R/L	520 70 503 240	240 503 70 520	Bull1:W
3985	M-1736	Mohenjo-daro	SEAL:S	Y	R/L	520 33 705 235 240 741 903 903	903 903 741 240 235 705 33 520	Bull1:S
3987	M-1773	Mohenjo-daro	SEAL:S	Y	R/L	740 752 460 510	510 460 752 740	Bull1
3988	M-1782	Mohenjo-daro	SEAL:S	Y	R/L	740 384	384 740	Bull1
3990	M-1806	Mohenjo-daro	SEAL:S	Y	R/L	390 3 2 820	820 2 3 390	Bull1:S
3991	M-1823	Mohenjo-daro	SEAL:S	Y	R/L	390 4 2 31 376	376 31 2 4 390	Bull1:S
3992	M-1825	Mohenjo-daro	SEAL:S	Y	R/L	157 31 2 390 705	705 390 2 31 157	Bull1
3993	M-1835	Mohenjo-daro	SEAL:S	Y	R/L	154 900 4 1 390 32	32 390 1 4 900 154	Bull1:O
3995	M-1843	Mohenjo-daro	SEAL:S	Y	R/L	520 220 1 820 220 63 315	315 63 220 820 1 220 520	Bull1:I
3996	M-1852	Mohenjo-daro	SEAL:S	Y	R/L	740 900 5	5 900 740	Bull1
3997	M-1856	Mohenjo-daro	SEAL:S	Y	R/L	740 61	61 740	Bull1
4001	M-1894	Mohenjo-daro	SEAL:S	Y	R/L	740 440 233 2 413 368 31	31 368 413 2 233 440 740	Zebu
4002	M-1909	Mohenjo-daro	SEAL:S	Y	R/L	368 5 2 590 455	455 590 2 5 368	Rhin
4004	M-1930	Mohenjo-daro	SEAL:S	Y	R/L	400 804	804 400	
4005	M-1958	Mohenjo-daro	SEAL:R	Y	R/L	740 903 850 33 706 235	235 706 33 850 903 740	
4007	M-1962	Mohenjo-daro	SEAL:R	Y	R/L	155 806 468	468 806 155	
4010	M-1973	Mohenjo-daro	SEAL:R	Y	R/L	740 575 17 233 550 2 861	861 2 550 233 17 575 740	
4011	M-1979	Mohenjo-daro	SEAL:R	Y	R/L	740 923 13 820	820 13 923 740	
4014	M-2000	Mohenjo-daro	POT:T:s	Y	R/L	790 5 956	956 5 790	Bull1
4015	M-2012	Mohenjo-daro	TAB:B	Y	R/L	740 900 5 2 570	570 2 5 900 740	Bull1
4016	M-2021	Mohenjo-daro	TAB:B	Y	R/L	740 927	927 740	Mult
4020	M-2030	Mohenjo-daro	TAB:B	Y	R/L	455 66 942 90	90 942 66 455	
4022	M-2033	Mohenjo-daro	TAB:B	Y	R/L	136 140 861 455 922	922 455 861 140 136	Scene
4023	M-2042	Mohenjo-daro	TAB:C	Y	R/L	740 923 33 706	706 33 923 740	Elep
4025	M-2046	Mohenjo-daro	TAB:C	Y	R/L	740 752 615 503	503 615 752 740	Gaur
4029	M-2050	Mohenjo-daro	TAB:C	Y	R/L	740 900 850 407 61 845 806	806 845 61 407 850 900 740	Anth
4030	M-2055	Mohenjo-daro	TAB:C	Y	R/L	2 407 125 590 831	831 590 125 407 2	
4031	H-1178	Harappa	TAB:I	Y	R/L	700 125	125 700	
4032	M-2080	Mohenjo-daro	BNGL	Y	R/L	840 705	705 840	
4033	M-2086	Mohenjo-daro	ROD	Y	R/L	740 482 838	838 482 740	
4036	M-2097	Mohenjo-daro	ROD	Y	R/L	400 740 176	176 740 400	
4039	M-2101	Mohenjo-daro	ROD	Y	R/L	723 66 828	828 66 723	
4040	M-2102	Mohenjo-daro	ROD	Y	R/L	740 482 838	838 482 740	
4047	M-2128	Mohenjo-daro	IMPL	Y	R/L	41 705 2 905	905 2 705 41	
4052	H-897	Harappa	TAB:I	Y	R/L	868 706 590	590 706 868	
4056	H-1191	Harappa	TAB:I	Y	R/L	220 700 4	4 700 220	
4059	H-1198	Harappa	TAB:I	Y	R/L	700 33	33 700	
4068	H-1281	Harappa	TAB:I	Y	R/L	0	0	
4069	H-1284	Harappa	TAB:I	Y	L/R	700 34	34 700	
4072	H-1320	Harappa	TAB:I	Y	R/L	700 32	32 700	
4073	H-1302	Harappa	TAB:I	Y	L/R	700 33	33 700	
4074	H-1295	Harappa	TAB:I	Y	R/L	0 0 0	0 0 0	
4077	H-1303	Harappa	TAB:I	Y	L/R	700 33	33 700	
4082	H-1332	Harappa	TAB:I	Y	R/L	400 98	98 400	
4084	H-1342	Harappa	TAB:I	Y	R/L	90 740 220	220 740 90	Gavi+Bult
4085	H-1344	Harappa	TAB:I	Y	R/L	700 33	33 700	Bult
4086	H-1345	Harappa	TAB:I	Y	R/L	400 740 176	176 740 400	Bult
4087	H-1346	Harappa	TAB:I	Y	R/L	700 33	33 700	Bult
4088	H-1347	Harappa	TAB:I	Y	R/L	700 33	33 700	Bult
4090	H-1350	Harappa	TAB:I	Y	R/L	226 32	32 226	Bult
4097	H-1367	Harappa	POT:T:g	Y	R/L	480 3 31	31 3 480	
4124	H-1459	Harappa	POT:T:g	Y	R/L	482 33	33 482	
4138	H-1511	Harappa	TAB:I	Y	R/L	413 530	530 413	
4139	H-1512	Harappa	TAB:I	Y	R/L	740 554	554 740	
4143	H-1520	Harappa	IMPL	Y	R/L	645 3 900	900 3 645	
4149		Dholavira	SEAL:S	Y	R/L	520 33 33	33 33 520	Bull1:S
4153		Rakhigarhi	SEAL:S	Y	R/L	520 73	73 520	Rhin
4155		Gonur Depe	SEAL:S	Y	R/L	740 390 590 125 220 235 2 285	285 2 235 220 125 590 390 740	Elep
4159		Dholavira	SEAL:S	Y	R/L	368 5 741 60 920	920 60 741 5 368	Bull1:J
4161		Dholavira	SEAL:R	Y	R/L	64 4 2 1 740 176	176 740 1 2 4 64	
4162		Dholavira	SEAL:S	Y	R/L	740 760 1 233	233 1 760 740	Bull1
4164		Dholavira	SEAL:R	Y	L/R	423 3 1 423 2 31 104	104 31 2 423 1 3 423	
4165		Dholavira	SEAL:S	Y	R/L	740 840 416	416 840 740	Bull1:V
4166		Dholavira	TAB:I	Y	R/L	776 440 3 421	421 3 440 776	
4167		Dholavira	SEAL:R	Y	R/L	520 33 706	706 33 520	
4172		Dholavira	SEAL:S	Y	R/L	90 160	160 90	Bull1:W
4173		Salut	SEAL:S	Y	R/L	392 4 2 278 595	595 278 2 4 392	Gaur
4175		Dholavira	SEAL:S	Y	R/L	156 142 741 60 920	920 60 741 142 156	Bull1:W
4181		Dholavira	SEAL:S	Y	R/L	817 130	130 817	Bull1:W
4182		Dholavira	SEAL:S	Y	R/L	740 390 590 231 2 705 530 904	904 530 705 2 231 590 390 740	Bull1
4183		Dholavira	SEAL:S	Y	R/L	740 798 233 742 175	175 742 233 798 740	Bull1
4184		Dholavira	SEAL:S	Y	R/L	740 32 840 803	803 840 32 740	Bull1
4187		Dholavira	SEAL:S	Y	R/L	231 850	850 231	
4190		Dholavira	SEAL:R	Y	L/R	5 408	408 5	
4194		Dholavira	SEAL:R	Y	R/L	154 806 472 1 2 220 455 806	806 455 220 2 1 472 806 154	
4195		Dholavira	SEAL:S	Y	R/L	820 390 590 2 861	861 2 590 390 820	Bull1:V
4196		Dholavira	SEAL:S	Y	R/L	391 2 365 550	550 365 2 391	Bull1:J
4198		Dholavira	SEAL:S	Y	R/L	390 550 452 60 690	690 60 452 550 390	Bull1:V
4201		Dholavira	SEAL:R	Y	R/L	832 140 2 1 547	547 1 2 140 832	
4203		Dholavira	SEAL:S	Y	R/L	460 513 0 390 17 2 460 575	575 460 2 17 390 0 513 460	Bull1:I
4208		Dholavira	SEAL:S	Y	R/L	740 176 1 741 703 900 3	3 900 703 741 1 176 740	Gaur
4209		Dholavira	SEAL:S	Y	R/L	740 384 2 629 279	279 629 2 384 740	Gaur
4211		Dholavira	SEAL	Y	R/L	740 100 235 2 817	817 2 235 100 740	
4220		Dholavira	SEAL:S	Y	R/L	520 742 861	861 742 520	Bull1
4221		Dholavira	SEAL:S	Y	R/L	740 760 234 741 740 590	590 740 741 234 760 740	Bull1:U
4223		Dholavira	SEAL:S	Y	R/L	31 151	151 31	Elep
4224		Dholavira	SEAL:S	Y	R/L	740 235 220	220 235 740	Bull1
4225		Dholavira	SEAL:S	Y	R/L	156 19	19 156	Bull1:S
4226		Dholavira	SEAL:S	Y	R/L	400 740 920	920 740 400	Bull1
4227		Dholavira	SEAL:S	Y	R/L	740 630 98 368 824	824 368 98 630 740	Bull1
4229		Dholavira	SEAL:S	Y	R/L	740 390 590 220 460 240 1 820 60	60 820 1 240 460 220 590 390 740	Bull1:V
4232		Dholavira	SEAL:S	Y	R/L	520 235	235 520	Bull1:J
4236		Dholavira	SEAL:S	Y	R/L	740 760 175 220 255	255 220 175 760 740	Bull1:S
4237		Dholavira	SEAL:S	Y	R/L	151 32 388 2 390 705	705 390 2 388 32 151	Bull1:I
4239		Dholavira	SEAL:S	Y	R/L	90 95 741 374 132	132 374 741 95 90	Bull1:I
4240		Dholavira	SEAL:S	Y	R/L	151 142	142 151	Bull1:I
4242		Dholavira	TAB:I	Y	R/L	4 408	408 4	
4244		Dholavira	MISC	Y	R/L	233 776	776 233	
4250		Dholavira	SEAL:S	Y	R/L	520 90 803 564 741 798 892	892 798 741 564 803 90 520	
4254		Dholavira	SEAL:R	Y	L/R	561 92 625 900	900 625 92 561	
4258		Dholavira	TAB:I	Y	R/L	892 33	33 892	
4260		Dholavira	SEAL:R	Y	R/L	390 16 2 861	861 2 16 390	
4269		Dholavira	SEAL:R	Y	R/L	422 3	3 422	
4272		Dholavira	SEAL:R	Y	R/L	405 16 2 861	861 2 16 405	
4274		Dholavira	SEAL:R	Y	R/L	832 1 740 176	176 740 1 832	
4277		Dholavira	SEAL:R	Y	R/L	740 67 900 2 3	3 2 900 67 740	
4284		Dholavira	SEAL:R	Y	R/L	590 407 790 1 746	746 1 790 407 590	
4286		Dholavira	TAB:I	Y	R/L	153 220 32	32 220 153	
4287		Dholavira	SEAL:S	Y	R/L	740 798 706 61 60 550	550 60 61 706 798 740	
4290		Rajanpur	TAB:B	Y	R/L	700 33	33 700	Maze
4301		Dholavira	TAG	Y	R/L	136 33	33 136	
4302		Dholavira	TAB:B	Y	R/L	740 519 2 900 630	630 900 2 519 740	Scene
4580	H-1155	Harappa	TAB:B	Y	R/L	520 240 2 405 501	501 405 2 240 520	Bull1:I
4597	H-1101	Harappa	TAB:B	Y	R/L	400 90	90 400	Mult
4676	H-1087	Harappa	POT:T:s	Y	R/L	66 33	33 66	
4894	Ns-56	Nausharo	SEAL:S	Y	R/L	111 3 250	250 3 111	Bull1:I
4935	H-1141	Harappa	TAB:B	Y	R/L	740 32 840 679	679 840 32 740	Fish
5215		SI20	SEAL:S	Y	R/L	155 5	5 155	Bull1:L
5218		SI20	SEAL:S	Y	R/L	520 70 495 240 60 297 368 632 32	32 632 368 297 60 240 495 70 520	Bull1:I
5219		SI20	SEAL:S	Y	R/L	292 352 125 741 900 322	322 900 741 125 352 292	Bull1:I
5220		Bhirrana	SEAL:S	Y	R/L	520 460 510	510 460 520	Bull1:II
5227		Karzakan	SEAL:C	Y	R/L	220 455 31 91	91 31 455 220	Gaur
5228		Karzakan	SEAL:C	Y	R/L	33 1 32 91	91 32 1 33	Gaur
5229		Saar	SEAL:C	Y	R/L	31 93 1 91 220 55	55 220 91 1 93 31	
5234		Lakhanjo-daro	SEAL:S	Y	R/L	740 61	61 740	Bull1:S
5235		Lakhanjo-daro	SEAL:S	Y	R/L	740 32 29 2 281	281 2 29 32 740	Bull1:S
5236		Lakhanjo-daro	SEAL:S	Y	R/L	740 405 590 60 146	146 60 590 405 740	Bull1:W
5244		Lakhanjo-daro	TAG	Y	R/L	740 706	706 740	Bull1
5245		Lakhanjo-daro	TAG	Y	R/L	740 706	706 740	Bull1
5252		Nuhato	SEAL:R	Y	R/L	740 900 803	803 900 740	
5271	C-91	Chanhujo-daro	POT:T:p	Y	R/L	740 177	177 740	
5272	C-94	Chanhujo-daro	MISC	Y	R/L	909	909	
5273	K-145	Kalibangan	SEAL:S	Y	R/L	740 585 231 220 32 2 820	820 2 32 220 231 585 740	Bull1:J
5277	K-150	Kalibangan	SEAL:S	Y	R/L	520 220 6	6 220 520	Gaur
5280	K-153	Kalibangan	SEAL:S	Y	R/L	151 61	61 151	
5281	K-156	Kalibangan	TAG	Y	R/L	892 890 417 2 56 91	91 56 2 417 890 892	Bull1
5284	K-158	Kalibangan	TAB:C	Y	R/L	740 798	798 740	
5316	K-392	Kalibangan	POT:T:g	Y	R/L	390 17	17 390	
5341	K-427	Kalibangan	POT:T:g	Y	R/L	31 817	817 31	
5353	Ns-46	Nausharo	SEAL	Y	L/R	390 790	790 390	Bull1
5355	Ns-53	Nausharo	SEAL:S	Y	R/L	861 111 391 60 692	692 60 391 111 861	Bull1:I
5356	Ns-54	Nausharo	SEAL:S	Y	R/L	740 222 2 817	817 2 222 740	Bull1:J
5357	Ns-55	Nausharo	SEAL:S	Y	R/L	526 554 2 880	880 2 554 526	Bull1:J
5358	Ns-57	Nausharo	SEAL:S	Y	R/L	861 111 606 2 820	820 2 606 111 861	Bull1:I
5359	Ns-58	Nausharo	SEAL:S	Y	R/L	740 760 32	32 760 740	Gaur
5360	Ns-59	Nausharo	SEAL:S	Y	R/L	520 220 742 60 920	920 60 742 220 520	Zebu
5361	Ns-60	Nausharo	SEAL:R	Y	R/L	407 63 740 176 236 798 2 297 350 125 413	413 125 350 297 2 798 236 176 740 63 407	
5364	Ns-63	Nausharo	POT:T:g	Y	L/R	795 400 740	740 400 795	
5369	Ns-68	Nausharo	POT:T:g	Y	R/L	740 861	861 740	
5383	Ns-86	Nausharo	POT:T:g	Y	R/L	741 794	794 741	
5384	Ns-87	Nausharo	SEAL:S	Y	R/L	740 384 31 950 1 741 257 840	840 257 741 1 950 31 384 740	Bull1
5388	L-127	Lothal	TAG:L	Y	R/L	90 740 220 55 1 741 500 705	705 500 741 1 55 220 740 90	Bull1
5389	H-2585	Harappa	TAB:I	Y	R/L	400 740 32	32 740 400	
5396		Harappa	TAB:B	Y	R/L	400 137	137 400	Mult
5421		Kanmer	SEAL:S	Y	R/L	520 31	31 520	Ass
5428		Unknown	SEAL:S	Y	R/L	151 400 142	142 400 151	Bull1:J
5442	MQ-11	Miri Qalat	SEAL:S	Y	L/R	740 742	742 740	Bull1:I
5444	MQ-12	Miri Qalat	SEAL:S	Y	L/R	520 13	13 520	Bull3
5451		Shikarpur	SEAL:S	Y	L/R	335 220 98 921 861	861 921 98 220 335	Rhin
5453		Karanpura	SEAL:S	Y	R/L	415 820	820 415	Bull1:W
5455		Khirsara	SEAL:S	Y	R/L	390 16 13 820	820 13 16 390	Bull1:W
5456		Tarkhanewala-dera	TAG	Y	R/L	520 235 220 32	32 220 235 520	Bull1
5462	H-775	Harappa	TAB:B	Y	R/L	400 158 806 472	472 806 158 400	
5465		Unknown	SEAL:S	Y	R/L	390 840 741 31 370	370 31 741 840 390	Gaur
5470	H-1304	Harappa	TAB:I	Y	R/L	700 33	33 700	
5495	K-475	Kalibangan	MISC	Y	R/L	740 840 2	2 840 740	
5523	M-1599	Mohenjo-daro	POT:T:g	Y	L/R	215 2 2	2 2 215	
5527	M-1999	Mohenjo-daro	POT:T:s	Y	L/R	740 424	424 740	
