sealid	cisi	site	type	complete	direction	signs_visual	signs_reading	motif
M77-1001		Mohenjo-daro	M77	Y	M77	240 233 100 740 0 930	240 233 100 740 0 930	
M77-1002		Mohenjo-daro	M77	Y	M77	790 632	790 632	
M77-1003		Mohenjo-daro	M77	Y	M77	31 194 861 2 55 233 705 33 520	31 194 861 2 55 233 705 33 520	
M77-1016		Mohenjo-daro	M77	Y	M77	615 615 745 235 ? 405 0 930	615 615 745 235 ? 405 0 930	
M77-1017		Mohenjo-daro	M77	Y	M77	556 440 745 798 415 220 371	556 440 745 798 415 220 371	
M77-1018		Mohenjo-daro	M77	Y	M77	705 0 140 705 420 595	705 0 140 705 420 595	
M77-1020		Mohenjo-daro	M77	Y	M77	350 460 741 705 585 176 740	350 460 741 705 585 176 740	
M77-1023		Mohenjo-daro	M77	Y	M77	861 2 798 32 220 176 904 740	861 2 798 32 220 176 904 740	
M77-1026		Mohenjo-daro	M77	Y	M77	32 575 32 2 705 760 740	32 575 32 2 705 760 740	
M77-1027		Mohenjo-daro	M77	Y	M77	550 60 255 435 740 176 740	550 60 255 435 740 176 740	
M77-1031		Mohenjo-daro	M77	Y	M77	603 861 2 4 405	603 861 2 4 405	
M77-1032		Mohenjo-daro	M77	Y	M77	861 2 ? ? 415 220 520	861 2 ? ? 415 220 520	
M77-1034		Mohenjo-daro	M77	Y	M77	632 740	632 740	
M77-1038		Mohenjo-daro	M77	Y	M77	632 140 705	632 140 705	
M77-1039		Mohenjo-daro	M77	Y	M77	861 2 ? 70 3	861 2 ? 70 3	
M77-1043		Mohenjo-daro	M77	Y	M77	? 924 151	? 924 151	
M77-1047		Mohenjo-daro	M77	Y	M77	190 ? 350 298 2 32 220 240 550	190 ? 350 298 2 32 220 240 550	
M77-1051		Mohenjo-daro	M77	Y	M77	5 467 527 2 ?	5 467 527 2 ?	
M77-1052		Mohenjo-daro	M77	Y	M77	350 ? 374 2 235 590 390 0 740	350 ? 374 2 235 590 390 0 740	
M77-1054		Mohenjo-daro	M77	Y	M77	510 460 33 33 861 2 5 405	510 460 33 33 861 2 5 405	
M77-1056		Mohenjo-daro	M77	Y	M77	590 705 243 615 615	590 705 243 615 615	
M77-1059		Mohenjo-daro	M77	Y	M77	877 2 101	877 2 101	
M77-1060		Mohenjo-daro	M77	Y	M77	190 125 390 ? 235 760 740	190 125 390 ? 235 760 740	
M77-1061		Mohenjo-daro	M77	Y	M77	820 ? 705 390	820 ? 705 390	
M77-1069		Mohenjo-daro	M77	Y	M77	125 298 368	125 298 368	
M77-1073		Mohenjo-daro	M77	Y	M77	4	4	
M77-1082		Mohenjo-daro	M77	Y	M77	861 2 32 220 923 740 32	861 2 32 220 923 740 32	
M77-1084		Mohenjo-daro	M77	Y	M77	90 90 831 585	90 90 831 585	
M77-1085		Mohenjo-daro	M77	Y	M77	861 2	861 2	
M77-1090		Mohenjo-daro	M77	Y	M77	575 705 740 495 226	575 705 740 495 226	
M77-1093		Mohenjo-daro	M77	Y	M77	240 0 740 952 740 0 760 740	240 0 740 952 740 0 760 740	
M77-1099		Mohenjo-daro	M77	Y	M77	345 840 741 585 100 740 0 ?	345 840 741 585 100 740 0 ?	
M77-1101		Mohenjo-daro	M77	Y	M77	140 255 615 615 0 315 690	140 255 615 615 0 315 690	
M77-1102		Mohenjo-daro	M77	Y	M77	? 692	? 692	
M77-1111		Mohenjo-daro	M77	Y	M77	803 140 850 679	803 140 850 679	
M77-1112		Mohenjo-daro	M77	Y	M77	220 740 90 0 705 ?	220 740 90 0 705 ?	
M77-1113		Mohenjo-daro	M77	Y	M77	? 60 61 17 575 740	? 60 61 17 575 740	
M77-1119		Mohenjo-daro	M77	Y	M77	176 740 235 740 565	176 740 235 740 565	
M77-1132		Mohenjo-daro	M77	Y	M77	595 803 156	595 803 156	
M77-1138		Mohenjo-daro	M77	Y	M77	269 400	269 400	
M77-1139		Mohenjo-daro	M77	Y	M77	575 374 2 350 460 798 741 0 632 740 ?	575 374 2 350 460 798 741 0 632 740 ?	
M77-1141		Mohenjo-daro	M77	Y	M77	31	31	
M77-1144		Mohenjo-daro	M77	Y	M77	1 264 861	1 264 861	
M77-1154		Mohenjo-daro	M77	Y	M77	220 798 740	220 798 740	
M77-1162		Mohenjo-daro	M77	Y	M77	861 2 ? 760 740	861 2 ? 760 740	
M77-1165		Mohenjo-daro	M77	Y	M77	700 111 2 233	700 111 2 233	
M77-1166		Mohenjo-daro	M77	Y	M77	803	803	
M77-1167		Mohenjo-daro	M77	Y	M77	350 0 705 740	350 0 705 740	
M77-1169		Mohenjo-daro	M77	Y	M77	?	?	
M77-1177		Mohenjo-daro	M77	Y	M77	415 226	415 226	
M77-1182		Mohenjo-daro	M77	Y	M77	207 500 741 ?	207 500 741 ?	
M77-1185		Mohenjo-daro	M77	Y	M77	31 467 900 368	31 467 900 368	
M77-1191		Mohenjo-daro	M77	Y	M77	545 140 920 315 33	545 140 920 315 33	
M77-1194		Mohenjo-daro	M77	Y	M77	255 ? 244	255 ? 244	
M77-1195		Mohenjo-daro	M77	Y	M77	176 740 435	176 740 435	
M77-1196		Mohenjo-daro	M77	Y	M77	520	520	
M77-1203		unknown	M77	Y	M77	861 368 1 645 287	861 368 1 645 287	
M77-1204		unknown	M77	Y	M77	806 806 400	806 806 400	
M77-1205		unknown	M77	Y	M77	32 840 32 156	32 840 32 156	
M77-1207		unknown	M77	Y	M77	260 4 405	260 4 405	
M77-1219		unknown	M77	Y	M77	575 413 269	575 413 269	
M77-1227		unknown	M77	Y	M77	853 16 390 400 400 0 840 32 740 90 400	853 16 390 400 400 0 840 32 740 90 400	
M77-1231		unknown	M77	Y	M77	? 740	? 740	
M77-1239		unknown	M77	Y	M77	861 2	861 2	
M77-1240		unknown	M77	Y	M77	632 705	632 705	
M77-1242		unknown	M77	Y	M77	? 615 65 220	? 615 65 220	
M77-1245		unknown	M77	Y	M77	556 861 740	556 861 740	
M77-1247		unknown	M77	Y	M77	32 705 742 350 460 0 798 740	32 705 742 350 460 0 798 740	
M77-1252		unknown	M77	Y	M77	215 740 0 215 740	215 740 0 215 740	
M77-1255		unknown	M77	Y	M77	820	820	
M77-1260		unknown	M77	Y	M77	?	?	
M77-1265		unknown	M77	Y	M77	31 590 374 368	31 590 374 368	
M77-1267		unknown	M77	Y	M77	31 ? 435	31 ? 435	
M77-1271		unknown	M77	Y	M77	388 140	388 140	
M77-1272		unknown	M77	Y	M77	920 740	920 740	
M77-1273		unknown	M77	Y	M77	? 32	? 32	
M77-1274		unknown	M77	Y	M77	861 2 ?	861 2 ?	
M77-1275		unknown	M77	Y	M77	3 900 740	3 900 740	
M77-1276		unknown	M77	Y	M77	204 ?	204 ?	
M77-1278		unknown	M77	Y	M77	861 2 741 ? 269 0 32 390 832	861 2 741 ? 269 0 32 390 832	
M77-1281		unknown	M77	Y	M77	? 405	? 405	
M77-1282		unknown	M77	Y	M77	3 550 615	3 550 615	
M77-1289		unknown	M77	Y	M77	278 741 503 460	278 741 503 460	
M77-1290		unknown	M77	Y	M77	233	233	
M77-1291		unknown	M77	Y	M77	861 2	861 2	
M77-1292		unknown	M77	Y	M77	?	?	
M77-1294		unknown	M77	Y	M77	877 2 773 740	877 2 773 740	
M77-1296		unknown	M77	Y	M77	? 740	? 740	
M77-1297		unknown	M77	Y	M77	861 368 156	861 368 156	
M77-1298		unknown	M77	Y	M77	482 760 740	482 760 740	
M77-1299		unknown	M77	Y	M77	235 803 740	235 803 740	
M77-1301		Mohenjo-daro	M77	Y	M77	140 5 390	140 5 390	
M77-1302		Mohenjo-daro	M77	Y	M77	920 455 740 350 0 540 740	920 455 740 350 0 540 740	
M77-1303		Mohenjo-daro	M77	Y	M77	? 0 156 171 35	? 0 156 171 35	
M77-1307		Mohenjo-daro	M77	Y	M77	151	151	
M77-1312		Mohenjo-daro	M77	Y	M77	150	150	
M77-1313		Mohenjo-daro	M77	Y	M77	240 233	240 233	
M77-1314		Mohenjo-daro	M77	Y	M77	550 416 2 16 220 520	550 416 2 16 220 520	
M77-1316		Mohenjo-daro	M77	Y	M77	236	236	
M77-1321		Mohenjo-daro	M77	Y	M77	920 ? 235 220 520 692 60 482 740 0 4 ? ? 842	920 ? 235 220 520 692 60 482 740 0 4 ? ? 842	
M77-1325		Mohenjo-daro	M77	Y	M77	840 257 740 415 100 740 0 ? 0 142 171 35	840 257 740 415 100 740 0 ? 0 142 171 35	
M77-1329		Mohenjo-daro	M77	Y	M77	320 794 741 ? 520 0 350 540 ?	320 794 741 ? 520 0 350 540 ?	
M77-1330		Mohenjo-daro	M77	Y	M77	287 2 220 923 740	287 2 220 923 740	
M77-1337		Mohenjo-daro	M77	Y	M77	632 705 760 595 820 ?	632 705 760 595 820 ?	
M77-1338		Mohenjo-daro	M77	Y	M77	260 260 877	260 260 877	
M77-1341		Mohenjo-daro	M77	Y	M77	820 2 416 740 0 621	820 2 416 740 0 621	
M77-1343		Mohenjo-daro	M77	Y	M77	142 400 740 510 460	142 400 740 510 460	
M77-1346		Mohenjo-daro	M77	Y	M77	510 460 2 5 390	510 460 2 5 390	
M77-1348		Mohenjo-daro	M77	Y	M77	140 920 575 226	140 920 575 226	
M77-1349		Mohenjo-daro	M77	Y	M77	? 368 2 235 832	? 368 2 235 832	
M77-1357		Mohenjo-daro	M77	Y	M77	298 ? 32	298 ? 32	
M77-1358		Mohenjo-daro	M77	Y	M77	90 615	90 615	
M77-1362		Mohenjo-daro	M77	Y	M77	803 231 520 ?	803 231 520 ?	
M77-1368		Mohenjo-daro	M77	Y	M77	220 740 679	220 740 679	
M77-1372		Mohenjo-daro	M77	Y	M77	861 2 415	861 2 415	
M77-1374		Mohenjo-daro	M77	Y	M77	235 773 740	235 773 740	
M77-1379		Mohenjo-daro	M77	Y	M77	235 240 255	235 240 255	
M77-1381		Mohenjo-daro	M77	Y	M77	140 840	140 840	
M77-1382		Mohenjo-daro	M77	Y	M77	?	?	
M77-1383		Mohenjo-daro	M77	Y	M77	140	140	
M77-1385		Mohenjo-daro	M77	Y	M77	31 ? 760 740	31 ? 760 740	
M77-1389		Mohenjo-daro	M77	Y	M77	455 705 832 595 0 257 455	455 705 832 595 0 257 455	
M77-1391		Mohenjo-daro	M77	Y	M77	570 2 ? ? 760 740	570 2 ? ? 760 740	
M77-1392		Mohenjo-daro	M77	Y	M77	721 390	721 390	
M77-1393		Mohenjo-daro	M77	Y	M77	17 585 100 ? 740	17 585 100 ? 740	
M77-1394		Mohenjo-daro	M77	Y	M77	? 368 ?	? 368 ?	
M77-1396		Mohenjo-daro	M77	Y	M77	877 2 235 0 692 892 861	877 2 235 0 692 892 861	
M77-1397		Mohenjo-daro	M77	Y	M77	717 705 298 ? 842	717 705 298 ? 842	
M77-1398		Mohenjo-daro	M77	Y	M77	798 231	798 231	
M77-1399		Mohenjo-daro	M77	Y	M77	798 415 220	798 415 220	
M77-1400		unknown	M77	Y	M77	820 2 235 240 231 520 0 466 705 760 740 0 33 832 298 125 390 861 255	820 2 235 240 231 520 0 466 705 760 740 0 33 832 298 125 390 861 255	
M77-1402		unknown	M77	Y	M77	590 740 745 1 5 405	590 740 745 1 5 405	
M77-1408		unknown	M77	Y	M77	335 752	335 752	
M77-1409		unknown	M77	Y	M77	220 845 405	220 845 405	
M77-1410		unknown	M77	Y	M77	347 520 ? 405	347 520 ? 405	
M77-1412		unknown	M77	Y	M77	320 690 0 550 60 690 740	320 690 0 550 60 690 740	
M77-1417		unknown	M77	Y	M77	125 455 741	125 455 741	
M77-1418		unknown	M77	Y	M77	235 590 405 740 1 4 405	235 590 405 740 1 4 405	
M77-1423		unknown	M77	Y	M77	745 590 405 740	745 590 405 740	
M77-1424		unknown	M77	Y	M77	861 2 ? 142 615 615	861 2 ? 142 615 615	
M77-1432		unknown	M77	Y	M77	2 ? 32 877 740	2 ? 32 877 740	
M77-1434		unknown	M77	Y	M77	924 745 798	924 745 798	
M77-1435		unknown	M77	Y	M77	798 17 575 740 679 0 575 740 679	798 17 575 740 679 0 575 740 679	
M77-1436		unknown	M77	Y	M77	820 2 ? 467 806 156	820 2 ? 467 806 156	
M77-1439		unknown	M77	Y	M77	923 740 ? 16 405	923 740 ? 16 405	
M77-1442		unknown	M77	Y	M77	920 60 741 17 575	920 60 741 17 575	
M77-1445		unknown	M77	Y	M77	877 2 806	877 2 806	
M77-1448		unknown	M77	Y	M77	575 740 61 405	575 740 61 405	
M77-1452		unknown	M77	Y	M77	? 920 721 1 90	? 920 721 1 90	
M77-1454		unknown	M77	Y	M77	231 806 3 900	231 806 3 900	
M77-1455		unknown	M77	Y	M77	820 1 231 233	820 1 231 233	
M77-1458		unknown	M77	Y	M77	798 415 220 845 405	798 415 220 845 405	
M77-1459		unknown	M77	Y	M77	745 503 460 740	745 503 460 740	
M77-1461		unknown	M77	Y	M77	360 ? 745 904	360 ? 745 904	
M77-1462		unknown	M77	Y	M77	920 60 742 803	920 60 742 803	
M77-1463		unknown	M77	Y	M77	705 820 595	705 820 595	
M77-1471		unknown	M77	Y	M77	? 250 ? 0 4 495 ? 0 ? 900 0 900 484 380 900 0 3	? 250 ? 0 4 495 ? 0 ? 900 0 900 484 380 900 0 3	
M77-1474		unknown	M77	Y	M77	220 717 740	220 717 740	
M77-1475		unknown	M77	Y	M77	700 700 861 2 0 176 156	700 700 861 2 0 176 156	
M77-1478		unknown	M77	Y	M77	820 60 ? 832 140 ? 55	820 60 ? 832 140 ? 55	
M77-1479		unknown	M77	Y	M77	550 520 400	550 520 400	
M77-1480		unknown	M77	Y	M77	226	226	
M77-1482		unknown	M77	Y	M77	?	?	
M77-1483		unknown	M77	Y	M77	90 90	90 90	
M77-1486		unknown	M77	Y	M77	861	861	
M77-1489		unknown	M77	Y	M77	33 740	33 740	
M77-1491		unknown	M77	Y	M77	2 32 220 923	2 32 220 923	
M77-1492		unknown	M77	Y	M77	2 235	2 235	
M77-1495		unknown	M77	Y	M77	460	460	
M77-1496		unknown	M77	Y	M77	705 140	705 140	
M77-1497		unknown	M77	Y	M77	220 320 920 550	220 320 920 550	
M77-1498		unknown	M77	Y	M77	820 2 220	820 2 220	
M77-1499		unknown	M77	Y	M77	904 740	904 740	
M77-1527		Mohenjo-daro	M77	Y	M77	140 ? 400 0 3 1 690 33 700	140 ? 400 0 3 1 690 33 700	
M77-1531		Mohenjo-daro	M77	Y	M77	415 220 740 400	415 220 740 400	
M77-1535		Mohenjo-daro	M77	Y	M77	31 61 742 241	31 61 742 241	
M77-1538		Mohenjo-daro	M77	Y	M77	877 61 740	877 61 740	
M77-1544		Mohenjo-daro	M77	Y	M77	345 204 2 ? 235 240 705	345 204 2 ? 235 240 705	
M77-1545		Mohenjo-daro	M77	Y	M77	65 400 400	65 400 400	
M77-1547		Mohenjo-daro	M77	Y	M77	820	820	
M77-1550		Mohenjo-daro	M77	Y	M77	240 632 740 0 621	240 632 740 0 621	
M77-1552		Mohenjo-daro	M77	Y	M77	32 840 298 2 ? 831 615 615	32 840 298 2 ? 831 615 615	
M77-1558		Mohenjo-daro	M77	Y	M77	4 405	4 405	
M77-1602		unknown	M77	Y	M77	480 31 2 235 335 760 740	480 31 2 235 335 760 740	
M77-1603		unknown	M77	Y	M77	705 167 0 705 167	705 167 0 705 167	
M77-1604		unknown	M77	Y	M77	?	?	
M77-1610		unknown	M77	Y	M77	? 0 ?	? 0 ?	
M77-1611		unknown	M77	Y	M77	? 0 ?	? 0 ?	
M77-1613		unknown	M77	Y	M77	? 0 ?	? 0 ?	
M77-1616		unknown	M77	Y	M77	101 176 0 240 415 100 740	101 176 0 240 415 100 740	
M77-1623		unknown	M77	Y	M77	519 798 176 740 151 700 700 700 390 0 645 70 741 150 269 840 32 0 741 904 700 820 32 17 904 415 100 740	519 798 176 740 151 700 700 700 390 0 645 70 741 150 269 840 32 0 741 904 700 820 32 17 904 415 100 740	
M77-1625		unknown	M77	Y	M77	235 520 0 ? 165 255 435 0 615 740 90	235 520 0 ? 165 255 435 0 615 740 90	
M77-1626		unknown	M77	Y	M77	615 615 892 740 400 31 384	615 615 892 740 400 31 384	
M77-1628		unknown	M77	Y	M77	220 840 32 740 0 220 798 550 527	220 840 32 740 0 220 798 550 527	
M77-1704		Mohenjo-daro	M77	Y	M77	3 426 0 705 33 923 740 ?	3 426 0 705 33 923 740 ?	
M77-1705		Mohenjo-daro	M77	Y	M77	235 705 33 845 405 321 405	235 705 33 845 405 321 405	
M77-1706		Mohenjo-daro	M77	Y	M77	235 705 33 845 405 321 405	235 705 33 845 405 321 405	
M77-1713		Mohenjo-daro	M77	Y	M77	255 435 690 740 60 3 426	255 435 690 740 60 3 426	
M77-1714		Mohenjo-daro	M77	Y	M77	32 70 405	32 70 405	
M77-1803		unknown	M77	Y	M77	231 17 585 347 520 32 405	231 17 585 347 520 32 405	
M77-1813		unknown	M77	Y	M77	803 240 550	803 240 550	
M77-1902		unknown	M77	Y	M77	705 33 32 790	705 33 32 790	
M77-1903		unknown	M77	Y	M77	? 165	? 165	
M77-1905		unknown	M77	Y	M77	140 920	140 920	
M77-2002		Mohenjo-daro	M77	Y	M77	840 250 2 32 207 740	840 250 2 32 207 740	
M77-2004		Mohenjo-daro	M77	Y	M77	255 786 220	255 786 220	
M77-2006		Mohenjo-daro	M77	Y	M77	806 705 33 590	806 705 33 590	
M77-2008		Mohenjo-daro	M77	Y	M77	4 405	4 405	
M77-2011		Mohenjo-daro	M77	Y	M77	861 2 ? 760 740	861 2 ? 760 740	
M77-2019		Mohenjo-daro	M77	Y	M77	216 861 2 32 220 235 555 527	216 861 2 32 220 235 555 527	
M77-2020		Mohenjo-daro	M77	Y	M77	717 388 156	717 388 156	
M77-2023		Mohenjo-daro	M77	Y	M77	692 ? 467 806 156	692 ? 467 806 156	
M77-2024		Mohenjo-daro	M77	Y	M77	32 632 269 2 70 231 0 32 220 705 33	32 632 269 2 70 231 0 32 220 705 33	
M77-2025		Mohenjo-daro	M77	Y	M77	615 ? 17 405	615 ? 17 405	
M77-2028		Mohenjo-daro	M77	Y	M77	269 400	269 400	
M77-2032		Mohenjo-daro	M77	Y	M77	255 70 745 17 585 705 33	255 70 745 17 585 705 33	
M77-2034		Mohenjo-daro	M77	Y	M77	60 32 220 235 70 520	60 32 220 235 70 520	
M77-2039		Mohenjo-daro	M77	Y	M77	467 806 156	467 806 156	
M77-2040		Mohenjo-daro	M77	Y	M77	460 760 740	460 760 740	
M77-2042		Mohenjo-daro	M77	Y	M77	861 2 231	861 2 231	
M77-2043		Mohenjo-daro	M77	Y	M77	920 380 380 ? 400 400	920 380 380 ? 400 400	
M77-2044		Mohenjo-daro	M77	Y	M77	? 2 32 226 ?	? 2 32 226 ?	
M77-2045		Mohenjo-daro	M77	Y	M77	? 853 440 760 740 0 ?	? 853 440 760 740 0 ?	
M77-2049		Mohenjo-daro	M77	Y	M77	3 ? 32 590 298 380 380 127	3 ? 32 590 298 380 380 127	
M77-2053		Mohenjo-daro	M77	Y	M77	741 31 415 226	741 31 415 226	
M77-2055		Mohenjo-daro	M77	Y	M77	740 65 405	740 65 405	
M77-2056		Mohenjo-daro	M77	Y	M77	820 2 315 921 70 760 740	820 2 315 921 70 760 740	
M77-2057		Mohenjo-daro	M77	Y	M77	861 2 31 136 740	861 2 31 136 740	
M77-2058		Mohenjo-daro	M77	Y	M77	136	136	
M77-2061		Mohenjo-daro	M77	Y	M77	745 130 400	745 130 400	
M77-2077		Mohenjo-daro	M77	Y	M77	745 104 260 3 426	745 104 260 3 426	
M77-2084		Mohenjo-daro	M77	Y	M77	3 900 702 741 803 235 565	3 900 702 741 803 235 565	
M77-2086		Mohenjo-daro	M77	Y	M77	850 ? 741 806 798 740 621	850 ? 741 806 798 740 621	
M77-2092		Mohenjo-daro	M77	Y	M77	632 343 595 2 16	632 343 595 2 16	
M77-2093		Mohenjo-daro	M77	Y	M77	?	?	
M77-2095		Mohenjo-daro	M77	Y	M77	255 315 269	255 315 269	
M77-2102		Mohenjo-daro	M77	Y	M77	861 2 773 740	861 2 773 740	
M77-2105		Mohenjo-daro	M77	Y	M77	705 140 368	705 140 368	
M77-2112		Mohenjo-daro	M77	Y	M77	350 298	350 298	
M77-2116		Mohenjo-daro	M77	Y	M77	240 100	240 100	
M77-2117		Mohenjo-daro	M77	Y	M77	207 741 32 904 740	207 741 32 904 740	
M77-2118		Mohenjo-daro	M77	Y	M77	231 388 443 61 405	231 388 443 61 405	
M77-2119		Mohenjo-daro	M77	Y	M77	? 595 850 480 ? 820 820 0 705 502 368	? 595 850 480 ? 820 820 0 705 502 368	
M77-2124		Mohenjo-daro	M77	Y	M77	31 151	31 151	
M77-2126		Mohenjo-daro	M77	Y	M77	? 1	? 1	
M77-2133		Mohenjo-daro	M77	Y	M77	220	220	
M77-2134		Mohenjo-daro	M77	Y	M77	? 1 31 97 151	? 1 31 97 151	
M77-2136		Mohenjo-daro	M77	Y	M77	861 2 235	861 2 235	
M77-2137		Mohenjo-daro	M77	Y	M77	32 632 390 740	32 632 390 740	
M77-2141		Mohenjo-daro	M77	Y	M77	360 840 2 264 760 740	360 840 2 264 760 740	
M77-2143		Mohenjo-daro	M77	Y	M77	415 220 320 920 520	415 220 320 920 520	
M77-2145		Mohenjo-daro	M77	Y	M77	176 740 140 844 390	176 740 140 844 390	
M77-2151		Mohenjo-daro	M77	Y	M77	?	?	
M77-2153		Mohenjo-daro	M77	Y	M77	?	?	
M77-2159		Mohenjo-daro	M77	Y	M77	350 460 798 156	350 460 798 156	
M77-2163		Mohenjo-daro	M77	Y	M77	555 527 55 740	555 527 55 740	
M77-2164		Mohenjo-daro	M77	Y	M77	820 2 220 100 740	820 2 220 100 740	
M77-2167		Mohenjo-daro	M77	Y	M77	? 621	? 621	
M77-2169		Mohenjo-daro	M77	Y	M77	700 892 368 921 70 520 621	700 892 368 921 70 520 621	
M77-2170		Mohenjo-daro	M77	Y	M77	632 ? 467 806 156	632 ? 467 806 156	
M77-2175		Mohenjo-daro	M77	Y	M77	426 220 400	426 220 400	
M77-2179		Mohenjo-daro	M77	Y	M77	861 2 171 35 740 90	861 2 171 35 740 90	
M77-2182		Mohenjo-daro	M77	Y	M77	590 405	590 405	
M77-2188		Mohenjo-daro	M77	Y	M77	60 700 151	60 700 151	
M77-2189		Mohenjo-daro	M77	Y	M77	240 632	240 632	
M77-2190		Mohenjo-daro	M77	Y	M77	250 60 518 81 892 400	250 60 518 81 892 400	
M77-2191		Mohenjo-daro	M77	Y	M77	? 165 1 3 426	? 165 1 3 426	
M77-2192		Mohenjo-daro	M77	Y	M77	140 844 390	140 844 390	
M77-2195		Mohenjo-daro	M77	Y	M77	335 760 740	335 760 740	
M77-2197		Mohenjo-daro	M77	Y	M77	32 168 2 235 233 705 33 ? 388 740	32 168 2 235 233 705 33 ? 388 740	
M77-2200		Mohenjo-daro	M77	Y	M77	? ? 740	? ? 740	
M77-2202		Mohenjo-daro	M77	Y	M77	632 460 2 61 740	632 460 2 61 740	
M77-2204		Mohenjo-daro	M77	Y	M77	840 140 204 590	840 140 204 590	
M77-2206		Mohenjo-daro	M77	Y	M77	287 368	287 368	
M77-2209		Mohenjo-daro	M77	Y	M77	220	220	
M77-2213		Mohenjo-daro	M77	Y	M77	705 33 ? 752 740	705 33 ? 752 740	
M77-2217		Mohenjo-daro	M77	Y	M77	90 90	90 90	
M77-2219		Mohenjo-daro	M77	Y	M77	345 741 832 832 269 740	345 741 832 832 269 740	
M77-2220		Mohenjo-daro	M77	Y	M77	320 690 0 550 60 690 740	320 690 0 550 60 690 740	
M77-2224		Mohenjo-daro	M77	Y	M77	861 2 240 ? ? 760 740	861 2 240 ? ? 760 740	
M77-2226		Mohenjo-daro	M77	Y	M77	?	?	
M77-2228		Mohenjo-daro	M77	Y	M77	632 244 2 240 0 32 632 125 390	632 244 2 240 0 32 632 125 390	
M77-2229		Mohenjo-daro	M77	Y	M77	4 220 520 0 861 2 255 435 690 740	4 220 520 0 861 2 255 435 690 740	
M77-2230		Mohenjo-daro	M77	Y	M77	32 220 70 390	32 220 70 390	
M77-2232		Mohenjo-daro	M77	Y	M77	519 235 220 388 740	519 235 220 388 740	
M77-2234		Mohenjo-daro	M77	Y	M77	705 390 ? 236	705 390 ? 236	
M77-2235		Mohenjo-daro	M77	Y	M77	2 241 0 220 861	2 241 0 220 861	
M77-2236		Mohenjo-daro	M77	Y	M77	590 405 798 740	590 405 798 740	
M77-2241		Mohenjo-daro	M77	Y	M77	176 125 405	176 125 405	
M77-2242		Mohenjo-daro	M77	Y	M77	? ? 156	? ? 156	
M77-2249		Mohenjo-daro	M77	Y	M77	3 142	3 142	
M77-2255		Mohenjo-daro	M77	Y	M77	861 2 832 832 740 90	861 2 832 832 740 90	
M77-2256		Mohenjo-daro	M77	Y	M77	861 2 31 240 632	861 2 31 240 632	
M77-2257		Mohenjo-daro	M77	Y	M77	679 2 156 632 740	679 2 156 632 740	
M77-2261		Mohenjo-daro	M77	Y	M77	?	?	
M77-2262		Mohenjo-daro	M77	Y	M77	861 2 ? 740	861 2 ? 740	
M77-2265		Mohenjo-daro	M77	Y	M77	? 861	? 861	
M77-2266		Mohenjo-daro	M77	Y	M77	? 165 60 137	? 165 60 137	
M77-2278		Mohenjo-daro	M77	Y	M77	803 32 877 904 740	803 32 877 904 740	
M77-2279		Mohenjo-daro	M77	Y	M77	390 90 0 621	390 90 0 621	
M77-2285		Mohenjo-daro	M77	Y	M77	144 ? 32 220 136 740	144 ? 32 220 136 740	
M77-2289		Mohenjo-daro	M77	Y	M77	877 161 400	877 161 400	
M77-2295		Mohenjo-daro	M77	Y	M77	912 741 298 ?	912 741 298 ?	
M77-2296		Mohenjo-daro	M77	Y	M77	320 920 390	320 920 390	
M77-2299		Mohenjo-daro	M77	Y	M77	840	840	
M77-2301		Mohenjo-daro	M77	Y	M77	585 585 560 745 1 4 405	585 585 560 745 1 4 405	
M77-2303		Mohenjo-daro	M77	Y	M77	233 590 405	233 590 405	
M77-2306		Mohenjo-daro	M77	Y	M77	877 2 101 240 740 565	877 2 101 240 740 565	
M77-2309		Mohenjo-daro	M77	Y	M77	368 220 803 740	368 220 803 740	
M77-2310		Mohenjo-daro	M77	Y	M77	31 ?	31 ?	
M77-2311		Mohenjo-daro	M77	Y	M77	692 60 ?	692 60 ?	
M77-2312		Mohenjo-daro	M77	Y	M77	798 740 590 390 740 0 621	798 740 590 390 740 0 621	
M77-2313		Mohenjo-daro	M77	Y	M77	61 345 832	61 345 832	
M77-2315		Mohenjo-daro	M77	Y	M77	233 405 740	233 405 740	
M77-2318		Mohenjo-daro	M77	Y	M77	220 ? 400	220 ? 400	
M77-2319		Mohenjo-daro	M77	Y	M77	4 354 2 798 415	4 354 2 798 415	
M77-2321		Mohenjo-daro	M77	Y	M77	240 877 740	240 877 740	
M77-2323		Mohenjo-daro	M77	Y	M77	? 65 220	? 65 220	
M77-2327		Mohenjo-daro	M77	Y	M77	861 2 235 240 440 760 740 0 861 2 235 240 440 760 740	861 2 235 240 440 760 740 0 861 2 235 240 440 760 740	
M77-2331		Mohenjo-daro	M77	Y	M77	705 ? 717	705 ? 717	
M77-2334		Mohenjo-daro	M77	Y	M77	560 467 240 632 740	560 467 240 632 740	
M77-2336		Mohenjo-daro	M77	Y	M77	55 844 405 555 527	55 844 405 555 527	
M77-2337		Mohenjo-daro	M77	Y	M77	920 60 742 231 803 760 740	920 60 742 231 803 760 740	
M77-2339		Mohenjo-daro	M77	Y	M77	320 690 0 550 60 690 740	320 690 0 550 60 690 740	
M77-2342		Mohenjo-daro	M77	Y	M77	142 156	142 156	
M77-2350		Mohenjo-daro	M77	Y	M77	745 ? 142 615 615	745 ? 142 615 615	
M77-2351		Mohenjo-daro	M77	Y	M77	? 400	? 400	
M77-2352		Mohenjo-daro	M77	Y	M77	575 741 595 0 315 455 645 0 745	575 741 595 0 315 455 645 0 745	
M77-2356		Mohenjo-daro	M77	Y	M77	550 861 368	550 861 368	
M77-2359		Mohenjo-daro	M77	Y	M77	853 140 415 100 740	853 140 415 100 740	
M77-2362		Mohenjo-daro	M77	Y	M77	518 ? 740	518 ? 740	
M77-2363		Mohenjo-daro	M77	Y	M77	861 2 ? 840 760 740	861 2 ? 840 760 740	
M77-2364		Mohenjo-daro	M77	Y	M77	729 740	729 740	
M77-2367		Mohenjo-daro	M77	Y	M77	820 ? 32 220 233 705 33	820 ? 32 220 233 705 33	
M77-2369		Mohenjo-daro	M77	Y	M77	255 435 690 740 ? 354	255 435 690 740 ? 354	
M77-2372		Mohenjo-daro	M77	Y	M77	503 615 156	503 615 156	
M77-2373		Mohenjo-daro	M77	Y	M77	892 368 2 415 220 520 0 621	892 368 2 415 220 520 0 621	
M77-2377		Mohenjo-daro	M77	Y	M77	550 0 405	550 0 405	
M77-2385		Mohenjo-daro	M77	Y	M77	853 233 415	853 233 415	
M77-2388		Mohenjo-daro	M77	Y	M77	555 527 845 405	555 527 845 405	
M77-2389		Mohenjo-daro	M77	Y	M77	97 151	97 151	
M77-2391		Mohenjo-daro	M77	Y	M77	585 2 705 33 520	585 2 705 33 520	
M77-2392		Mohenjo-daro	M77	Y	M77	? 705 33 ? 388 740	? 705 33 ? 388 740	
M77-2394		Mohenjo-daro	M77	Y	M77	31 156 0 31 156	31 156 0 31 156	
M77-2395		Mohenjo-daro	M77	Y	M77	495 615 176 100 1 33 426	495 615 176 100 1 33 426	
M77-2401		Mohenjo-daro	M77	Y	M77	31 ? 151	31 ? 151	
M77-2405		Mohenjo-daro	M77	Y	M77	920 60 741 235 904 740 0 820 3 645 510 0 171 ? 171 0 165 111 390 0 840 ? 0 ?	920 60 741 235 904 740 0 820 3 645 510 0 171 ? 171 0 165 111 390 0 840 ? 0 ?	
M77-2407		Mohenjo-daro	M77	Y	M77	83 812 2 350 460 798 740	83 812 2 350 460 798 740	
M77-2409		Mohenjo-daro	M77	Y	M77	233 626 740	233 626 740	
M77-2414		Mohenjo-daro	M77	Y	M77	240 773 740	240 773 740	
M77-2417		Mohenjo-daro	M77	Y	M77	456 900 390 741 241	456 900 390 741 241	
M77-2418		Mohenjo-daro	M77	Y	M77	140 920 390 741 519 740	140 920 390 741 519 740	
M77-2420		Mohenjo-daro	M77	Y	M77	93 550 ? 742 220 740 0 90	93 550 ? 742 220 740 0 90	
M77-2425		Mohenjo-daro	M77	Y	M77	892	892	
M77-2428		Mohenjo-daro	M77	Y	M77	320 740 ? 243 161	320 740 ? 243 161	
M77-2430		Mohenjo-daro	M77	Y	M77	? 560 0 231 740 90 0 621	? 560 0 231 740 90 0 621	
M77-2431		Mohenjo-daro	M77	Y	M77	? 615 729 0 930	? 615 729 0 930	
M77-2434		Mohenjo-daro	M77	Y	M77	220 2 3 122 ? ?	220 2 3 122 ? ?	
M77-2436		Mohenjo-daro	M77	Y	M77	140 920 920 520 315 861 2 220 220 70 520	140 920 920 520 315 861 2 220 220 70 520	
M77-2437		Mohenjo-daro	M77	Y	M77	? 861 2	? 861 2	
M77-2438		Mohenjo-daro	M77	Y	M77	861 2 235 233	861 2 235 233	
M77-2439		Mohenjo-daro	M77	Y	M77	820 455 220 ? 142 615	820 455 220 ? 142 615	
M77-2442		Mohenjo-daro	M77	Y	M77	920 60 741 705 ? 31	920 60 741 705 ? 31	
M77-2447		Mohenjo-daro	M77	Y	M77	741 820 2 32 70 415 100 740	741 820 2 32 70 415 100 740	
M77-2448		Mohenjo-daro	M77	Y	M77	31 60 ?	31 60 ?	
M77-2450		Mohenjo-daro	M77	Y	M77	861 2 ? 760 740	861 2 ? 760 740	
M77-2452		Mohenjo-daro	M77	Y	M77	32 220 232	32 220 232	
M77-2453		Mohenjo-daro	M77	Y	M77	382 415 100 740	382 415 100 740	
M77-2456		Mohenjo-daro	M77	Y	M77	605 740 32 226 0 32 ?	605 740 32 226 0 32 ?	
M77-2459		Mohenjo-daro	M77	Y	M77	350 760 740	350 760 740	
M77-2466		Mohenjo-daro	M77	Y	M77	32 632 892 350 298 400 0 ?	32 632 892 350 298 400 0 ?	
M77-2468		Mohenjo-daro	M77	Y	M77	861 298 820	861 298 820	
M77-2471		Mohenjo-daro	M77	Y	M77	905 705 798 0 621	905 705 798 0 621	
M77-2472		Mohenjo-daro	M77	Y	M77	384 740 161	384 740 161	
M77-2473		Mohenjo-daro	M77	Y	M77	540 692 861 2 590 390 832 260 861	540 692 861 2 590 390 832 260 861	
M77-2484		Mohenjo-daro	M77	Y	M77	347 554 527	347 554 527	
M77-2486		Mohenjo-daro	M77	Y	M77	3 ? 840 760 740	3 ? 840 760 740	
M77-2491		Mohenjo-daro	M77	Y	M77	861 2 806 705 920	861 2 806 705 920	
M77-2493		Mohenjo-daro	M77	Y	M77	690 ?	690 ?	
M77-2496		Mohenjo-daro	M77	Y	M77	220 1 554 740	220 1 554 740	
M77-2500		Mohenjo-daro	M77	Y	M77	832 ?	832 ?	
M77-2502		Mohenjo-daro	M77	Y	M77	240 632 740	240 632 740	
M77-2503		Mohenjo-daro	M77	Y	M77	861 2 260 151	861 2 260 151	
M77-2505		Mohenjo-daro	M77	Y	M77	320 690 0 550 60 690 740	320 690 0 550 60 690 740	
M77-2508		Mohenjo-daro	M77	Y	M77	320 690 0 550 60 690 740	320 690 0 550 60 690 740	
M77-2509		Mohenjo-daro	M77	Y	M77	90 90	90 90	
M77-2511		Mohenjo-daro	M77	Y	M77	692 1 510 460 760 740	692 1 510 460 760 740	
M77-2512		Mohenjo-daro	M77	Y	M77	861 2 832	861 2 832	
M77-2513		Mohenjo-daro	M77	Y	M77	861 2 ? 240 226	861 2 ? 240 226	
M77-2515		Mohenjo-daro	M77	Y	M77	343 590 745 ?	343 590 745 ?	
M77-2520		Mohenjo-daro	M77	Y	M77	235 ? 740	235 ? 740	
M77-2522		Mohenjo-daro	M77	Y	M77	877 2 61 740 368 220 31	877 2 61 740 368 220 31	
M77-2523		Mohenjo-daro	M77	Y	M77	861 2 235 220 520	861 2 235 220 520	
M77-2527		Mohenjo-daro	M77	Y	M77	278 345 400	278 345 400	
M77-2528		Mohenjo-daro	M77	Y	M77	820 2 806 320 920 405	820 2 806 320 920 405	
M77-2529		Mohenjo-daro	M77	Y	M77	1 388 140 850 31	1 388 140 850 31	
M77-2530		Mohenjo-daro	M77	Y	M77	? 820	? 820	
M77-2532		Mohenjo-daro	M77	Y	M77	16 ? 60 235 220 520	16 ? 60 235 220 520	
M77-2536		Mohenjo-daro	M77	Y	M77	550 60 235 520 790 440 790	550 60 235 520 790 440 790	
M77-2540		Mohenjo-daro	M77	Y	M77	3 156 400	3 156 400	
M77-2541		Mohenjo-daro	M77	Y	M77	798 415 220 705 33 550 527	798 415 220 705 33 550 527	
M77-2542		Mohenjo-daro	M77	Y	M77	60 3 405 0 705 33 923 740	60 3 405 0 705 33 923 740	
M77-2543		Mohenjo-daro	M77	Y	M77	892 31 2 240 233 0 632 255 861	892 31 2 240 233 0 632 255 861	
M77-2546		Mohenjo-daro	M77	Y	M77	136 832	136 832	
M77-2547		Mohenjo-daro	M77	Y	M77	3 550 615	3 550 615	
M77-2551		Mohenjo-daro	M77	Y	M77	861 2 31 554 527	861 2 31 554 527	
M77-2554		Mohenjo-daro	M77	Y	M77	877 2	877 2	
M77-2558		Mohenjo-daro	M77	Y	M77	920 60 741 235 231 0 741	920 60 741 235 231 0 741	
M77-2559		Mohenjo-daro	M77	Y	M77	906 820 2	906 820 2	
M77-2561		Mohenjo-daro	M77	Y	M77	97	97	
M77-2566		Mohenjo-daro	M77	Y	M77	705 220 440 1 350 90 350	705 220 440 1 350 90 350	
M77-2568		Mohenjo-daro	M77	Y	M77	519 705 33 727	519 705 33 727	
M77-2570		Mohenjo-daro	M77	Y	M77	240 773	240 773	
M77-2571		Mohenjo-daro	M77	Y	M77	820 269 400	820 269 400	
M77-2579		Mohenjo-daro	M77	Y	M77	877 820 32	877 820 32	
M77-2580		Mohenjo-daro	M77	Y	M77	861 2 176 740	861 2 176 740	
M77-2582		Mohenjo-daro	M77	Y	M77	832 832 740	832 832 740	
M77-2583		Mohenjo-daro	M77	Y	M77	861 2 235 705 33 555 527	861 2 235 705 33 555 527	
M77-2587		Mohenjo-daro	M77	Y	M77	31 3 156 0 850 31 0 861 2 240 231	31 3 156 0 850 31 0 861 2 240 231	
M77-2588		Mohenjo-daro	M77	Y	M77	? 233 140 416 31 565	? 233 140 416 31 565	
M77-2591		Mohenjo-daro	M77	Y	M77	861 2 773 740	861 2 773 740	
M77-2595		Mohenjo-daro	M77	Y	M77	? 60 32 119	? 60 32 119	
M77-2596		Mohenjo-daro	M77	Y	M77	81 742 175 416 840 760 740	81 742 175 416 840 760 740	
M77-2597		Mohenjo-daro	M77	Y	M77	371 861 741 575 0 374	371 861 741 575 0 374	
M77-2600		Mohenjo-daro	M77	Y	M77	590 405 740	590 405 740	
M77-2601		Mohenjo-daro	M77	Y	M77	215 872 2 3 426 0 ? 440	215 872 2 3 426 0 ? 440	
M77-2602		Mohenjo-daro	M77	Y	M77	97 151	97 151	
M77-2604		Mohenjo-daro	M77	Y	M77	140 ? 400 0 3 1 690 33 700	140 ? 400 0 3 1 690 33 700	
M77-2606		Mohenjo-daro	M77	Y	M77	904 740	904 740	
M77-2607		Mohenjo-daro	M77	Y	M77	? ? 740	? ? 740	
M77-2610		Mohenjo-daro	M77	Y	M77	415 100	415 100	
M77-2615		Mohenjo-daro	M77	Y	M77	892 298 32 850 32	892 298 32 850 32	
M77-2616		Mohenjo-daro	M77	Y	M77	745 298 31	745 298 31	
M77-2620		Mohenjo-daro	M77	Y	M77	745 171 ?	745 171 ?	
M77-2622		Mohenjo-daro	M77	Y	M77	921 70 520	921 70 520	
M77-2626		Mohenjo-daro	M77	Y	M77	575 31 0 575 31 2 3 390	575 31 0 575 31 2 3 390	
M77-2628		Mohenjo-daro	M77	Y	M77	705 500 820 61 151	705 500 820 61 151	
M77-2629		Mohenjo-daro	M77	Y	M77	31 ? 740	31 ? 740	
M77-2631		Mohenjo-daro	M77	Y	M77	861 2 ? ? 740	861 2 ? ? 740	
M77-2636		Mohenjo-daro	M77	Y	M77	861 2 5 390 0 861 2 5	861 2 5 390 0 861 2 5	
M77-2640		Mohenjo-daro	M77	Y	M77	760 740	760 740	
M77-2641		Mohenjo-daro	M77	Y	M77	703 60 0 575 240 740 90	703 60 0 575 240 740 90	
M77-2644		Mohenjo-daro	M77	Y	M77	717 740	717 740	
M77-2645		Mohenjo-daro	M77	Y	M77	? 140 226	? 140 226	
M77-2646		Mohenjo-daro	M77	Y	M77	2 220 482 740	2 220 482 740	
M77-2651		Mohenjo-daro	M77	Y	M77	560 812 595 820	560 812 595 820	
M77-2653		Mohenjo-daro	M77	Y	M77	861 2 176 440 760 740	861 2 176 440 760 740	
M77-2659		Mohenjo-daro	M77	Y	M77	3 900 740	3 900 740	
M77-2661		Mohenjo-daro	M77	Y	M77	362 872	362 872	
M77-2662		Mohenjo-daro	M77	Y	M77	93 ? 400	93 ? 400	
M77-2664		Mohenjo-daro	M77	Y	M77	? 703 1 61 740	? 703 1 61 740	
M77-2665		Mohenjo-daro	M77	Y	M77	820 1 850 315 741	820 1 850 315 741	
M77-2667		Mohenjo-daro	M77	Y	M77	31 220 440 861 0 32 220	31 220 440 861 0 32 220	
M77-2669		Mohenjo-daro	M77	Y	M77	220 55 740	220 55 740	
M77-2672		Mohenjo-daro	M77	Y	M77	760 740	760 740	
M77-2673		Mohenjo-daro	M77	Y	M77	384	384	
M77-2675		Mohenjo-daro	M77	Y	M77	32 130 190 2 235 220 520	32 130 190 2 235 220 520	
M77-2676		Mohenjo-daro	M77	Y	M77	233 690 740	233 690 740	
M77-2681		Mohenjo-daro	M77	Y	M77	560 741 16 220 520	560 741 16 220 520	
M77-2682		Mohenjo-daro	M77	Y	M77	806 156	806 156	
M77-2683		Mohenjo-daro	M77	Y	M77	233 220 740	233 220 740	
M77-2686		Mohenjo-daro	M77	Y	M77	368 ?	368 ?	
M77-2688		Mohenjo-daro	M77	Y	M77	222 740	222 740	
M77-2690		Mohenjo-daro	M77	Y	M77	692 60 255 435 690 740 692 60 803 740	692 60 255 435 690 740 692 60 803 740	
M77-2693		Mohenjo-daro	M77	Y	M77	692 60 921	692 60 921	
M77-2695		Mohenjo-daro	M77	Y	M77	495 17 740	495 17 740	
M77-2696		Mohenjo-daro	M77	Y	M77	692 60 0 ? 140 269 740	692 60 0 ? 140 269 740	
M77-2697		Mohenjo-daro	M77	Y	M77	4 405 ? 55 32 740	4 405 ? 55 32 740	
M77-2700		unknown	M77	Y	M77	32 220 233 729 740	32 220 233 729 740	
M77-2704		unknown	M77	Y	M77	565	565	
M77-2706		unknown	M77	Y	M77	861 368 32 904 740	861 368 32 904 740	
M77-2804		unknown	M77	Y	M77	371 390 0 371 390	371 390 0 371 390	
M77-2806		unknown	M77	Y	M77	632 740	632 740	
M77-2807		unknown	M77	Y	M77	705 167 0 360 904 705 167	705 167 0 360 904 705 167	
M77-2809		unknown	M77	Y	M77	615 705 595 0 615 705 595	615 705 595 0 615 705 595	
M77-2810		unknown	M77	Y	M77	540 0 467 806 156 400	540 0 467 806 156 400	
M77-2812		unknown	M77	Y	M77	540 0 467 806 156 400	540 0 467 806 156 400	
M77-2813		unknown	M77	Y	M77	632 740	632 740	
M77-2814		unknown	M77	Y	M77	632 740	632 740	
M77-2815		unknown	M77	Y	M77	? ? 700 97 400	? ? 700 97 400	
M77-2819		unknown	M77	Y	M77	384 740 0 384 740 0 384 740	384 740 0 384 740 0 384 740	
M77-2822		unknown	M77	Y	M77	740 400	740 400	
M77-2826		unknown	M77	Y	M77	320 315 861 2 798 220 70 520	320 315 861 2 798 220 70 520	
M77-2827		unknown	M77	Y	M77	216 0 740	216 0 740	
M77-2835		unknown	M77	Y	M77	362 872 0 240 803 585 740 400	362 872 0 240 803 585 740 400	
M77-2836		unknown	M77	Y	M77	705 167 0 705 167	705 167 0 705 167	
M77-2837		unknown	M77	Y	M77	861 2 ? 3	861 2 ? 3	
M77-2842		unknown	M77	Y	M77	362 872 503 31	362 872 503 31	
M77-2843		unknown	M77	Y	M77	362 872 503 31 740 5	362 872 503 31 740 5	
M77-2844		unknown	M77	Y	M77	705 167 400 0 240 32 220 840	705 167 400 0 240 32 220 840	
M77-2845		unknown	M77	Y	M77	861 2 240	861 2 240	
M77-2846		unknown	M77	Y	M77	530 60 803 740 101 ? 0 ? 717	530 60 803 740 101 ? 0 ? 717	
M77-2847		unknown	M77	Y	M77	519 798 176 740 151 700 700 700 390 0 645 70 741 150 269 840 32 0 741 904 700 820 32 17 904 415 100 740	519 798 176 740 151 700 700 700 390 0 645 70 741 150 269 840 32 0 741 904 700 820 32 17 904 415 100 740	
M77-2849		unknown	M77	Y	M77	705 167 0 705 167	705 167 0 705 167	
M77-2851		unknown	M77	Y	M77	? 368 740 900 900 ? 0 382 760 740	? 368 740 900 900 ? 0 382 760 740	
M77-2852		unknown	M77	Y	M77	235 520 0 ? 165 255 435 0 615 740 90	235 520 0 ? 165 255 435 0 615 740 90	
M77-2854		unknown	M77	Y	M77	?	?	
M77-2855		unknown	M77	Y	M77	? 368 740 900 900 ? 0 382 760	? 368 740 900 900 ? 0 382 760	
M77-2860		unknown	M77	Y	M77	388 906 615 615 65 220 2 140 480 31	388 906 615 615 65 220 2 140 480 31	
M77-2861		unknown	M77	Y	M77	? ? ? 455 872 0 240 806 585 740 400	? ? ? 455 872 0 240 806 585 740 400	
M77-2863		unknown	M77	Y	M77	861 2 240 840 32 740	861 2 240 840 32 740	
M77-2864		unknown	M77	Y	M77	415 100 740 400 0 415 100 740	415 100 740 400 0 415 100 740	
M77-2865		unknown	M77	Y	M77	861 2 519	861 2 519	
M77-2866		unknown	M77	Y	M77	? ? ? 455 872 0 240 806 585 740 400	? ? ? 455 872 0 240 806 585 740 400	
M77-2868		unknown	M77	Y	M77	550 527 400	550 527 400	
M77-2901		unknown	M77	Y	M77	? 0 220 17 585 347 520 32 405	? 0 220 17 585 347 520 32 405	
M77-2902		unknown	M77	Y	M77	? 0 3 220 590 405 740	? 0 3 220 590 405 740	
M77-2903		unknown	M77	Y	M77	? 0 806 845 61 405 790 900 740	? 0 806 845 61 405 790 900 740	
M77-2904		unknown	M77	Y	M77	415 100 740 0 415 220 845 405	415 100 740 0 415 220 845 405	
M77-2905		unknown	M77	Y	M77	33 700 900 165 0 32 220 176 740	33 700 900 165 0 32 220 176 740	
M77-2906		unknown	M77	Y	M77	33 700 900 165 0 32 220 176 740	33 700 900 165 0 32 220 176 740	
M77-2911		unknown	M77	Y	M77	231 17 585 347 520 32 405	231 17 585 347 520 32 405	
M77-2912		unknown	M77	Y	M77	806 233 176 740 0 590 405 740	806 233 176 740 0 590 405 740	
M77-2914		unknown	M77	Y	M77	806 845 61 405 790 900 740	806 845 61 405 790 900 740	
M77-2916		unknown	M77	Y	M77	745 717 347 595 1 142 615 615	745 717 347 595 1 142 615 615	
M77-2918		unknown	M77	Y	M77	255 0 798 231 705 33 904 100 740	255 0 798 231 705 33 904 100 740	
M77-2919		unknown	M77	Y	M77	861 0 773	861 0 773	
M77-2920		unknown	M77	Y	M77	905 32 1 595 1 142 615 615	905 32 1 595 1 142 615 615	
M77-2921		unknown	M77	Y	M77	35 0 773 740	35 0 773 740	
M77-2923		unknown	M77	Y	M77	595 850 480 ? 820 820 0 803 151 4 5 ?	595 850 480 ? 820 820 0 803 151 4 5 ?	
M77-2924		unknown	M77	Y	M77	6 740 90 832	6 740 90 832	
M77-2925		unknown	M77	Y	M77	? 595 850 480 ? 820 820 0 6 ?	? 595 850 480 ? 820 820 0 6 ?	
M77-2926		unknown	M77	Y	M77	4 7	4 7	
M77-2928		unknown	M77	Y	M77	4 4	4 4	
M77-2929		unknown	M77	Y	M77	? 0 4 390 0 32 741 1 405	? 0 4 390 0 32 741 1 405	
M77-2930		unknown	M77	Y	M77	920 60 745 ? 354 0 861 2 176 740	920 60 745 ? 354 0 861 2 176 740	
M77-2931		unknown	M77	Y	M77	32 741 0 ? 31	32 741 0 ? 31	
M77-2934		unknown	M77	Y	M77	390	390	
M77-2936		unknown	M77	Y	M77	405 745 0 480 31 235 482 740	405 745 0 480 31 235 482 740	
M77-2937		unknown	M77	Y	M77	832 832 740	832 832 740	
M77-2938		unknown	M77	Y	M77	171 35	171 35	
M77-2940		unknown	M77	Y	M77	? ? 892 740 400	? ? 892 740 400	
M77-2942		unknown	M77	Y	M77	? 861 2	? 861 2	
M77-2943		unknown	M77	Y	M77	760 740 400	760 740 400	
M77-2944		unknown	M77	Y	M77	467 806 156	467 806 156	
M77-2945		unknown	M77	Y	M77	4 405	4 405	
M77-2948		unknown	M77	Y	M77	? 156 400	? 156 400	
M77-2949		unknown	M77	Y	M77	390 390 390	390 390 390	
M77-2950		unknown	M77	Y	M77	390 390 390 390	390 390 390 390	
M77-2951		unknown	M77	Y	M77	415 100 740	415 100 740	
M77-2952		unknown	M77	Y	M77	900 165 0 861 2 16 61	900 165 0 861 2 16 61	
M77-3001		Mohenjo-daro	M77	Y	M77	705 390 ? 31 156	705 390 ? 31 156	
M77-3010		Mohenjo-daro	M77	Y	M77	3 900 832	3 900 832	
M77-3015		Mohenjo-daro	M77	Y	M77	137	137	
M77-3019		Mohenjo-daro	M77	Y	M77	467 806 156	467 806 156	
M77-3020		Mohenjo-daro	M77	Y	M77	137	137	
M77-3028		Mohenjo-daro	M77	Y	M77	575 741 4 390	575 741 4 390	
M77-3032		Mohenjo-daro	M77	Y	M77	734	734	
M77-3035		Mohenjo-daro	M77	Y	M77	171 35	171 35	
M77-3038		Mohenjo-daro	M77	Y	M77	156	156	
M77-3041		Mohenjo-daro	M77	Y	M77	272	272	
M77-3044		Mohenjo-daro	M77	Y	M77	820 2 ? 923 740	820 2 ? 923 740	
M77-3051		Mohenjo-daro	M77	Y	M77	740	740	
M77-3052		Mohenjo-daro	M77	Y	M77	140 850 31	140 850 31	
M77-3056		Mohenjo-daro	M77	Y	M77	740	740	
M77-3058		Mohenjo-daro	M77	Y	M77	745 165	745 165	
M77-3060		Mohenjo-daro	M77	Y	M77	741 702 2 415 220 520	741 702 2 415 220 520	
M77-3063		Mohenjo-daro	M77	Y	M77	415 220	415 220	
M77-3066		Mohenjo-daro	M77	Y	M77	90 500 740	90 500 740	
M77-3069		Mohenjo-daro	M77	Y	M77	692 60 740	692 60 740	
M77-3072		Mohenjo-daro	M77	Y	M77	220	220	
M77-3078		Mohenjo-daro	M77	Y	M77	176 705 255 740 0 17 390	176 705 255 740 0 17 390	
M77-3079		Mohenjo-daro	M77	Y	M77	495 3 426	495 3 426	
M77-3080		Mohenjo-daro	M77	Y	M77	930	930	
M77-3083		Mohenjo-daro	M77	Y	M77	347 390 2 142 278 151	347 390 2 142 278 151	
M77-3092		Mohenjo-daro	M77	Y	M77	877 161 400	877 161 400	
M77-3093		Mohenjo-daro	M77	Y	M77	545 741 165 590 740	545 741 165 590 740	
M77-3095		Mohenjo-daro	M77	Y	M77	384 156	384 156	
M77-3097		Mohenjo-daro	M77	Y	M77	? 455 220 2 803 232	? 455 220 2 803 232	
M77-3106		Mohenjo-daro	M77	Y	M77	495 850 2 803 241 0 495 850 2 803 241	495 850 2 803 241 0 495 850 2 803 241	
M77-3107		Mohenjo-daro	M77	Y	M77	717 533 861 2 806 233 3 900 790 900 740 ? 845 405	717 533 861 2 806 233 3 900 790 900 740 ? 845 405	
M77-3112		Mohenjo-daro	M77	Y	M77	? 741 32 226	? 741 32 226	
M77-3114		Mohenjo-daro	M77	Y	M77	16 220 626 740 565	16 220 626 740 565	
M77-3119		Mohenjo-daro	M77	Y	M77	689 615 455 220 231 740	689 615 455 220 231 740	
M77-3123		Mohenjo-daro	M77	Y	M77	632	632	
M77-3143		Mohenjo-daro	M77	Y	M77	585 740	585 740	
M77-3144		Mohenjo-daro	M77	Y	M77	140 405	140 405	
M77-3147		Mohenjo-daro	M77	Y	M77	137	137	
M77-3151		Mohenjo-daro	M77	Y	M77	32 315 413 2 233 440 740	32 315 413 2 233 440 740	
M77-3155		Mohenjo-daro	M77	Y	M77	55 740 820 2 0 371	55 740 820 2 0 371	
M77-3156		Mohenjo-daro	M77	Y	M77	235 705 33 790 900 740	235 705 33 790 900 740	
M77-3157		Mohenjo-daro	M77	Y	M77	226	226	
M77-3160		Mohenjo-daro	M77	Y	M77	861 2 231 233 705 33 520	861 2 231 233 705 33 520	
M77-3202		unknown	M77	Y	M77	692 60 269	692 60 269	
M77-3203		unknown	M77	Y	M77	16	16	
M77-3207		unknown	M77	Y	M77	740	740	
M77-3215		unknown	M77	Y	M77	740	740	
M77-3219		unknown	M77	Y	M77	760 740	760 740	
M77-3220		unknown	M77	Y	M77	104 645 590 235 240 740 90	104 645 590 235 240 740 90	
M77-3221		unknown	M77	Y	M77	705 692 60	705 692 60	
M77-3222		unknown	M77	Y	M77	104 645 590 235 240 740 90	104 645 590 235 240 740 90	
M77-3223		unknown	M77	Y	M77	790 100 740	790 100 740	
M77-3224		unknown	M77	Y	M77	? ? 700 97 400	? ? 700 97 400	
M77-3225		unknown	M77	Y	M77	632 740	632 740	
M77-3226		unknown	M77	Y	M77	632 740	632 740	
M77-3227		unknown	M77	Y	M77	740	740	
M77-3228		unknown	M77	Y	M77	632 740	632 740	
M77-3230		unknown	M77	Y	M77	? ? 700 97 400	? ? 700 97 400	
M77-3232		unknown	M77	Y	M77	861 2 190 190 415 100 740 0 350 460 798 904 740 400	861 2 190 190 415 100 740 0 350 460 798 904 740 400	
M77-3233		unknown	M77	Y	M77	705 33 590	705 33 590	
M77-3234		unknown	M77	Y	M77	125 384 700 ? 0 575 450 745 803 482 740	125 384 700 ? 0 575 450 745 803 482 740	
M77-3235		unknown	M77	Y	M77	388 906 615 615 65 220 2	388 906 615 615 65 220 2	
M77-3236		unknown	M77	Y	M77	745 4 405	745 4 405	
M77-3237		unknown	M77	Y	M77	705 590	705 590	
M77-3239		unknown	M77	Y	M77	220 705 33 590 405 740	220 705 33 590 405 740	
M77-3242		unknown	M77	Y	M77	32 390	32 390	
M77-3243		unknown	M77	Y	M77	97 151	97 151	
M77-3244		unknown	M77	Y	M77	832 832 740	832 832 740	
M77-3247		unknown	M77	Y	M77	790 176	790 176	
M77-3248		unknown	M77	Y	M77	820 717 0 220 ? 400	820 717 0 220 ? 400	
M77-3251		unknown	M77	Y	M77	104 615 740	104 615 740	
M77-3252		unknown	M77	Y	M77	320 920 740	320 920 740	
M77-3253		unknown	M77	Y	M77	220 70 482	220 70 482	
M77-3302		Mohenjo-daro	M77	Y	M77	705 33 32 0 233 585 405	705 33 32 0 233 585 405	
M77-3303		Mohenjo-daro	M77	Y	M77	231 17 585 347 520 32 405	231 17 585 347 520 32 405	
M77-3304		Mohenjo-daro	M77	Y	M77	235 705 33 845 405 321 405	235 705 33 845 405 321 405	
M77-3305		Mohenjo-daro	M77	Y	M77	220 17 585 347 520 32 405	220 17 585 347 520 32 405	
M77-3309		Mohenjo-daro	M77	Y	M77	354	354	
M77-3310		Mohenjo-daro	M77	Y	M77	806 845	806 845	
M77-3312		Mohenjo-daro	M77	Y	M77	235 705 33 845 405 321 405	235 705 33 845 405 321 405	
M77-3313		Mohenjo-daro	M77	Y	M77	? 0 806 233 384 740	? 0 806 233 384 740	
M77-3315		Mohenjo-daro	M77	Y	M77	? 0 806 845 61 405 790 900 740	? 0 806 845 61 405 790 900 740	
M77-3316		Mohenjo-daro	M77	Y	M77	905 32 1 595 1 142 615 615	905 32 1 595 1 142 615 615	
M77-3319		Mohenjo-daro	M77	Y	M77	900 165 0 740 240 ?	900 165 0 740 240 ?	
M77-3320		Mohenjo-daro	M77	Y	M77	900 165 0 362 2 176 740 240 ?	900 165 0 362 2 176 740 240 ?	
M77-3323		Mohenjo-daro	M77	Y	M77	806 233 384 740	806 233 384 740	
M77-3326		Mohenjo-daro	M77	Y	M77	705 33 845 405	705 33 845 405	
M77-3329		Mohenjo-daro	M77	Y	M77	690 740	690 740	
M77-3331		Mohenjo-daro	M77	Y	M77	235 705 33 845 405 321 405	235 705 33 845 405 321 405	
M77-3334		Mohenjo-daro	M77	Y	M77	343 0 503 615 740	343 0 503 615 740	
M77-3335		Mohenjo-daro	M77	Y	M77	705 33 32 0 233 585 405	705 33 32 0 233 585 405	
M77-3336		Mohenjo-daro	M77	Y	M77	705 33 923 740 ?	705 33 923 740 ?	
M77-3337		Mohenjo-daro	M77	Y	M77	235 705 33 845 405 321 405	235 705 33 845 405 321 405	
M77-3340		Mohenjo-daro	M77	Y	M77	585 740	585 740	
M77-3343		Mohenjo-daro	M77	Y	M77	? 0 806 233 384 740	? 0 806 233 384 740	
M77-3344		Mohenjo-daro	M77	Y	M77	905 32 1 595 1 142 615 615	905 32 1 595 1 142 615 615	
M77-3347		Mohenjo-daro	M77	Y	M77	908 2 4 405 0 905 32 1 595 1 142 615 615	908 2 4 405 0 905 32 1 595 1 142 615 615	
M77-3349		Mohenjo-daro	M77	Y	M77	705 33 740	705 33 740	
M77-3354		Mohenjo-daro	M77	Y	M77	235 705 33 845 405 321 405	235 705 33 845 405 321 405	
M77-3355		Mohenjo-daro	M77	Y	M77	235 705 33 845 405 321 405	235 705 33 845 405 321 405	
M77-3358		Mohenjo-daro	M77	Y	M77	806 845 61 405 790 900 740	806 845 61 405 790 900 740	
M77-3360		Mohenjo-daro	M77	Y	M77	? 0 220 17 585 347 520 32 405	? 0 220 17 585 347 520 32 405	
M77-3362		Mohenjo-daro	M77	Y	M77	745 717 347 595 1 142 615 615	745 717 347 595 1 142 615 615	
M77-3363		Mohenjo-daro	M77	Y	M77	3 426 176 100 740 790	3 426 176 100 740 790	
M77-3364		Mohenjo-daro	M77	Y	M77	705 33 32 0 233 585 405	705 33 32 0 233 585 405	
M77-3365		Mohenjo-daro	M77	Y	M77	806 845 61 405 790 900 740	806 845 61 405 790 900 740	
M77-3367		Mohenjo-daro	M77	Y	M77	220 845	220 845	
M77-3368		Mohenjo-daro	M77	Y	M77	705 33 923 740 ?	705 33 923 740 ?	
M77-3369		Mohenjo-daro	M77	Y	M77	806 845 61 405 790 900 740	806 845 61 405 790 900 740	
M77-3373		Mohenjo-daro	M77	Y	M77	220 17 585 347 520 32 405	220 17 585 347 520 32 405	
M77-3375		Mohenjo-daro	M77	Y	M77	? 0 347 520 32 405	? 0 347 520 32 405	
M77-3376		Mohenjo-daro	M77	Y	M77	806 845 61 405 790 900 740	806 845 61 405 790 900 740	
M77-3381		Mohenjo-daro	M77	Y	M77	235 705 33 845 405 321 405	235 705 33 845 405 321 405	
M77-3383		Mohenjo-daro	M77	Y	M77	3 426 176	3 426 176	
M77-3384		Mohenjo-daro	M77	Y	M77	235 705 33 845 405 321 405	235 705 33 845 405 321 405	
M77-3385		Mohenjo-daro	M77	Y	M77	806 845 61 405 790 900 740	806 845 61 405 790 900 740	
M77-3387		Mohenjo-daro	M77	Y	M77	806 845 61 405 790 900 740	806 845 61 405 790 900 740	
M77-3390		Mohenjo-daro	M77	Y	M77	705 33 923 740 ?	705 33 923 740 ?	
M77-3391		Mohenjo-daro	M77	Y	M77	32 70 405	32 70 405	
M77-3393		Mohenjo-daro	M77	Y	M77	745 717 347 595 1 142 615 615	745 717 347 595 1 142 615 615	
M77-3395		Mohenjo-daro	M77	Y	M77	806 233 384 740	806 233 384 740	
M77-3398		Mohenjo-daro	M77	Y	M77	343 0 503 615 740	343 0 503 615 740	
M77-3401		unknown	M77	Y	M77	745 717 347 595 1 142 615 615	745 717 347 595 1 142 615 615	
M77-3405		unknown	M77	Y	M77	806 233 384 740	806 233 384 740	
M77-3406		unknown	M77	Y	M77	845 61 405 900 740	845 61 405 900 740	
M77-3407		unknown	M77	Y	M77	745 717 347	745 717 347	
M77-3410		unknown	M77	Y	M77	806	806	
M77-3413		unknown	M77	Y	M77	717 347 595 1 142 615 615	717 347 595 1 142 615 615	
M77-3414		unknown	M77	Y	M77	? 0 806 845 61 405 790 900 740	? 0 806 845 61 405 790 900 740	
M77-3415		unknown	M77	Y	M77	861 368 1 142 615 615 0 235 233 222 740	861 368 1 142 615 615 0 235 233 222 740	
M77-3501		unknown	M77	Y	M77	803 482 740	803 482 740	
M77-3503		unknown	M77	Y	M77	467 806	467 806	
M77-3504		unknown	M77	Y	M77	519 550 740	519 550 740	
M77-3505		unknown	M77	Y	M77	550 861 55 32 760 740 400	550 861 55 32 760 740 400	
M77-3506		unknown	M77	Y	M77	550 840 760	550 840 760	
M77-3507		unknown	M77	Y	M77	840 742 ?	840 742 ?	
M77-3508		unknown	M77	Y	M77	235 803	235 803	
M77-3509		unknown	M77	Y	M77	55 760	55 760	
M77-3510		unknown	M77	Y	M77	632 845	632 845	
M77-3511		unknown	M77	Y	M77	? 844	? 844	
M77-3512		unknown	M77	Y	M77	? 250 264 360	? 250 264 360	
M77-3513		unknown	M77	Y	M77	840	840	
M77-4001		Harappa	M77	Y	M77	921 690 ? 705 33 590 405 740 ? 354	921 690 ? 705 33 590 405 740 ? 354	
M77-4003		Harappa	M77	Y	M77	380 380 125 18 595 595 298 820	380 380 125 18 595 595 298 820	
M77-4006		Harappa	M77	Y	M77	850 776 32 ? 890 315	850 776 32 ? 890 315	
M77-4007		Harappa	M77	Y	M77	692	692	
M77-4011		Harappa	M77	Y	M77	861 2	861 2	
M77-4015		Harappa	M77	Y	M77	803 415 220 705 33 520	803 415 220 705 33 520	
M77-4017		Harappa	M77	Y	M77	32 877 740 ? 467 806 156	32 877 740 ? 467 806 156	
M77-4021		Harappa	M77	Y	M77	861 2 705 33 17 585 740	861 2 705 33 17 585 740	
M77-4024		Harappa	M77	Y	M77	243 298 820 595	243 298 820 595	
M77-4027		Harappa	M77	Y	M77	806 415 220 904 832	806 415 220 904 832	
M77-4032		Harappa	M77	Y	M77	?	?	
M77-4037		Harappa	M77	Y	M77	904 450 2 384 740 90	904 450 2 384 740 90	
M77-4038		Harappa	M77	Y	M77	204 125	204 125	
M77-4039		Harappa	M77	Y	M77	405	405	
M77-4040		Harappa	M77	Y	M77	632 705 420 595	632 705 420 595	
M77-4042		Harappa	M77	Y	M77	632 140 595	632 140 595	
M77-4045		Harappa	M77	Y	M77	850 354 632 595 2 220 ?	850 354 632 595 2 220 ?	
M77-4046		Harappa	M77	Y	M77	220 500 520 ? ? 32	220 500 520 ? ? 32	
M77-4047		Harappa	M77	Y	M77	? 405 176 100 740	? 405 176 100 740	
M77-4051		Harappa	M77	Y	M77	2 705 255 740	2 705 255 740	
M77-4053		Harappa	M77	Y	M77	861 2 220	861 2 220	
M77-4054		Harappa	M77	Y	M77	31 61	31 61	
M77-4059		Harappa	M77	Y	M77	243 151	243 151	
M77-4060		Harappa	M77	Y	M77	861 2 231 233 798	861 2 231 233 798	
M77-4061		Harappa	M77	Y	M77	503 17 740 240	503 17 740 240	
M77-4067		Harappa	M77	Y	M77	350 298 2 ? ? 740	350 298 2 ? ? 740	
M77-4074		Harappa	M77	Y	M77	484 336 740	484 336 740	
M77-4075		Harappa	M77	Y	M77	861 2 32 70 590 390 740 0 861 2 32 70 590 390 740	861 2 32 70 590 390 740 0 861 2 32 70 590 390 740	
M77-4077		Harappa	M77	Y	M77	32 71 405	32 71 405	
M77-4083		Harappa	M77	Y	M77	832 861 2 705 33 520	832 861 2 705 33 520	
M77-4086		Harappa	M77	Y	M77	? 161	? 161	
M77-4089		Harappa	M77	Y	M77	?	?	
M77-4094		Harappa	M77	Y	M77	? 32 740	? 32 740	
M77-4095		Harappa	M77	Y	M77	32 220 32 877	32 220 32 877	
M77-4096		Harappa	M77	Y	M77	545 585 861	545 585 861	
M77-4098		Harappa	M77	Y	M77	90 741 240	90 741 240	
M77-4100		Harappa	M77	Y	M77	32 590 798 2 176	32 590 798 2 176	
M77-4101		Harappa	M77	Y	M77	861 2 220 231 923 740	861 2 220 231 923 740	
M77-4102		Harappa	M77	Y	M77	2 717 100 740	2 717 100 740	
M77-4103		Harappa	M77	Y	M77	? 374 368 2 240 415 100 740	? 374 368 2 240 415 100 740	
M77-4105		Harappa	M77	Y	M77	235 231 752 740 467 806 156	235 231 752 740 467 806 156	
M77-4106		Harappa	M77	Y	M77	55 55 415 60 240 773 740	55 55 415 60 240 773 740	
M77-4107		Harappa	M77	Y	M77	125 872 2 4 405	125 872 2 4 405	
M77-4108		Harappa	M77	Y	M77	2 32 904 740	2 32 904 740	
M77-4109		Harappa	M77	Y	M77	315 741 125 590 405 740	315 741 125 590 405 740	
M77-4111		Harappa	M77	Y	M77	741 231 233 590 390 740	741 231 233 590 390 740	
M77-4113		Harappa	M77	Y	M77	? 745 233 798 740	? 745 233 798 740	
M77-4115		Harappa	M77	Y	M77	31 ?	31 ?	
M77-4121		Harappa	M77	Y	M77	31 220 440 590	31 220 440 590	
M77-4122		Harappa	M77	Y	M77	495 3 390	495 3 390	
M77-4123		Harappa	M77	Y	M77	? 2 495 615 740 0 615 892 892 590 892 740	? 2 495 615 740 0 615 892 892 590 892 740	
M77-4124		Harappa	M77	Y	M77	? 740	? 740	
M77-4127		Harappa	M77	Y	M77	?	?	
M77-4131		Harappa	M77	Y	M77	125 405 741 590 405 740	125 405 741 590 405 740	
M77-4136		Harappa	M77	Y	M77	504 151	504 151	
M77-4144		Harappa	M77	Y	M77	97 151	97 151	
M77-4150		Harappa	M77	Y	M77	440 440 740	440 440 740	
M77-4153		Harappa	M77	Y	M77	510 460 2 235 240	510 460 2 235 240	
M77-4154		Harappa	M77	Y	M77	861 2 233	861 2 233	
M77-4158		Harappa	M77	Y	M77	762	762	
M77-4159		Harappa	M77	Y	M77	820 2 32	820 2 32	
M77-4160		Harappa	M77	Y	M77	4 405	4 405	
M77-4163		Harappa	M77	Y	M77	527 ? 825 111	527 ? 825 111	
M77-4165		Harappa	M77	Y	M77	? 390	? 390	
M77-4167		Harappa	M77	Y	M77	32 740	32 740	
M77-4169		Harappa	M77	Y	M77	904 832	904 832	
M77-4170		Harappa	M77	Y	M77	690 740	690 740	
M77-4176		Harappa	M77	Y	M77	820 2 240	820 2 240	
M77-4177		Harappa	M77	Y	M77	97 151	97 151	
M77-4178		Harappa	M77	Y	M77	690 255	690 255	
M77-4180		Harappa	M77	Y	M77	416 2	416 2	
M77-4181		Harappa	M77	Y	M77	? 740	? 740	
M77-4183		Harappa	M77	Y	M77	861	861	
M77-4185		Harappa	M77	Y	M77	645 632	645 632	
M77-4186		Harappa	M77	Y	M77	2 921	2 921	
M77-4189		Harappa	M77	Y	M77	233 503 17 740	233 503 17 740	
M77-4197		Harappa	M77	Y	M77	156	156	
M77-4198		Harappa	M77	Y	M77	798 740	798 740	
M77-4204		Harappa	M77	Y	M77	32 632 615 615 0 621	32 632 615 615 0 621	
M77-4206		Harappa	M77	Y	M77	3	3	
M77-4207		Harappa	M77	Y	M77	745	745	
M77-4208		Harappa	M77	Y	M77	921	921	
M77-4212		Harappa	M77	Y	M77	861	861	
M77-4217		Harappa	M77	Y	M77	90 90	90 90	
M77-4220		Harappa	M77	Y	M77	595 ? 820	595 ? 820	
M77-4222		Harappa	M77	Y	M77	575 405 745 0 575 405	575 405 745 0 575 405	
M77-4224		Harappa	M77	Y	M77	31 480 ? 740 0 1 550	31 480 ? 740 0 1 550	
M77-4225		Harappa	M77	Y	M77	233 140	233 140	
M77-4227		Harappa	M77	Y	M77	440 194 278 368 521	440 194 278 368 521	
M77-4228		Harappa	M77	Y	M77	741 ? 269 400	741 ? 269 400	
M77-4236		Harappa	M77	Y	M77	692	692	
M77-4243		Harappa	M77	Y	M77	60 4 ? 740	60 4 ? 740	
M77-4244		Harappa	M77	Y	M77	31 575 2 806	31 575 2 806	
M77-4246		Harappa	M77	Y	M77	?	?	
M77-4250		Harappa	M77	Y	M77	220 2 240 235 760 740	220 2 240 235 760 740	
M77-4251		Harappa	M77	Y	M77	905 705 798 0 ? ? ? 65	905 705 798 0 ? ? ? 65	
M77-4259		Harappa	M77	Y	M77	233	233	
M77-4263		Harappa	M77	Y	M77	741 32 220 240 840 32 740	741 32 220 240 840 32 740	
M77-4271		Harappa	M77	Y	M77	190 794 575 595 2 55 705 33 240 233 840 32 740	190 794 575 595 2 55 705 33 240 233 840 32 740	
M77-4273		Harappa	M77	Y	M77	705 717 388 156	705 717 388 156	
M77-4275		Harappa	M77	Y	M77	820 2 235 632 794 705 33 61 405	820 2 235 632 794 705 33 61 405	
M77-4276		Harappa	M77	Y	M77	467 806 156 400 0 17 368	467 806 156 400 0 17 368	
M77-4277		Harappa	M77	Y	M77	220	220	
M77-4280		Harappa	M77	Y	M77	190 892 ?	190 892 ?	
M77-4282		Harappa	M77	Y	M77	861 2 ? 467 806 156	861 2 ? 467 806 156	
M77-4283		Harappa	M77	Y	M77	920 920 920 740 ?	920 920 920 740 ?	
M77-4284		Harappa	M77	Y	M77	503 615 156	503 615 156	
M77-4287		Harappa	M77	Y	M77	235 231 61 405	235 231 61 405	
M77-4288		Harappa	M77	Y	M77	235 705 33 585 405	235 705 33 585 405	
M77-4290		Harappa	M77	Y	M77	207 156	207 156	
M77-4291		Harappa	M77	Y	M77	140 705 632	140 705 632	
M77-4293		Harappa	M77	Y	M77	861 2 900	861 2 900	
M77-4294		Harappa	M77	Y	M77	510 165 350 298	510 165 350 298	
M77-4295		Harappa	M77	Y	M77	861 2	861 2	
M77-4297		Harappa	M77	Y	M77	590 405 740 ? 467 806 156	590 405 740 ? 467 806 156	
M77-4299		Harappa	M77	Y	M77	456	456	
M77-4300		Harappa	M77	Y	M77	315	315	
M77-4301		Harappa	M77	Y	M77	820	820	
M77-4303		Harappa	M77	Y	M77	820 820 740	820 820 740	
M77-4304		Harappa	M77	Y	M77	368 ? 741 590 390 151 0 368 ? 741 590 390 151	368 ? 741 590 390 151 0 368 ? 741 590 390 151	
M77-4305		Harappa	M77	Y	M77	742 0 742 0 742	742 0 742 0 742	
M77-4306		Harappa	M77	Y	M77	840 32 740 0 840 32 740	840 32 740 0 840 32 740	
M77-4309		Harappa	M77	Y	M77	70 740 590 0 705 167 0 32 71 700 700	70 740 590 0 705 167 0 32 71 700 700	
M77-4311		Harappa	M77	Y	M77	?	?	
M77-4314		Harappa	M77	Y	M77	861 2 240 904 740 0 32 700	861 2 240 904 740 0 32 700	
M77-4316		Harappa	M77	Y	M77	861 2 31 705 151 33 700	861 2 31 705 151 33 700	
M77-4317		Harappa	M77	Y	M77	692 861 390 740 400	692 861 390 740 400	
M77-4321		Harappa	M77	Y	M77	240 482 760 740 0 745 700	240 482 760 740 0 745 700	
M77-4322		Harappa	M77	Y	M77	? 904 156 400	? 904 156 400	
M77-4323		Harappa	M77	Y	M77	467 806 156	467 806 156	
M77-4324		Harappa	M77	Y	M77	220 220 70 520 0 32 700	220 220 70 520 0 32 700	
M77-4329		Harappa	M77	Y	M77	840 904 156	840 904 156	
M77-4330		Harappa	M77	Y	M77	892 202 400	892 202 400	
M77-4333		Harappa	M77	Y	M77	798	798	
M77-4334		Harappa	M77	Y	M77	806 415 220 320 920 255 435 690 590 405 740	806 415 220 320 920 255 435 690 590 405 740	
M77-4335		Harappa	M77	Y	M77	806 415 220 320 920 255 435 690 590 405 740	806 415 220 320 920 255 435 690 590 405 740	
M77-4336		Harappa	M77	Y	M77	806 415 220 320 920 255 435 690 590 405 740	806 415 220 320 920 255 435 690 590 405 740	
M77-4342		Harappa	M77	Y	M77	235 100 740 400 0 32 700	235 100 740 400 0 32 700	
M77-4343		Harappa	M77	Y	M77	861 2 240 482 740 0 235 220 176 740	861 2 240 482 740 0 235 220 176 740	
M77-4344		Harappa	M77	Y	M77	849 741 ? 740 0 413 575 335 717 33 700	849 741 ? 740 0 413 575 335 717 33 700	
M77-4345		Harappa	M77	Y	M77	621 705 204 240 632 740 0 33 700	621 705 204 240 632 740 0 33 700	
M77-4346		Harappa	M77	Y	M77	692 60 240 632 740 0 ? 700	692 60 240 632 740 0 ? 700	
M77-4347		Harappa	M77	Y	M77	382 740 400 0 32 700	382 740 400 0 32 700	
M77-4348		Harappa	M77	Y	M77	55 255 435 690 740 400 0 32 700	55 255 435 690 740 400 0 32 700	
M77-4349		Harappa	M77	Y	M77	495 920 2 176 740 335 740 315 0 413 575 335 740 32 700	495 920 2 176 740 335 740 315 0 413 575 335 740 32 700	
M77-4350		Harappa	M77	Y	M77	720 ? 741 806 740 0 33 700	720 ? 741 806 740 0 33 700	
M77-4351		Harappa	M77	Y	M77	741 550 390 2 803 798 740 0 413 575 335 717 33 700	741 550 390 2 803 798 740 0 413 575 335 717 33 700	
M77-4352		Harappa	M77	Y	M77	798 415 220 740 400 0 33 700	798 415 220 740 400 0 33 700	
M77-4353		Harappa	M77	Y	M77	416 840 151 0 33 700	416 840 151 0 33 700	
M77-4354		Harappa	M77	Y	M77	798 240 233 320 0 31 700	798 240 233 320 0 31 700	
M77-4355		Harappa	M77	Y	M77	101 176 100 740 0 32 700	101 176 100 740 0 32 700	
M77-4356		Harappa	M77	Y	M77	16 220 520 400 0 705 861 717 33 700	16 220 520 400 0 705 861 717 33 700	
M77-4357		Harappa	M77	Y	M77	? 156 400 0 32 700	? 156 400 0 32 700	
M77-4358		Harappa	M77	Y	M77	803 235 233 705 33 740 400 0 32 700	803 235 233 705 33 740 400 0 32 700	
M77-4359		Harappa	M77	Y	M77	? 368 0 32 700	? 368 0 32 700	
M77-4360		Harappa	M77	Y	M77	233 550 527 0 32 700	233 550 527 0 32 700	
M77-4361		Harappa	M77	Y	M77	61 142 400 740 0 ? 700	61 142 400 740 0 ? 700	
M77-4362		Harappa	M77	Y	M77	455 740 400 0 240 233 520	455 740 400 0 240 233 520	
M77-4363		Harappa	M77	Y	M77	13 840 740 0 700 220	13 840 740 0 700 220	
M77-4364		Harappa	M77	Y	M77	? 0 32 700	? 0 32 700	
M77-4366		Harappa	M77	Y	M77	? 904	? 904	
M77-4368		Harappa	M77	Y	M77	? ? 176 740 400 0 32 700	? ? 176 740 400 0 32 700	
M77-4369		Harappa	M77	Y	M77	18 336 740 400 0 32 700	18 336 740 400 0 32 700	
M77-4370		Harappa	M77	Y	M77	820 2 554 527 0 32 700	820 2 554 527 0 32 700	
M77-4372		Harappa	M77	Y	M77	176 484 336 740 400 400 0 32 ?	176 484 336 740 400 400 0 32 ?	
M77-4373		Harappa	M77	Y	M77	240 233 740 804 400 0 33 700	240 233 740 804 400 0 33 700	
M77-4374		Harappa	M77	Y	M77	233 520 0 33 700	233 520 0 33 700	
M77-4375		Harappa	M77	Y	M77	861 2 255 615 740 0 33 700	861 2 255 615 740 0 33 700	
M77-4376		Harappa	M77	Y	M77	18 336 740 ? 0 33 700	18 336 740 ? 0 33 700	
M77-4378		Harappa	M77	Y	M77	? 400 0 32 700	? 400 0 32 700	
M77-4380		Harappa	M77	Y	M77	3 426 0 ?	3 426 0 ?	
M77-4381		Harappa	M77	Y	M77	176 175 0 32 700	176 175 0 32 700	
M77-4384		Harappa	M77	Y	M77	740 90 400 0 32	740 90 400 0 32	
M77-4386		Harappa	M77	Y	M77	90 90 500 741 0 3 390 0 33 700	90 90 500 741 0 3 390 0 33 700	
M77-4402		Harappa	M77	Y	M77	382 760 740 0 32 700	382 760 740 0 32 700	
M77-4403		Harappa	M77	Y	M77	176 740 400 0 33 700	176 740 400 0 33 700	
M77-4404		Harappa	M77	Y	M77	920 60 741 176 156 0 32 700	920 60 741 176 156 0 32 700	
M77-4405		Harappa	M77	Y	M77	176 740 400 0 33 700	176 740 400 0 33 700	
M77-4406		Harappa	M77	Y	M77	? 384 740 0 ? 700	? 384 740 0 ? 700	
M77-4407		Harappa	M77	Y	M77	? 400 0 32 700	? 400 0 32 700	
M77-4410		Harappa	M77	Y	M77	233 564 527 0 33 700	233 564 527 0 33 700	
M77-4411		Harappa	M77	Y	M77	220 0 605 760 740 400	220 0 605 760 740 400	
M77-4413		Harappa	M77	Y	M77	565	565	
M77-4414		Harappa	M77	Y	M77	? 400	? 400	
M77-4415		Harappa	M77	Y	M77	4 690 0 235 717 740 400	4 690 0 235 717 740 400	
M77-4416		Harappa	M77	Y	M77	820 60 0 ? 740	820 60 0 ? 740	
M77-4419		Harappa	M77	Y	M77	176 336 740 400 0 32 700	176 336 740 400 0 32 700	
M77-4420		Harappa	M77	Y	M77	13 840 32 632 0 32 700	13 840 32 632 0 32 700	
M77-4423		Harappa	M77	Y	M77	831 892 400	831 892 400	
M77-4424		Harappa	M77	Y	M77	4 390	4 390	
M77-4425		Harappa	M77	Y	M77	4 390	4 390	
M77-4426		Harappa	M77	Y	M77	4 390	4 390	
M77-4427		Harappa	M77	Y	M77	861 368 690 0 ? 840 32 740	861 368 690 0 ? 840 32 740	
M77-4428		Harappa	M77	Y	M77	233 520 0 ? 700	233 520 0 ? 700	
M77-4437		Harappa	M77	Y	M77	220 0 32 510 585	220 0 32 510 585	
M77-4438		Harappa	M77	Y	M77	220 0 350 400 520	220 0 350 400 520	
M77-4439		Harappa	M77	Y	M77	384 0 4 ? 740	384 0 4 ? 740	
M77-4440		Harappa	M77	Y	M77	235 32 904 740 400	235 32 904 740 400	
M77-4441		Harappa	M77	Y	M77	861 2	861 2	
M77-4443		Harappa	M77	Y	M77	861 2	861 2	
M77-4444		Harappa	M77	Y	M77	? 32 740 400 0 33 700	? 32 740 400 0 33 700	
M77-4445		Harappa	M77	Y	M77	240 632 690 740 0 33 700	240 632 690 740 0 33 700	
M77-4446		Harappa	M77	Y	M77	849 741 ? 740 0 413 575 335 717 32 700	849 741 ? 740 0 413 575 335 717 32 700	
M77-4447		Harappa	M77	Y	M77	590 705 ? 0 255 435 156 400	590 705 ? 0 255 435 156 400	
M77-4448		Harappa	M77	Y	M77	416 220 760 740 400 0 ? 700 220	416 220 760 740 400 0 ? 700 220	
M77-4449		Harappa	M77	Y	M77	413 892 877 0 171 ? 240 632 740	413 892 877 0 171 ? 240 632 740	
M77-4450		Harappa	M77	Y	M77	413 892 877 0 171 ? 240 632 740 400	413 892 877 0 171 ? 240 632 740 400	
M77-4451		Harappa	M77	Y	M77	176 336 740 400 0 ? 700	176 336 740 400 0 ? 700	
M77-4452		Harappa	M77	Y	M77	416 220 760 740 400 0 ? 220 700	416 220 760 740 400 0 ? 220 700	
M77-4454		Harappa	M77	Y	M77	861 368 690 0 495 776 740 400	861 368 690 0 495 776 740 400	
M77-4455		Harappa	M77	Y	M77	495 861 740 400 0 33 700	495 861 740 400 0 33 700	
M77-4456		Harappa	M77	Y	M77	? 32 740 400 0 33 700	? 32 740 400 0 33 700	
M77-4457		Harappa	M77	Y	M77	17 575 740 400 0 33 700	17 575 740 400 0 33 700	
M77-4458		Harappa	M77	Y	M77	415 220 520 0 ? 700	415 220 520 0 ? 700	
M77-4460		Harappa	M77	Y	M77	861 368 0 495 776	861 368 0 495 776	
M77-4461		Harappa	M77	Y	M77	? 156 400 0 32 700	? 156 400 0 32 700	
M77-4462		Harappa	M77	Y	M77	? 140 156 400 0 33 700	? 140 156 400 0 33 700	
M77-4463		Harappa	M77	Y	M77	710 455 220 2 0 33 700	710 455 220 2 0 33 700	
M77-4464		Harappa	M77	Y	M77	3 645 32 590 0 415 220 520	3 645 32 590 0 415 220 520	
M77-4465		Harappa	M77	Y	M77	413 892 877 0 923 740	413 892 877 0 923 740	
M77-4466		Harappa	M77	Y	M77	? 400	? 400	
M77-4468		Harappa	M77	Y	M77	362 ? 0 33 700	362 ? 0 33 700	
M77-4469		Harappa	M77	Y	M77	564 740 0 ? 700	564 740 0 ? 700	
M77-4470		Harappa	M77	Y	M77	416 861 2 0 ? 700	416 861 2 0 ? 700	
M77-4471		Harappa	M77	Y	M77	590 705 ? 0 240 231 520 400	590 705 ? 0 240 231 520 400	
M77-4472		Harappa	M77	Y	M77	? 690 0 ? 32 740 400	? 690 0 ? 32 740 400	
M77-4473		Harappa	M77	Y	M77	? 742 0 33 700	? 742 0 33 700	
M77-4474		Harappa	M77	Y	M77	861 33 0 31 520	861 33 0 31 520	
M77-4475		Harappa	M77	Y	M77	? 156 400 0 32 700	? 156 400 0 32 700	
M77-4476		Harappa	M77	Y	M77	176 740 400 0 ? 700	176 740 400 0 ? 700	
M77-4477		Harappa	M77	Y	M77	13 840 32 740 0 861 368 690 33 700	13 840 32 740 0 861 368 690 33 700	
M77-4478		Harappa	M77	Y	M77	590 705 ? 0 255 435 156 400	590 705 ? 0 255 435 156 400	
M77-4479		Harappa	M77	Y	M77	240 151 0 32 700	240 151 0 32 700	
M77-4480		Harappa	M77	Y	M77	590 705 ? 0 255 435 156 400	590 705 ? 0 255 435 156 400	
M77-4481		Harappa	M77	Y	M77	? 690 0 ? 32 740 400	? 690 0 ? 32 740 400	
M77-4482		Harappa	M77	Y	M77	416 590 33 0 255 33	416 590 33 0 255 33	
M77-4483		Harappa	M77	Y	M77	171 35 415 0 33 700	171 35 415 0 33 700	
M77-4484		Harappa	M77	Y	M77	31 382 156 400 0 ? 700	31 382 156 400 0 ? 700	
M77-4485		Harappa	M77	Y	M77	240 760 740 0 861 368 690 ? 700	240 760 740 0 861 368 690 ? 700	
M77-4486		Harappa	M77	Y	M77	416 590 33 0 255 33	416 590 33 0 255 33	
M77-4487		Harappa	M77	Y	M77	240 632 740 400 0 125 700	240 632 740 400 0 125 700	
M77-4488		Harappa	M77	Y	M77	831 892 0 ? 877	831 892 0 ? 877	
M77-4489		Harappa	M77	Y	M77	240 151 400 0 33 700	240 151 400 0 33 700	
M77-4490		Harappa	M77	Y	M77	16 220 520 0 33 700	16 220 520 0 33 700	
M77-4491		Harappa	M77	Y	M77	798 18 0 31 700	798 18 0 31 700	
M77-4492		Harappa	M77	Y	M77	495 861 740 400 0 33 700	495 861 740 400 0 33 700	
M77-4493		Harappa	M77	Y	M77	236 400 0 ? 700	236 400 0 ? 700	
M77-4494		Harappa	M77	Y	M77	550 527 0 700	550 527 0 700	
M77-4497		Harappa	M77	Y	M77	240 100 740 0 33 700	240 100 740 0 33 700	
M77-4498		Harappa	M77	Y	M77	590 368 ? 388 0 ? 700	590 368 ? 388 0 ? 700	
M77-4499		Harappa	M77	Y	M77	233 550 527 0 32 700	233 550 527 0 32 700	
M77-4500		unknown	M77	Y	M77	416 ? 33 0 255 33	416 ? 33 0 255 33	
M77-4501		unknown	M77	Y	M77	? 400 0 ? 700	? 400 0 ? 700	
M77-4502		unknown	M77	Y	M77	900 368 0 33 700	900 368 0 33 700	
M77-4503		unknown	M77	Y	M77	? 400 0 ? 700	? 400 0 ? 700	
M77-4504		unknown	M77	Y	M77	495 861 740 400 0 33 700	495 861 740 400 0 33 700	
M77-4505		unknown	M77	Y	M77	32 510	32 510	
M77-4507		unknown	M77	Y	M77	413 892 690 0 220 520	413 892 690 0 220 520	
M77-4508		unknown	M77	Y	M77	176 740 400 0 ? 700	176 740 400 0 ? 700	
M77-4509		unknown	M77	Y	M77	176 740 400 0 33 700	176 740 400 0 33 700	
M77-4510		unknown	M77	Y	M77	495 861 740 400 0 33 700	495 861 740 400 0 33 700	
M77-4511		unknown	M77	Y	M77	728 904 740 0 33 700	728 904 740 0 33 700	
M77-4512		unknown	M77	Y	M77	13 840 740 0 33 700	13 840 740 0 33 700	
M77-4514		unknown	M77	Y	M77	861 33 0 61 255 740	861 33 0 61 255 740	
M77-4516		unknown	M77	Y	M77	176 740 400 0 ? 700	176 740 400 0 ? 700	
M77-4517		unknown	M77	Y	M77	849 742 0 413 575	849 742 0 413 575	
M77-4518		unknown	M77	Y	M77	861 33 0 31 520	861 33 0 31 520	
M77-4519		unknown	M77	Y	M77	13 840 740 400 0 32 700	13 840 740 400 0 32 700	
M77-4520		unknown	M77	Y	M77	5 900 740 0 33 700	5 900 740 0 33 700	
M77-4521		unknown	M77	Y	M77	220 0 705 167	220 0 705 167	
M77-4522		unknown	M77	Y	M77	336 740 400 0 ? 700	336 740 400 0 ? 700	
M77-4523		unknown	M77	Y	M77	336 740 400 0 33 700	336 740 400 0 33 700	
M77-4525		unknown	M77	Y	M77	900 740 0 33 700	900 740 0 33 700	
M77-4527		unknown	M77	Y	M77	692 0 33	692 0 33	
M77-4528		unknown	M77	Y	M77	832 60 31 0 33 700	832 60 31 0 33 700	
M77-4529		unknown	M77	Y	M77	832 740 0 ?	832 740 0 ?	
M77-4530		unknown	M77	Y	M77	705 400	705 400	
M77-4532		unknown	M77	Y	M77	710 455 0 32	710 455 0 32	
M77-4533		unknown	M77	Y	M77	861	861	
M77-4535		unknown	M77	Y	M77	861 368 0 495 776	861 368 0 495 776	
M77-4536		unknown	M77	Y	M77	495 776 0 849 740	495 776 0 849 740	
M77-4537		unknown	M77	Y	M77	31 ? 0 31 877	31 ? 0 31 877	
M77-4538		unknown	M77	Y	M77	151 400	151 400	
M77-4540		unknown	M77	Y	M77	740	740	
M77-4541		unknown	M77	Y	M77	176 740 400 510 32	176 740 400 510 32	
M77-4543		unknown	M77	Y	M77	176 740 400 0 33 700	176 740 400 0 33 700	
M77-4544		unknown	M77	Y	M77	415 220 520 0 ? 700	415 220 520 0 ? 700	
M77-4545		unknown	M77	Y	M77	690 0 861	690 0 861	
M77-4546		unknown	M77	Y	M77	100 740 0 700	100 740 0 700	
M77-4547		unknown	M77	Y	M77	? 400	? 400	
M77-4548		unknown	M77	Y	M77	176 740 400 0 32 700	176 740 400 0 32 700	
M77-4549		unknown	M77	Y	M77	877 861 740 0 33 700	877 861 740 0 33 700	
M77-4550		unknown	M77	Y	M77	362 740 90 0 33 700	362 740 90 0 33 700	
M77-4551		unknown	M77	Y	M77	233 520 0 32 700	233 520 0 32 700	
M77-4552		unknown	M77	Y	M77	861 2 0 31 700	861 2 0 31 700	
M77-4553		unknown	M77	Y	M77	13 840 740 0 ? 700	13 840 740 0 ? 700	
M77-4554		unknown	M77	Y	M77	13 840 740 0 32 700	13 840 740 0 32 700	
M77-4555		unknown	M77	Y	M77	13 840 740 0 ? 700	13 840 740 0 ? 700	
M77-4556		unknown	M77	Y	M77	32 226 400 0 32 700	32 226 400 0 32 700	
M77-4557		unknown	M77	Y	M77	171 35 0 32	171 35 0 32	
M77-4559		unknown	M77	Y	M77	790 740 0 32 700	790 740 0 32 700	
M77-4560		unknown	M77	Y	M77	13 0 32	13 0 32	
M77-4561		unknown	M77	Y	M77	550 60	550 60	
M77-4562		unknown	M77	Y	M77	240 632 690 740 0 32 700	240 632 690 740 0 32 700	
M77-4564		unknown	M77	Y	M77	13 840 740 0 33 700	13 840 740 0 33 700	
M77-4566		unknown	M77	Y	M77	740 400 0 31 700	740 400 0 31 700	
M77-4571		unknown	M77	Y	M77	740 90 400 0 ? 700	740 90 400 0 ? 700	
M77-4572		unknown	M77	Y	M77	5 405	5 405	
M77-4573		unknown	M77	Y	M77	413 892 877 0 171 ? 240 632 740 400	413 892 877 0 171 ? 240 632 740 400	
M77-4574		unknown	M77	Y	M77	31 388 740 0 ? 700	31 388 740 0 ? 700	
M77-4575		unknown	M77	Y	M77	176 740 400 0 33 700	176 740 400 0 33 700	
M77-4576		unknown	M77	Y	M77	220 0 240 632 690 740 0 ? 700	220 0 240 632 690 740 0 ? 700	
M77-4577		unknown	M77	Y	M77	255 435 156 400 0 ? 700	255 435 156 400 0 ? 700	
M77-4578		unknown	M77	Y	M77	176 740 220	176 740 220	
M77-4579		unknown	M77	Y	M77	255 435 156 400 0 ? 700	255 435 156 400 0 ? 700	
M77-4580		unknown	M77	Y	M77	233 550 527 0 32 700	233 550 527 0 32 700	
M77-4581		unknown	M77	Y	M77	645 0 ? 32 740 400 0 ? 700	645 0 ? 32 740 400 0 ? 700	
M77-4582		unknown	M77	Y	M77	240 632 740 400 0 ? 700	240 632 740 400 0 ? 700	
M77-4583		unknown	M77	Y	M77	415 579 32 877 0 ? 269 760 740	415 579 32 877 0 ? 269 760 740	
M77-4584		unknown	M77	Y	M77	415 579 32 877 0 692 60 240 632 740	415 579 32 877 0 692 60 240 632 740	
M77-4585		unknown	M77	Y	M77	240 632 740 890 32 0 33 700	240 632 740 890 32 0 33 700	
M77-4586		unknown	M77	Y	M77	176 740 400 0 861 368 690 0 33 700	176 740 400 0 861 368 690 0 33 700	
M77-4587		unknown	M77	Y	M77	240 632 740 400 0 ? 700	240 632 740 400 0 ? 700	
M77-4588		unknown	M77	Y	M77	220 0 ? 400 0 33 700	220 0 ? 400 0 33 700	
M77-4589		unknown	M77	Y	M77	176 175 831 615 615 0 892 861 0 32 700	176 175 831 615 615 0 892 861 0 32 700	
M77-4590		unknown	M77	Y	M77	220 0 3 156	220 0 3 156	
M77-4591		unknown	M77	Y	M77	220 0 ? 32 740 400 0 ? 700	220 0 ? 32 740 400 0 ? 700	
M77-4592		unknown	M77	Y	M77	892 803 740	892 803 740	
M77-4593		unknown	M77	Y	M77	727 740 0 33 700	727 740 0 33 700	
M77-4594		unknown	M77	Y	M77	904 705 740 0 32 700	904 705 740 0 32 700	
M77-4595		unknown	M77	Y	M77	55 255 435 0 33 700	55 255 435 0 33 700	
M77-4596		unknown	M77	Y	M77	760 740 400 0 33 700	760 740 400 0 33 700	
M77-4597		unknown	M77	Y	M77	415 100 740 400 0 33 700	415 100 740 400 0 33 700	
M77-4599		unknown	M77	Y	M77	550 ? 32 595 820	550 ? 32 595 820	
M77-4601		Harappa	M77	Y	M77	820 2 137 0 33 700	820 2 137 0 33 700	
M77-4602		Harappa	M77	Y	M77	590 390 740 400 0 33 700	590 390 740 400 0 33 700	
M77-4603		Harappa	M77	Y	M77	415 100 820 595 0 32 700	415 100 820 595 0 32 700	
M77-4604		Harappa	M77	Y	M77	16 220 520 400 0 33 700	16 220 520 400 0 33 700	
M77-4605		Harappa	M77	Y	M77	3 484 740 400 0 33 700	3 484 740 400 0 33 700	
M77-4606		Harappa	M77	Y	M77	415 100 820 595 0 32 700	415 100 820 595 0 32 700	
M77-4607		Harappa	M77	Y	M77	832 832 156 0 33 700	832 832 156 0 33 700	
M77-4610		Harappa	M77	Y	M77	831 892 400 0 32 700	831 892 400 0 32 700	
M77-4613		Harappa	M77	Y	M77	235 590 0 33 700	235 590 0 33 700	
M77-4616		Harappa	M77	Y	M77	235 17 575 740	235 17 575 740	
M77-4617		Harappa	M77	Y	M77	231 151	231 151	
M77-4620		Harappa	M77	Y	M77	632 741 3 390	632 741 3 390	
M77-4622		Harappa	M77	Y	M77	33 156	33 156	
M77-4623		Harappa	M77	Y	M77	590 741 717 151	590 741 717 151	
M77-4624		Harappa	M77	Y	M77	125 390 741	125 390 741	
M77-4626		Harappa	M77	Y	M77	220 585 740	220 585 740	
M77-4627		Harappa	M77	Y	M77	140 705 64	140 705 64	
M77-4633		Harappa	M77	Y	M77	554	554	
M77-4634		Harappa	M77	Y	M77	140 3 900 812 235	140 3 900 812 235	
M77-4636		Harappa	M77	Y	M77	455 0 32	455 0 32	
M77-4637		Harappa	M77	Y	M77	416 0 32	416 0 32	
M77-4639		Harappa	M77	Y	M77	400 0 700	400 0 700	
M77-4641		Harappa	M77	Y	M77	415 100 740 400 0 33 700	415 100 740 400 0 33 700	
M77-4642		Harappa	M77	Y	M77	220 0 615 615 892 740 400 0 32 700	220 0 615 615 892 740 400 0 32 700	
M77-4645		Harappa	M77	Y	M77	220 0 615 615 892 740 400 0 32 700	220 0 615 615 892 740 400 0 32 700	
M77-4646		Harappa	M77	Y	M77	235 590 390 740 400 0 33 700	235 590 390 740 400 0 33 700	
M77-4647		Harappa	M77	Y	M77	336 740 400 0 32 700	336 740 400 0 32 700	
M77-4648		Harappa	M77	Y	M77	690	690	
M77-4649		Harappa	M77	Y	M77	255 435 156 0 32 700	255 435 156 0 32 700	
M77-4651		Harappa	M77	Y	M77	13 840 740 400 0 3 550 615 615	13 840 740 400 0 3 550 615 615	
M77-4652		Harappa	M77	Y	M77	3 142	3 142	
M77-4653		Harappa	M77	Y	M77	790 717 740 0 700 700 700	790 717 740 0 700 700 700	
M77-4658		Harappa	M77	Y	M77	861 368 690 0 ? 840 32 740	861 368 690 0 ? 840 32 740	
M77-4661		Harappa	M77	Y	M77	233 320 920 740 400 0 31 700	233 320 920 740 400 0 31 700	
M77-4665		Harappa	M77	Y	M77	820 2 137 0 32 700	820 2 137 0 32 700	
M77-4666		Harappa	M77	Y	M77	255 435 690 740 400 0 33 700	255 435 690 740 400 0 33 700	
M77-4667		Harappa	M77	Y	M77	803 235 233 705 0 31 700	803 235 233 705 0 31 700	
M77-4668		Harappa	M77	Y	M77	156 400	156 400	
M77-4669		Harappa	M77	Y	M77	560 500 741 5 405	560 500 741 5 405	
M77-4670		Harappa	M77	Y	M77	240 904 740 0 33 700	240 904 740 0 33 700	
M77-4672		Harappa	M77	Y	M77	240 705 33 550 527 400 0 413 575 335 717 33 700	240 705 33 550 527 400 0 413 575 335 717 33 700	
M77-4673		Harappa	M77	Y	M77	820 2 240 233 520 0 33 700	820 2 240 233 520 0 33 700	
M77-4674		Harappa	M77	Y	M77	615 615 892 740 400 0 33 700	615 615 892 740 400 0 33 700	
M77-4675		Harappa	M77	Y	M77	140 705 165 0 33 700	140 705 165 0 33 700	
M77-4676		Harappa	M77	Y	M77	233 550	233 550	
M77-4678		Harappa	M77	Y	M77	840 257 32 0 ? 700	840 257 32 0 ? 700	
M77-4679		Harappa	M77	Y	M77	484 336 740 400 0 32 700	484 336 740 400 0 32 700	
M77-4680		Harappa	M77	Y	M77	897 156 400 0 33 700	897 156 400 0 33 700	
M77-4681		Harappa	M77	Y	M77	255 740 0 ? 700	255 740 0 ? 700	
M77-4682		Harappa	M77	Y	M77	831 892 400 0 32 700	831 892 400 0 32 700	
M77-4683		Harappa	M77	Y	M77	278 255 740 0 ? 700	278 255 740 0 ? 700	
M77-4684		Harappa	M77	Y	M77	350 400 520 400 0 33 700	350 400 520 400 0 33 700	
M77-4685		Harappa	M77	Y	M77	382 760 740 0 ?	382 760 740 0 ?	
M77-4686		Harappa	M77	Y	M77	35 368 0 33 700	35 368 0 33 700	
M77-4687		Harappa	M77	Y	M77	692 60 0 825	692 60 0 825	
M77-4689		Harappa	M77	Y	M77	503 692 336 740 0 33 700	503 692 336 740 0 33 700	
M77-4691		Harappa	M77	Y	M77	482 ? ? 0 32 700	482 ? ? 0 32 700	
M77-4692		Harappa	M77	Y	M77	897 156 400 0 33 700	897 156 400 0 33 700	
M77-4693		Harappa	M77	Y	M77	? 65 220	? 65 220	
M77-4694		Harappa	M77	Y	M77	820 1 530 0 33 832 390	820 1 530 0 33 832 390	
M77-4695		Harappa	M77	Y	M77	? 235	? 235	
M77-4696		Harappa	M77	Y	M77	820 2 803	820 2 803	
M77-4697		Harappa	M77	Y	M77	740	740	
M77-4698		Harappa	M77	Y	M77	220 705 503 100 740 61 405	220 705 503 100 740 61 405	
M77-4699		Harappa	M77	Y	M77	2 ? 740	2 ? 740	
M77-4700		unknown	M77	Y	M77	17 575 0 32 700	17 575 0 32 700	
M77-4701		unknown	M77	Y	M77	510 632 336 204	510 632 336 204	
M77-4702		unknown	M77	Y	M77	240 233 740 804 400 0 33 700	240 233 740 804 400 0 33 700	
M77-4703		unknown	M77	Y	M77	590 390	590 390	
M77-4704		unknown	M77	Y	M77	690 740 400 0 33 700	690 740 400 0 33 700	
M77-4707		unknown	M77	Y	M77	482 335	482 335	
M77-4710		unknown	M77	Y	M77	405	405	
M77-4712		unknown	M77	Y	M77	231 255	231 255	
M77-4713		unknown	M77	Y	M77	908 740 527	908 740 527	
M77-4714		unknown	M77	Y	M77	632 595	632 595	
M77-4715		unknown	M77	Y	M77	740 400	740 400	
M77-4717		unknown	M77	Y	M77	3 255 435 400 0 705 861 717 33	3 255 435 400 0 705 861 717 33	
M77-4718		unknown	M77	Y	M77	741 390 741 31 705 33 520 0 33 700	741 390 741 31 705 33 520 0 33 700	
M77-4801		unknown	M77	Y	M77	745 760 740	745 760 740	
M77-4802		unknown	M77	Y	M77	? 3	? 3	
M77-4803		unknown	M77	Y	M77	3 220 590	3 220 590	
M77-4804		unknown	M77	Y	M77	? 3	? 3	
M77-4807		unknown	M77	Y	M77	33 502	33 502	
M77-4808		unknown	M77	Y	M77	220 388 ?	220 388 ?	
M77-4809		unknown	M77	Y	M77	33 740 61	33 740 61	
M77-4810		unknown	M77	Y	M77	231 550	231 550	
M77-4811		unknown	M77	Y	M77	892 70 1 520	892 70 1 520	
M77-4812		unknown	M77	Y	M77	861 2 220 798	861 2 220 798	
M77-4814		unknown	M77	Y	M77	540	540	
M77-4815		unknown	M77	Y	M77	151	151	
M77-4816		unknown	M77	Y	M77	151	151	
M77-4817		unknown	M77	Y	M77	156	156	
M77-4819		unknown	M77	Y	M77	740 400	740 400	
M77-4820		unknown	M77	Y	M77	17 710 740	17 710 740	
M77-4821		unknown	M77	Y	M77	?	?	
M77-4823		unknown	M77	Y	M77	510 460	510 460	
M77-4824		unknown	M77	Y	M77	503 460	503 460	
M77-4827		unknown	M77	Y	M77	740 798 790 900 740	740 798 790 900 740	
M77-4832		unknown	M77	Y	M77	240	240	
M77-4833		unknown	M77	Y	M77	33 33 55	33 33 55	
M77-4834		unknown	M77	Y	M77	550	550	
M77-4835		unknown	M77	Y	M77	861 2	861 2	
M77-4838		unknown	M77	Y	M77	615 615	615 615	
M77-4840		unknown	M77	Y	M77	692	692	
M77-4841		unknown	M77	Y	M77	156	156	
M77-4844		unknown	M77	Y	M77	90	90	
M77-4845		unknown	M77	Y	M77	3	3	
M77-4846		unknown	M77	Y	M77	510 460	510 460	
M77-4848		unknown	M77	Y	M77	222 235	222 235	
M77-4852		unknown	M77	Y	M77	?	?	
M77-4854		unknown	M77	Y	M77	? 35	? 35	
M77-4855		unknown	M77	Y	M77	3	3	
M77-4856		unknown	M77	Y	M77	35 645	35 645	
M77-4857		unknown	M77	Y	M77	7	7	
M77-4861		unknown	M77	Y	M77	3 4	3 4	
M77-4864		unknown	M77	Y	M77	615	615	
M77-4865		unknown	M77	Y	M77	820	820	
M77-4868		unknown	M77	Y	M77	4	4	
M77-4871		unknown	M77	Y	M77	877 872	877 872	
M77-4873		unknown	M77	Y	M77	16 220	16 220	
M77-4874		unknown	M77	Y	M77	440	440	
M77-4875		unknown	M77	Y	M77	?	?	
M77-4876		unknown	M77	Y	M77	440	440	
M77-4877		unknown	M77	Y	M77	803	803	
M77-4878		unknown	M77	Y	M77	745	745	
M77-4879		unknown	M77	Y	M77	400	400	
M77-4880		unknown	M77	Y	M77	220	220	
M77-4881		unknown	M77	Y	M77	? 4	? 4	
M77-4884		unknown	M77	Y	M77	740	740	
M77-4905		unknown	M77	Y	M77	790 100 790	790 100 790	
M77-5001		Harappa	M77	Y	M77	832 740	832 740	
M77-5003		Harappa	M77	Y	M77	550	550	
M77-5006		Harappa	M77	Y	M77	? 405	? 405	
M77-5010		Harappa	M77	Y	M77	32 790	32 790	
M77-5016		Harappa	M77	Y	M77	467 806 156	467 806 156	
M77-5017		Harappa	M77	Y	M77	111 1	111 1	
M77-5023		Harappa	M77	Y	M77	142	142	
M77-5031		Harappa	M77	Y	M77	335 760 740	335 760 740	
M77-5034		Harappa	M77	Y	M77	368	368	
M77-5051		Harappa	M77	Y	M77	? 740	? 740	
M77-5052		Harappa	M77	Y	M77	798 231 233 740 845 405 467 806 156	798 231 233 740 845 405 467 806 156	
M77-5054		Harappa	M77	Y	M77	16 390	16 390	
M77-5056		Harappa	M77	Y	M77	861 741 0 861 741 240 632 740	861 741 0 861 741 240 632 740	
M77-5057		Harappa	M77	Y	M77	190 60 17 405	190 60 17 405	
M77-5059		Harappa	M77	Y	M77	920 60	920 60	
M77-5060		Harappa	M77	Y	M77	912 740	912 740	
M77-5061		Harappa	M77	Y	M77	745 717 2 235 845 904 832 705	745 717 2 235 845 904 832 705	
M77-5062		Harappa	M77	Y	M77	861 2 806 231 705 33 520	861 2 806 231 705 33 520	
M77-5065		Harappa	M77	Y	M77	2 335 740	2 335 740	
M77-5066		Harappa	M77	Y	M77	773 740	773 740	
M77-5067		Harappa	M77	Y	M77	920 60 806 798 233	920 60 806 798 233	
M77-5068		Harappa	M77	Y	M77	240 798 740	240 798 740	
M77-5071		Harappa	M77	Y	M77	503 17 740	503 17 740	
M77-5072		Harappa	M77	Y	M77	388 740	388 740	
M77-5073		Harappa	M77	Y	M77	32 820 32 0 ? 255 435 2 240 632 740	32 820 32 0 ? 255 435 2 240 632 740	
M77-5074		Harappa	M77	Y	M77	260 368 798 240 233 740 140 845 405	260 368 798 240 233 740 140 845 405	
M77-5076		Harappa	M77	Y	M77	741 503 615 760 740	741 503 615 760 740	
M77-5077		Harappa	M77	Y	M77	700 31 156	700 31 156	
M77-5078		Harappa	M77	Y	M77	850 315 892 1 590 705	850 315 892 1 590 705	
M77-5083		Harappa	M77	Y	M77	803 240 233 679	803 240 233 679	
M77-5084		Harappa	M77	Y	M77	861 2 233 840 32 740	861 2 233 840 32 740	
M77-5089		Harappa	M77	Y	M77	705 33 520	705 33 520	
M77-5092		Harappa	M77	Y	M77	? ?	? ?	
M77-5100		unknown	M77	Y	M77	692 60 4 405	692 60 4 405	
M77-5101		unknown	M77	Y	M77	32 877 740 ? 467 806 156	32 877 740 ? 467 806 156	
M77-5103		unknown	M77	Y	M77	840	840	
M77-5104		unknown	M77	Y	M77	232	232	
M77-5105		unknown	M77	Y	M77	467 806 156	467 806 156	
M77-5107		unknown	M77	Y	M77	920 615 740	920 615 740	
M77-5108		unknown	M77	Y	M77	692 60 33 33	692 60 33 33	
M77-5109		unknown	M77	Y	M77	368 60 255 435 690	368 60 255 435 690	
M77-5110		unknown	M77	Y	M77	803 235	803 235	
M77-5114		unknown	M77	Y	M77	798 240 705 33 347 520	798 240 705 33 347 520	
M77-5120		unknown	M77	Y	M77	912 740	912 740	
M77-5123		unknown	M77	Y	M77	590 ? 151	590 ? 151	
M77-5124		unknown	M77	Y	M77	632 255 435 400	632 255 435 400	
M77-5201		Harappa	M77	Y	M77	3 142	3 142	
M77-5203		Harappa	M77	Y	M77	3 426 0 ?	3 426 0 ?	
M77-5204		Harappa	M77	Y	M77	3 426 0 ?	3 426 0 ?	
M77-5205		Harappa	M77	Y	M77	806 415 220 320 920 255 435 690 590 405 740	806 415 220 320 920 255 435 690 590 405 740	
M77-5206		Harappa	M77	Y	M77	790 717 740	790 717 740	
M77-5221		Harappa	M77	Y	M77	790 176	790 176	
M77-5222		Harappa	M77	Y	M77	235 590 390 740 0 33 700	235 590 390 740 0 33 700	
M77-5223		Harappa	M77	Y	M77	235 590 390 740 0 33 700	235 590 390 740 0 33 700	
M77-5225		Harappa	M77	Y	M77	32 850	32 850	
M77-5227		Harappa	M77	Y	M77	806 415 220 320 920 255 435 690 590 405 740	806 415 220 320 920 255 435 690 590 405 740	
M77-5228		Harappa	M77	Y	M77	560 500	560 500	
M77-5229		Harappa	M77	Y	M77	806 415 220 320 920 255 435 690 590 405 740	806 415 220 320 920 255 435 690 590 405 740	
M77-5230		Harappa	M77	Y	M77	806 415 220 320 920 255 435 690 590 405 740	806 415 220 320 920 255 435 690 590 405 740	
M77-5233		Harappa	M77	Y	M77	741 100	741 100	
M77-5234		Harappa	M77	Y	M77	806 415 220 320 920 255 435 690 590 405 740	806 415 220 320 920 255 435 690 590 405 740	
M77-5237		Harappa	M77	Y	M77	861 2 240 482 740 0 235 220 176 740	861 2 240 482 740 0 235 220 176 740	
M77-5238		Harappa	M77	Y	M77	861 2 240 482 740 0 235 220 176 740	861 2 240 482 740 0 235 220 176 740	
M77-5239		Harappa	M77	Y	M77	861 2 240 482 740 0 235 220 176 740	861 2 240 482 740 0 235 220 176 740	
M77-5240		Harappa	M77	Y	M77	861 2 240 482 740 0 235 220 176 740	861 2 240 482 740 0 235 220 176 740	
M77-5241		Harappa	M77	Y	M77	482 740	482 740	
M77-5242		Harappa	M77	Y	M77	467 806 156	467 806 156	
M77-5243		Harappa	M77	Y	M77	? 904 156 400	? 904 156 400	
M77-5244		Harappa	M77	Y	M77	? 904 156 400	? 904 156 400	
M77-5245		Harappa	M77	Y	M77	467 806 156	467 806 156	
M77-5246		Harappa	M77	Y	M77	806 415 220 320 920	806 415 220 320 920	
M77-5249		Harappa	M77	Y	M77	503 400	503 400	
M77-5250		Harappa	M77	Y	M77	13 840 740 0 700 220	13 840 740 0 700 220	
M77-5251		Harappa	M77	Y	M77	467 806 156	467 806 156	
M77-5252		Harappa	M77	Y	M77	240 482 760 740 0 745 700	240 482 760 740 0 745 700	
M77-5253		Harappa	M77	Y	M77	806 415 220 320 920 255 435 690 590 390 740	806 415 220 320 920 255 435 690 590 390 740	
M77-5254		Harappa	M77	Y	M77	849 741 ? 740 0 413 575 335 717 33 700	849 741 ? 740 0 413 575 335 717 33 700	
M77-5255		Harappa	M77	Y	M77	467 806 156	467 806 156	
M77-5256		Harappa	M77	Y	M77	806 415 220 320 920 255 435 690 590 405 740	806 415 220 320 920 255 435 690 590 405 740	
M77-5257		Harappa	M77	Y	M77	240 482 0 745 700	240 482 0 745 700	
M77-5260		Harappa	M77	Y	M77	503	503	
M77-5264		Harappa	M77	Y	M77	861 2 240 904 740 0 32 700	861 2 240 904 740 0 32 700	
M77-5265		Harappa	M77	Y	M77	790 176 790	790 176 790	
M77-5266		Harappa	M77	Y	M77	790 740	790 740	
M77-5267		Harappa	M77	Y	M77	790 176 790	790 176 790	
M77-5269		Harappa	M77	Y	M77	171 35 415 0 33 700	171 35 415 0 33 700	
M77-5270		Harappa	M77	Y	M77	350 400 520 400 0 32 700	350 400 520 400 0 32 700	
M77-5271		Harappa	M77	Y	M77	137 400 0 ? 700	137 400 0 ? 700	
M77-5274		Harappa	M77	Y	M77	615 615 892 740 400 0 33 700	615 615 892 740 400 0 33 700	
M77-5276		Harappa	M77	Y	M77	235 590 405 740 400 0 33 700	235 590 405 740 400 0 33 700	
M77-5277		Harappa	M77	Y	M77	231 176 740 400 0 ? 700	231 176 740 400 0 ? 700	
M77-5278		Harappa	M77	Y	M77	692 60 240 0 33 700	692 60 240 0 33 700	
M77-5280		Harappa	M77	Y	M77	503 17 740	503 17 740	
M77-5281		Harappa	M77	Y	M77	832 0 700	832 0 700	
M77-5283		Harappa	M77	Y	M77	240 233 740 804 400 0 33 700 125	240 233 740 804 400 0 33 700 125	
M77-5284		Harappa	M77	Y	M77	467 806 156	467 806 156	
M77-5285		Harappa	M77	Y	M77	831 892 400 0 32 700	831 892 400 0 32 700	
M77-5286		Harappa	M77	Y	M77	235 590 390 740 0 33 700	235 590 390 740 0 33 700	
M77-5287		Harappa	M77	Y	M77	590 405 740 400	590 405 740 400	
M77-5289		Harappa	M77	Y	M77	240 482 760 740 0 745 700	240 482 760 740 0 745 700	
M77-5291		Harappa	M77	Y	M77	798 240 0 33	798 240 0 33	
M77-5292		Harappa	M77	Y	M77	705 255 100 740 400 0 ? 700	705 255 100 740 400 0 ? 700	
M77-5293		Harappa	M77	Y	M77	176 336 740 0 32 700	176 336 740 0 32 700	
M77-5296		Harappa	M77	Y	M77	645 0 467 806 156	645 0 467 806 156	
M77-5297		Harappa	M77	Y	M77	590 405 740 400	590 405 740 400	
M77-5298		Harappa	M77	Y	M77	790	790	
M77-5302		unknown	M77	Y	M77	240 520 0 ? 700	240 520 0 ? 700	
M77-5303		unknown	M77	Y	M77	820 2 137 0 ? 32 700	820 2 137 0 ? 32 700	
M77-5304		unknown	M77	Y	M77	510 460	510 460	
M77-5309		unknown	M77	Y	M77	? ? 176	? ? 176	
M77-5310		unknown	M77	Y	M77	920 60 741 3 405 0 33 700	920 60 741 3 405 0 33 700	
M77-5311		unknown	M77	Y	M77	482 760 740 0 745 700	482 760 740 0 745 700	
M77-5312		unknown	M77	Y	M77	440	440	
M77-5313		unknown	M77	Y	M77	440	440	
M77-5314		unknown	M77	Y	M77	440	440	
M77-5315		unknown	M77	Y	M77	440	440	
M77-5316		unknown	M77	Y	M77	440	440	
M77-5317		unknown	M77	Y	M77	235 233 264 760 740 0 32 700	235 233 264 760 740 0 32 700	
M77-5318		unknown	M77	Y	M77	235 233 264 760 740 0 32 700	235 233 264 760 740 0 32 700	
M77-5319		unknown	M77	Y	M77	690 220 0 33 700	690 220 0 33 700	
M77-5320		unknown	M77	Y	M77	413 892 877 0 415 220 520	413 892 877 0 415 220 520	
M77-5321		unknown	M77	Y	M77	220 236 400 0 33 700	220 236 400 0 33 700	
M77-5322		unknown	M77	Y	M77	820 4 390 0 33 700	820 4 390 0 33 700	
M77-5323		unknown	M77	Y	M77	235 232 400 0 32 700	235 232 400 0 32 700	
M77-5324		unknown	M77	Y	M77	861 368 0 840 32 740	861 368 0 840 32 740	
M77-5325		unknown	M77	Y	M77	820 2 0 ? 700 740	820 2 0 ? 700 740	
M77-5326		unknown	M77	Y	M77	190 527 400	190 527 400	
M77-5327		unknown	M77	Y	M77	371 455 0 32 700	371 455 0 32 700	
M77-5328		unknown	M77	Y	M77	176 690 740	176 690 740	
M77-5329		unknown	M77	Y	M77	413 0 315 416 31 2 240	413 0 315 416 31 2 240	
M77-5331		unknown	M77	Y	M77	3 142	3 142	
M77-5333		unknown	M77	Y	M77	3 142	3 142	
M77-5334		unknown	M77	Y	M77	240 482 0 745 700	240 482 0 745 700	
M77-5335		unknown	M77	Y	M77	484 336 740 0 33 700	484 336 740 0 33 700	
M77-5336		unknown	M77	Y	M77	484 336 740 0 32 700	484 336 740 0 32 700	
M77-5337		unknown	M77	Y	M77	692 60 240 632 740 0 33 700	692 60 240 632 740 0 33 700	
M77-5339		unknown	M77	Y	M77	176 790	176 790	
M77-5340		unknown	M77	Y	M77	350 460 798 740	350 460 798 740	
M77-5341		unknown	M77	Y	M77	832 832 740	832 832 740	
M77-5401		unknown	M77	Y	M77	? 690 0 ? 32 740 400	? 690 0 ? 32 740 400	
M77-5402		unknown	M77	Y	M77	240 632 690 740 0 32 700	240 632 690 740 0 32 700	
M77-5403		unknown	M77	Y	M77	400 0 400	400 0 400	
M77-5404		unknown	M77	Y	M77	590 405 740	590 405 740	
M77-5405		unknown	M77	Y	M77	176 740 400 0 ? 700	176 740 400 0 ? 700	
M77-5406		unknown	M77	Y	M77	? 400 0 ? 700	? 400 0 ? 700	
M77-5407		unknown	M77	Y	M77	176 740 400 0 33 700	176 740 400 0 33 700	
M77-5408		unknown	M77	Y	M77	176 740 0 33 700	176 740 0 33 700	
M77-5409		unknown	M77	Y	M77	176 740 400 0 33 700	176 740 400 0 33 700	
M77-5410		unknown	M77	Y	M77	900 368 0 32 700	900 368 0 32 700	
M77-5411		unknown	M77	Y	M77	176 740 400 0 33 700	176 740 400 0 33 700	
M77-5412		unknown	M77	Y	M77	176 740 400 0 33 700	176 740 400 0 33 700	
M77-5413		unknown	M77	Y	M77	176 740 400 0 33 700 0 33 700	176 740 400 0 33 700 0 33 700	
M77-5414		unknown	M77	Y	M77	740 400 0 31 700	740 400 0 31 700	
M77-5415		unknown	M77	Y	M77	176 740 0 32 700	176 740 0 32 700	
M77-5416		unknown	M77	Y	M77	176 740 400 0 33 700	176 740 400 0 33 700	
M77-5417		unknown	M77	Y	M77	615 0 892	615 0 892	
M77-5418		unknown	M77	Y	M77	900 368 0 ? 700	900 368 0 ? 700	
M77-5419		unknown	M77	Y	M77	176 740 400 0 33 700	176 740 400 0 33 700	
M77-5420		unknown	M77	Y	M77	176 740 0 32 700	176 740 0 32 700	
M77-5421		unknown	M77	Y	M77	176 740 400 0 33 700	176 740 400 0 33 700	
M77-5422		unknown	M77	Y	M77	176 740 400 0 33 700	176 740 400 0 33 700	
M77-5423		unknown	M77	Y	M77	176 740 400 0 33 700	176 740 400 0 33 700	
M77-5425		unknown	M77	Y	M77	176 740 400 0 33 700	176 740 400 0 33 700	
M77-5426		unknown	M77	Y	M77	176 740 400 0 ? 700	176 740 400 0 ? 700	
M77-5427		unknown	M77	Y	M77	176 740 400 0 ? 700	176 740 400 0 ? 700	
M77-5428		unknown	M77	Y	M77	740 0 700	740 0 700	
M77-5430		unknown	M77	Y	M77	176 740 400 0 ? 700	176 740 400 0 ? 700	
M77-5431		unknown	M77	Y	M77	605 760 740 400	605 760 740 400	
M77-5432		unknown	M77	Y	M77	176 740 400 0 ? 700	176 740 400 0 ? 700	
M77-5433		unknown	M77	Y	M77	176 740 400 0 ? 700	176 740 400 0 ? 700	
M77-5434		unknown	M77	Y	M77	176 740 400 0 33 700	176 740 400 0 33 700	
M77-5436		unknown	M77	Y	M77	900 368 0 33 700	900 368 0 33 700	
M77-5437		unknown	M77	Y	M77	176 740 400 0 33 700	176 740 400 0 33 700	
M77-5438		unknown	M77	Y	M77	740 400 0 33	740 400 0 33	
M77-5440		unknown	M77	Y	M77	176 740 400 0 ? 700	176 740 400 0 ? 700	
M77-5441		unknown	M77	Y	M77	13 840 0 32	13 840 0 32	
M77-5442		unknown	M77	Y	M77	176 740 400 0 33 700	176 740 400 0 33 700	
M77-5443		unknown	M77	Y	M77	176 740 0 32 700	176 740 0 32 700	
M77-5444		unknown	M77	Y	M77	? 400 0 32 700	? 400 0 32 700	
M77-5446		unknown	M77	Y	M77	740 400 0 33	740 400 0 33	
M77-5447		unknown	M77	Y	M77	176 740 400 0 ? 700	176 740 400 0 ? 700	
M77-5449		unknown	M77	Y	M77	176 740 400 0 33 700	176 740 400 0 33 700	
M77-5450		unknown	M77	Y	M77	415 220 520 0 ? 700	415 220 520 0 ? 700	
M77-5451		unknown	M77	Y	M77	740 400 0 33	740 400 0 33	
M77-5452		unknown	M77	Y	M77	13 840 740 0 33 700	13 840 740 0 33 700	
M77-5453		unknown	M77	Y	M77	892 803 740	892 803 740	
M77-5454		unknown	M77	Y	M77	13 840 740 0 32 700	13 840 740 0 32 700	
M77-5455		unknown	M77	Y	M77	740 0 ? 700	740 0 ? 700	
M77-5456		unknown	M77	Y	M77	740 400 0 700	740 400 0 700	
M77-5457		unknown	M77	Y	M77	176 740 400 0 33 700	176 740 400 0 33 700	
M77-5459		unknown	M77	Y	M77	605 760 740 400	605 760 740 400	
M77-5460		unknown	M77	Y	M77	416 220 740 760 400 0 ? 700 220	416 220 740 760 400 0 ? 700 220	
M77-5461		unknown	M77	Y	M77	416 220 760 740 400 0 ? 700 220	416 220 760 740 400 0 ? 700 220	
M77-5462		unknown	M77	Y	M77	384 0 4 ? 740	384 0 4 ? 740	
M77-5463		unknown	M77	Y	M77	220 0 3 156	220 0 3 156	
M77-5464		unknown	M77	Y	M77	176 740 400 0 32 700	176 740 400 0 32 700	
M77-5466		unknown	M77	Y	M77	798 760 740 0 32 700	798 760 740 0 32 700	
M77-5467		unknown	M77	Y	M77	384 0 4 ? 740	384 0 4 ? 740	
M77-5471		unknown	M77	Y	M77	413 892 690 0 260 741 565 0 ? 700	413 892 690 0 260 741 565 0 ? 700	
M77-5472		unknown	M77	Y	M77	880 32 156 0 32 700	880 32 156 0 32 700	
M77-5473		unknown	M77	Y	M77	240 632 740 400 0 700 125	240 632 740 400 0 700 125	
M77-5474		unknown	M77	Y	M77	840 32 740 0 33 700	840 32 740 0 33 700	
M77-5476		unknown	M77	Y	M77	820 60 61 740 0 32 700	820 60 61 740 0 32 700	
M77-5478		unknown	M77	Y	M77	233 550 527 0 33 700	233 550 527 0 33 700	
M77-5479		unknown	M77	Y	M77	240 632 690 740 0 32 700	240 632 690 740 0 32 700	
M77-5480		unknown	M77	Y	M77	31 861 33 0 61 255 740	31 861 33 0 61 255 740	
M77-5481		unknown	M77	Y	M77	240 632 740 400 0 125 700	240 632 740 400 0 125 700	
M77-5482		unknown	M77	Y	M77	877 0 171 ?	877 0 171 ?	
M77-5484		unknown	M77	Y	M77	700 220	700 220	
M77-5485		unknown	M77	Y	M77	? 690 0 ? 32 740 400	? 690 0 ? 32 740 400	
M77-5486		unknown	M77	Y	M77	? 690 0 ? 32 740 400	? 690 0 ? 32 740 400	
M77-5487		unknown	M77	Y	M77	233 32 840 740 400	233 32 840 740 400	
M77-5488		unknown	M77	Y	M77	632 740 400	632 740 400	
M77-5489		unknown	M77	Y	M77	?	?	
M77-5490		unknown	M77	Y	M77	176 175 831 615 615 0 892 861 0 32 700	176 175 831 615 615 0 892 861 0 32 700	
M77-5492		unknown	M77	Y	M77	255 435 0 ?	255 435 0 ?	
M77-5494		unknown	M77	Y	M77	413 892 877 0 240 151	413 892 877 0 240 151	
M77-5495		unknown	M77	Y	M77	16 615 615 0 33 700	16 615 615 0 33 700	
M77-5496		unknown	M77	Y	M77	233 520 0 33 700	233 520 0 33 700	
M77-5497		unknown	M77	Y	M77	705 632 336 151 400 0 ? 700	705 632 336 151 400 0 ? 700	
M77-5498		unknown	M77	Y	M77	? 32 740 400 0 32 700	? 32 740 400 0 32 700	
M77-5499		unknown	M77	Y	M77	176 740 400 0 33 700	176 740 400 0 33 700	
M77-5501		unknown	M77	Y	M77	?	?	
M77-5504		unknown	M77	Y	M77	892	892	
M77-5505		unknown	M77	Y	M77	32 70 405	32 70 405	
M77-5506		unknown	M77	Y	M77	? 1	? 1	
M77-5507		unknown	M77	Y	M77	861 2 32 840 233 220	861 2 32 840 233 220	
M77-5508		unknown	M77	Y	M77	861 2 585 740	861 2 585 740	
M77-5510		unknown	M77	Y	M77	347 405 0 315 140	347 405 0 315 140	
M77-5511		unknown	M77	Y	M77	3	3	
M77-5513		unknown	M77	Y	M77	3	3	
M77-5514		unknown	M77	Y	M77	?	?	
M77-5515		unknown	M77	Y	M77	3 0 790 151	3 0 790 151	
M77-5516		unknown	M77	Y	M77	405 740	405 740	
M77-5517		unknown	M77	Y	M77	3	3	
M77-5519		unknown	M77	Y	M77	877 872	877 872	
M77-5601		unknown	M77	Y	M77	645 3 405 0 320 920 740	645 3 405 0 320 920 740	
M77-6104		unknown	M77	Y	M77	745 255 0 220 440 740	745 255 0 220 440 740	
M77-6108		unknown	M77	Y	M77	550 60 0 235 904 400 520 ?	550 60 0 235 904 400 520 ?	
M77-6111		unknown	M77	Y	M77	? 140 32 820 32	? 140 32 820 32	
M77-6112		unknown	M77	Y	M77	861 2 0 240 632 740	861 2 0 240 632 740	
M77-6113		unknown	M77	Y	M77	456 740 741 530 32 850 0 ?	456 740 741 530 32 850 0 ?	
M77-6115		unknown	M77	Y	M77	790 390 368 0 32 390 440	790 390 368 0 32 390 440	
M77-6116		unknown	M77	Y	M77	850 480 ? 2 32 226 0 ? 702 125 390	850 480 ? 2 32 226 0 ? 702 125 390	
M77-6118		unknown	M77	Y	M77	690 0 151 ?	690 0 151 ?	
M77-6122		unknown	M77	Y	M77	100 740 0 90	100 740 0 90	
M77-6124		unknown	M77	Y	M77	861 2 235 222 740 0 ?	861 2 235 222 740 0 ?	
M77-6125		unknown	M77	Y	M77	? 264 368 2 101 100 740 140 845 405	? 264 368 2 101 100 740 140 845 405	
M77-6128		unknown	M77	Y	M77	590 405 740	590 405 740	
M77-6130		unknown	M77	Y	M77	? 368 ?	? 368 ?	
M77-6131		unknown	M77	Y	M77	679	679	
M77-6133		unknown	M77	Y	M77	920 60 31 ? ? 842	920 60 31 ? ? 842	
M77-6201		unknown	M77	Y	M77	892 ? 741 61 740	892 ? 741 61 740	
M77-6202		unknown	M77	Y	M77	235 240 740 151 0 ?	235 240 740 151 0 ?	
M77-6203		unknown	M77	Y	M77	4 690 861 2 ? 0 13 840 390	4 690 861 2 ? 0 13 840 390	
M77-6204		unknown	M77	Y	M77	861 2 235 222 740 0 ?	861 2 235 222 740 0 ?	
M77-6205		unknown	M77	Y	M77	222 740 90 0 521 521 861	222 740 90 0 521 521 861	
M77-6207		unknown	M77	Y	M77	861 2 798 240 705 33 520	861 2 798 240 705 33 520	
M77-6208		unknown	M77	Y	M77	820 2	820 2	
M77-6209		unknown	M77	Y	M77	? 156	? 156	
M77-6215		unknown	M77	Y	M77	240 705 33 803 220	240 705 33 803 220	
M77-6216		unknown	M77	Y	M77	861 2 31 550	861 2 31 550	
M77-6218		unknown	M77	Y	M77	803 832 832 740 0 ?	803 832 832 740 0 ?	
M77-6219		unknown	M77	Y	M77	861 2 32 220 240 100	861 2 32 220 240 100	
M77-6221		unknown	M77	Y	M77	? 60 32 220	? 60 32 220	
M77-6229		unknown	M77	Y	M77	4 690 298 2 840 32 740	4 690 298 2 840 32 740	
M77-6232		unknown	M77	Y	M77	388 527	388 527	
M77-6233		unknown	M77	Y	M77	220 803 32 220 140 844 390 ?	220 803 32 220 140 844 390 ?	
M77-6234		unknown	M77	Y	M77	31 705 167	31 705 167	
M77-6235		unknown	M77	Y	M77	405 740	405 740	
M77-6303		unknown	M77	Y	M77	540	540	
M77-6305		unknown	M77	Y	M77	55 740 0 ?	55 740 0 ?	
M77-6306		unknown	M77	Y	M77	16 220 776 825 ? 5 347 390 0 ? 900 31 235 240 840 32 740	16 220 776 825 ? 5 347 390 0 ? 900 31 235 240 840 32 740	
M77-6402		unknown	M77	Y	M77	388 33 812 125 350 0 298 2 0 127 861	388 33 812 125 350 0 298 2 0 127 861	
M77-6403		unknown	M77	Y	M77	32 632 840 298 2 0 32 384 740 ?	32 632 840 298 2 0 32 384 740 ?	
M77-6405		unknown	M77	Y	M77	255 413	255 413	
M77-7002		Lothal	M77	Y	M77	4 156	4 156	
M77-7004		Lothal	M77	Y	M77	554 527	554 527	
M77-7005		Lothal	M77	Y	M77	861 368 2 61 390	861 368 2 61 390	
M77-7006		Lothal	M77	Y	M77	? 844 405	? 844 405	
M77-7007		Lothal	M77	Y	M77	? 845 405	? 845 405	
M77-7008		Lothal	M77	Y	M77	861 2 803	861 2 803	
M77-7009		Lothal	M77	Y	M77	503 460 240 233 705 33 520	503 460 240 233 705 33 520	
M77-7016		Lothal	M77	Y	M77	585 585	585 585	
M77-7017		Lothal	M77	Y	M77	920 ? 615 ? 1 5 405	920 ? 615 ? 1 5 405	
M77-7019		Lothal	M77	Y	M77	904 140	904 140	
M77-7022		Lothal	M77	Y	M77	235 555 527	235 555 527	
M77-7023		Lothal	M77	Y	M77	692 60 176 740 400	692 60 176 740 400	
M77-7025		Lothal	M77	Y	M77	390 741 32 226 0 71 ?	390 741 32 226 0 71 ?	
M77-7026		Lothal	M77	Y	M77	861 2 ? 255 435 705 590	861 2 ? 255 435 705 590	
M77-7027		Lothal	M77	Y	M77	611 820	611 820	
M77-7028		Lothal	M77	Y	M77	632 741 233 236 440 ?	632 741 233 236 440 ?	
M77-7030		Lothal	M77	Y	M77	760 740	760 740	
M77-7031		Lothal	M77	Y	M77	347 390 60 233 550 527 1 350	347 390 60 233 550 527 1 350	
M77-7032		Lothal	M77	Y	M77	140 405 60 3 426	140 405 60 3 426	
M77-7034		Lothal	M77	Y	M77	104 890 ? 405	104 890 ? 405	
M77-7036		Lothal	M77	Y	M77	140 16 390	140 16 390	
M77-7038		Lothal	M77	Y	M77	820 2 32 220 ?	820 2 32 220 ?	
M77-7040		Lothal	M77	Y	M77	5 156	5 156	
M77-7042		Lothal	M77	Y	M77	880 2 175 760 740	880 2 175 760 740	
M77-7044		Lothal	M77	Y	M77	416 ? 692 455 2 0 ? 760 740	416 ? 692 455 2 0 ? 760 740	
M77-7046		Lothal	M77	Y	M77	790 100 740	790 100 740	
M77-7048		Lothal	M77	Y	M77	13 0 ? 0 171 0 220 0 519 315 32 220 904 740	13 0 ? 0 171 0 220 0 519 315 32 220 904 740	
M77-7050		Lothal	M77	Y	M77	740 90	740 90	
M77-7053		Lothal	M77	Y	M77	240 100 151	240 100 151	
M77-7054		Lothal	M77	Y	M77	861 2 3	861 2 3	
M77-7055		Lothal	M77	Y	M77	235 233 740 564	235 233 740 564	
M77-7057		Lothal	M77	Y	M77	235 233 555 527	235 233 555 527	
M77-7063		Lothal	M77	Y	M77	374 742 3 405	374 742 3 405	
M77-7064		Lothal	M77	Y	M77	820 595 1 ?	820 595 1 ?	
M77-7065		Lothal	M77	Y	M77	368 55 55 705 575	368 55 55 705 575	
M77-7070		Lothal	M77	Y	M77	176 235	176 235	
M77-7072		Lothal	M77	Y	M77	? 405	? 405	
M77-7073		Lothal	M77	Y	M77	2 111	2 111	
M77-7074		Lothal	M77	Y	M77	? 798 2 190 527	? 798 2 190 527	
M77-7075		Lothal	M77	Y	M77	790 790	790 790	
M77-7076		Lothal	M77	Y	M77	233 740 255 90	233 740 255 90	
M77-7077		Lothal	M77	Y	M77	503 615 740 90	503 615 740 90	
M77-7078		Lothal	M77	Y	M77	495 4 390	495 4 390	
M77-7081		Lothal	M77	Y	M77	? 405 368 60 ? 3 426	? 405 368 60 ? 3 426	
M77-7082		Lothal	M77	Y	M77	? ? 415 220 520	? ? 415 220 520	
M77-7085		Lothal	M77	Y	M77	384 717 705 540	384 717 705 540	
M77-7086		Lothal	M77	Y	M77	? 175 2 ? 416	? 175 2 ? 416	
M77-7088		Lothal	M77	Y	M77	861 2 231 773 740	861 2 231 773 740	
M77-7089		Lothal	M77	Y	M77	35 130 2 354 460 798 740	35 130 2 354 460 798 740	
M77-7090		Lothal	M77	Y	M77	861 2 235 555 527	861 2 235 555 527	
M77-7092		Lothal	M77	Y	M77	806 798	806 798	
M77-7093		Lothal	M77	Y	M77	215 740	215 740	
M77-7094		Lothal	M77	Y	M77	605 760 740 ? 71	605 760 740 ? 71	
M77-7095		Lothal	M77	Y	M77	861 2 832	861 2 832	
M77-7098		Lothal	M77	Y	M77	560	560	
M77-7099		Lothal	M77	Y	M77	575 31 60 0 575 31 60	575 31 60 0 575 31 60	
M77-7100		unknown	M77	Y	M77	912 740	912 740	
M77-7103		unknown	M77	Y	M77	861 2 240	861 2 240	
M77-7104		unknown	M77	Y	M77	17 740	17 740	
M77-7105		unknown	M77	Y	M77	806 231 2 900 220	806 231 2 900 220	
M77-7111		unknown	M77	Y	M77	877 2 416	877 2 416	
M77-7112		unknown	M77	Y	M77	861 2 ?	861 2 ?	
M77-7201		Lothal	M77	Y	M77	405 405 405 90 0 904 740	405 405 405 90 0 904 740	
M77-7202		Lothal	M77	Y	M77	111 590 315	111 590 315	
M77-7203		Lothal	M77	Y	M77	861 2 ? 740	861 2 ? 740	
M77-7204		Lothal	M77	Y	M77	692 60 14 140 405	692 60 14 140 405	
M77-7205		Lothal	M77	Y	M77	861 2 ? 740	861 2 ? 740	
M77-7206		Lothal	M77	Y	M77	861 2 ? 740	861 2 ? 740	
M77-7207		Lothal	M77	Y	M77	920 840 368 2 235	920 840 368 2 235	
M77-7209		Lothal	M77	Y	M77	?	?	
M77-7211		Lothal	M77	Y	M77	605 760 740	605 760 740	
M77-7212		Lothal	M77	Y	M77	500 741 ? 55 220	500 741 ? 55 220	
M77-7213		Lothal	M77	Y	M77	236	236	
M77-7214		Lothal	M77	Y	M77	861 2 70 520	861 2 70 520	
M77-7215		Lothal	M77	Y	M77	705 500 741 ? 55 0 880 2 32 590 390 740	705 500 741 ? 55 0 880 2 32 590 390 740	
M77-7216		Lothal	M77	Y	M77	2 605 760 740	2 605 760 740	
M77-7217		Lothal	M77	Y	M77	605 760 740 0 861 2 0 220 740 90 0 880 2	605 760 740 0 861 2 0 220 740 90 0 880 2	
M77-7218		Lothal	M77	Y	M77	33 752 740 0 2 803 798 740	33 752 740 0 2 803 798 740	
M77-7219		Lothal	M77	Y	M77	615 615 2 240 0 315 920 2	615 615 2 240 0 315 920 2	
M77-7220		Lothal	M77	Y	M77	615 615 2 240 233 220 520	615 615 2 240 233 220 520	
M77-7221		Lothal	M77	Y	M77	500 741	500 741	
M77-7222		Lothal	M77	Y	M77	? 140	? 140	
M77-7223		Lothal	M77	Y	M77	880 2 32 590 390	880 2 32 590 390	
M77-7225		Lothal	M77	Y	M77	615 615 2	615 615 2	
M77-7227		Lothal	M77	Y	M77	705 500 0 388 741 269	705 500 0 388 741 269	
M77-7228		Lothal	M77	Y	M77	861 2 ? 740	861 2 ? 740	
M77-7229		Lothal	M77	Y	M77	861 2	861 2	
M77-7230		Lothal	M77	Y	M77	861 2 ? 740	861 2 ? 740	
M77-7231		Lothal	M77	Y	M77	861 2 ? 740	861 2 ? 740	
M77-7232		Lothal	M77	Y	M77	861 2 ? 740	861 2 ? 740	
M77-7233		Lothal	M77	Y	M77	861 2 ? 740	861 2 ? 740	
M77-7234		Lothal	M77	Y	M77	861 2 ? 740	861 2 ? 740	
M77-7235		Lothal	M77	Y	M77	861 2 ?	861 2 ?	
M77-7236		Lothal	M77	Y	M77	705 500 741 ? 55 220 740 90 0 315 920 2 0 880 2	705 500 741 ? 55 220 740 90 0 315 920 2 0 880 2	
M77-7237		Lothal	M77	Y	M77	705 500 0 32 590	705 500 0 32 590	
M77-7238		Lothal	M77	Y	M77	700 ? 615 615	700 ? 615 615	
M77-7240		Lothal	M77	Y	M77	? 140 100 740	? 140 100 740	
M77-7241		Lothal	M77	Y	M77	705 500 741 ? 55 220	705 500 741 ? 55 220	
M77-7245		Lothal	M77	Y	M77	861 2	861 2	
M77-7246		Lothal	M77	Y	M77	240 233 520	240 233 520	
M77-7247		Lothal	M77	Y	M77	692 60 240 233 520 0 615 615 2 240	692 60 240 233 520 0 615 615 2 240	
M77-7248		Lothal	M77	Y	M77	880 2 32 590 390 0 861 2	880 2 32 590 390 0 861 2	
M77-7249		Lothal	M77	Y	M77	705 500 741 ? 55 220 740 90 0 861 2 236	705 500 741 ? 55 220 740 90 0 861 2 236	
M77-7251		Lothal	M77	Y	M77	315 920 2 0 861 2 236	315 920 2 0 861 2 236	
M77-7252		Lothal	M77	Y	M77	615 615 2 240 233 220 520	615 615 2 240 233 220 520	
M77-7253		Lothal	M77	Y	M77	705 500 741 ? 55 220 740 90 0 125 0 880 2	705 500 741 ? 55 220 740 90 0 125 0 880 2	
M77-7257		Lothal	M77	Y	M77	820 2 70 520	820 2 70 520	
M77-7258		Lothal	M77	Y	M77	315 920 2 605 760 740 0 705 500 741 ? 55	315 920 2 605 760 740 0 705 500 741 ? 55	
M77-7259		Lothal	M77	Y	M77	235 231	235 231	
M77-7260		Lothal	M77	Y	M77	741 ? 269	741 ? 269	
M77-7261		Lothal	M77	Y	M77	140 269 2 55 798 740	140 269 2 55 798 740	
M77-7262		Lothal	M77	Y	M77	2 104 590 0 2 104 590	2 104 590 0 2 104 590	
M77-7263		Lothal	M77	Y	M77	240 0 692 60 240	240 0 692 60 240	
M77-7266		Lothal	M77	Y	M77	705 125	705 125	
M77-7267		Lothal	M77	Y	M77	233 590 405 740 0 861 2 236	233 590 405 740 0 861 2 236	
M77-7268		Lothal	M77	Y	M77	880 2	880 2	
M77-7270		Lothal	M77	Y	M77	820 60 235	820 60 235	
M77-7271		Lothal	M77	Y	M77	806	806	
M77-7272		Lothal	M77	Y	M77	798 740	798 740	
M77-7273		Lothal	M77	Y	M77	415 226	415 226	
M77-7274		Lothal	M77	Y	M77	220 125 705 320	220 125 705 320	
M77-7275		Lothal	M77	Y	M77	575 595	575 595	
M77-7277		Lothal	M77	Y	M77	368 2 231 100 740 0 2 220 220 388 740 0 741 240 335 760 740	368 2 231 100 740 0 2 220 220 388 740 0 741 240 335 760 740	
M77-7278		Lothal	M77	Y	M77	861 2 31 ?	861 2 31 ?	
M77-7279		Lothal	M77	Y	M77	705 33 520	705 33 520	
M77-7280		Lothal	M77	Y	M77	590 700 31 ? 740	590 700 31 ? 740	
M77-7281		Lothal	M77	Y	M77	820 482 740	820 482 740	
M77-7283		Lothal	M77	Y	M77	920 60 741 235 255 435 690 0 920 60 741	920 60 741 235 255 435 690 0 920 60 741	
M77-7301		unknown	M77	Y	M77	500 405 483 760	500 405 483 760	
M77-8001		Kalibangan	M77	Y	M77	690 740	690 740	
M77-8002		Kalibangan	M77	Y	M77	906 55	906 55	
M77-8007		Kalibangan	M77	Y	M77	350 717 740	350 717 740	
M77-8011		Kalibangan	M77	Y	M77	590 390 0 368	590 390 0 368	
M77-8012		Kalibangan	M77	Y	M77	632 703 741 0 861 ?	632 703 741 0 861 ?	
M77-8013		Kalibangan	M77	Y	M77	? 151	? 151	
M77-8015		Kalibangan	M77	Y	M77	16 400 0 ? 832	16 400 0 ? 832	
M77-8016		Kalibangan	M77	Y	M77	892 31 2 ? ?	892 31 2 ? ?	
M77-8018		Kalibangan	M77	Y	M77	? 2	? 2	
M77-8019		Kalibangan	M77	Y	M77	2 17 585 740	2 17 585 740	
M77-8020		Kalibangan	M77	Y	M77	550 820 861 368 0 717 740 621	550 820 861 368 0 717 740 621	
M77-8022		Kalibangan	M77	Y	M77	861 2	861 2	
M77-8025		Kalibangan	M77	Y	M77	861 2 ?	861 2 ?	
M77-8026		Kalibangan	M77	Y	M77	920 60 741 ? 140 269 33 33	920 60 741 ? 140 269 33 33	
M77-8030		Kalibangan	M77	Y	M77	740 90	740 90	
M77-8031		Kalibangan	M77	Y	M77	4 390	4 390	
M77-8033		Kalibangan	M77	Y	M77	415 2 ?	415 2 ?	
M77-8035		Kalibangan	M77	Y	M77	17 740 90	17 740 90	
M77-8036		Kalibangan	M77	Y	M77	?	?	
M77-8038		Kalibangan	M77	Y	M77	495 287 2 335 741 ? 440	495 287 2 335 741 ? 440	
M77-8039		Kalibangan	M77	Y	M77	742 ? 742 13 840 760 740	742 ? 742 13 840 760 740	
M77-8040		Kalibangan	M77	Y	M77	140 460 2 ? 298	140 460 2 ? 298	
M77-8041		Kalibangan	M77	Y	M77	3 220 740 151	3 220 740 151	
M77-8042		Kalibangan	M77	Y	M77	220	220	
M77-8043		Kalibangan	M77	Y	M77	741 ? 455 220 1 806 176 140 740	741 ? 455 220 1 806 176 140 740	
M77-8045		Kalibangan	M77	Y	M77	298 2 176 336 740	298 2 176 336 740	
M77-8052		Kalibangan	M77	Y	M77	220	220	
M77-8053		Kalibangan	M77	Y	M77	220	220	
M77-8054		Kalibangan	M77	Y	M77	278 440 741 ?	278 440 741 ?	
M77-8056		Kalibangan	M77	Y	M77	335 220 785 895 350 540 740 400 0 900 ? ? 900 ?	335 220 785 895 350 540 740 400 0 900 ? ? 900 ?	
M77-8058		Kalibangan	M77	Y	M77	5 405	5 405	
M77-8059		Kalibangan	M77	Y	M77	33 97 390	33 97 390	
M77-8060		Kalibangan	M77	Y	M77	298 2 350 460	298 2 350 460	
M77-8101		unknown	M77	Y	M77	832 360 2 362 740 90 0 820 2 220 705 33 520 0 390 595 2 350 31 0 111 495 705	832 360 2 362 740 90 0 820 2 220 705 33 520 0 390 595 2 350 31 0 111 495 705	
M77-8102		unknown	M77	Y	M77	388 520	388 520	
M77-8103		unknown	M77	Y	M77	632 400	632 400	
M77-8105		unknown	M77	Y	M77	798 32 717 415 100 740	798 32 717 415 100 740	
M77-8106		unknown	M77	Y	M77	861 2 4 405	861 2 4 405	
M77-8108		unknown	M77	Y	M77	90 90 55 55 2 ? 890 892	90 90 55 55 2 ? 890 892	
M77-8109		unknown	M77	Y	M77	90 90 55 55 2 ? 890 892	90 90 55 55 2 ? 890 892	
M77-8110		unknown	M77	Y	M77	90 90 55 55 2 ? 890 892	90 90 55 55 2 ? 890 892	
M77-8111		unknown	M77	Y	M77	90 90 55 55 2 ? 890 892	90 90 55 55 2 ? 890 892	
M77-8112		unknown	M77	Y	M77	90 90 55 55 2 ? 890 892	90 90 55 55 2 ? 890 892	
M77-8113		unknown	M77	Y	M77	90 90 55 55 2 ? 890 892	90 90 55 55 2 ? 890 892	
M77-8114		unknown	M77	Y	M77	550 32 798	550 32 798	
M77-8115		unknown	M77	Y	M77	90 90 55 55 2 ? 890 892	90 90 55 55 2 ? 890 892	
M77-8116		unknown	M77	Y	M77	740 0 861 2 790 900 740	740 0 861 2 790 900 740	
M77-8117		unknown	M77	Y	M77	260 740 400 0 32 700	260 740 400 0 32 700	
M77-8119		unknown	M77	Y	M77	861 2 350 460 798 740 0 861 2 350 460 798 740 0 740	861 2 350 460 798 740 0 861 2 350 460 798 740 0 740	
M77-8120		unknown	M77	Y	M77	820 207 368 60 31 156	820 207 368 60 31 156	
M77-8121		unknown	M77	Y	M77	384 0 384	384 0 384	
M77-8201		unknown	M77	Y	M77	590 ? 740 400	590 ? 740 400	
M77-8202		unknown	M77	Y	M77	700 798 740	700 798 740	
M77-8204		unknown	M77	Y	M77	615 740	615 740	
M77-8206		unknown	M77	Y	M77	354 740	354 740	
M77-8207		unknown	M77	Y	M77	31 175	31 175	
M77-8208		unknown	M77	Y	M77	740 400	740 400	
M77-8209		unknown	M77	Y	M77	175	175	
M77-8210		unknown	M77	Y	M77	540 32 220	540 32 220	
M77-8211		unknown	M77	Y	M77	220	220	
M77-8212		unknown	M77	Y	M77	742 550	742 550	
M77-8213		unknown	M77	Y	M77	3 405	3 405	
M77-8214		unknown	M77	Y	M77	?	?	
M77-8215		unknown	M77	Y	M77	55 740 400	55 740 400	
M77-8216		unknown	M77	Y	M77	740	740	
M77-8217		unknown	M77	Y	M77	740 90	740 90	
M77-8218		unknown	M77	Y	M77	176 740	176 740	
M77-8219		unknown	M77	Y	M77	550 60 ? 235	550 60 ? 235	
M77-8220		unknown	M77	Y	M77	33 832 390	33 832 390	
M77-8221		unknown	M77	Y	M77	32 520 233 3	32 520 233 3	
M77-8301		unknown	M77	Y	M77	861 ? 0 5	861 ? 0 5	
M77-8302		unknown	M77	Y	M77	861 2 240 740 90 0 ?	861 2 240 740 90 0 ?	
M77-9022		unknown	M77	Y	M77	235 32 877 740 0 17 585 740 0 298	235 32 877 740 0 17 585 740 0 298	
M77-9031		unknown	M77	Y	M77	235	235	
M77-9041		unknown	M77	Y	M77	140 920 590 ?	140 920 590 ?	
M77-9042		unknown	M77	Y	M77	683	683	
M77-9051		unknown	M77	Y	M77	33 111 31 850 741 32 220	33 111 31 850 741 32 220	
M77-9061		unknown	M77	Y	M77	17 405	17 405	
M77-9062		unknown	M77	Y	M77	17 405	17 405	
M77-9063		unknown	M77	Y	M77	17 405	17 405	
M77-9073		unknown	M77	Y	M77	700 892 2 32 ?	700 892 2 32 ?	
M77-9084		unknown	M77	Y	M77	416 220	416 220	
M77-9085		unknown	M77	Y	M77	? 849	? 849	
M77-9092		unknown	M77	Y	M77	741 803 390 60 740 0 560	741 803 390 60 740 0 560	
M77-9093		unknown	M77	Y	M77	741 850	741 850	
M77-9094		unknown	M77	Y	M77	820	820	
M77-9095		unknown	M77	Y	M77	741	741	
M77-9101		unknown	M77	Y	M77	? 550 740 ? 220	? 550 740 ? 220	
M77-9102		unknown	M77	Y	M77	? ? 740	? ? 740	
M77-9103		unknown	M77	Y	M77	?	?	
M77-9104		unknown	M77	Y	M77	503 405 440	503 405 440	
M77-9111		unknown	M77	Y	M77	705 892 60 176 740 554 527	705 892 60 176 740 554 527	
M77-9201		unknown	M77	Y	M77	? 298 2 236	? 298 2 236	
M77-9202		unknown	M77	Y	M77	861 2	861 2	
M77-9203		unknown	M77	Y	M77	861 2	861 2	
M77-9204		unknown	M77	Y	M77	7 0 390	7 0 390	
M77-9211		unknown	M77	Y	M77	900 484 380 900 156 400 90 906	900 484 380 900 156 400 90 906	
M77-9221		unknown	M77	Y	M77	350 298 374	350 298 374	
M77-9701		unknown	M77	Y	M77	705 33 347 520 467 803 0 798 231 550 527 0 55 255 435 690	705 33 347 520 467 803 0 798 231 550 527 0 55 255 435 690	
M77-9801		unknown	M77	Y	M77	416 150 1 55 ? 1 924 207	416 150 1 55 ? 1 924 207	
M77-9821		unknown	M77	Y	M77	240 632 740	240 632 740	
M77-9832		unknown	M77	Y	M77	527 228 924 343 93	527 228 924 343 93	
M77-9833		unknown	M77	Y	M77	90 ? 1	90 ? 1	
M77-9834		unknown	M77	Y	M77	243	243	
M77-9842		unknown	M77	Y	M77	350 151 320	350 151 320	
M77-9845		unknown	M77	Y	M77	350 90 220 255 0 ?	350 90 220 255 0 ?	
M77-9846		unknown	M77	Y	M77	415 803 1 717 ?	415 803 1 717 ?	
M77-9851		unknown	M77	Y	M77	388 443 390 176 156	388 443 390 176 156	
M77-9852		unknown	M77	Y	M77	255 13 745 892 740	255 13 745 892 740	
M77-9902		unknown	M77	Y	M77	235 90 90 615 615	235 90 90 615 615	
M77-9903		unknown	M77	Y	M77	347 3 220 ? 904 480 33	347 3 220 ? 904 480 33	
M77-9904		unknown	M77	Y	M77	? 384 ? ? ?	? 384 ? ? ?	
M77-9905		unknown	M77	Y	M77	220 220 ?	220 220 ?	
