# Grambank (Skirgard et al. 2023), CLDF release grambank/grambank, CC-BY 4.0; features GB024 GB065 GB193 GB051 GB052 GB053 GB054 GB192 GB321 GB430 GB431; indo_aryan = Glottolog lineage contains Indo-Aryan
id	name	family	indo_aryan	macroarea	GB024	GB065	GB193	GB051	GB052	GB053	GB054	GB192	GB321	GB430	GB431
abad1241	Abadi	Austronesian	0	Papunesia	2	1	2	0	0	0	0	0	0	0	0
abar1238	Mungbam	Atlantic-Congo	0	Africa	2	2	2	0	1	1	0	0	1	?	?
abau1245	Abau	Sepik	0	Papunesia	2	1		1	1	0	0				
abee1242	Abé	Atlantic-Congo	0	Africa	2	1	2	0	0	0	0	0	0	0	0
aben1249	Abenlen Ayta	Austronesian	0	Papunesia	1	?	?	0	0	0	0	0	0	?	?
abip1241	Abipon	Guaicuruan	0	South America	?	2	3	1	0	0	0	?	?	0	1
abkh1244	Abkhaz	Abkhaz-Adyge	0	Eurasia	3	1	3	1	0	1	0	0	0	0	1
abua1245	Abu' Arapesh	Nuclear Torricelli	0	Papunesia	2	1	2	1	1	0	0	1	0	0	0
abui1241	Abui	Timor-Alor-Pantar	0	Papunesia	2	1		0	0	0	0				
abun1252	Abun	Abun	0	Papunesia	2	1	2	0	0	0	0	0	0	0	0
acha1249	Longchuan Achang	Sino-Tibetan	0	Eurasia	3	1	2	0	0	0	0	0	0	0	0
acha1250	Achagua	Arawakan	0	South America	1	1	2	1	0	1	0			0	0
ache1245	Acheron	Narrow Talodi	0	Africa	2	2	2	0	1	0	1	0	1	0	0
ache1246	Aché	Tupian	0	South America	?	1	2	1	?	?	?	?	0	0	0
achi1256	Achi	Mayan	0	North America	1	2	3	0	0	0	0	0	0	0	1
achi1257	Acehnese	Austronesian	0	Papunesia	1	2	2	0	0	0	0	0	0	0	0
achu1247	Achumawi	Palaihnihan	0	North America	?	1	1	0	0	0	0	0	0	0	0
achu1248	Achuar-Shiwiar	Chicham	0	South America	3	1	3	0	0	0	0	0	0	0	0
acol1236	Acoli	Nilotic	0	Africa	2	2	2	0	0	0	0	0	0	0	0
adan1251	Adang	Timor-Alor-Pantar	0	Papunesia	2	1	2	0	0	0	0	0	0	0	1
adny1235	Adnyamathanha	Pama-Nyungan	0	Australia	?	?	1	0	0	0	0	0	0	0	1
adon1237	Adonara	Austronesian	0	Papunesia	2	1	2	0	0	0	0	0	0	0	0
adze1240	Adzera	Austronesian	0	Papunesia	2	1	2	?	?	?	?	?	?	0	0
aeky1238	Aekyom	Kamula-Elevala	0	Papunesia	?	1	2	0	0	0	0	0	0	?	?
afad1236	Afade	Afro-Asiatic	0	Africa	2	3	1	1	0	0	?	0	?	0	0
afar1241	Afar	Afro-Asiatic	0	Africa	1	3	1	0	0	0	0	1	0	0	0
aghe1239	Aghem	Atlantic-Congo	0	Africa	2	3	2	0	0	1	1	1	1	0	0
aghu1254	Aghu Tharnggalu	Pama-Nyungan	0	Australia	2	2	2		0					0	0
aghu1255	Aghu	Nuclear Trans New Guinea	0	Papunesia	2	1	2	0	0	0	0	0	0	0	1
aghw1237	Aghwan	Nakh-Daghestanian	0	Eurasia	1	3	1	1	0	0	0	0	0		
agob1244	Agob-Ende-Kawam	Pahoturi	0	Papunesia	3	1	3	0	0	0	0	0	0	0	0
agua1253	Aguaruna	Chicham	0	South America	3	1	2	0	0		0	0	0	0	0
agus1235	Agusan Manobo	Austronesian	0	Papunesia	?	2	3	0	0	0	0	0	0	0	0
agut1237	Agutaynen	Austronesian	0	Papunesia	1	3	3	0	0	0	0	0	0	0	0
aheu1239	Thavung	Austroasiatic	0	Eurasia	2	2	2	0	0	0	0	0	0	0	0
ahin1234	Ahin-Kayapa Kalanguya	Austronesian	0	Papunesia	?	2	?	?	?	?	?	?	?	0	0
ahom1240	Ahom	Tai-Kadai	0	Eurasia	2	2	3	0	0	0	0	0	0	0	0
aika1237	Aikanã	Aikanã	0	South America	1	3	3	0	0	0	0	0	0		
aime1238	Aimele	Bosavi	0	Papunesia	2	1	2	0	0	0	0	0	0	0	0
ainu1240	Hokkaido Ainu	Ainu	0	Eurasia	1	1	1	0	0	0	0	0	0	0	1
aito1238	Aiton	Tai-Kadai	0	Eurasia	3	2		0	0	0	0				
ajab1235	Aja (Benin)	Atlantic-Congo	0	Africa	2	3	2	0	0	0	0	0	0	0	0
ajas1235	Aja (South Sudan)	Kresh-Aja	0	Africa	1	2	1	0	0	0	0	0	0		
ajie1238	Ajië	Austronesian	0	Papunesia	1	2	2	0	0	0	0	0	0	0	0
ajyi1238	Ajyíninka Apurucayali	Arawakan	0	South America	1	2	1		1					0	0
akab1249	Akabea	Great Andamanese	0	Eurasia	2	1	2	0	0	0	0	0	0	0	1
akaj1239	Akajeru	Great Andamanese	0	Eurasia	2	1		0	0	1	0				
akan1250	Akan	Atlantic-Congo	0	Africa				0	0	1	0	0			
akei1237	Akei	Austronesian	0	Papunesia	2	1	2	0	0	0	0	0	0	0	0
akha1245	Akha	Sino-Tibetan	0	Eurasia	2	1	2	0	0	0	0	0	0	0	0
akka1240	Akkadian	Afro-Asiatic	0	Eurasia	1	2	2	1	0	0	0	1	1	0	0
akla1241	Kailibo Aklanon	Austronesian	0	Papunesia	1	2	1	0	0	0	0	0	0	1	0
akoo1248	Akoose	Atlantic-Congo	0	Africa	2	3	3	0	?	1	?	0	?	0	0
akun1241	Akuntsu	Tupian	0	South America	1	1	2	0	0	0	0	0	0	0	0
alab1237	Alabama	Muskogean	0	North America	2	1	2	0	0	0	0	0	0	0	1
alab1254	Alaba-K'abeena	Afro-Asiatic	0	Africa	1	1	1	1	0	0	0	1	0	0	0
alac1244	Alacatlatzala Mixtec	Otomanguean	0	North America	1	2	2	1	1	1	0	0	?	0	0
alag1248	Alagwa	Afro-Asiatic	0	Africa	2	2	2	1	0	0	0	0	?	0	0
alam1246	Alamblak	Sepik	0	Papunesia	1	1		1	1	0	0				
alba1269	Inland-Buhi-Daraga Bikol	Austronesian	0	Papunesia	1	1	1	0	0	0	0	0	0	0	0
aleu1260	Aleut	Eskimo-Aleut	0	North America	1	1	2	0	0	0	0	0	0	0	0
alor1247	Alorese	Austronesian	0	Papunesia	2	1	2	0	0	0	0	0	0	0	0
alse1251	Alsea-Yaquina	Alsea-Yaquina	0	North America	1	1	1	0	0	0	0	0	0	0	0
aluk1238	Alu Kurumba	Dravidian	0	Eurasia	1	1	1	1	0	0	0	0	0	0	0
alya1239	Alyawarr	Pama-Nyungan	0	Australia	2	2	2		0		0	0		0	0
amah1246	Amahuaca	Pano-Tacanan	0	South America	2	1	2	0	0	0	0	0	0	0	1
amam1246	Amam	Goilalan	0	Papunesia	2	1	2	0	0	1	1	0	0	0	0
amap1240	Ama (Papua New Guinea)	Left May	0	Papunesia	2	1	3	1	0	1	0	0	0	0	0
amar1272	Amara	Austronesian	0	Papunesia	2	1	2	0	0	0	0	0	0	0	0
amar1274	Amarakaeri	Harakmbut	0	South America	1	1	1	0	0	0	0	0	0	0	0
amas1236	Ama (Sudan)	Nyimang	0	Africa	2	1	2	0	0	0	0	0	0	0	0
ambo1250	Ambonese Malay	Austronesian	0	Papunesia	2	1	2	0	0	0	0	0	0	0	0
ambu1247	Ambulas	Ndu	0	Papunesia	2	1		1	0	0	0				
amdo1237	Amdo Tibetan	Sino-Tibetan	0	Eurasia	2	1	3	0	0	0	0	0	0	0	0
amha1245	Amharic	Afro-Asiatic	0	Africa	1	1		1	0	0	0	0			
amii1238	Ami	Western Daly	0	Australia	2	3	2	1	0	0	0	0	0	0	1
amis1246	Amis	Austronesian	0	Papunesia	1	2	1	0	0	0	0	0	0	0	0
amri1238	Amri Karbi	Sino-Tibetan	0	Eurasia	2	1	2	0	0	0	0	0	0	0	1
anci1242	Ancient Greek	Indo-European	0	Eurasia	3	3	3	1	0	1	0	0	1	0	0
anci1244	Ancient Hebrew	Afro-Asiatic	0	Eurasia	3	2	2	1	0	0	0	?	0	0	0
ando1256	Andoque	Andoque	0	South America		2			1					0	1
anei1239	Aneityum	Austronesian	0	Papunesia	2	2	2	0	0	1	0	0	0	1	0
anem1249	Anem	Anem	0	Papunesia	2	2		1	0	0	0				
anfi1235	Anfillo	Ta-Ne-Omotic	0	Africa	2	1	1	0	0	0	0	0	0	0	0
anga1288	Angami Naga	Sino-Tibetan	0	Eurasia	2	1	3	0	0	0	0	0	0	0	1
anga1290	Angaataha	Angan	0	Papunesia	2	1	2	?	?	?	?	?	?	0	0
ango1257	Angosturas Tunebo	Chibchan	0	South America	2	1	2	0	0	0	0	0	0	0	0
anin1240	Anindilyakwa	Gunwinyguan	0	Australia	3	3		1	0	1	0				
anta1255	Antankarana Malagasy	Austronesian	0	Africa	2	2	1	?	?	?	?	?	?	0	0
anua1242	Anuak	Nilotic	0	Africa	2	2	2	0	0	0	0	0			
anuf1239	Anufo	Atlantic-Congo	0	Africa	2	1	2	0	0	0	0	0	0	0	0
anut1237	Anuta	Austronesian	0	Papunesia	2	3	2	0	0	0	0	0	0	0	0
anuu1241	Anu-Hkongso	Sino-Tibetan	0	Eurasia	2	1	2	0	0	0	0	0	0	0	0
aona1235	Ao Naga	Sino-Tibetan	0	Eurasia	2	1	?	0	0	0	0	0	0	0	1
aoua1234	A'ou	Tai-Kadai	0	Eurasia	1	3	3	0	0	0	0	0	0	0	0
apat1240	Apatani	Sino-Tibetan	0	Eurasia	2	1	2	0	0	0	0	0	0	0	0
apin1244	Apinayé	Nuclear-Macro-Je	0	South America	?	1	2	0	0	0	0	0	0	0	1
apma1240	Apma	Austronesian	0	Papunesia	2	2	1	0	0	0	0	0	0	0	0
apma1241	Ap Ma	Keram	0	Papunesia	2	2	2	0	0	0	0	0	0	?	?
apol1242	Apolista	Arawakan	0	South America	?	?		?	?	?	?				
apur1254	Apurinã	Arawakan	0	South America	1	1	?	1	1	0	1	0	0	0	1
arab1267	Arabana	Pama-Nyungan	0	Australia	1	1	2		0		0	0		0	0
arak1252	Araki	Austronesian	0	Papunesia	2	2	2	0	0	0	0	0	0	1	0
aram1253	Arammba	Yam	0	Papunesia	3	1		?	?	?	?				
arao1248	Araona	Pano-Tacanan	0	South America	2	1	2	0	0	0	0	0	0	0	0
arap1274	Arapaho	Algic	0	North America	1	1	1	0	0	1	0	0	0	0	1
araw1273	Araweté	Tupian	0	South America	?	1	2	0	0	0	0	0	0	0	1
araw1276	Lokono	Arawakan	0	South America	1	1	1	1	0	1	0	0	0		
arbo1245	Arbore	Afro-Asiatic	0	Africa	2	2	2	1	0	0	0	0	0	0	0
arch1244	Archi	Nakh-Daghestanian	0	Eurasia	1	1	1	1	0	1	0	0	0		
area1240	'Are'are	Austronesian	0	Papunesia	1	3	2	0	0	0	0	0	0	0	0
aree1239	Are	Austronesian	0	Papunesia	2	1	2	0	0	0	0	0	0	0	0
argo1244	Argobba	Afro-Asiatic	0	Africa	1	1	1	1	0	1	0	0	0	1	0
arhu1242	Arhuaco	Chibchan	0	South America	3	3	2	0	0	0	0	0	0		
arib1241	Aribwatsa	Austronesian	0	Papunesia	?	3	?	0	0	0	0	0	0	0	0
arig1246	Arigidi	Atlantic-Congo	0	Africa	1	2	1	0	0	0	0	0	0	?	?
arik1265	Arikapú	Nuclear-Macro-Je	0	South America	?	1	?	0	0	0	0	0	0	0	1
arom1237	Aromanian	Indo-European	0	Eurasia	1	2	3	1	0	0	0	1	0	0	0
arop1242	Arop-Sissano	Austronesian	0	Papunesia	2	3	2	0	0	0	0	0	0	0	0
arop1243	Arop-Lokep	Austronesian	0	Papunesia	2	3	2	0	0	0	0	0	0	1	0
aros1241	Arosi	Austronesian	0	Papunesia	1	3	2	0	0	0	0	0	0	0	0
arta1239	Arta	Austronesian	0	Papunesia	1	2	3	0	0	1	0	0	0	0	0
asha1243	Asháninka	Arawakan	0	South America	1	1		1	?	1	?				
ashe1272	Ashéninka Perené	Arawakan	0	South America	1	2	3	1	0	1	0	0	0	0	1
asoa1238	Asoa	Central Sudanic	0	Africa	2	2	2	0	0	0	0	0	0		
assi1247	Assiniboine	Siouan	0	North America	2	1	2	0	0	1	0	0	0	0	1
asur1254	Asuri	Austroasiatic	0	Eurasia	1	1	1	0	0	0	0	0	0	0	0
asut1235	Asu (Tanzania)	Atlantic-Congo	0	Africa	2	2	2	?	?	?	?	?	?	0	0
atak1252	Atakapa	Atakapa	0	North America	2	1	2	0	0	0	0	0	0	0	0
atam1239	Atampaya	Pama-Nyungan	0	Australia	?	3		?	?	?	?				
atam1240	Ata Manobo	Austronesian	0	Papunesia	2	2	1	0	0	0	0	0	0	0	0
atay1247	Atayal	Austronesian	0	Papunesia	1	2	3	0	0	0	0	?	?	0	0
athp1241	Athpariya	Sino-Tibetan	0	Eurasia	1	1	1	0	0	0	0	0	0	0	1
atii1237	Ati	Austronesian	0	Papunesia	1	3	?	0	0	0	0	0	0	0	0
aton1241	Atong (India)	Sino-Tibetan	0	Eurasia	3	1	2	0	0	0	0	0	0	0	0
aulu1238	Aulua	Austronesian	0	Papunesia	2	2	2	0	0	0	0	0	0	0	0
auuu1241	Au	Nuclear Torricelli	0	Papunesia	2	2	2	1	0	1	0	0	?	0	0
auye1238	Auye	Nuclear Trans New Guinea	0	Papunesia	2	1	3	0	1	0	1	0	0	0	0
avac1239	Avá-Canoeiro	Tupian	0	South America	1	1	2	0	0	0	0	0	0	0	1
avat1244	Avatime	Atlantic-Congo	0	Africa	2	1	2	0	0	1	0	0			
avok1242	Avokaya	Central Sudanic	0	Africa	2	3	2	0	0	0	0	0	0	0	0
awab1243	Awabakal	Pama-Nyungan	0	Australia	2	1	3		0	0	0	0		0	0
awac1239	Awa-Cuaiquer	Barbacoan	0	South America	1	1	3	0	0	0	0	0	0		
awad1243	Awadhi	Indo-European	1	Eurasia	1	1	1	1	0	0	0	0	1	0	0
awad1244	Awad Bing	Austronesian	0	Papunesia	2	1	2	0	0	1	0	0	0	0	0
awap1236	Awa (Papua New Guinea)	Nuclear Trans New Guinea	0	Papunesia	1	1	1	0	0	0	0	0	0	0	0
awar1248	Awara	Nuclear Trans New Guinea	0	Papunesia	2	3	2	0	0	0	0	0	0	0	0
awar1249	Awar	Lower Sepik-Ramu	0	Papunesia	2	1	2	0	0	0	0	0	0	0	0
awet1244	Awetí	Tupian	0	South America	1	1	0	0	0	0	0	0	0	0	1
awji1241	Awjilah	Afro-Asiatic	0	Africa	1	2	2	1	0	0	0	0	0	0	0
awtu1239	Awtuw	Sepik	0	Papunesia	2	3	3	1	0	?	0	0	?	0	0
axam1237	Axamb	Austronesian	0	Papunesia	2	2	2	0	0	1	0	0	1	0	0
axiy1235	Axi Yi	Sino-Tibetan	0	Eurasia	2	1	2	0	0	1	0	0	0	0	0
ayac1239	Ayacucho Quechua	Quechuan	0	South America	1	1	1		0		0	0	0	0	0
ayiw1239	Äiwoo	Austronesian	0	Papunesia	2	2	2	0	0	0	0	0	0	0	0
azha1235	Azha	Sino-Tibetan	0	Eurasia	2	1	2	0	0	0	0	0	0	0	0
baba1264	Baba	Atlantic-Congo	0	Africa	3	2	2	0	0	1	1	0	1	0	0
baba1266	Babanki	Atlantic-Congo	0	Africa	2	2	2	0	0	1	0	0	1	0	0
baba1267	Baba Malay	Austronesian	0	Eurasia	1	1	2	0	0	0	0	0	0	0	0
baba1268	Babatana	Austronesian	0	Papunesia	1	3	2	0	0	0	0	0	0	0	0
babi1235	Witsuwit'en-Babine	Athabaskan-Eyak-Tlingit	0	North America	1	1	3	0	0	1	0	0	0	0	1
bada1257	Badaga	Dravidian	0	Eurasia	1	1	1	0	0	1	0	0	0	0	0
bafa1247	Bafaw-Balong	Atlantic-Congo	0	Africa	2	1	3	0	0	1	0	1	0	1	0
bafi1243	Bafia	Atlantic-Congo	0	Africa	2	2	2	0	0	1	1	0	1	0	1
bafu1246	Bafut	Atlantic-Congo	0	Africa	2	2	2	0	0	1	0	0	1	1	0
baga1272	Baga Sitemu	Atlantic-Congo	0	Africa	2	1	2	1	0	0	0	0	0	1	1
baga1273	Baga Koga	Atlantic-Congo	0	Africa	2	2	2	0	0	1	1	0	1	1	0
bagi1246	Bagirmi	Central Sudanic	0	Africa	2	2	2	0	0	0	0	0	0		
bagv1239	Bagvalal	Nakh-Daghestanian	0	Eurasia	1	1	1	1	0	0	0	0	0		
baha1259	Baharna Arabic	Afro-Asiatic	0	Eurasia	3	2	?	1	0	0	0	1	0		
baha1260	Bahamas Creole English	Indo-European	0	North America	1	1	1	0	0	0	0	0	0		
bahi1252	Bahing	Sino-Tibetan	0	Eurasia	?	1	1	0	0	0	0	0	0	0	0
bahn1262	Bahnar	Austroasiatic	0	Eurasia	1	2	2	0	0	0	0	0	0	0	0
baik1238	Baikeno	Austronesian	0	Papunesia	?	3	2	?	?	?	?	?	0	0	0
baim1244	Baima	Sino-Tibetan	0	Eurasia	2	1	2	0	0	0	0	0	0	0	0
baka1272	Baka (Cameroon)	Atlantic-Congo	0	Africa	2	2	1	0	0	0	0	0	0		
baka1274	Baka (South Sudan)	Central Sudanic	0	Africa	2	2	3	0	0	0	0	0	0		
baki1244	Baki	Austronesian	0	Papunesia	2	2	2	0	0	0	0	0	0	0	0
bala1311	Balangingi	Austronesian	0	Papunesia	1	2	2	0	0	0	0	0	0	0	0
bala1315	Balantak	Austronesian	0	Papunesia	1	2	2	0	0	0	0	0	0	0	0
bala1316	Balade	Austronesian	0	Papunesia	1	2	0	0	0	0	0	0	0	0	0
bali1278	Balinese	Austronesian	0	Papunesia	1	2	2	0	0	0	0	0	0	0	0
balo1261	Loi-Likila	Atlantic-Congo	0	Africa	2	2	2	0	0	1	0	0	1	0	0
balu1257	Paluai	Austronesian	0	Papunesia	2	2	2	0	0	0	0	0	0	0	0
bamb1262	Bambassi	Blue Nile Mao	0	Africa	1	1	1	0	0	0	0	0			
bamb1266	Bambili-Bambui	Atlantic-Congo	0	Africa				0	1	1	1				
bamb1269	Bambara	Mande	0	Africa	2	1	2	0	0	0	0	0			
bamb1270	Bambam	Austronesian	0	Papunesia	2	2	2	0	0	0	0	0	0	0	0
bamu1253	Bamun	Atlantic-Congo	0	Africa	3	2	3	0	0	1	0	1	1	0	0
bamw1238	Bamwe	Atlantic-Congo	0	Africa	2	2	2	0	0	1	0	0	1		
bana1288	Banao Itneg	Austronesian	0	Papunesia	?	?	?	?	?	?	?	?	?	?	?
band1340	Bandial	Atlantic-Congo	0	Africa	2	2		0	1	1	0				
band1344	Banda-Bambari	Atlantic-Congo	0	Africa	2	2	1	0	0	0	0	0	0	0	0
bang1354	Bobangi	Atlantic-Congo	0	Africa	2	2	2	0	0	1	0	1	1		
bang1363	Bangime	Bangime	0	Africa	2	1	2	0	0	0	0	0			
bang1369	Bangru	Sino-Tibetan	0	Eurasia	2	1	2	0	0	0	0	0	0	0	0
bani1255	Baniwa do Icana	Arawakan	0	South America	1	3		1	1	1	0				
bank1256	Bankon	Atlantic-Congo	0	Africa	2	2	2	0	0	1	0	0	1	0	0
bann1247	Bannoni	Austronesian	0	Papunesia	2	3		?	?	?	?				
bant1281	Bantawa	Sino-Tibetan	0	Eurasia	1	1	1	0	0	0	0	0	0	0	1
bant1288	Bantoanon	Austronesian	0	Papunesia	1	2	1	0	0	0	0	0	0	0	0
bara1357	Baraamu	Sino-Tibetan	0	Eurasia	1	1	3	0	0	0	0	0	0	0	0
bara1361	Barambu	Atlantic-Congo	0	Africa	2	2	1	0	0	0	0	0	0		
bara1369	Bara Malagasy	Austronesian	0	Africa	2	2	3	0	0	0	0	0	?	0	0
bara1370	Baram Kayan	Austronesian	0	Papunesia	1	2	2	0	0	0	0	0	0	0	0
bara1380	Barasana-Eduria	Tucanoan	0	South America	3	1	1		1					0	0
bard1255	Bardi	Nyulnyulan	0	Australia	3	3		?	?	?	?				
bare1276	Baré	Arawakan	0	South America	1	1	2	1	0	0	0			0	1
bare1279	Barain	Afro-Asiatic	0	Africa	1	2	1	1	0	0	0	0			
barg1252	Bargam	Nuclear Trans New Guinea	0	Papunesia	2	1	2	0	0	0	0	0	0	1	1
bari1286	Bariai	Austronesian	0	Papunesia	2	3	2	0	0	0	0	0	0	0	1
baro1253	Barok	Austronesian	0	Papunesia	1	2	2	0	0	0	0	0	0	0	0
basa1282	Basa (Nigeria)	Atlantic-Congo	0	Africa	2	2	2	0	0	0	0	0	0	1	0
basa1287	Basay	Austronesian	0	Papunesia	?	1	?	0	0	0	0	0	0	0	0
bash1264	Bashkir	Turkic	0	Eurasia	1	3	1	0	0	0	0	0	0	0	0
basq1248	Basque	Basque	0	Eurasia	1	1	2	0	0	0	0	0	0	0	0
bata1285	Batanga	Atlantic-Congo	0	Africa	3	2	2	1	0	0	0	1	0	0	0
bata1289	Batak Toba	Austronesian	0	Papunesia	3	2	2	0	0	0	0	0	0	0	1
bata1293	Batak Karo	Austronesian	0	Papunesia	1	2		0	0	0	0				
bath1248	Batha	Afro-Asiatic	0	Africa	2	2	2	1	0	0	0	1	0		
bats1242	Bats	Nakh-Daghestanian	0	Eurasia	1	1	1	1	0	1	0	0	1		
batu1257	Batu (Indonesia)	Austronesian	0	Papunesia	3	2		0	0	0	0				
baur1253	Baure	Arawakan	0	South America	1	2	3		1	1	1	0	0	0	1
bauz1241	Bauzi	Geelvink Bay	0	Papunesia	2	3		0	0	0	0				
bawm1236	Bawm Chin	Sino-Tibetan	0	Eurasia	2	1	2	0	0	0	0	0	0	0	0
bayb1234	Baybayanon	Austronesian	0	Papunesia	1	3	1	0	0	0	0	0	0	0	0
bayo1255	Kugere-Kuxinge	Atlantic-Congo	0	Africa	2				1	1	1				
bebe1248	Bebele	Atlantic-Congo	0	Africa	2	2	2	0	0	1	0	0	1	1	0
beel1236	Beele	Afro-Asiatic	0	Africa	?	?	?	1	?	?	?	?	?	?	?
beem1239	Beembe	Atlantic-Congo	0	Africa	2	3	?	0	1	1	1	0	0	0	0
beja1238	Beja	Afro-Asiatic	0	Africa	1	3	3	1	0	0	0	0			
beka1241	Riuk Bekati'	Austronesian	0	Papunesia	1	2	2	0	0	0	0	0	0	0	0
bekw1241	Bekwarra	Atlantic-Congo	0	Africa	2	2	2	0	0	0	0	0	0	0	0
bekw1242	Bekwil	Atlantic-Congo	0	Africa	?	2	3	0	0	1	0	?	?	0	0
bela1254	Belarusian	Indo-European	0	Eurasia	1	3	1	1	0	1	0	1	0	0	0
bela1256	Belanda Bor	Nilotic	0	Africa	2	2	1	0	0	0	0	0			
bela1260	Lemeting	Austronesian	0	Papunesia	2	2		?	?	?	?				
belh1239	Belhariya	Sino-Tibetan	0	Eurasia	1	1	1	0	0	0	0	0	0	0	1
beli1257	Beli (South Sudan)	Central Sudanic	0	Africa	2	2	2	0	0	0	0	0	0		
beli1260	Belize Kriol English	Indo-European	0	North America	1	3	1	0	0	0	0	0	0		
bell1243	Bella Coola	Salishan	0	North America	1	2	3	1	0	1	0	0	0	0	0
belu1239	Belueli	Atlantic-Congo	0	Africa	2	2	2	?	?	1	?	?	?	1	0
bemb1257	Bemba (Zambia)	Atlantic-Congo	0	Africa	2	2	2	0	1	1	1	?	0	0	0
bena1262	Bena (Tanzania)	Atlantic-Congo	0	Africa		?	2			1					
benc1235	Bench	Ta-Ne-Omotic	0	Africa	3	1	3	1	0	0	0	0			
beng1282	Benga	Atlantic-Congo	0	Africa	3	2	2	0	0	0	0	1	0	0	0
bent1238	Ben Tey Dogon	Dogon	0	Africa	2	1	2	0	0	1	0	0	0		
bera1262	Berau Malay	Austronesian	0	Papunesia	?	?	?	?	?	?	?	?	?	?	?
berb1259	Berbice Creole Dutch	Indo-European	0	South America	1	3	1	0	0	0	0	0	0		
berj1234	Berjozovka	Tungusic	0	Eurasia	1	3	1	0	0	0	0	0	0	0	0
bert1248	Berta	Berta	0	Africa	2	2	2	0	0	0	0	0	0	0	0
beta1252	Betawi	Austronesian	0	Papunesia	1	2	2	0	0	0	0	0	0		
beto1236	Betoi-Jirara	Betoi-Jirara	0	South America	1	1	3	1	0	1	0	0	?	0	1
betu1237	Betul	Dravidian	0	Eurasia	1	1	1	1	0	1	0	0	0	0	0
bezh1248	Bezhta	Nakh-Daghestanian	0	Eurasia	1	1	1	1	0	1	0	0	?		
bhoj1244	Bhojpuri	Indo-European	1	Eurasia	1	1	1	1	0	0	0	0	1	0	0
biaf1240	Biafada	Atlantic-Congo	0	Africa	2	2	2	0	0	0	0	?	1	0	0
biak1248	Biak	Austronesian	0	Papunesia	2	3		0	0	1	0				
bian1252	Biangai	Goilalan	0	Papunesia	2	3	2	0	0	0	0	0	0	0	0
biao1253	Shidong Biao	Tai-Kadai	0	Eurasia	1	1	3	0	0	0	0	0	0	0	0
biao1254	Biao-Jiao Mien	Hmong-Mien	0	Eurasia	1	1	3	0	0	0	0	0	0	0	0
biao1256	Biao Mon	Hmong-Mien	0	Eurasia	1	1	2	0	0	0	0	0	0	0	0
biat1246	Biatah Bidayuh	Austronesian	0	Papunesia	1	2	?	0	0	0	0	0	0	?	?
bidy1244	Kanyaki-Kagbaaga-Kajoko Bidyogo	Atlantic-Congo	0	Africa	2	2	2	0	1	1	0	0			
bier1244	Bierebo	Austronesian	0	Papunesia	2	3	3	0	0	0	0	0	0	0	1
bign1238	Big Nambas	Austronesian	0	Papunesia	2	2	2	0	0	0	0	0	0	0	0
biha1246	Bih	Austronesian	0	Eurasia	1	2	2	0	0	0	0	0	0	0	0
bila1255	Bila	Atlantic-Congo	0	Africa	2	2	2	0	0	1	0	0	0	1	0
bilb1241	Bilibil	Austronesian	0	Papunesia	2	1	2	0	0	0	0	0	0	0	0
bili1250	Bilinarra	Pama-Nyungan	0	Australia	3	3	3	0	0	0	0	0	0		
bili1260	Bilin	Afro-Asiatic	0	Africa	1	3	2	1	0	0	0	0	0	0	0
bilu1245	Bilua	Bilua	0	Papunesia	1	1		1	0	1	0				
bimi1240	Bimin	Nuclear Trans New Guinea	0	Papunesia	2	1	2	0	0	0	0	0	0	0	0
bina1277	Binandere	Nuclear Trans New Guinea	0	Papunesia	2	1	2	0	0	0	0	0	0	0	0
bine1240	Bine	Eastern Trans-Fly	0	Papunesia	1	1		?	?	?	?				
bini1246	Bini	Atlantic-Congo	0	Africa	2	3	2	0	0	0	0	0	0	0	0
binu1244	Talaandig-Binukid	Austronesian	0	Papunesia	?	2	?	0	0	0	0	0	0	0	0
bira1253	Ongota	Ongota	0	Africa	2	3	1	1	1	0	0	0	0	0	0
biri1256	Biri	Pama-Nyungan	0	Australia	3	3	3	0	0	?	?	0	0	0	0
birr1240	Birri	Central Sudanic	0	Africa	?	3	2	0	0	0	0	0	0		
bisl1239	Bislama	Indo-European	0	Papunesia	1	2	3	0	0	0	0	0	0	1	0
bisu1244	Bisu	Sino-Tibetan	0	Eurasia	3	1	3	0	0	0	0	0	0	0	0
bitt1240	Bit	Austroasiatic	0	Eurasia	3	2	2	0	0	0	0	0	0	0	0
biwa1243	Biwat	Yuat	0	Papunesia	1	1	2	0	0	0	0	0	0	0	0
blab1237	Blablanga	Austronesian	0	Papunesia	1	2	2	0	0	0	0	0	0	0	0
blan1242	Blang	Austroasiatic	0	Eurasia	2	2	?	0	0	0	0	0	0	0	0
bobo1255	Bobongko	Austronesian	0	Papunesia	?	2	?	?	?	?	?	?	?	0	0
bodo1267	Bodo Gadaba	Austroasiatic	0	Eurasia	1	1	1	0	0	?	0	0	0		
bodo1269	Bodo-Mech	Sino-Tibetan	0	Eurasia	2	1	3	0	0	0	0	0	0	0	0
bodo1272	Bodo (Central African Republic)	Atlantic-Congo	0	Africa	2	2	2	?	?	?	?	?	?	1	?
boht1238	Gardabani Bohtan Neo-Aramaic	Afro-Asiatic	0	Eurasia	1	2	?	1	0	0	0	1	0	1	0
boka1249	Bokar-Ramo	Sino-Tibetan	0	Eurasia	2	1	2	1	0	0	0	0	0	0	0
bola1250	Bola	Austronesian	0	Papunesia	2	2	2	0	0	0	0	0	0	0	0
bolg1251	Bolgo	Atlantic-Congo	0	Africa	2	3	2	0	0	0	0	0	0		
boli1256	Bolinao	Austronesian	0	Papunesia	?	?	1	0	?	?	?	0	?	?	?
bolo1262	Boloki	Atlantic-Congo	0	Africa	2	2	2	0	0	1	0	0	1		
boly1239	Bolyu	Austroasiatic	0	Eurasia	1	2	2	0	0	0	0	0	0	0	0
bomb1262	Bomboma	Atlantic-Congo	0	Africa	2	2	2	0	0	1	0	0	1	0	0
bomk1234	Bom-Kim	Atlantic-Congo	0	Africa	2	2	2	0	0	1	0	0	1	0	0
bona1250	Bonan	Mongolic-Khitan	0	Eurasia	3	1	2	0	0	0	0	0	0	0	0
bond1245	Bondo	Austroasiatic	0	Eurasia	3	1	3	0	0	0	0	0	0		
bond1247	Bondei	Atlantic-Congo	0	Africa	2	2	2	0	0	1	?	0	?	0	0
bong1284	Bongili	Atlantic-Congo	0	Africa	2	2	2	0	1	1	0	0	1		
bong1285	Bongo	Central Sudanic	0	Africa	2	2	3	0	0	0	0	0	0		
bong1289	Bonggi	Austronesian	0	Papunesia	1	2	2	0	0	0	0	0	0	0	0
bora1263	Bora	Boran	0	South America	3	1	2	1	1	1	1	0	?	0	1
bora1271	Borana-Arsi-Guji Oromo	Afro-Asiatic	0	Africa	2	2	2	1	0	0	0	1			
bord1248	Border Kuna	Chibchan	0	South America	2	3	2	0	0	0	0	0	0		
bori1243	Bori-Karko	Sino-Tibetan	0	Eurasia	2	1	3	0	0	0	0	0	0	0	1
boro1277	Boro (Ethiopia)	Ta-Ne-Omotic	0	Africa	3	1	3	1	0	0	0	0	0	0	0
boro1282	Bororo	Bororoan	0	South America	2	1	0	0	0	0	0	0	0	0	1
boru1252	Boruca	Chibchan	0	North America	1	1	2	0	0	0	0	0	0		
boto1242	Botolan Sambal	Austronesian	0	Papunesia	1	2	1	0	0	0	0	0	0	0	0
boun1243	Bouna Kulango	Atlantic-Congo	0	Africa	?	1	3	0	0	1	0	0	0	0	0
boun1245	Bo-Ung	Nuclear Trans New Guinea	0	Papunesia	2	1	2	0	0	0	0	0	0	0	0
bouy1240	Bouyei	Tai-Kadai	0	Eurasia	3	2		0	0	0	0				
brah1256	Brahui	Dravidian	0	Eurasia	1	1	3	0	0	0	0	0	0		
bret1244	Breton	Indo-European	0	Eurasia	1	2	3	1	0	1	0	1	0	0	0
brib1243	Bribri	Chibchan	0	North America	2	1	2	0	0	0	0	0	0		
bube1242	Bube	Atlantic-Congo	0	Africa	1	2	?	1	0	0	0	0	0	0	0
bubi1250	Bubi	Atlantic-Congo	0	Africa	2	2	?	1	0	1	0	0	1	1	0
budu1248	Budukh	Nakh-Daghestanian	0	Eurasia	1	1	1	1	0	1	0	0	0		
budu1265	Buduma	Afro-Asiatic	0	Africa	2	2	2	1	?	?	?	?	?	0	0
budz1238	Budza	Atlantic-Congo	0	Africa	2	2	2	0	0	1	?	1	0	?	0
buga1247	Bugan	Austroasiatic	0	Eurasia	2	2	2	0	0	0	0	0	0	0	0
buga1250	Bugawac	Austronesian	0	Papunesia	2	1	2	0	0	0	0	0	0	0	1
bugh1239	Bughotu	Austronesian	0	Papunesia	?	1	2	0	0	0	0	0	0	0	0
bugi1244	Buginese	Austronesian	0	Papunesia	1	2	2	0	0	0	0	0	0	0	0
bugl1243	Buglere	Chibchan	0	North America	2	1	2	0	1	0	0	0	0		
bugu1246	Bugun	Sino-Tibetan	0	Eurasia	?	?	?	1	0	0	0	0	0	?	?
buhu1237	Buhutu	Austronesian	0	Papunesia	2	1	2	0	0	0	0	0	0	0	0
bujh1238	Bujhyal	Sino-Tibetan	0	Eurasia	1	1	1	0	0	0	0	0	0	0	0
buka1257	Bukar-Sadung Bidayuh	Austronesian	0	Papunesia	3	2	?	0	0	0	0	0	0	?	?
buki1249	Bukiyip	Nuclear Torricelli	0	Papunesia	3	3		1	0	0	0				
buku1249	Bukusu	Atlantic-Congo	0	Africa	2	2	2	0	1	1	1				
bula1255	Bularnu	Pama-Nyungan	0	Australia	?	3	3		0		0	0	0	0	0
bull1247	Bullom So	Atlantic-Congo	0	Africa	2	2	2	0	0	1	0	0	1	0	1
bulo1242	Bulo Stieng	Austroasiatic	0	Eurasia	2	2	2	0	0	0	0	0	0	0	0
bulu1251	Bulu (Cameroon)	Atlantic-Congo	0	Africa	2	2	?	1	1	1	0	0	0	1	1
buna1276	Bunama	Austronesian	0	Papunesia	3	1	2	0	0	0	0	0	0	0	0
buna1278	Bunak	Timor-Alor-Pantar	0	Papunesia				0	0	1	1				
bund1253	Bundeli	Indo-European	1	Eurasia	1	1	1	1	0	0	0	1	1	0	0
bunu1267	Bunun	Austronesian	0	Papunesia				?	?	?	?				
buol1237	Buol	Austronesian	0	Papunesia	3	?	2	0	0	0	0	0	0	?	?
bura1267	Burarra	Maningrida	0	Australia	3	3		1	0	1	1				
bura1292	Bura-Pabir	Afro-Asiatic	0	Africa	2	2	2	0	0	0	0	0	0	0	0
bure1242	Bure	Afro-Asiatic	0	Africa	2	2	2	0	0	0	0	0	?	0	0
burj1242	Burji	Afro-Asiatic	0	Africa	1	1	1	1	0	0	0	0	0	0	0
burm1264	Burmeso	Burmeso	0	Papunesia	?	1	2	1	0	1	1	0	1	?	1
buru1296	Burushaski	Burushaski	0	Eurasia	1	1	1	1	?	1	0	?	?		
buru1303	Buru (Indonesia)	Austronesian	0	Papunesia	2	1		0	0	0	0				
buru1320	Burunge	Afro-Asiatic	0	Africa	2	2	2	0	0	0	0	0	1	0	0
busa1253	Busa	Mande	0	Africa	2	1	2	0	0	0	0	0	0	0	0
bush1247	Bushoong	Atlantic-Congo	0	Africa	2	2	2	0	0	1	0	1	1	1	0
buta1242	Butam	Taulil-Butam	0	Papunesia	?	3	2	1	1	0	0	0	1	0	0
buwa1243	Buwal	Afro-Asiatic	0	Africa	2	3	2	0	0	0	0	0	0	0	0
bwai1242	Bwaidoka	Austronesian	0	Papunesia	2	1	2	0	0	0	0	0	0	0	0
bwat1240	Bwatoo	Austronesian	0	Papunesia	1	3	3	0	0	0	0	0	0	0	0
byan1241	Byangsi	Sino-Tibetan	0	Eurasia	1	1	1	0	0	0	0	0	0	0	0
caac1237	Caac	Austronesian	0	Papunesia	1	2	1	1	0	0	0	0	1	0	0
cabe1245	Cabécar	Chibchan	0	North America	2	2	2	0		0	0	0	0	0	0
caca1249	Cacataibo de Mariscal	Pano-Tacanan	0	South America	3	1	3	0	0	0	0	0	0	0	0
cacu1241	Kakua	Kakua-Nukak	0	South America	1	2	?	0	1	0	0	0	0	0	0
cahu1264	Cahuilla	Uto-Aztecan	0	North America	1	1	2	0	0	0	0	0	0	0	1
cakf1236	Cakfem-Mushere-Jibyal	Afro-Asiatic	0	Africa	2	2	2	0	0	0	0	0	0	1	0
cald1236	Calderón Highland Quichua	Quechuan	0	South America	1	1	1	0	0	0	0	0	0	0	0
caml1239	Camling	Sino-Tibetan	0	Eurasia	1	1	?	0	0	0	0	0	0	0	1
camp1261	Campidanese Sardinian	Indo-European	0	Eurasia	1	3	3	1	0	0	0	1	0	0	0
cams1241	Camsá	Camsá	0	South America	1	?	3	0	0	0	0	0	0	?	?
cane1242	Canela-Krahô	Nuclear-Macro-Je	0	South America	2	1	2	0	0	0	0	0	0	0	1
cani1243	Canichana	Canichana	0	South America	?	?	2	0	0	0	0	0	0	?	1
caom1238	Cao Miao	Tai-Kadai	0	Eurasia	1	2	2	0	0	0	0	0	0	0	0
capa1241	Capanahua	Pano-Tacanan	0	South America	3	1	3	0	0	0	0	0	0	0	0
cari1276	Caribbean Javanese	Austronesian	0	South America	?	?	2	?	?	?	?	?	?	0	0
carn1240	Car Nicobarese	Austroasiatic	0	Eurasia	1	2	1	0	0	0	0	0	0	0	0
caro1242	Carolinian	Austronesian	0	Papunesia	1	3	2	0	0	0	0	0	0	0	0
casi1235	Casiguran-Nagtipunan Agta	Austronesian	0	Papunesia	1	2	1	0	0	0	0	0	0	0	0
cata1286	Catawba	Siouan	0	North America	2	3	2	0	0	0	0	0	0	0	0
cavi1250	Cavineña	Pano-Tacanan	0	South America	1	1	2	0	0	0	0	0	0		
cayu1262	Cayubaba	Cayubaba	0	South America	1	2	1	0	0	0	0	0	0	0	1
cebu1242	Cebuano	Austronesian	0	Papunesia	1	3									
cemu1238	Cemuhî	Austronesian	0	Papunesia	2	2	2	1	0	0	0	0	0	0	0
cent1972	Central Kurdish	Indo-European	0	Eurasia										0	0
cent1989	Central Khmer	Austroasiatic	0	Eurasia	2	2	2	0	0	0	0	0	0	0	0
cent1990	Central Nicobarese	Austroasiatic	0	Eurasia	1	2	0	0	0	0	0	0	0	0	0
cent1992	Central Mnong	Austroasiatic	0	Eurasia	3	2	2	0	0	0	0	0	0	0	0
cent2004	Central Bai	Sino-Tibetan	0	Eurasia	2	1	1	0	0	0	0	0	0	0	0
cent2050	Central Kanuri	Saharan	0	Africa	2	2	3	0	0	0	0	0	0	0	0
cent2058	Central Maewo	Austronesian	0	Papunesia	2	1	3	0	0	0	0	0	0	0	0
cent2084	Central Cagayan Agta	Austronesian	0	Papunesia	1	2	3	0	0	0	0	0	0	0	0
cent2087	Coastal-Naga Bikol	Austronesian	0	Papunesia	1	2	1	1	0	0	0	0	0	0	0
cent2090	Central Tagbanwa	Austronesian	0	Papunesia	1	3	3	0	0	0	0	0	0	0	0
cent2091	Central Palawano	Austronesian	0	Papunesia	?	2	1	?	?	?	?	?	?	0	0
cent2100	Central Dusun	Austronesian	0	Papunesia	1	?	2	0	0	0	0	0	0	0	0
cent2126	Central Okinawan	Japonic	0	Eurasia	1	1	0	0	0	0	0	0	0	0	0
cent2127	Central Alaskan Yupik	Eskimo-Aleut	0	North America	3	1	0	0	0	0	0	0	0	0	0
cent2131	Central Tarahumara	Uto-Aztecan	0	North America	1	1	1	0	0	0	0	0	0	0	0
cent2140	Central Sierra Miwok	Miwok-Costanoan	0	North America	?	3	0	0	0	1	0	0	0	0	0
cent2142	Central Aymara	Aymaran	0	South America	1	2	1	0	0	0	0	0	0	0	0
cent2150	Central Tunebo	Chibchan	0	South America	2	1	2	0	0	0	0	0	0		
cent2292	Central Bontoc	Austronesian	0	Papunesia	3	2	3	0	0	0	0	0	0	0	0
cent2314	Central Chong	Austroasiatic	0	Eurasia	2	2	2	0	0	0	0	0	0	0	0
cent2322	Central Mansi	Uralic	0	Eurasia	1	1	1	0	0	0	0	0	0	0	0
chac1249	Cha'palaa	Barbacoan	0	South America				0	0	0	0	0			
chac1251	Chácobo	Pano-Tacanan	0	South America	3	1	2	0	0	0	0	0	0	0	1
chad1249	Chadian Arabic	Afro-Asiatic	0	Africa	3	2	2	1	0	0	0	1	0		
chak1270	Chak	Sino-Tibetan	0	Eurasia	2	1	3	0	0	0	0	0	0	0	0
chak1271	Chakali	Atlantic-Congo	0	Africa	2	1	2	0	0	1	0	0	0	0	0
chal1275	Chaldean Neo-Aramaic	Afro-Asiatic	0	Eurasia	1	2	2	1	0	0	0	0	1	0	0
cham1309	Chamalal	Nakh-Daghestanian	0	Eurasia	1	1	1	1	0	1	0	0	1		
cham1312	Chamorro	Austronesian	0	Papunesia	1	2	3	0	0	0	0	0	0	0	0
cham1315	Chamacoco	Zamucoan	0	South America	2	1	2	1	0	0	0	0	1	0	1
cham1318	Chamicuro	Arawakan	0	South America	1	?		?	?	?	?				
chan1313	Chang Naga	Sino-Tibetan	0	Eurasia	2	1	3	0	0	0	0	0	0	0	0
chao1238	Chaozhou	Sino-Tibetan	0	Eurasia	1	2	1	0	1	1	0	0	0	0	0
char1269	Chara	Ta-Ne-Omotic	0	Africa	?	1	1	0	0	0	0	0	?	0	0
chas1234	Chashan	Sino-Tibetan	0	Eurasia	2	1	2	0	0	0	0	0	0	0	0
chec1245	Chechen	Nakh-Daghestanian	0	Eurasia	1	1	1	1	0	0	0	?	1		
chek1238	Cheke Holo	Austronesian	0	Papunesia	1	3	1	0	0	0	0	0	0	0	1
chen1255	Chenchu	Dravidian	0	Eurasia	1	1	1	1	0	1	0	0	0	0	0
chep1245	Chepang	Sino-Tibetan	0	Eurasia	1	1	1	0	0	0	0	0	0	0	0
cher1273	Cherokee	Iroquoian	0	North America	1	1	1	0	0	1	0	0	0	0	1
chey1247	Cheyenne	Algic	0	North America	1	1	1	0	0	1	0	0	0	0	1
chhi1245	Chintang	Sino-Tibetan	0	Eurasia	1	1	1	0	0	0	0	0	0		
chib1270	Chibcha	Chibchan	0	South America	2	1	2	0	0	0	0	0	0		
chic1270	Chickasaw	Muskogean	0	North America	2	1	2	0	0	0	0	0	0	0	1
chig1238	Chiga	Atlantic-Congo	0	Africa	2	2		0	1	1	0				
chil1280	Chilcotin-Nicola	Athabaskan-Eyak-Tlingit	0	North America	2	1	2	0	0	1	0	0	0	0	1
chim1301	Chimariko	Chimariko	0	North America	3	1	2	0	0	0	1	0	0	0	1
chim1302	Bolivar-North Chimborazo Highland Quichua	Quechuan	0	South America	1	1	1	0	0	0	0	0	0	0	0
chim1309	Chimila	Chibchan	0	South America	2	2	2	0	0	0	0	0	0		
chim1312	Chimwiini	Atlantic-Congo	0	Africa	?	?	2	1	1	1	1	0	0	?	?
chin1286	Clatsop-Shoalwater Chinook	Chinookan	0	North America	?	1	1	1	1	0	0	0	1	0	1
chip1241	Chippewa	Algic	0	North America	1	1	1	0	0	1	0	0	0	0	1
chip1261	Chipewyan	Athabaskan-Eyak-Tlingit	0	North America	3	1	2	0	0	0	0	0	0	0	1
chiq1248	Lomeriano-Ignaciano Chiquitano	Chiquitano	0	South America	1	3	3	1	0	0	0	0	0	0	1
chir1283	Chiru	Sino-Tibetan	0	Eurasia	2	3	1	0	0	0	0	0	0	0	1
chit1248	Chitimacha	Chitimacha	0	North America	2	1	2	0	0	0	0	0	0	0	0
choc1275	Chocangacakha	Sino-Tibetan	0	Eurasia	2	1	?	0	0	0	0	0	0	0	0
choc1276	Choctaw	Muskogean	0	North America	2	1	2	0	0	0	0	0	0	0	1
chol1284	Cholón	Hibito-Cholon	0	South America	1	1	1	0	0	0	0	0	0	0	1
chon1284	Chong of Chanthaburi	Austroasiatic	0	Eurasia	2	2	2	0	0	0	0	0	0	0	0
chot1239	Chothe	Sino-Tibetan	0	Eurasia	2	1	3	0	0	0	0	0	0	0	1
chra1242	Chrau	Austroasiatic	0	Eurasia	1	2	2	0	0	0	0	0	0	0	0
chug1252	Duhumbi	Sino-Tibetan	0	Eurasia	2	1	2	0	0	0	0	0	0	0	0
chuj1250	Chuj	Mayan	0	North America	1	2	1	1	0	1	1	0	0	0	1
chuk1273	Chukchi	Chukotko-Kamchatkan	0	Eurasia	1	3	3	0	0	0	0	0	0	0	0
chuu1238	Chuukese	Austronesian	0	Papunesia	1	1	3	0	0	0	0	0	0	0	0
chuv1255	Chuvash	Turkic	0	Eurasia	1	3	1	0	0	0	0	0	0	0	0
chuw1238	Chuwabu	Atlantic-Congo	0	Africa	2	2	2	0	1	0	1	0	1	0	0
cici1237	Cicipu	Atlantic-Congo	0	Africa	2	2	2	0	1	1	0	0	1	0	0
cire1240	Cirebon Javanese	Austronesian	0	Papunesia	3	2	2	0	0	0	0	0	0		
cjin1234	Colloquial Jakarta Indonesian	Austronesian	0	Papunesia	1	2	2	0	0	0	0	0	0		
clas1249	Classical-Middle Armenian	Indo-European	0	Eurasia	1	3	3	0	0	0	0	0	0	0	0
clas1250	Classical Nahuatl	Uto-Aztecan	0	North America	1	3	1	0	0	0	0	0	0	0	1
coah1252	Coahuilteco	Coahuilteco	0	North America	2	1	?	0	0	1	0	0	0	0	1
coat1243	Coatlán Zapotec	Otomanguean	0	North America	1	2	2	0	0	0	0	0	0	0	0
coca1259	Cocama-Cocamilla	Tupian	0	South America	1	1	0	0	0	0	0	0	0	0	1
coch1272	Cochimi	Cochimi-Yuman	0	North America	?	1	2	0	0	0	0	0	0	0	1
coco1260	Cocos Islands Malay	Austronesian	0	Papunesia	1	1	?	0	0	0	0	0	0	0	0
coeu1236	Coeur d'Alene	Salishan	0	North America	?	1	?	0	0	0	0	0	0	1	1
cofa1242	Cofán	Cofán	0	South America	1	3	3	0	0	0	0	0	0	0	0
cogu1240	Cogui	Chibchan	0	South America	3	1	2	0	0	0	0	0	0	?	0
colo1256	Tsafiki	Barbacoan	0	South America	1	1	1	0	1	0	0	0	1		
colu1241	Columbia-Wenatchi	Salishan	0	North America	1	3	1	0	0	0	0	0	0	0	0
coma1245	Comanche	Uto-Aztecan	0	North America	1	1	1	0	0	0	0	0	0	0	0
como1259	Comox	Salishan	0	North America	1	2	1	1	0	0	0	0	0	0	0
cong1236	Congo Swahili	Atlantic-Congo	0	Africa	2	2	2	0	0	1	0	0	1		
coos1249	Hanis	Coosan	0	North America	1	1	1	0	0	0	0	0	0	0	?
copa1237	Copala Triqui	Otomanguean	0	North America	1	2	2	1	0	1	0	0	0		
copt1239	Coptic	Afro-Asiatic	0	Africa	2	2	3	1	0	0	0	0	0	1	0
cori1240	Cori	Atlantic-Congo	0	Africa	2	2	2	?	?	?	?	?	1	0	0
cors1241	Corsican	Indo-European	0	Eurasia	1	3	2	1	0	0	0	1	0	0	0
cosa1234	Cosao	Sino-Tibetan	0	Eurasia	2	1	2	0	0	0	0	0	0	0	0
cota1241	Cotabato Manobo	Austronesian	0	Papunesia	?	3	1	0	0	0	0	0	0	0	0
cowl1242	Cowlitz	Salishan	0	North America	1	2	1	1	0	1	0	0	0	0	1
cree1270	Creek	Muskogean	0	North America	2	1	2	0	0	0	0	0	0	0	1
crim1257	Crimean Tatar	Turkic	0	Eurasia	1	3	1	0	0	0	0	0	0	0	0
cros1244	Cross River Mbembe	Atlantic-Congo	0	Africa	2	2	2	0	0	1	0	0	1	0	0
crow1244	Crow	Siouan	0	North America	2	1	0	0	0	0	0	0	0	0	1
cuaa1241	Cua	Austroasiatic	0	Eurasia	?	?	?	?	?	?	?	?	?	?	?
cube1242	Cubeo	Tucanoan	0	South America	3	1	3	1	1	0	1	0	1	0	0
culi1244	Culina	Arawan	0	South America	2	1	2	1	0	0	0	0	1	0	0
cupe1243	Cupeño	Uto-Aztecan	0	North America		1	2				0	0		0	1
curr1243	Curripaco	Arawakan	0	South America	1	1		1	1	1	1				
cusc1236	Cusco Quechua	Quechuan	0	South America	1	1	1	0	0	0	0	0	0	0	0
cuti1242	Kanamarí do Juruá-Japurá-Xeruã-Itaquaí-Jutaí	Katukinan	0	South America	1	2	2	0	0	0	0	0	0	0	1
cypr1248	Cypriot Arabic	Afro-Asiatic	0	Eurasia	1	2	?	?	?	?	?	1	0		
czec1258	Czech	Indo-European	0	Eurasia	1	1	2	1	0	1	0	1	1	0	0
daai1236	Daai Chin	Sino-Tibetan	0	Eurasia	2	1	2	0	0	0	0	0	0	0	0
daak1235	Da'a Kaili	Austronesian	0	Papunesia	?	?	?	?	?	?	?	?	0	0	0
daas1238	Daasanach	Afro-Asiatic	0	Africa	2	3	2	1	0	0	0	0	1	0	0
dadi1250	Dadibi	Teberan	0	Papunesia	2	1	1	0	0	0	0	0	0	0	0
dagb1246	Dagbani	Atlantic-Congo	0	Africa	2	1	2	0	0	1	0	0	1	0	0
dagi1241	Dagik	Narrow Talodi	0	Africa	2	2	2	0	0	1	1	0	1	0	0
daha1245	Dahalo	Afro-Asiatic	0	Africa	2	2		1	0	0	0	0			
daka1243	Dakaka	Austronesian	0	Papunesia	2	3	2	0	0	0	0	0	0	0	0
damp1237	Dampelas	Austronesian	0	Papunesia	1	2	3	0	0	1	0	0	0	0	0
dana1252	Danau	Austroasiatic	0	Eurasia	2	2	2	0	0	0	0	0	0	0	0
dand1238	Dandami Maria	Dravidian	0	Eurasia	1	1	1	1	0	0	0	0	0	0	0
dani1285	Danish	Indo-European	0	Eurasia	1	1	1	1	0	0	0	1	0	0	0
dara1250	Darai	Indo-European	1	Eurasia	1	1	1	1	0	0	0	0	?	0	0
dard1243	Dar Daju Daju	Dajuic	0	Africa	?	?	?	0	0	0	0	0	0	0	0
darg1241	North-Central Dargwa	Nakh-Daghestanian	0	Eurasia	1	1	1	1	0	1	0	0	0		
darl1243	Paakantyi	Pama-Nyungan	0	Australia	1	3	3		0		0	0		0	0
darm1243	Darma	Sino-Tibetan	0	Eurasia	1	1	1	0	0	0	0	0	0	0	0
daur1238	Dagur	Mongolic-Khitan	0	Eurasia	1	1	1	0	0	0	0	0	0		
dawr1236	Dawro	Ta-Ne-Omotic	0	Africa	1	1	1	0	0	0	0	0	0	0	0
daww1239	Dâw	Naduhup	0	South America	1	2	2		1		0	0		0	0
daza1242	Dazaga	Saharan	0	Africa	2	2	2	0	0	0	0	0	0	0	0
dech1234	Dechang	Sino-Tibetan	0	Eurasia	2	1	2	0	0	0	0	0	0	0	0
defa1248	Defaka	Ijoid	0	Africa	?	1	?	0	0	0	0	0	0	0	1
dege1246	Degema	Atlantic-Congo	0	Africa	2	2	2	0	0	1	1	0	1	0	0
dehu1237	Dehu	Austronesian	0	Papunesia	1	2	1	0	0	0	0	0	0	?	?
dera1245	Dera (Indonesia)	Senagi	0	Papunesia	3	3		1	0	0	0				
dera1248	Dera (Nigeria)	Afro-Asiatic	0	Africa	2	1	1	1	0	0	0	0	0	1	0
desa1247	Desano	Tucanoan	0	South America	1	1	1	1	1	1	0	0	0	0	0
dhao1237	Dhao	Austronesian	0	Papunesia	2	2	2	0	0	0	0	0	0	0	0
dhar1247	Dhargari	Pama-Nyungan	0	Australia	3	3	3		0		0	0		0	0
dhar1248	Dharumbal	Pama-Nyungan	0	Australia	?	3	?	?	?	?	?	?	?	?	0
dhim1246	Dhimal	Sino-Tibetan	0	Eurasia	1	1	1	0	0	0	0	0	0	0	0
dibo1245	Dibole	Atlantic-Congo	0	Africa	?	2	2	?	?	1	?	?	?	0	0
dido1241	Tsez	Nakh-Daghestanian	0	Eurasia	1	1	1	1	0	1	0	0	0		
dier1241	Dieri	Pama-Nyungan	0	Australia	2	3	2							0	0
diga1241	Tawra	Sino-Tibetan	0	Eurasia	2	1	2	0	0	0	0	0	0	0	0
digo1243	Digo	Atlantic-Congo	0	Africa	2	2	2	0	1	1	0	0	0	0	0
dima1251	Dimasa	Sino-Tibetan	0	Eurasia	2	1	2	0	0	0	0	0	0	0	0
dime1235	Dime	South Omotic	0	Africa	1	1	3	1	0	1	0				
diri1252	Diriku-Shambyu	Atlantic-Congo	0	Africa	2	2	2	0	0	1	0	0	1	1	0
dizi1235	Dizin	Dizoid	0	Africa				0	0	0	0				
djam1255	Jaminjung-Ngaliwurru	Mirndi	0	Australia	3	3	3	0	0	0	0	0	0	0	0
djam1256	Djambarrpuyngu	Pama-Nyungan	0	Australia	3	3		?	?	?	?				
djap1238	Djapu	Pama-Nyungan	0	Australia	3	3	3	0	0		0	?	0	0	0
djee1236	Djeebbana	Maningrida	0	Australia	3	3	3	1	0	0	0	0	0	1	1
djeo1235	Djeoromitxí	Nuclear-Macro-Je	0	South America	3	1	2	0	0	0	0	0	0	0	1
djin1251	Jingulu	Mirndi	0	Australia	?	3	3		0	0	1	0	0	0	0
djin1253	Djinang	Pama-Nyungan	0	Australia	3	1	3		0					0	0
dobe1238	Dobel	Austronesian	0	Papunesia	2	?	2	0	0	1	0	0	1	0	0
dobu1241	Dobu	Austronesian	0	Papunesia	2	1	2	0	0	0	0	0	0	0	0
doma1260	Domaaki	Indo-European	1	Eurasia	1	1	1	0	0	0	0	1	?	0	0
domm1246	Dom	Nuclear Trans New Guinea	0	Papunesia	2	3	2	0	0	0	0	0	0	0	0
dong1285	Dongxiang	Mongolic-Khitan	0	Eurasia	1	1	1	0	0	0	0	0	0		
doro1266	Doromu-Koki	Manubaran	0	Papunesia	2	1	2	0	0	0	0	0	0	0	0
drun1238	Drung	Sino-Tibetan	0	Eurasia	3	1	3	0	0	0	0	0	0	0	1
dual1243	Duala	Atlantic-Congo	0	Africa	2	?	2	0	0	1	0	0	1	0	0
dumb1241	Dumbea	Austronesian	0	Papunesia	1	2	2	0	0	0	0	0	0	0	0
dumi1241	Dumi	Sino-Tibetan	0	Eurasia	1	1	2	0	0	0	0	0	0	0	0
duna1248	Duna	Duna	0	Papunesia				?	?	?	?				
dupa1235	Dupaninan Agta	Austronesian	0	Papunesia	1	2	1	0	0	0	0	0	0		
dura1244	Dura	Sino-Tibetan	0	Eurasia	1	1	1	0	0	0	0	0	0	0	0
duru1236	Duruwa	Dravidian	0	Eurasia	1	1	1	1	0	0	0	0	0	0	0
dusn1237	Dusner	Austronesian	0	Papunesia	1	2	2	0	0	1	0	0	0	0	0
dutc1256	Dutch	Indo-European	0	Eurasia	1	3	1	0	0	1	0	0	1	0	0
duun1241	Duungidjawu	Pama-Nyungan	0	Australia	3	3	3		0					0	0
dyan1250	Dyangadi	Pama-Nyungan	0	Australia	3	3	3	0	0	0	0	0	0	0	0
dyir1250	Dyirbal	Pama-Nyungan	0	Australia	2	1	2		0					0	0
dyul1238	Dyula	Mande	0	Africa	3	1	2	0	0	0	0	0	0	0	0
dzao1238	Dzao Min	Hmong-Mien	0	Eurasia	1	1	3	0	0	0	0	0	0	0	0
dzon1239	Dzongkha	Sino-Tibetan	0	Eurasia	2	1	2	0	0	0	0	0	0	0	0
east1236	Eastern Katu	Austroasiatic	0	Eurasia	3	2	3	0	0	0	0	0	0	0	0
east2330	Eastern Lawa	Austroasiatic	0	Eurasia	2	2	2	0	0	0	0	0	0	0	0
east2332	Eastern Bru	Austroasiatic	0	Eurasia	1	2	2	0	0	0	0	0	0	0	0
east2333	Eastern Mnong	Austroasiatic	0	Eurasia	?	?	?	?	?	?	?	?	?	?	?
east2342	Eastern Kayah	Sino-Tibetan	0	Eurasia	2	1	2	0	0	0	0	0	0	0	0
east2343	Melamchi Yolmo	Sino-Tibetan	0	Eurasia	2	1	3	0	0	0	0	0	0	0	0
east2379	Eastern Arrernte	Pama-Nyungan	0	Australia	2	2	2	0	0	1	0	0		0	0
east2440	East Makian	Austronesian	0	Papunesia	2	1		?	?	?	?				
east2443	East Ambae	Austronesian	0	Papunesia	2	2	2	0	0	0	0	0	0	0	0
east2447	East Futuna	Austronesian	0	Papunesia	1	3		0	0	0	0	0	0	0	0
east2485	Eastern Penan	Austronesian	0	Papunesia	1	2	2	0	0	0	0	0	0	0	0
east2516	East Kewa	Nuclear Trans New Guinea	0	Papunesia	2	1	3	0	0	0	0	0	0	0	0
east2545	Eastern Pomo	Pomoan	0	North America	3	1	2	0	0	1	0	0	0	0	0
east2555	Eastern Bolivian Guaraní	Tupian	0	South America	1	1	2	0	0	0	0	0	0	0	0
east2556	Eastern Highland Otomi	Otomanguean	0	North America	1	2	3	0	0	?	0	0	0	0	1
east2563	Eastern Cham	Austronesian	0	Eurasia	1	2		?	?	?	?				
east2690	Eastern Egyptian Bedawi Arabic	Afro-Asiatic	0	Eurasia	1	2	2	0	0	0	0	0	0	0	0
east2694	Eastern Subanen	Austronesian	0	Papunesia	1	?	2	0	0	0	0	0	0	?	0
east2773	Eastern Newari	Sino-Tibetan	0	Eurasia	2	1	1	0	0	0	0	0	0	0	0
east2782	Eastern Kikongo	Atlantic-Congo	0	Africa	2	2	2	0	0	1	1	1	0	0	0
east2851	Eastern Geshiza	Sino-Tibetan	0	Eurasia	2	1	2	0	0	0	0	0	0	0	0
egaa1242	Ega	Atlantic-Congo	0	Africa	1	?	0	?	?	?	0	0	0	1	0
egyp1253	Egyptian Arabic	Afro-Asiatic	0	Africa	3	2	2	1	0	0	0	1	0		
eipo1242	Eipomek	Nuclear Trans New Guinea	0	Papunesia	2	1	0	0	0	0	0	0	0	0	0
ekar1243	Ekari	Nuclear Trans New Guinea	0	Papunesia	2	1	3	1	0	0	0	0	0	0	0
elem1253	Eleme	Atlantic-Congo	0	Africa	1	2	1	0	0	0	0	0	0		
elip1238	Elip	Atlantic-Congo	0	Africa	?	2	2	0	0	1	0	0	?	0	0
elmo1238	El Molo	Afro-Asiatic	0	Africa	2	2	2	1	0	0	0	0	0	0	0
elna1235	El Nayar Cora	Uto-Aztecan	0	North America	1	3	0	0	0	0	0	0	0	0	1
emae1237	Emae	Austronesian	0	Papunesia	2	2	2	0	0	0	0	0	0	0	0
emai1242	Emai	Atlantic-Congo	0	Africa	2	2	2	0	0	0	0	0	0	0	0
embe1260	Emberá-Catío	Chocoan	0	South America	2	1	2	0	0	0	0	0	0		
embe1262	Emberá-Chamí	Chocoan	0	South America	2	1	2	0	0	0	0	0	0		
enap1235	Panare	Cariban	0	South America	3	1	3	0	1	0	1	0	?	0	1
enuu1235	Enu	Sino-Tibetan	0	Eurasia	2	1	2	0	0	0	0	0	0	0	0
epen1239	Epena	Chocoan	0	South America	2	1	2	0	0	0	0	0	0		
ersu1241	Ersu	Sino-Tibetan	0	Eurasia	2	1	2	0	0	0	0	0	0	0	0
erzy1239	Erzya	Uralic	0	Eurasia	1	1	1	0	0	0	0	0	0	0	0
esan1238	Esan	Atlantic-Congo	0	Africa	2	2	2	0	0	0	0	0			
esee1247	Ese	Koiarian	0	Papunesia	2	?	2	?	?	?	?	?	?	?	?
esee1248	Ese Ejja	Pano-Tacanan	0	South America	3	1	2	0	0	0	1	0	0	0	0
esim1238	Esimbi	Atlantic-Congo	0	Africa	2	2	2	0	0	1	0	0	0	0	0
esse1238	Esselen	Esselen	0	North America	1	1	1	0	0	1	1	0	1	0	1
esto1258	Estonian	Uralic	0	Eurasia	1	1	1	0	0	0	0	0	0	0	0
eton1253	Eton-Mengisa	Atlantic-Congo	0	Africa	2	2	1	0	0	1	0	0			
etru1241	Etruscan	Etruscan	0	Eurasia	?	1	2	1	0	0	0	0	0	0	0
eude1234	Eudeve	Uto-Aztecan	0	North America	?	1	?	0	0	0	0	0	0	0	1
even1259	Evenki	Tungusic	0	Eurasia	1	1	1	0	0	0	0	0	0		
even1260	Even	Tungusic	0	Eurasia	1	1	1	0	0	0	0	0	0		
ewee1241	Ewe	Atlantic-Congo	0	Africa	2	1	2	0	0	0	0	0	0		
eyak1241	Eyak	Athabaskan-Eyak-Tlingit	0	North America	1	3	2	0	0	1	0	0	0	0	1
fait1240	Kulsab	Nuclear Trans New Guinea	0	Papunesia	3	3	3	0	0	0	0	0	0	0	1
fala1243	Falam Chin	Sino-Tibetan	0	Eurasia	2	1	3	?	?	?	?	?	?	0	0
fare1241	Farefare	Atlantic-Congo	0	Africa	2	1	2	0	1	1	0	0	1	0	0
faro1244	Faroese	Indo-European	0	Eurasia	1	3	1	1	0	0	0	1	0	0	0
fass1245	Momu-Fas	Baibai-Fas	0	Papunesia	2	3	2	0	0	0	0	0	0	0	0
fasu1242	Fasu	Fasu	0	Papunesia	2	1	2	0	0	0	0	0	1	0	0
fefe1239	Fe'fe'	Atlantic-Congo	0	Africa	2	2	3	0	0	0	0	0	1	0	0
fiji1243	Fijian	Austronesian	0	Papunesia	1	2	2	0	0	0	0	0	0	0	0
fili1244	Filipino	Austronesian	0	Papunesia	1	2	3	0	0	0	0	0	0	0	0
filo1235	Filomeno Mata Totonac	Totonacan	0	North America	1	1	?	0	0	0	0	0	0	0	1
fina1242	Finallig	Austronesian	0	Papunesia	1	3	2	0	0	0	0	0	0	0	0
finn1318	Finnish	Uralic	0	Eurasia	1	1	1	0	0	0	0	0	0	0	0
fipa1238	Fipa	Atlantic-Congo	0	Africa	2	2	2	0	0	1	1	0	0	0	0
foii1241	Foi	East Kutubu	0	Papunesia	2	1	1	?	?	?	?	0	0	?	?
fonn1241	Fon	Atlantic-Congo	0	Africa	2	2	2	0	0	0	0	0	0	0	0
fore1265	Forest Enets	Uralic	0	Eurasia	1	1	1	0	0	0	0	0	0	0	0
fore1270	Fore	Nuclear Trans New Guinea	0	Papunesia				0	0	0	0				
fran1266	Francisco León Zoque	Mixe-Zoque	0	North America	3	1	3	0	0	0	0	0	0	0	1
fuln1247	Fulniô	Fulniô	0	South America	2	1	2	1	0	1	0	0	0	0	0
furr1244	Fur	Furan	0	Africa	2	1	2	0	0	0	0	0	0	0	0
furu1242	Furu	Central Sudanic	0	Africa	2	2	1	0	0	0	0	0	0	0	0
futu1245	Futuna-Aniwa	Austronesian	0	Papunesia	3	3	2	0	1	0	0	0	0	0	0
fuyu1242	Fuyug	Goilalan	0	Papunesia	2	1	2	0	0	0	0	0	0	0	0
gaaa1244	Ga	Atlantic-Congo	0	Africa	2	1	2	0	0	0	0	0	0	0	0
gaaa1245	Gaa	Atlantic-Congo	0	Africa	?	?	2	?	?	1	?	?	?	?	1
gaam1241	Gaam	Eastern Jebel	0	Africa	2	3	2	0	0	0	0	0			
gaan1243	Ga'anda	Afro-Asiatic	0	Africa	2	2	2	0	0	0	0	?	1	1	0
gada1258	Ga'dang	Austronesian	0	Papunesia	?	2	2	0	0	0	0	0	0	0	0
gade1242	Gade	Atlantic-Congo	0	Africa	2	2	2	0	0	0	0	0	1	0	0
gaga1249	Gagauz	Turkic	0	Eurasia	1	3	1	0	0	0	0	0	0	0	0
gaga1251	Gaagudju	Gaagudju	0	Australia	2	2	3	1	0	1	1	0	0	0	0
gahr1239	Bunan	Sino-Tibetan	0	Eurasia	3	1	3	0	0	0	0	0	0	0	0
gala1264	Galambu	Afro-Asiatic	0	Africa	?	2	?	1	0	1	0	0	0	1	0
gale1259	Galela	North Halmahera	0	Papunesia	2	1	2	0	0	0	0	0	0	0	1
gali1258	Galician	Indo-European	0	Eurasia	1	3	3	1	0	0	0	1	0	0	0
gali1262	Galibi Carib	Cariban	0	South America	1	1	1	0	0	1	0	0	0	0	1
galo1242	Galo	Sino-Tibetan	0	Eurasia	1	3	3	0	0	0	0	0	0	0	0
gamb1251	Gambera	Worrorran	0	Australia	2	3	?	0	0	1	1	?	?		
gamo1243	Gamo	Ta-Ne-Omotic	0	Africa	1	1	1	0	0	0	0	0	0	0	0
gana1278	Ganai	Pama-Nyungan	0	Australia	?	2	2	?	?	?	?	?	?	0	0
gand1255	Ganda	Atlantic-Congo	0	Africa	2	2	2	0	1	1	1	0	1		
gang1266	Gangte	Sino-Tibetan	0	Eurasia	2	1	3	0	0	0	0	0	0	0	1
gang1267	Ganggalida	Tangkic	0	Australia	3	1		?	?	?	?				
gant1244	Gants	Nuclear Trans New Guinea	0	Papunesia	2	1	2	0	0	0	0	0	0	0	1
gapa1238	Gapapaiwa	Austronesian	0	Papunesia	2	3	2	0	0	0	0	0	0	0	0
gara1269	Garrwa	Garrwan	0	Australia	?	3		?	?	?	?				
gari1256	Garifuna	Arawakan	0	North America	1	2		1	0	0	0				
garo1247	Garo	Sino-Tibetan	0	Eurasia	2	1	1	0	0	0	0	0	0	0	0
gata1239	Gata'	Austroasiatic	0	Eurasia	1	1	1	0	0	0	0	0	0		
gayo1244	Gayo	Austronesian	0	Papunesia	1	2	2	0	0	0	0	0	0	1	0
gbay1278	Gbayi	Atlantic-Congo	0	Africa	?	2	1	0	0	0	0	0	0		
gbay1288	Kresh-Woro	Kresh-Aja	0	Africa	1	2	3	0	0	0	0	0	0		
geba1237	Geba Karen	Sino-Tibetan	0	Eurasia	2	1	2	0	0	0	0	0	0	0	1
gebe1237	Gebe	Austronesian	0	Papunesia	2	1	2	0	0	1	0	0	0	0	0
geda1237	Gedaged	Austronesian	0	Papunesia	2	3	2	0	0	0	0	0	0	0	0
gela1263	Gela	Austronesian	0	Papunesia	1	2	2	0	0	0	0	0	0	0	0
geme1244	Geme	Atlantic-Congo	0	Africa	?	?	?	?	?	?	?	?	?		
geru1240	Geruma	Afro-Asiatic	0	Africa	?	2	?	1	?	?	?	?	?	0	0
gese1240	Geser-Gorom	Austronesian	0	Papunesia	2	1	2	?	?	?	?	?	0	?	?
ghad1239	Ghadames	Afro-Asiatic	0	Africa	1	2	0	1	0	0	0	1	?		
ghan1242	Ghanongga	Austronesian	0	Papunesia	1	3	3	0	0	0	0	0	0	0	0
ghar1239	Ghari	Austronesian	0	Papunesia	1	2	2	0	0	0	0	0	0	0	0
gheg1238	Gheg Albanian	Indo-European	0	Eurasia	1	3	2	1	0	0	0	0	1	0	0
ghod1238	Godoberi	Nakh-Daghestanian	0	Eurasia	1	1	1	1	0	1	0	0	0		
ghom1257	Ghomara	Afro-Asiatic	0	Africa	1	2	2	0	0	0	0	1	0		
gida1247	Gidar	Afro-Asiatic	0	Africa	2	2	2	1	?	1	0	0			
giiw1236	Giiwo	Afro-Asiatic	0	Africa	?	2	?	1	?	?	?	?	?	0	0
gilb1244	Gilbertese	Austronesian	0	Papunesia	1	1	2	0	0	0	0	0	0	0	0
gily1242	Amur Nivkh	Nivkh	0	Eurasia	3	1	1	0	0	0	0	0	0	0	1
gira1247	Girawa	Nuclear Trans New Guinea	0	Papunesia	2	1	2	0	0	0	0	0	0	0	0
giry1241	Giryama	Atlantic-Congo	0	Africa	2	?	2	?	?	?	?	?	?	0	?
gizr1240	Gizrra	Eastern Trans-Fly	0	Papunesia	3	1		1	0	0	0				
glav1244	Glavda	Afro-Asiatic	0	Africa	2	2	2	0	0	0	0	0	0	0	0
gobu1238	Gobu	Atlantic-Congo	0	Africa	2	2	1	0	0	0	0	0	0		
goem1240	Goemai	Afro-Asiatic	0	Africa	2	2	2	0	0	0	0	0			
gofa1235	Gofa	Ta-Ne-Omotic	0	Africa	1	1	1	1	0	0	0	0	0	0	0
gogo1265	Gogodala	Suki-Gogodala	0	Papunesia	3	1	3	0	0	0	0	0	0	0	0
gola1255	Gola	Atlantic-Congo	0	Africa	2	2	2	0	0	1	0	0	0	?	?
goli1247	Golin	Nuclear Trans New Guinea	0	Papunesia				?	?	?	?				
golo1234	Golo	Atlantic-Congo	0	Africa	2	2	1	0	0	0	0	0			
goon1238	Gooniyandi	Bunaban	0	Australia	3	3		?	?	?	?				
gras1239	Grassland Mari	Uralic	0	Eurasia	1	1	1	0	0	0	0	0	0	0	0
gras1249	Grass Koiari	Koiarian	0	Papunesia	2	1		?	?	?	?				
gros1243	Gros Ventre	Algic	0	North America	1	1	0	0	0	1	0	0	0	0	1
guah1255	Guahibo	Guahiboan	0	South America	1	1	1	1	1	1	?	1	?	0	1
guam1248	Guambiano	Barbacoan	0	South America	1	1	1	0	0	0	0	0	0	0	0
guan1266	Khroskyabs	Sino-Tibetan	0	Eurasia	2	1	3	0	0	0	0	0	0	0	0
guan1269	Kotiria	Tucanoan	0	South America	1	1	0	0	1	0	0	0	0	0	0
guan1270	Kinikinao	Arawakan	0	South America	1	2	1	0	0		?	0	?	1	1
guar1293	Baniva de Maroa	Arawakan	0	South America	1	1		1	1	1	0				
guat1253	Guató	Guató	0	South America	1	2	2	0	0	0	0	0	0	0	1
gube1234	Gubeeher-Gufangor-Gubelor	Atlantic-Congo	0	Africa	2	1	2	0	1	1	1	1	0	0	0
gude1246	Gude	Afro-Asiatic	0	Africa	2	2	1	0	0	0	0	1	0	0	0
guer1241	Central Guerrero Nahuatl	Uto-Aztecan	0	North America	1	2	?	0	0	0	0	0	0	0	1
guer1243	Guerrero Amuzgo	Otomanguean	0	North America	1	2	2	0	0	1	0	0	0	0	0
gugu1253	Gugu Badhun	Pama-Nyungan	0	Australia	2	1	2	0	0	0	0	0	0	0	0
gugu1255	Guugu Yimidhirr	Pama-Nyungan	0	Australia	2	2	2		0		0	0		0	0
guhu1244	Guhu-Samane	Nuclear Trans New Guinea	0	Papunesia	2	1	2	0	0	0	0	0	0	0	0
guiq1238	Guiqiong	Sino-Tibetan	0	Eurasia	2	1	3	0	0	0	0	0	0	0	0
gulf1241	Gulf Arabic	Afro-Asiatic	0	Eurasia	3	2	2	1	0	0	0	1	0		
guma1254	Gumawana	Austronesian	0	Papunesia	2	1	2	0	0	0	0	0	0	0	0
gumu1244	Northern Gumuz	Gumuz	0	Africa	1	1	3	1	1	1	0	0	0		
gung1248	Gungabula	Pama-Nyungan	0	Australia	2	1	2		0		?			0	0
gunw1252	Bininj Kun-Wok	Gunwinyguan	0	Australia	3	3	3	1	0	1	1	0	1	0	0
guny1241	Gunya	Pama-Nyungan	0	Australia	?	1	3	0	0	0	0	0	0	0	0
gura1251	Gurani	Indo-European	0	Eurasia	1	2	2	0	0	?	0	0	0		
gure1255	Gureng Gureng	Pama-Nyungan	0	Australia	?	1	2	0	0	0	0	0	0	0	0
guri1248	Guriaso	Guriaso	0	Papunesia	?	1	1	?	?	?	?	?	?	0	0
guro1248	Guro	Mande	0	Africa	2	1	2	0	0	0	0	0			
guru1261	Gurung	Sino-Tibetan	0	Eurasia	2	1	1	0	0	0	0	0	0	0	0
guru1271	Guruntum-Mbaaru	Afro-Asiatic	0	Africa	2	2	3	0	0	0	0	0	0	0	0
gusi1247	Gusii	Atlantic-Congo	0	Africa	2	2	2	0	0	1	1	0	1	1	0
guwi1238	Guwidj	Worrorran	0	Australia	2	?	?	1	0	1	1	?	?	?	?
gwen1239	Gweno	Atlantic-Congo	0	Africa	2	2	2	0	0	1	0	0	1	1	0
gyel1242	Gyele	Atlantic-Congo	0	Africa	2	2	2	0	0	1	0	0	1	0	0
haaa1252	Ha	Atlantic-Congo	0	Africa	2	2	2	0	0	1	0	0	1	1	0
hadi1240	Hadiyya	Afro-Asiatic	0	Africa	1	1	1	1	0	0	0	0	0	0	1
hadz1240	Hadza	Hadza	0	Africa	2	3	2	1	0	0	0	0	1	0	0
haio1238	Hai//om-Akhoe	Khoe-Kwadi	0	Africa	1	1		1		?					
hait1244	Haitian	Indo-European	0	North America	1	2	3	1	0	0	0	0	0	0	0
haka1240	Haka Chin	Sino-Tibetan	0	Eurasia	2	1	2	0	0	0	0	0	0	0	1
hakk1236	Hakka Chinese	Sino-Tibetan	0	Eurasia	1	1	?	0	0	0	0	0	0	0	0
hala1252	Halang	Austroasiatic	0	Eurasia	2	2	2	?	?	?	?	?	?	0	0
halh1238	Halh Mongolian	Mongolic-Khitan	0	Eurasia	1	3	1	0	0	0	0	0	0	0	0
hali1244	Halia	Austronesian	0	Papunesia	1	3	2	0	0	?	?	0	1	0	0
halk1245	Halkomelem	Salishan	0	North America	1	2	1	0	0	0	0	0	0	0	0
hame1242	Hamer-Banna	South Omotic	0	Africa	2	2	2	0	0	0	0	0	0	0	0
hang1263	Hanga Hundi	Ndu	0	Papunesia	3	1	1	1	0	0	0	?	?	0	0
hani1248	Hani	Sino-Tibetan	0	Eurasia	2	1	3	0	0	0	0	0	0	0	0
hano1246	Hano	Austronesian	0	Papunesia	2	2	2	0	0	0	0	0	0	0	0
haro1237	Haroi	Austronesian	0	Eurasia	1	2	?	0	0	0	0	0	0	?	?
haru1245	Haruai	Piawi	0	Papunesia	2	3	2	0	0	0	0	0	0	0	0
hass1238	Hassaniyya	Afro-Asiatic	0	Africa	3	2	2	1	0	0	0	1	0		
hata1243	Hatam	Hatam-Mansim	0	Papunesia	2	3		?	?	?	?				
haus1257	Hausa	Afro-Asiatic	0	Africa	2	2	3	1	0	0	0	1			
hava1248	Havasupai-Walapai-Yavapai	Cochimi-Yuman	0	North America	?	2	2	0	0	0	0	0	0	0	1
hawa1245	Hawaiian	Austronesian	0	Papunesia	1	2	2	0	0	0	0	0	0	0	0
hdii1240	Hdi	Afro-Asiatic	0	Africa	2	2	2	0	0	0	0	0			
hebr1245	Modern Hebrew	Afro-Asiatic	0	Eurasia	3	2	2	1	0	0	0	1	0		
hehe1240	Hehe	Atlantic-Congo	0	Africa	2	2	2	0	0	1	0	0	1	0	0
heil1246	Heiltsuk-Oowekyala	Wakashan	0	North America	?	?	1	0	0	0	0	0	0	?	?
here1253	Herero	Atlantic-Congo	0	Africa	2	2	2	0	1	1	0	1	1	1	0
hert1241	Hertevin	Afro-Asiatic	0	Eurasia	1	?	?	0	0	0	0	0	1	?	?
hida1246	Hidatsa	Siouan	0	North America	2	1	0	0	0	0	0	0	0	0	1
hier1240	Hieroglyphic Luwian	Indo-European	0	Eurasia	1	1	1	0	0	1	0	0	0	0	0
high1243	Highland Totonac	Totonacan	0	North America	1	2	?	0	0	0	0	0	0	0	1
high1276	Highland Popoluca	Mixe-Zoque	0	North America	1	1	1	0	0	0	0	0	0	0	1
high1278	Highland Puebla Nahuatl	Uto-Aztecan	0	North America	?	?	?	0	0	0	0	0	0	0	1
hili1240	Hiligaynon	Austronesian	0	Papunesia	1	3									
hind1269	Hindi	Indo-European	1	Eurasia	1	1	1	1	0	1	0	1	0	0	0
hinu1240	Hinuq	Nakh-Daghestanian	0	Eurasia	1	1		1	0	0	0				
hixk1239	Hixkaryána	Cariban	0	South America	1	1	2	0	0	1	0	0	0	0	1
hlai1239	Hlai	Tai-Kadai	0	Eurasia	1	3		0	0	0	0				
hler1235	Hlersu	Sino-Tibetan	0	Eurasia	2	1		0	0	0	0				
hoaa1235	Amkoe	Kxa	0	Africa	2	1	2	0	0	0	0	0	0	0	0
hoav1238	Hoava	Austronesian	0	Papunesia	1	2	2	0	0	0	0	0	0	0	0
holo1240	Holoholo	Atlantic-Congo	0	Africa	2	2	2	0	?	1	?	0	?		
homa1239	Homa	Atlantic-Congo	0	Africa	2	?	2	?	?	?	?	?	?	?	?
hone1235	Hõne	Atlantic-Congo	0	Africa	2	2	2	0	0	0	0	0	0	0	0
honi1244	Honi	Sino-Tibetan	0	Eurasia	2	1	1	0	0	0	0	0	0	0	0
hooo1248	Ho	Austroasiatic	0	Eurasia	1	1	1	0	0	?	0	0	0		
hote1245	Hote	Austronesian	0	Papunesia	2	1	2	0	0	0	0	0	0	0	1
hozo1236	Hozo	Blue Nile Mao	0	Africa	2	1	1	1	0	?	?	?	?	0	0
hrus1242	Hruso	Hruso	0	Eurasia	2	1	3	0	0	0	0	0	0	0	0
huaa1248	East Taa	Tuu	0	Africa	2	1	2	0	?	1	1	?	1	0	0
huaa1250	Hua (Yagaria)	Nuclear Trans New Guinea	0	Papunesia	3	3		?	?	?	?				
hual1240	Central Lisu	Sino-Tibetan	0	Eurasia	2	1	2	0	0	0	0	0	0	0	0
hual1241	Huallaga Huánuco Quechua	Quechuan	0	South America	1	1	3	0	0	0	0	0	0	0	0
huam1247	Huambisa	Chicham	0	South America	3	1	2	0	0	0	0	0	0	0	0
huar1255	Huarijio	Uto-Aztecan	0	North America	1	1	2	0	0	0	0	0	0	0	0
huas1242	Huastec	Mayan	0	North America	1	1	3	0	0	0	0	0	0	0	0
huba1236	Huba	Afro-Asiatic	0	Africa	2	2	2	0	0	0	0	0	0	0	0
huic1243	Huichol	Uto-Aztecan	0	North America	3	1	0	0	0	0	0	0	0	0	1
huih1238	Hulun Buir Solon	Tungusic	0	Eurasia	1	1	1	0	0	0	0	0	0	0	0
hula1239	Hula	Austronesian	0	Papunesia	2	1	2	0	0	0	0	0	0	0	0
hula1244	Hulaulá	Afro-Asiatic	0	Eurasia	1	2	3	1	1	0	0	1	?	1	0
huli1244	Huli	Nuclear Trans New Guinea	0	Papunesia	2	1	2	0	0	0	0	0	1	0	0
humb1243	Humburi Senni Songhay	Songhay	0	Africa	2	1	2	0	0	0	0	0	0		
hung1274	Hungarian	Uralic	0	Eurasia	1	1	1	0	0	0	0	0	0	0	0
hung1275	Hung	Austroasiatic	0	Eurasia	3	2	2	0	0	0	0	0	0	0	0
hunz1247	Hunzib	Nakh-Daghestanian	0	Eurasia	1	1	1	1	0	1	0	0	1	0	0
hupd1244	Hup	Naduhup	0	South America	1	1	2	0	1	0	1	0	0		
hurr1240	Hurrian	Hurro-Urartian	0	Eurasia	1	3	1	0	0	0	0	0	0	0	0
huuu1240	Hu	Austroasiatic	0	Eurasia	3	2	2	0	0	0	0	0	0	0	0
hyam1245	Hyam	Atlantic-Congo	0	Africa	2	2	2	0	0	1	0	1	0	?	0
iaai1238	Iaai	Austronesian	0	Papunesia	1	3	2	0	0	0	0	0	0	0	0
iama1237	Iamalele	Austronesian	0	Papunesia	?	?	2	0	0	0	0	0	0	0	1
iatm1242	Iatmul	Ndu	0	Papunesia	2	1	1	1	0	0	0	0	0	0	0
ibal1244	Ibaloi	Austronesian	0	Papunesia	1	2	1	0	0	0	0	0	0	0	0
iban1264	Iban	Austronesian	0	Papunesia	1	2	2	0	0	0	0	0	0	0	0
iban1267	Ibanag	Austronesian	0	Papunesia	1	2	1	0	0	0	0	0	0	0	0
ibat1238	Ibatan	Austronesian	0	Papunesia	1	2	3	0	0	1	0	0	0	0	0
ibib1240	Ibibio	Atlantic-Congo	0	Africa	2	2	1	0	0	0	0	0	0	0	1
icar1234	Icari	Nakh-Daghestanian	0	Eurasia	1	1	1	1	0	0	0	0	0		
icel1247	Icelandic	Indo-European	0	Eurasia	1	2	1	1	0	0	0	0	?	0	0
idaa1241	Ida'an	Austronesian	0	Papunesia	3	2		?	?	?	?				
idii1243	Idi-Taeme	Pahoturi	0	Papunesia	3	1	3	0	0	0	0	0	0	0	0
idom1241	Idoma	Atlantic-Congo	0	Africa	2	2	?	0	0	0	0	0	0	1	0
idum1241	Idu	Sino-Tibetan	0	Eurasia	2	1	1	0	0	0	0	0	0	0	0
idun1242	Iduna	Austronesian	0	Papunesia	2	1	2	0	0	0	0	0	0	0	0
igna1246	Ignaciano	Arawakan	0	South America	1	2		0	1	1	1				
ikem1234	Ikema-Irabu	Japonic	0	Eurasia	2	1	1	0	0	0	0	0	0	0	0
ikkk1242	Ik	Kuliak	0	Africa	2	3	2	0	0	0	0	0	0		
ilaa1246	Ila	Atlantic-Congo	0	Africa	?	2	2	0	0	1	0	0	1	0	0
ilia1236	Ilianen Manobo	Austronesian	0	Papunesia	?	?	?	?	?	?	?	?	?	?	?
iliu1237	Ili'uun	Austronesian	0	Papunesia	2	1	2	0	0	0	0	0	0	0	1
ilok1237	Iloko	Austronesian	0	Papunesia	1	2		?	?	?	?				
ilon1239	Ilongot	Austronesian	0	Papunesia	1	2	1	0	0	0	0	0	0	0	0
imba1240	Imbabura Highland Quichua	Quechuan	0	South America	1	1	1	0	0	0	0	0	0	0	0
imon1245	Imonda	Border	0	Papunesia	3	3		0	0	0	0				
inap1243	Modern Iñapari	Arawakan	0	South America	1	1		1	0	1	0				
indo1316	Indonesian	Austronesian	0	Papunesia	3	2									
ines1240	Ineseño	Chumashan	0	North America	1	2	2	0	0	1	0	0	0	0	1
inga1252	Colombian Inga	Quechuan	0	South America	1	1	1		0		0	0		0	0
ingr1248	Ingrian	Uralic	0	Eurasia	1	1	1	0	0	0	0	0	0	0	0
ingu1240	Ingush	Nakh-Daghestanian	0	Eurasia	1	1	1	1	0	1	0	?	1		
iqui1243	Iquito	Zaparoan	0	South America	1	1	3	0	0	1	0	0	0		
irab1238	Irabu-Jima	Japonic	0	Eurasia	1	1	1	0	0	0	0	0	0		
iran1262	Iranun	Austronesian	0	Papunesia	3	2	?	0	0	0	0	0	0	0	0
iraq1241	Iraqw	Afro-Asiatic	0	Africa	2	2	2	0	0	0	0	1			
irar1238	Irarutu	Austronesian	0	Papunesia	2	1	2	0	0	0	0	0	0	0	1
iray1237	Iraya	Austronesian	0	Papunesia	1	?	2	0	0	0	0	0	0	?	?
iris1253	Irish	Indo-European	0	Eurasia	1	2	2	1	0	0	0	1	1	0	1
iron1242	Iron Ossetian	Indo-European	0	Eurasia	1	1	1	1	0	0	0	0	0	0	0
irul1244	Urali Irula	Dravidian	0	Eurasia	1	1	1	1	0	1	0	0	0	0	0
isco1239	Isconahua	Pano-Tacanan	0	South America	3	1	3	0	0	0	0	0	0	0	0
isin1239	Isinai	Austronesian	0	Papunesia	1	2	1	0	0	0	0	0	0	0	0
isir1237	Isirawa	Greater Kwerba	0	Papunesia	2	1	2	0	0	0	0	0	0	0	0
isla1278	Island Carib	Arawakan	0	North America	1	3		0	0	0	0				
isna1241	Isnag	Austronesian	0	Papunesia	1	2	1	0	0	0	0	0	0	0	0
isth1240	Isthmus-Cosoleacaque Nahuatl	Uto-Aztecan	0	North America	1	3	1	0	0	1	0	0	0	0	1
isth1241	Isthmus-Pajapan Nahuatl	Uto-Aztecan	0	North America	?	2	1	0	0	0	0	0	0	0	1
isth1242	Isthmus-Mecayapan Nahuatl	Uto-Aztecan	0	North America	?	2	?	0	0	0	0	0	0	0	1
ital1282	Italian	Indo-European	0	Eurasia	1	2	3	1	0	0	0	1	0	0	0
iton1250	Itonama	Itonama	0	South America	1	1	2	0	0	0	0	0	0	0	1
itza1241	Itzá	Mayan	0	North America	1	2	3	1	0	1	0	0	0	0	1
iumi1238	Iu Mien	Hmong-Mien	0	Eurasia	1	1	2	0	0	0	0	0	0	0	0
ivat1242	Itbayat	Austronesian	0	Papunesia	1	2	3	0	0	1	0	0	0	0	0
iwai1244	Iwaidja	Iwaidjan Proper	0	Australia	?									0	1
iwal1237	Iwal	Austronesian	0	Papunesia	2	1	2	0	0	0	0	0	0	0	0
iwam1256	Iwam	Sepik	0	Papunesia	2	1	2	1	?	?	?	?	?	0	0
iyoo1238	Iyo	Nuclear Trans New Guinea	0	Papunesia	2	2	2	0	0	0	0	0	0	0	0
jahh1242	Jah Hut	Austroasiatic	0	Eurasia	1	2	2	0	0	0	0	0	0	0	0
jalk1242	Jalkunan	Mande	0	Africa	2	1	2	0	0	0	0	0	0	0	0
jama1261	Madi	Arawan	0	South America	?	1	2	0	0	0	0	0	0	0	0
jama1262	Jamaican Creole English	Indo-European	0	North America	1	1	1	0	0	0	0	0	0		
jamb1236	Jambi Malay	Austronesian	0	Papunesia	3	2	2	0	0	0	0	0	0	0	0
jams1239	Jamsay Dogon	Dogon	0	Africa	2	1	2	0	0	0	0	0	0		
japh1234	Japhug	Sino-Tibetan	0	Eurasia	2	1	2	0	0	0	0	0	0	0	1
jaqa1244	Jaqaru	Aymaran	0	South America	1	1	3	?	0	?	0	0	0		
jara1266	Jarai	Austronesian	0	Eurasia	1	2	1	0	0	0	0	0	0	0	0
jaru1254	Jaru	Pama-Nyungan	0	Australia	3	?	2	0	0					0	0
java1254	Javanese	Austronesian	0	Papunesia	3	2									
jede1239	Jedek	Austroasiatic	0	Eurasia	1	2	2	0	0	0	0	0	0	0	1
jeha1242	Jehai	Austroasiatic	0	Eurasia	1	2	0	0	0	0	0	0	0	0	0
jehh1245	Jeh	Austroasiatic	0	Eurasia		2		0	0	0	0	0	0	0	0
jenn1240	Jennu Kurumba	Dravidian	0	Eurasia	?	?	?	1	0	1	0	0	0	0	0
jeru1240	Jerung	Sino-Tibetan	0	Eurasia	2	1	?	0	0	0	0	0	0	0	0
jiba1237	Jiba	Atlantic-Congo	0	Africa	2	2	2	0	0	0	0	0	0	0	0
jina1244	Jina	Afro-Asiatic	0	Africa	2	2	2	1	0	0	0	0	1	0	0
jita1239	Jita	Atlantic-Congo	0	Africa	?	2	2	?	?	?	?	?	?	1	?
jjuu1238	Jju	Atlantic-Congo	0	Africa	2	2	2	?	?	1	?	?	?		
juan1238	Juang	Austroasiatic	0	Eurasia	1	1	1	0	0	0	0	0	0		
juho1239	South-Eastern Ju	Kxa	0	Africa			2								
juku1254	Jukun Takum	Atlantic-Congo	0	Africa	2	2	2	0	0	0	0	0	0	0	0
jurm1239	Jur Modo	Central Sudanic	0	Africa	2	2	2	0	0	0	0	0	0		
kaba1278	Kabardian	Abkhaz-Adyge	0	Eurasia	3	1	2	0	0	0	0	0	0	1	0
kaba1281	Kaba	Central Sudanic	0	Africa	2	2	3	0	0	0	0	0	0		
kaby1243	Kabyle	Afro-Asiatic	0	Africa			2	1	0	0	0	0			
kach1280	Southern Jinghpaw	Sino-Tibetan	0	Eurasia	2	1	2	0	0	0	0	0	0	0	0
kach1284	Kachama-Ganjule-Haro	Ta-Ne-Omotic	0	Africa	?	1	1	1	0	0	0	0	0	0	1
kada1242	Kadar	Dravidian	0	Eurasia	1	1	1	0	0	0	0	0	0	0	0
kado1242	Kado	Sino-Tibetan	0	Eurasia	2	1	2	0	0	0	0	0	0	0	0
kafa1242	Kafa	Ta-Ne-Omotic	0	Africa	1	1	3	1	?	?	?	0	?	0	0
kaga1256	Kagayanen	Austronesian	0	Papunesia	1	1	3	0	0	0	0	0	0	0	0
kagf1238	Ut-Main	Atlantic-Congo	0	Africa	2	2	2	0	1	1	1	0			
kagu1239	Kagulu	Atlantic-Congo	0	Africa	2	2	2	0	0	1	0	0	1	0	0
kaik1246	Kaike	Sino-Tibetan	0	Eurasia	2	1	1	0	0	0	0	0	0	0	0
kain1272	Kaingang	Nuclear-Macro-Je	0	South America	?	?	?				0	0		0	0
kair1263	Kairiru	Austronesian	0	Papunesia	2	3		?	?	?	?				
kaki1249	Kaki Ae	Kaki Ae	0	Papunesia	2	1	2	?	?	?	?	?	?	0	0
kala1377	Kala Lagaw Ya	Pama-Nyungan	0	Australia	3	3		1	0	0	0				
kala1384	Kalanga	Atlantic-Congo	0	Africa	2	2	2	0	0	1	0	0	1	1	0
kala1388	Kalagan	Austronesian	0	Papunesia	1	3	1	0	0	0	0	0	0	0	0
kala1399	Kalaallisut	Eskimo-Aleut	0	North America	2	2	2	0	0	0	0	0	0	0	0
kala1400	Central Kalapuya	Kalapuyan	0	North America	1	1	1	0	0	0	0	0	0	0	1
kali1308	Kalispel-Pend d'Oreille	Salishan	0	North America	1	3	?	0	0	?	0	0	0	0	0
kalk1246	Kalkutung	Pama-Nyungan	0	Australia	?	3	2	0	0	0	0	0	0	0	0
kalm1243	Oirad-Kalmyk-Darkhat	Mongolic-Khitan	0	Eurasia	1	3	1	0	0	0	0	0	0	0	0
kalu1248	Kaluli	Bosavi	0	Papunesia				0	0	0	0				
kama1367	Kamasau	Nuclear Torricelli	0	Papunesia	2	1		1	1	0	0				
kama1370	Kamano	Nuclear Trans New Guinea	0	Papunesia	1	3	1	0	0	0	0	0	0	0	1
kama1378	Kamas (Uralic)	Uralic	0	Eurasia	1	1	1	0	0	0	0	0	0	0	0
kamb1297	Kamba (Kenya)	Atlantic-Congo	0	Africa	2	2	2	0	0	1	0	1	1	1	0
kamb1299	Kambera	Austronesian	0	Papunesia	1	2	2	0	0	0	0	0	0	0	0
kamb1316	Kambaata	Afro-Asiatic	0	Africa	1	2	1	1	0	0	0	0			
kamm1249	Kam	Atlantic-Congo	0	Africa	2	2	2	0	0	0	0	0	0	0	0
kamo1255	Kamoro	Nuclear Trans New Guinea	0	Papunesia	2	3		?	?	?	?				
kamu1260	Kamula	Kamula-Elevala	0	Papunesia	2	2	2	0	0	0	0	0	0	0	1
kana1286	Kanakanavu	Austronesian	0	Papunesia	1	2	2	0	0	0	0	0	0	0	0
kana1288	Kanasi	Dagan	0	Papunesia				0	0	0	0				
kani1286	Kanite	Nuclear Trans New Guinea	0	Papunesia	3	1	1	0	0	0	0	0	0	0	0
kank1243	Kankanaey	Austronesian	0	Papunesia	1	2	?	0	0	0	0	0	0	0	0
kaon1241	Kaonde	Atlantic-Congo	0	Africa	2	?	2	0	0	1	1	0	?	?	?
kapi1249	Kapingamarangi	Austronesian	0	Papunesia	2	1	3	0	0	?	0	0	0	?	0
kaqc1270	Kaqchikel	Mayan	0	North America	1	1	1	0	0	0	0	0	0	1	1
kara1476	Karadjeri	Pama-Nyungan	0	Australia	2	2	2		0		0	0		0	0
kara1482	Kara (Central African Republic)	Central Sudanic	0	Africa	2	2	2	0	0	0	0	0	0		
kara1486	Kara (Papua New Guinea)	Austronesian	0	Papunesia	3	2	2	0	0	0	0	0	0	0	0
kara1487	Karao	Austronesian	0	Papunesia	1	2	1	0	0	0	0	0	0	0	0
kara1499	Kalamang	West Bomberai	0	Papunesia	2	2	2	0	0	0	0	0	0	0	0
kara1500	Karajá	Nuclear-Macro-Je	0	South America	3	2	0	0	0	0	0	0	0	0	1
karb1241	Hills Karbi	Sino-Tibetan	0	Eurasia	3	1	?	1	0	0	0	0	0	1	1
kare1338	Kare (Central African Republic)	Atlantic-Congo	0	Africa	2	2	1	0	0	0	0	0	0	0	0
kari1254	Kariri	Kariri	0	South America	1	2	3	0	0	0	0	0	0	1	0
kari1306	Kari	Atlantic-Congo	0	Africa	2	2	2	0	?	?	?	?	1	0	0
kari1311	Karitiâna	Tupian	0	South America	1	1	2	0	0	0	0	0	0	0	1
kark1258	Karkar-Yuri	Pauwasi	0	Papunesia	2	3	3	0	0	0	0	0	0	0	0
karn1252	Karnai	Austronesian	0	Papunesia	2	3	2	0	0	0	0	0	0	0	0
karo1304	Karok	Karok	0	North America	?	1	2	0	0	0	0	0	0	0	1
kash1277	Kashmiri	Indo-European	1	Eurasia	1	1	1	1	0	0	0	0	1	0	0
kask1239	Kaska	Athabaskan-Eyak-Tlingit	0	North America	2	1	2	0	0	0	0	0	0	0	0
katb1237	Avava	Austronesian	0	Papunesia	2	3	2	0	0	0	0	0	0	0	0
kats1235	Katso	Sino-Tibetan	0	Eurasia	2	1	2	0	0	0	0	0	0	0	0
katu1276	Katukína do Biá-Ipixuna	Katukinan	0	South America	1	2	2	0	0	0	0	0	0	0	1
kaul1240	Kaulong	Austronesian	0	Papunesia	2	3		?	?	?	?				
kaur1267	Kaurna	Pama-Nyungan	0	Australia	?	?	?		0	0	0	0		?	0
kaur1271	Kaure-Narau	Kaure-Kosare	0	Papunesia	2	?	2	?	?	?	?	?	0	?	1
kava1241	Kavalan	Austronesian	0	Papunesia	1	2	1	0	0	0	0	0	0	0	0
kawa1283	Kawaiisu	Uto-Aztecan	0	North America	1									0	?
kawi1241	Kawi	Austronesian	0	Papunesia	1	2	2	0	0	0	0	0	0	?	?
kaya1315	Kayan Lahwi	Sino-Tibetan	0	Eurasia	2	1	2	0	0	0	0	0	0	0	1
kaya1319	Kayardild	Tangkic	0	Australia	3	3		?	?	?	?				
keap1239	Keapara	Austronesian	0	Papunesia	2	1	2	0	0	0	0	0	0	0	0
keda1252	Kedang	Austronesian	0	Papunesia	2	1	2	0	0	0	0	0	0	0	0
keig1242	Keiga	Kadugli-Krongo	0	Africa	2	2	3	0	0	0	0	0	0	1	0
kele1255	Kele-Foma	Atlantic-Congo	0	Africa	2	2	2	0	0	1	0	0	1		
kele1258	Kele (Papua New Guinea)	Austronesian	0	Papunesia	2	3	2	0	0	0	0	0	0	0	0
kele1259	Keley-i Kallahan	Austronesian	0	Papunesia	1	2	1	0	0	0	0	0	0	?	?
kelo1247	Klon	Timor-Alor-Pantar	0	Papunesia	2	1		?	?	?	?				
kemb1249	Mateq	Austronesian	0	Papunesia	3	2	2	0	0	0	0	0	0	0	0
keme1240	Kemezung	Atlantic-Congo	0	Africa	2	2	2	?	?	?	?	?	?	0	0
keng1240	Kenga	Central Sudanic	0	Africa	2	2	2	0	0	0	0	0	0		
kens1248	Kensiu	Austroasiatic	0	Eurasia	2	2	2	0	0	0	0	0	0	0	0
kenu1236	Kenuzi-Dongola	Nubian	0	Africa	2	1	2	0	0	0	0	0	0	0	1
keoo1238	Kéo	Austronesian	0	Papunesia	2	2	2	0	0	0	0	0	0	0	0
kera1248	Keerak	Atlantic-Congo	0	Africa	2	2	2	0	1	1	1	0			
kera1255	Kera	Afro-Asiatic	0	Africa	2	2	2	1	0	0	0	0	0	0	0
keri1250	Kerinci	Austronesian	0	Papunesia	3	2	2	0	0	0	0	0	0		
kesa1244	Kesawai	Nuclear Trans New Guinea	0	Papunesia	2	1	2	0	0	0	0	0	0	0	0
kett1243	Ket	Yeniseian	0	Eurasia	1	1	1	1	0	1	0	0	1	0	1
kgal1244	Kgalagadi	Atlantic-Congo	0	Africa	2	2	2	0	0	1	0	1	1	1	0
khak1248	Khakas	Turkic	0	Eurasia	1	1	1	0	0	0	0	0	0	0	0
khal1275	Khaling	Sino-Tibetan	0	Eurasia	1	1	1	0	0	0	0	0	0	0	1
kham1282	Khams Tibetan	Sino-Tibetan	0	Eurasia	2	1	2	0	0	0	0	0	0	0	0
khan1274	Kháng	Austroasiatic	0	Eurasia	1	2	2	0	0	0	0	0	0	0	0
khan1277	Southern Tangkhul Naga	Sino-Tibetan	0	Eurasia	2	1	1	0	0	0	0	0	0	0	0
khan1278	Khana	Atlantic-Congo	0	Africa	1	2	3	0	0	0	0	0	0	0	0
khar1287	Kharia	Austroasiatic	0	Eurasia	1	3	1	0	0	0	0	0	0	1	0
khar1288	Kharam Naga	Sino-Tibetan	0	Eurasia	2	?	3	0	0	0	0	0	0	?	1
khas1269	Khasi	Austroasiatic	0	Eurasia	1	2	2	1	0	0	0	0	0	0	0
khez1235	Khezha Naga	Sino-Tibetan	0	Eurasia	2	1	2	0	0	0	0	0	0	0	0
khin1240	Khinalug	Nakh-Daghestanian	0	Eurasia	1	1	1	1	0	1	0	0	0		
khmu1256	Khmu	Austroasiatic	0	Eurasia	2	2	2	0	0	0	0	0	0	0	0
khum1248	Khumi Chin	Sino-Tibetan	0	Eurasia	2	1	2	0	0	0	?	0	0	0	0
khva1239	Khwarshi-Inkhoqwari	Nakh-Daghestanian	0	Eurasia	1	1	1	1	0	?	0	0	1		
kich1262	K'iche'	Mayan	0	North America	1	2	1	0	0	0	0	0	0	0	1
kiku1240	Kikuyu	Atlantic-Congo	0	Africa	2	2	2	0	0	1	1	0	1	0	0
kile1243	Kilen	Tungusic	0	Eurasia	1	1	1	0	0	0	0	1	0	0	0
kili1267	Kilivila	Austronesian	0	Papunesia	1	?	2	1	1	1	1	0	0	0	1
kima1244	Kimaragang	Austronesian	0	Papunesia	1	3		?	?	?	?				
kima1246	Kimaama	Kolopom	0	Papunesia	2	1	2	0	0	0	0	0	0	0	0
kimm1245	Kim Mun	Hmong-Mien	0	Eurasia	1	1	2	0	0	0	0	0	0	0	0
kimm1246	Kim	Atlantic-Congo	0	Africa	2	3	2	0	0	0	0	0	0		
kina1250	Kinaray-a	Austronesian	0	Papunesia	1	2	2	0	0	0	0	0	0	0	0
kinn1249	Kinnauri	Sino-Tibetan	0	Eurasia	1	1	1	0	0	0	0	0	0	0	0
kiow1266	Kiowa	Kiowa-Tanoan	0	North America	1	3	2	0	0	1	0	0	0	0	1
kips1239	Kipsigis	Nilotic	0	Africa	2	2	2	0	0	0	0	0	0		
klam1254	Klamath-Modoc	Klamath-Modoc	0	North America	1	1	1	0	0	0	0	0	0	?	?
kobo1249	Kobon	Nuclear Trans New Guinea	0	Papunesia	2	3		?	?	?	?				
koda1255	Kodava	Dravidian	0	Eurasia	1	1	1	0	0	0	0	0	0	0	0
koho1244	Koho	Austroasiatic	0	Eurasia	1	2	2	0	0	0	0	0	0	0	0
koir1240	Koireng	Sino-Tibetan	0	Eurasia	2	1	2	0	0	0	0	0	0	0	0
koit1244	Koitabu	Koiarian	0	Papunesia	2	1	2	0	0	0	0	0	0	0	0
koka1244	Kokata	Pama-Nyungan	0	Australia	2	1	2	0	0	0	0	0	0	0	0
koko1269	Kokota	Austronesian	0	Papunesia	1	3	2	0	0	0	0	0	0	0	0
kola1285	Kola	Austronesian	0	Papunesia	2	1	2	0	0	1	0	0	0	0	0
kolb1240	Kolbila	Atlantic-Congo	0	Africa	2	3	2	0	0	0	0	0	0	0	0
kolc1235	Kol (Cameroon)	Atlantic-Congo	0	Africa	2	2	1	0	0	1	1	0	1	0	0
kolp1236	Kol (Papua New Guinea)	Kol (Papua New Guinea)	0	Papunesia	2	2		1	?	0	1				
kolu1245	Koluwawa	Austronesian	0	Papunesia	2	1	2	0	0	0	0	0	0	0	0
komb1274	Kombai	Nuclear Trans New Guinea	0	Papunesia	2	1	2	0	0	0	0	0	0	0	1
komc1235	Kom (Cameroon)	Atlantic-Congo	0	Africa	2	2	2	0	1	1	1	?	?	0	0
komi1268	Komi-Zyrian	Uralic	0	Eurasia	1	1	1	0	0	0	0	0	0	0	0
komi1269	Komi-Permyak	Uralic	0	Eurasia	1	1	1	0	0	0	0	0	0	0	0
komi1270	Kom (India)	Sino-Tibetan	0	Eurasia	2	2	2	0	0	0	0	0	0	0	1
komo1260	Komo (Democratic Republic of Congo)	Atlantic-Congo	0	Africa	2	2	2	0	0	0	0	0	0	1	0
kona1242	Konai	East Strickland	0	Papunesia	2	1	2	0	0	0	0	0	0	0	0
konk1267	Konkan Marathi	Indo-European	1	Eurasia	1	1	1	1	0	0	0	0	1	0	0
kons1243	Konso	Afro-Asiatic	0	Africa	2	2	2	1	0	0	0				
kony1248	Konyak Naga	Sino-Tibetan	0	Eurasia	1	1	3	0	0	0	0	0	0	0	1
konz1239	Konzo	Atlantic-Congo	0	Africa	2	2	2	0	0	1	0	1	1	1	0
koon1244	South-Central Koongo	Atlantic-Congo	0	Africa	2	2	2	0	0	1	1	0	0		
koon1245	Koonzime	Atlantic-Congo	0	Africa	2	2	?	0	0	1	1	0	0	1	0
koor1239	Koorete	Ta-Ne-Omotic	0	Africa	3	1	2	1	0	0	0	0	0	0	0
kora1294	Korafe-Yegha	Nuclear Trans New Guinea	0	Papunesia	2	1		?	?	?	?				
kore1280	Korean	Koreanic	0	Eurasia	2	1	1	0	0	0	0	0	0	0	0
kore1283	Koreguaje	Tucanoan	0	South America	2	1	2		1					0	1
kork1243	Korku	Austroasiatic	0	Eurasia	1	1	1	0	0	0	0	0	0		
koro1298	Koromfé	Atlantic-Congo	0	Africa	2	1	2	0	1	1	1	0	1	0	0
koro1312	Korowai	Nuclear Trans New Guinea	0	Papunesia	2	1		?	?	?	?				
koro1313	Koromira	South Bougainville	0	Papunesia	?	1	3	1	0	1	0	0	0	0	0
korr1238	Korra Koraga	Dravidian	0	Eurasia	1	1	1	1	0	1	0	0	0	0	0
kosa1249	Kosarek Yale	Nuclear Trans New Guinea	0	Papunesia	2	1	2	0	0	0	0	0	0	0	0
kosr1238	Kosraean	Austronesian	0	Papunesia	3	2	1	0	1	0	0	0	0	0	0
kota1263	Kota (India)	Dravidian	0	Eurasia	1	1	1	1	0	1	0	0	0	0	1
koti1238	Koti	Atlantic-Congo	0	Africa	2	2	2	0	0	1	0	1	1	1	0
kova1243	Kovai	Nuclear Trans New Guinea	0	Papunesia	2	3	1	0	0	0	0	0	0	0	0
kove1237	Kove	Austronesian	0	Papunesia	2	1	2	0	0	0	0	0	0	0	1
koya1251	Koya	Dravidian	0	Eurasia	1	1	1	0	0	1	0	1	1	0	0
koyr1240	Koyra Chiini Songhay	Songhay	0	Africa	2	1	2	0	0	0	0	0	0		
koyr1242	Koyraboro Senni Songhai	Songhay	0	Africa	2	1	2	0	0	0	0	0	0		
koys1242	Koy Sanjaq Jewish Neo-Aramaic	Afro-Asiatic	0	Eurasia	1	2	2	1	0	0	?	0	0	0	0
kren1239	Krenak	Nuclear-Macro-Je	0	South America	2	1	2	0	0	0	0	0	0	0	1
krim1238	Krim	Atlantic-Congo	0	Africa	2	3	2	0	0	1	0	0	1	0	0
kris1246	I'saka	Sko	0	Papunesia	2	2		1	0	0	0				
kron1241	Krongo	Kadugli-Krongo	0	Africa	2			1	0	0	0	1			
kryt1240	Kryz	Nakh-Daghestanian	0	Eurasia	1	1	1	1	0	?	0	0	0		
kuan1247	Kuanyama	Atlantic-Congo	0	Africa	2	2	2	0	0	1	0	0	0	1	0
kuan1248	Kuanua	Austronesian	0	Papunesia	1	3	3	0	0	0	0	0	0	0	0
kuii1252	Kui (India)	Dravidian	0	Eurasia	1	1	1	1	?	?	?	0	1	?	?
kuik1246	Kuikúro-Kalapálo	Cariban	0	South America	1	1	1	0	0	0	0	0	0	0	0
kuku1273	Kuku-Yalanji	Pama-Nyungan	0	Australia	3	3	2	0	0	0	0	0	0	0	0
kuku1280	Kuku-Uwanh	Pama-Nyungan	0	Australia	2	2	2	0	0	0	0	0	0		
kulo1237	Kulon-Pazeh	Austronesian	0	Papunesia	1	1	?	0	0	0	0	0	0	0	0
kulu1253	Kulung (Nepal)	Sino-Tibetan	0	Eurasia	?	1	1	0	0	0	0	0	0	0	1
kuma1276	Nêlêmwa-Nixumwak	Austronesian	0	Papunesia	3	3	2	0	0	0	0	0	0	0	0
kuma1280	Kuman	Nuclear Trans New Guinea	0	Papunesia	2	2	2	0	0	0	0	0	0	?	?
kumb1268	Kumbainggar	Pama-Nyungan	0	Australia	1	1	2	0	0		0	0	0	0	0
kumz1235	Kumzari	Indo-European	0	Eurasia	1	2	2	0	0	0	0	0	0		
kuna1268	Kunama	Kunama	0	Africa	2	3	2	0	0	0	0	0	0		
kunb1251	Kunbarlang	Gunwinyguan	0	Australia	3	3	3	1	0	1	1	0	1	0	0
kung1259	Kungarakany	Kungarakany	0	Australia	?	?	2	0	0	0	0	?	?	?	?
kuni1267	Kunimaipa	Goilalan	0	Papunesia	2	1	2	0	1	1	1	0	0	0	0
kunj1245	Kunjen	Pama-Nyungan	0	Australia	?	3	2	0	1	1	0	0	0	0	0
kunz1244	Kunza	Kunza	0	South America	2	1	2	0	0	0	0	0	0	?	1
kuot1243	Kuot	Kuot	0	Papunesia	1	2	2	1	0	0	0	0	1	0	0
kupa1239	Kupang Malay	Austronesian	0	Papunesia	2	1	2	0	0	0	0	0	0	0	0
kurr1243	Kurrama	Pama-Nyungan	0	Australia	?	3	?	0	0		?	0	0	0	0
kurt1248	Kurtokha	Sino-Tibetan	0	Eurasia	2	1		0	0	0	0				
kuru1302	Indian Kurux	Dravidian	0	Eurasia	1	1	1	1	0	1	0	0	0		
kusa1251	Kusaghe-Njela	Austronesian	0	Papunesia	1	2	2	0	0	0	0	0	0	0	0
kusu1250	Kusunda	Kusunda	0	Eurasia	2	1	1	0	0	0	0	0	0	0	1
kute1248	Kutep	Atlantic-Congo	0	Africa	2	2	3	0	0	1	0	0	0		
kute1249	Kutenai	Kutenai	0	North America	?	1	?	0	0	0	0	0	0	0	0
kuvi1243	Kuvi	Dravidian	0	Eurasia	1	1	1	1	0	0	0	0	0	?	?
kuyy1240	Kuy	Austroasiatic	0	Eurasia	2	2	2	0	0	0	0	0	0	0	0
kwai1243	Kwaio	Austronesian	0	Papunesia	1	2	2	0	0	1	0	0	0	1	0
kwam1249	Gwama	Koman	0	Africa	2	2	2	1	0	?	0	0	0	0	0
kwam1252	Kwamera	Austronesian	0	Papunesia	2	2	2	0	0	0	0	0	0	1	1
kwar1239	Kwara'ae	Austronesian	0	Papunesia	1	2	2	0	0	0	0	0	0	0	0
kwaz1243	Kwaza	Kwaza	0	South America	2	1	1	0	1	0	1	0	1		
kweg1241	Kwegu	Surmic	0	Africa	2	2	2	0	0	0	0	0	0	0	0
kwin1241	Kwini	Worrorran	0	Australia	3	3	3	0	0	1	1	?	0	0	1
kwom1262	Kwoma	Sepik	0	Papunesia	1	1	1	0	0	0	0	0	0	0	0
kxoe1243	Kxoe	Khoe-Kwadi	0	Africa	1	1	1	1	1	0	0	0	0	0	0
kyer1238	Kyerung	Sino-Tibetan	0	Eurasia	2	1	2	0	0	0	0	0	0	0	0
laal1242	Laal	Laal	0	Africa	2	2	2	1	0	0	0	0	0	0	0
labe1239	Label	Austronesian	0	Papunesia	1	3	1	?	?	?	?	?	?	0	0
labo1244	Ninde	Austronesian	0	Papunesia	2	2	2	0	0	0	0	0	0	0	0
labu1248	Labu	Austronesian	0	Papunesia	2	1	2	0	0	0	0	0	0	0	0
labu1249	Labuk-Kinabatangan Kadazan	Austronesian	0	Papunesia	1	1	2	0	0	0	0	0	0		
labw1238	Labwor	Nilotic	0	Africa	2	1	2	0	0	0	0	0	0	0	0
lach1248	Lachi	Tai-Kadai	0	Eurasia	1	2	2	0	0	0	0	0	0	0	0
lafo1243	Lafofa	Lafofa	0	Africa	?	3	3	0	1	1	0	0	1	0	1
lagw1237	Lagwan	Afro-Asiatic	0	Africa	2	2	2	1	0	0	0	0	1	0	0
lahu1252	Lahu Shi	Sino-Tibetan	0	Eurasia	2	1	3	0	0	0	0	0	?	0	0
lahu1253	Lahu	Sino-Tibetan	0	Eurasia	2	1	?	0	0	0	0	0	0	0	1
laiy1246	Laiyolo	Austronesian	0	Papunesia	1	2	2	?	?	?	?	0	?	0	0
lakk1252	Lak	Nakh-Daghestanian	0	Eurasia	1	1	1	1	0	1	?	0	?		
lala1264	Lala-Bisa	Atlantic-Congo	0	Africa	2	?	2	0	0	1	0	0	1	?	?
lala1268	Lala	Austronesian	0	Papunesia	2	1	2	0	0	0	0	0	0	0	0
lama1277	Lamaholot	Austronesian	0	Papunesia	2	1	2	0	0	0	0	0	0	0	0
lama1288	Lamang	Afro-Asiatic	0	Africa	2	2	3	0	0	0	0	1	0	?	?
lamb1269	Lambadi	Indo-European	1	Eurasia	?	1	1	1	0	0	0	1	0	0	0
lamb1272	Lambya	Atlantic-Congo	0	Africa	2	2	2	0	1	1	1	0	0	0	0
lamb1273	Lamboya	Austronesian	0	Papunesia	?	?	1	0	0	0	0	0	0	0	0
lame1260	Lamenu	Austronesian	0	Papunesia	2	1	3	?	?	?	?	?	?	1	0
lamj1247	Lamjung Yolmo	Sino-Tibetan	0	Eurasia	2	1	2	0	0	0	0	0	0	0	0
lamk1238	Lamkang	Sino-Tibetan	0	Eurasia	2	1	?	0	0	0	0	0	0	0	1
lamo1244	Lamogai	Austronesian	0	Papunesia	2	1	2	0	0	0	0	0	0	0	0
land1256	Landoma	Atlantic-Congo	0	Africa	2	2	2	?	?	1	?	?	?	0	0
lang1320	Langi	Atlantic-Congo	0	Africa	2	2	2	0	1	1	1	0	0	0	0
lang1324	Lango (Uganda)	Nilotic	0	Africa	2	2	2	0	0	0	0	0			
laoo1244	Lao	Tai-Kadai	0	Eurasia	3	2		0	0	0	0				
lara1258	Laragia	Laragia	0	Australia	?	2	2	0	0	1	1	0	1	0	1
lara1260	Larantuka Malay	Austronesian	0	Papunesia	2	1	2	0	0	0	0	0	0	0	0
lard1243	Lardil	Tangkic	0	Australia	3	3		?	?	?	?				
lash1243	Lashi	Sino-Tibetan	0	Eurasia	3	1	3	0	0	0	0	0	0	0	0
lati1261	Latin	Indo-European	0	Eurasia	3	3	3	1	0	1	0	0	0	0	0
latv1249	Latvian	Indo-European	0	Eurasia	3	1	1	1	0	0	0	1	0	0	0
lauu1247	Lau	Austronesian	0	Papunesia	1	2	2	0	0	0	0	0	0	0	0
lave1248	Laven	Austroasiatic	0	Eurasia	2	2	2	0	0	0	0	0	0	0	0
lave1249	Brao	Austroasiatic	0	Eurasia	2	2	2	0	0	0	0	0	0	0	0
lavu1241	Lavukaleve	Lavukaleve	0	Papunesia	2	1	2	1	1	1	1	1	0	0	1
lazz1240	Laz	Kartvelian	0	Eurasia	1	1	1	0	0	0	0	0	0		
leco1242	Leco	Leco	0	South America	1	1	1	0	0	0	0	0	0	0	1
lega1249	Lega-Shabunda	Atlantic-Congo	0	Africa	2	?	2	0	0	1	0	1	0	0	0
lega1250	Lega-Mwenga	Atlantic-Congo	0	Africa	2	2	2	?	?	?	?	?	?	0	0
lele1267	Lelepa	Austronesian	0	Papunesia	2	2	2	0	0	0	0	0	0	0	0
lele1270	Lele (Papua New Guinea)	Austronesian	0	Papunesia	2	3	2	0	0	0	0	0	0	0	0
lele1276	Lele (Chad)	Afro-Asiatic	0	Africa	2	3	2	0	0	1	0	0	0	0	0
lemb1266	Lembena	Nuclear Trans New Guinea	0	Papunesia	3	1	2	0	0	0	0	0	0	0	0
leme1238	Lemerig	Austronesian	0	Papunesia	2	2	2	0	0	0	0	0	0	0	0
lena1238	Lenakel	Austronesian	0	Papunesia	2	2	2	0	0	0	0	0	0	1	0
lend1245	Lendu	Central Sudanic	0	Africa	3	1	1	0	0	0	0	0	0	0	1
leng1259	Lengo	Austronesian	0	Papunesia	3	3	2	0	0	?	0	0	0	0	0
lepc1244	Lepcha	Sino-Tibetan	0	Eurasia	2	1	2	0	0	0	0	0	0	0	0
lese1243	Lese	Central Sudanic	0	Africa	2	3	2	0	0	0	0	0	0	0	1
leti1246	Leti (Indonesia)	Austronesian	0	Papunesia	2	2	2	0	0	0	0	0	0	0	0
lewo1242	Lewo	Austronesian	0	Papunesia	2	1	3	0	0	0	0	0	0	0	0
lewo1244	Lewotobi	Austronesian	0	Papunesia	2	3	2	0	0	0	0	0	0	0	0
lezg1247	Lezgian	Nakh-Daghestanian	0	Eurasia	1	1	1	0	0	0	0	0	0	0	0
lian1251	Liangmai Naga	Sino-Tibetan	0	Eurasia	?	1	?	0	0	0	0	0	0	0	1
libi1244	Libinza	Atlantic-Congo	0	Africa	2	2	2	0	1	1	?	?	1		
liby1240	Libyan Arabic	Afro-Asiatic	0	Africa	3	2	2	1	0	0	0	1	1		
lihi1237	Lihir	Austronesian	0	Papunesia	1	3	2	0	0	0	0	0	0	0	1
liji1238	Lijili	Atlantic-Congo	0	Africa	2	2	3	0	0	0	0	1	0	1	0
lika1243	Liko	Atlantic-Congo	0	Africa	2	2	2	0	0	1	1	0	1		
liki1240	Balobo	Atlantic-Congo	0	Africa	2	2	2	0	0	1	0	0	1		
lill1248	Lillooet	Salishan	0	North America	1	2	1	0	0	0	0	0	0	0	1
limb1266	Limbu	Sino-Tibetan	0	Eurasia	1	1	3	1	0	0	0	0	0	0	1
limo1248	Limos Kalinga	Austronesian	0	Papunesia	1	2	1	0	0	0	0	0	?	0	0
limo1249	Limonese Creole	Indo-European	0	North America	1	1	3	0	0	0	0	0	0		
ling1263	Kinshasa Lingala	Atlantic-Congo	0	Africa	2	2		0	0	1	0				
ling1265	Neverver	Austronesian	0	Papunesia	2	2	2	0	0	0	0	0	0	0	0
lipo1242	Lipo	Sino-Tibetan	0	Eurasia	2	1	2	0	0	0	0	0	0	0	0
lish1245	Lishanid Noshan	Afro-Asiatic	0	Eurasia	1	3	3	0	0	0	0	0	0	0	0
lith1251	Lithuanian	Indo-European	0	Eurasia	1	1	1	1	0	0	0	1	0	0	0
lito1235	Litoka	Atlantic-Congo	0	Africa	2	2	2	0	?	1	?	?	1		
litz1237	Naman	Austronesian	0	Papunesia	2	3	2	0	0	0	0	0	0	0	0
livv1243	Livvi	Uralic	0	Eurasia	1	1	3	0	0	0	0	0	0	0	0
livv1244	Liv	Uralic	0	Eurasia	1	1	1	0	0	0	0	0	0	0	0
loba1239	Lobala	Atlantic-Congo	0	Africa	2	2	2	0	0	?	0	0	1		
logo1259	Logo	Central Sudanic	0	Africa	2	1	2	0	0	0	0	0	0	0	0
loka1252	Lokaa	Atlantic-Congo	0	Africa	2	2	2	0	0	1	0	0	1	0	0
lolo1259	Lolopo	Sino-Tibetan	0	Eurasia	2	1	2	0	0	0	0	0	0	0	0
loma1260	Loma (Liberia)	Mande	0	Africa	2	1	2	0	0	0	0	0			
lomb1257	Lombard	Indo-European	0	Eurasia	1	3	3	1	0	0	0	1	0	0	0
long1374	Longxi Qiang	Sino-Tibetan	0	Eurasia	2	1	3	0	0	0	0	0	0	0	0
long1395	Longgu	Austronesian	0	Papunesia	1	2	2	0	0	0	0	0	0	0	0
loni1238	Loniu	Austronesian	0	Papunesia	2	3	2	0	0	0	0	0	0	0	0
lonw1238	Lonwolwol	Austronesian	0	Papunesia	2	?	2	0	0	0	0	0	0	?	?
lote1237	Lote	Austronesian	0	Papunesia	2	1	2	0	0	0	0	0	0	0	0
loth1237	Lotha Naga	Sino-Tibetan	0	Eurasia	2	1	2	0	0	0	0	0	0	0	0
lotu1250	Lotud	Austronesian	0	Papunesia	1	2	?	0	0	0	0	0	0	0	0
loup1243	Loup A	Algic	0	North America	?	3	?	0	0	1	0	0	0	0	1
louu1245	Lou	Austronesian	0	Papunesia	2	3	1	0	0	0	0	0	0	0	0
lowe1412	Tanudan Kalinga	Austronesian	0	Papunesia	1	1	1	?	?	?	?	?	?	?	?
lowe1427	Lower Chehalis	Salishan	0	North America	1	1	1	1	0	0	0	0	0	0	1
lowl1260	Lowland Oaxaca Chontal	Tequistlatecan	0	North America	1	3	1	0	0	0	0	0	0	0	1
lowl1265	Lowland Tarahumara	Uto-Aztecan	0	North America	1	1	3	0	0	0	0	0	0	0	0
lozi1239	Lozi	Atlantic-Congo	0	Africa	2	2	2	0	0	1	1	0	0	1	0
luan1263	Luang	Austronesian	0	Papunesia	2	1	2	0	0	0	0	0	0	0	1
lubu1243	Lubuagan Kalinga	Austronesian	0	Papunesia	1	2	2	0	0	0	0	0	0	0	0
luch1239	Luchazi	Atlantic-Congo	0	Africa	2	2	2	0	1	1	1	0	1		
ludi1246	Ludian	Uralic	0	Eurasia	1	1	1	0	0	0	0	0	0	0	0
lugb1240	Lugbara	Central Sudanic	0	Africa	2	3	2	0	0	0	0	0	0	0	0
lugu1238	Luguru	Atlantic-Congo	0	Africa	2	2	1	0	1	1	0	0	1	0	0
luis1253	Luiseno-Juaneño	Uto-Aztecan	0	North America	1	1	2	0	0	0	0	1	1	0	1
lule1238	Lule	Lule	0	South America	2	1	2	0	0	0	0	0	0	0	0
lule1254	Lule Saami	Uralic	0	Eurasia	1	1	1	0	0	0	0	0	0	0	0
lumb1249	Lumbu	Atlantic-Congo	0	Africa	2	2	2	0	0	1	0	0	0	1	0
lumu1239	Lumun	Narrow Talodi	0	Africa	2	2	2	0	0	0	1	1	0	1	0
lunb1237	Lun Bawang	Austronesian	0	Papunesia	1	2	2	0	0	0	0	0	0	0	0
lund1266	Lunda	Atlantic-Congo	0	Africa	2	2	2	0	0	1	0	0	1		
lund1271	Lundayeh	Austronesian	0	Papunesia	1	2	2	0	0	0	0	0	0	0	0
luok1236	Luo (Kenya and Tanzania)	Nilotic	0	Africa	2	2	2	0	0	0	0	0	0	0	0
luse1252	Lusengo	Atlantic-Congo	0	Africa	2	2	2	0	0	1	0	0	1		
lush1249	Mizo	Sino-Tibetan	0	Eurasia	2	1	2	0	0	0	0	0	0	0	1
lush1252	Northern Lushootseed	Salishan	0	North America	?	2	3	1	0	0	0	0	0	0	0
lusi1240	Lusi	Austronesian	0	Papunesia	2	3	2	0	0	0	0	0	0	0	1
luva1239	Luvale	Atlantic-Congo	0	Africa	2	2	2	0	1	1	0	0	0	0	0
luya1241	Luyi	Atlantic-Congo	0	Africa	1	2	2	0	0	1	0	0	1	0	0
maan1238	Ma'anyan	Austronesian	0	Papunesia	3	2	2	0	0	0	0	0	0	0	0
maas1239	Maasina Fulfulde	Atlantic-Congo	0	Africa	2	2	2	0	1	1	1	1			
maba1270	Mabaale	Atlantic-Congo	0	Africa	2	2	2	0	0	1	0	0	1		
maba1277	Maba (Chad)	Maban	0	Africa	2	2	2	0	1	1	0	1	1		
maca1259	Macaguán	Guahiboan	0	South America	1	2	1				0	0		0	1
mace1250	Macedonian	Indo-European	0	Eurasia	1	3	1	1	0	1	0	1	0	0	0
mach1267	Machiguenga	Arawakan	0	South America	1	1		1	0	1	0				
maco1239	Maco	Saliban	0	South America	2	1	2	1	1	1	1	0	1		
macu1259	Macushi	Cariban	0	South America	2	1	0		0					0	1
macu1260	Macuna	Tucanoan	0	South America	1	2	2	1	1	1	0	0	0	0	0
mada1285	Madak	Austronesian	0	Papunesia	1	2	2	0	0	0	0	0	0	0	0
madi1260	Ma'di	Central Sudanic	0	Africa	2	1	2	0	0	0	0	0	0	0	0
madn1237	Madngele	Eastern Daly	0	Australia	3	2	2	0	0	0	0	0	0	0	0
maee1241	Tirax	Austronesian	0	Papunesia	2	2	2	0	0	0	0	0	0	0	0
mafe1237	Mafea	Austronesian	0	Papunesia	2	2	2	0	0	0	0	?	?	0	0
maga1260	Magahi	Indo-European	1	Eurasia	1	1	1	0	0	0	0	0	0	0	0
maga1263	Mag-Anchi Ayta	Austronesian	0	Papunesia	?	2	?	0	0	1	0	0	0	0	0
magd1235	Magdalena Peñasco Mixtec	Otomanguean	0	North America	1	2	3	1	1	1	1	0	0	0	1
magu1243	Maguindanao	Austronesian	0	Papunesia	?	3	2	0	0	0	0	0	0	?	?
maia1253	Maiani	Nuclear Trans New Guinea	0	Papunesia	1	3	2	?	?	?	?	?	?		
maia1254	Maia	Nuclear Trans New Guinea	0	Papunesia	2	1	2	0	0	0	0	0	?		
maib1239	Maybrat-Karon	Maybrat-Karon	0	Papunesia	2	1	2	0	0	0	0	0	0	0	1
mail1248	Mailu	Mailuan	0	Papunesia	2	1	2	0	0	0	0	0	0	?	?
maip1246	Maipure	Arawakan	0	South America	1	1		0	0	1	0				
mais1250	Maisin	Austronesian	0	Papunesia	2	1	3	0	0	0	0	0	0	0	0
mait1250	Maithili	Indo-European	1	Eurasia	1	1	1	0	0	0	0	0	0	0	0
maja1242	Majang	Surmic	0	Africa	2	2	2	0	0	0	0	0	0	0	0
maka1304	Makaa	Atlantic-Congo	0	Africa	2	2	2	0	0	1	1	0	1	1	?
maka1311	Makasar	Austronesian	0	Papunesia	3	2		?	?	?	?				
makc1235	Mak (China)	Tai-Kadai	0	Eurasia	3	1	2	0	0	0	0	0	0	0	0
makh1264	Makhuwa	Atlantic-Congo	0	Africa	2	2	2	0	0	1	0	0	1	0	0
makh1266	Makhuwa-Saka	Atlantic-Congo	0	Africa	2	2	2	0	0	1	1	0	0	0	0
mako1251	Makonde	Atlantic-Congo	0	Africa	2	2	2	0	0	1	?	0	0	1	0
maku1277	Maku'a	Austronesian	0	Papunesia	2	1	2	?	?	?	?	?	?	0	0
makw1236	Makwe	Atlantic-Congo	0	Africa	2	2	2	0	?	?	?				
mala1463	Malavedan	Dravidian	0	Eurasia	1	1	1	0	0	0	0	0	0	0	0
mala1464	Malayalam	Dravidian	0	Eurasia	1	1	1	1	0	1	0	0	0	0	0
mala1479	Colloquial Malay	Austronesian	0	Eurasia	3	3	2	0	0	0	0	0	0	0	0
mala1481	Manado Malay	Austronesian	0	Papunesia	3	1	2	0	0	0	0	0	0	0	0
mala1522	Malayo	Chibchan	0	South America	1	1	2	0	0	0	0	0	0		
mala1534	Malaweg	Austronesian	0	Papunesia	1	2	1	0	0	0	0	0	0	0	0
male1284	Male (Ethiopia)	Ta-Ne-Omotic	0	Africa	1	1	1	1	0	1	0	0	0	0	0
male1289	Maleu-Kilenge	Austronesian	0	Papunesia	2	1	2	0	0	0	0	0	0	0	1
male1297	Maléku Jaíka	Chibchan	0	North America	1	1	2	0	0	0	0	0	0	0	1
malg1251	Malgwa	Afro-Asiatic	0	Africa	2	2	2	0	0	0	0	0	0	0	0
mali1284	Mali	Baining	0	Papunesia	2	1		1	1	1	0				
mali1285	Malinaltepec Me'phaa	Otomanguean	0	North America	1	2	2	0	0	1	0	0	0	0	0
malo1243	Tamambo	Austronesian	0	Papunesia	2	3	2	0	0	0	0	0	0	0	0
malt1254	Maltese	Afro-Asiatic	0	Eurasia	1	2	2	1	0	0	0	1	0		
malu1245	Malua Bay	Austronesian	0	Papunesia	2	2	2	0	0	0	0	0	0	1	0
mama1275	Mamanwa	Austronesian	0	Papunesia	1	2	3	0	0	0	0	0	0	0	0
mamb1294	Mambai	Atlantic-Congo	0	Africa	2	2	2	0	0	0	0	0	0	0	0
mamb1296	Mambwe-Lungu	Atlantic-Congo	0	Africa	2	2	2	0	0	1	0	0	1	0	0
mamb1306	Mambae	Austronesian	0	Papunesia	2	1	2	0	0	0	0	0	0	0	0
mamm1241	Mam	Mayan	0	North America	1	2	3	1	0	0	0	0	0	0	1
mamv1243	Mamvu	Central Sudanic	0	Africa	2	1	2	0	0	0	0	0	0		
mana1288	Manange	Sino-Tibetan	0	Eurasia	3	1	2	0	0	0	0	0	0	0	0
mana1295	Manam	Austronesian	0	Papunesia	2	3	2	0	0	0	0	0	0	0	0
mana1298	Manambu	Ndu	0	Papunesia	3	1	1	1	1	1	0	0	0	0	0
mand1415	Mandarin Chinese	Sino-Tibetan	0	Eurasia	1	1	1	0	0	0	0	0	0	0	0
mand1423	Manda-Matumba	Atlantic-Congo	0	Africa			2								
mand1436	Mandinka	Mande	0	Africa	2	1	2	0	0	0	0	0			
mand1440	Mandara	Austronesian	0	Papunesia	2	2	1	0	0	0	0	0	0	0	0
mang1378	Mang	Austroasiatic	0	Eurasia	2	2	2	0	0	0	0	0	0	0	0
mang1381	Mangarrayi	Mangarrayi-Maran	0	Australia	3	3	3	1	0	1	0	0	0	1	0
mang1394	Mangbetu	Central Sudanic	0	Africa	2	3	2	0	0	0	0	0	0	1	1
mang1401	Mangareva	Austronesian	0	Papunesia	2	3	2	0	0	0	0	0	0	0	0
mang1403	Mangseng	Austronesian	0	Papunesia	2	1	2	0	0	0	0	0	0	0	1
mang1404	Mangga Buang	Austronesian	0	Papunesia	2	1	2	0	0	0	0	0	0	0	0
mang1405	Manggarai	Austronesian	0	Papunesia	1	2	2	0	0	0	0	0	0	0	0
mani1235	Sougb	East Bird's Head	0	Papunesia	2	1	2	0	0	1	0	0	?	0	?
manm1238	Man Met	Austroasiatic	0	Eurasia	3	2	2	0	0	0	0	0	0	0	0
mann1248	Mann	Mande	0	Africa	2	1	2	0	0	0	0	0			
mans1260	Mansim	Hatam-Mansim	0	Papunesia	?	2	2	0	0	0	0	0	0	0	1
mans1262	Mansaka	Austronesian	0	Papunesia	?	3	2	0	0	0	0	0	0	0	0
manu1258	Manusela	Austronesian	0	Papunesia	2	3	2	?	?	?	?	0	0	0	0
maon1241	Maonan	Tai-Kadai	0	Eurasia	3	2		0	0	0	0				
maor1246	Maori	Austronesian	0	Papunesia	3	3	2	0	0	0	0	0	0	0	0
mapo1242	Mapos Buang	Austronesian	0	Papunesia	2	3	2	0	0	0	0	0	0	0	0
mapu1245	Mapudungun	Araucanian	0	South America	1	1	1	0	0	1	0	0	0	0	0
maqu1238	Ye'kwana	Cariban	0	South America	1	1	2		0					0	1
mara1378	Marathi	Indo-European	1	Eurasia	1	1	1	1	0	0	0	0	1	0	0
mara1379	Maram Naga	Sino-Tibetan	0	Eurasia	2	1	2	0	0	0	0	0	0	0	1
mara1382	Mara Chin	Sino-Tibetan	0	Eurasia	2	1	3	1	0	1	0	?	0	0	0
mara1385	Marra	Mangarrayi-Maran	0	Australia	?	3		1	0	1	1				
mara1386	Maranunggu	Western Daly	0	Australia	2	3	2	0	0	0	0	0	0	0	0
mara1396	Mararit	Tamaic	0	Africa	1	?	2	?	?	?	?	?	?	?	?
mara1399	Maragus	Austronesian	0	Papunesia	2	2	2	0	0	0	0	0	0	0	0
mara1404	Maranao	Austronesian	0	Papunesia	?	2	?	0	0	0	0	0	0	0	0
marg1253	Margany	Pama-Nyungan	0	Australia	?	1	1	0	0	0	0	0	0	0	0
marg1265	Marghi Central	Afro-Asiatic	0	Africa	2	2	2	0	0	0	0	0	0	0	0
mari1414	Maria (India)	Dravidian	0	Eurasia	1	1	1	1	0	1	0	0	0	0	0
mari1416	Maring Naga	Sino-Tibetan	0	Eurasia	1	1	3	0	0	0	0	0	0	0	1
mari1424	Marithiel	Western Daly	0	Australia	2	2	2	0	0	1	1	0	0	0	0
mari1426	Sunwadia	Austronesian	0	Papunesia	3	1	2	0	0	0	0	0	0	0	0
mari1428	Marik	Austronesian	0	Papunesia	2	1	2	0	0	0	0	0	0	0	0
mari1440	Maricopa	Cochimi-Yuman	0	North America	2	1	2	0	0	0	0	0	0	0	1
maro1244	Marovo	Austronesian	0	Papunesia	1	2	2	0	0	0	0	0	0	?	?
mars1254	Marshallese	Austronesian	0	Papunesia	2	2	2	0	0	1	0	?	?	0	0
mart1255	Martuthunira	Pama-Nyungan	0	Australia	1	2	0	0	0	0	0	0	0	0	0
maru1249	Maru	Sino-Tibetan	0	Eurasia	2	1	3	0	0	0	0	0	0	0	0
maru1252	Marúbo	Pano-Tacanan	0	South America	?	1	?	0	0	0	0	0	0	0	0
masa1300	Masai	Nilotic	0	Africa	3	2	2	1	1	?	0				
masa1322	Masana	Afro-Asiatic	0	Africa	2	2	0	0	0	0	0	0	1	0	0
masb1238	Masbatenyo	Austronesian	0	Papunesia	1	3	1	0	0	0	0	0	0	0	0
mask1242	Maskelynes	Austronesian	0	Papunesia	2	2	0	0	0	0	0	0	?	0	0
matb1237	Matbat	Austronesian	0	Papunesia	2	1	2	0	0	0	0	0	0	0	1
mati1250	Matigsalug Manobo	Austronesian	0	Papunesia	2	2	1	0	0	0	0	0	0	0	0
mato1252	Mato	Austronesian	0	Papunesia	1	1	2	0	0	0	0	0	0	0	0
mats1244	Matsés	Pano-Tacanan	0	South America	?	1	2	0	0	0	0	0	0	0	0
matu1259	Matumbi	Atlantic-Congo	0	Africa	2	2	2	0	1	1	1	?	1	1	0
matu1261	Matukar	Austronesian	0	Papunesia	2	3	2	0	0	0	0	0	0	0	0
maun1240	Mawng	Iwaidjan Proper	0	Australia	1	3	3	1	0	1	1	0	0	1	1
mauw1238	Mauwake	Nuclear Trans New Guinea	0	Papunesia				?	?	?	?				
maxa1247	Maxakalí	Nuclear-Macro-Je	0	South America	2	1	2	0	0	0	0	0	1	0	1
maya1285	Mayangna	Misumalpan	0	North America	2	1	2	0	0	0	0	0	0		
mayk1239	Maykulan	Pama-Nyungan	0	Australia	1	2	3	0	0	0	0	0	0	0	0
mayo1261	Mayogo	Atlantic-Congo	0	Africa	2	2	1	0	0	0	0	0	0	0	0
mayo1264	Mayo	Uto-Aztecan	0	North America	1	1	1	0	0	0	0	0	0	0	1
maza1304	Mazagway	Afro-Asiatic	0	Africa	2	2	2	0	0	0	0	0	0	0	0
mbaa1245	Mba	Atlantic-Congo	0	Africa	2	1	3	?	0	0	?	?	1	0	0
mbal1255	Central Wambo	Atlantic-Congo	0	Africa	?	1	2	0	1	1	?	0	0	0	1
mban1263	Mbandja	Atlantic-Congo	0	Africa	2	2	1	0	0	0	0	0	0	0	0
mbar1260	Mbara (Chad)	Afro-Asiatic	0	Africa	2	2	2	1	0	0	0	?	?	0	0
mbay1241	Mbay	Central Sudanic	0	Africa	2	2	2	0	0	0	0	0	0		
mboc1235	Mbo (Cameroon)	Atlantic-Congo	0	Africa	2	1	1	0	0	1	1	0	0	1	1
mbol1247	Mbole	Atlantic-Congo	0	Africa	2	2	2	0	?	?	?	?	?	0	0
mbug1242	Mbugwe	Atlantic-Congo	0	Africa	2	2	2	0	1	1	1	0			
mbul1263	Mbula	Austronesian	0	Papunesia	2	3	2	0	0	0	0	0	0	0	0
mbya1239	Mbyá Guaraní	Tupian	0	South America	1	1	2	0	0	0	0	0	0	0	1
meen1242	Me'en	Surmic	0	Africa	2	2	2	0	0	0	0	0	0	0	0
mehe1243	Mehek	Sepik	0	Papunesia	3	3	2	1	0	0	0	0	0	1	0
mehi1240	Mehináku	Arawakan	0	South America	?	1		1	?	?	?				
meke1243	Mekeo	Austronesian	0	Papunesia	2	1	2	0	0	0	0	0	0	0	0
mele1247	Mele Nadu Irula	Dravidian	0	Eurasia	1	1	?	1	0	1	0	0	0	0	0
mele1250	Mele-Fila	Austronesian	0	Papunesia	2	3	2	?	?	?	?	?	?	0	1
melo1242	Melo	Ta-Ne-Omotic	0	Africa	2	1	3	1	0	0	0	0	0	1	0
melp1238	Melpa	Nuclear Trans New Guinea	0	Papunesia	2	1	2	0	0	0	0	0	0	0	0
mend1266	Mende (Sierra Leone)	Mande	0	Africa	1	1	2	0	0	0	0	0			
mend1268	Mende (Papua New Guinea)	Sepik	0	Papunesia	2	3		?	?	?	?				
meng1267	Mengen	Austronesian	0	Papunesia	2	3		0	0	0	0				
meny1245	Menya	Angan	0	Papunesia	2	1		?	?	?	?				
mera1242	Meramera	Austronesian	0	Papunesia				?	?	?					
mere1242	Merei	Austronesian	0	Papunesia	2	3	1	0	0	0	0	0	0	0	0
meri1244	Meriam	Eastern Trans-Fly	0	Papunesia	1	1		?	?	?	?				
meru1245	Meru	Atlantic-Congo	0	Africa	2	2	?	0	0	1	1	0	1	1	0
mesc1238	Mescalero-Chiricahua Apache	Athabaskan-Eyak-Tlingit	0	North America	?	1	2	0	0	1	0	0	?	0	1
meta1238	Meta'	Atlantic-Congo	0	Africa	2	2	3	0	0	0	0	1	0	0	0
meya1236	Meyah	East Bird's Head	0	Papunesia	2	1		?	?	?	?				
mezo1235	Mezontla Popoloca	Otomanguean	0	North America	1	2	2	1	1	1	1	0	0	0	0
mezq1235	Mezquital Otomi	Otomanguean	0	North America	1	3	1	0	?	1	?	0	0	0	1
miam1252	Miami	Algic	0	North America	?	?	?	0	0	1	0	0	0	0	1
mian1256	Mian	Nuclear Trans New Guinea	0	Papunesia	2	1		1	0	1	0				
mich1245	Michoacán Nahuatl	Uto-Aztecan	0	North America	2	?	3	0	0	0	0	1	0	0	1
midd1327	Middle Watut	Austronesian	0	Papunesia	2	3	2	0	0	0	0	0	0	0	?
midd1357	Middle Clarence Bandjalang	Pama-Nyungan	0	Australia	3	?		1	0	0	0				
mido1240	Midob	Nubian	0	Africa	?	1		0	0	0	0				
mids1243	Mid-Southern Banda	Atlantic-Congo	0	Africa	2	2	3	0	0	0	0	0	0		
miga1249	Migaama	Afro-Asiatic	0	Africa	?	2	?	1	0	0	0	0	1	0	0
miju1243	Kman	Sino-Tibetan	0	Eurasia	2	1	3	0	0	0	0	0	0	0	0
mika1239	Mikasuki	Muskogean	0	North America	?	1	2	0	0	0	0	0	0	?	1
mikm1235	Mi'kmaq	Algic	0	North America	1	1	1	0	0	1	0	0	0	0	1
mila1245	Milang	Sino-Tibetan	0	Eurasia	2	1	1	0	0	0	0	0	0	0	0
mill1237	Millcayac	Huarpean	0	South America	1	1	1	0	0	0	0	0	0	0	0
mina1268	Minangkabau	Austronesian	0	Papunesia	1	2	2	0	1	0	0	0	0		
mina1276	Mina (Cameroon)	Afro-Asiatic	0	Africa	2	2	2	0	0	0	0	0	0	0	0
minh1238	Mangghuer	Mongolic-Khitan	0	Eurasia	3	1	1	0	0	0	0	0	0	0	0
mini1251	Minigir	Austronesian	0	Papunesia	1	1	2	0	0	0	0	0	0	0	0
mini1256	Minica Huitoto	Huitotoan	0	South America	1	2	1	1	0		0	0	0	0	0
miri1266	Miriwung	Jarrakan	0	Australia	1	?	2	1	0	0	0	0	0	?	?
misi1243	Misima-Paneati	Austronesian	0	Papunesia	2	3	2	0	0	0	0	0	0	0	1
misk1235	Mískito	Misumalpan	0	North America	2	1	2	0	0	0	0	0	0		
miwa1242	Miwa	Worrorran	0	Australia	2	3	?	0	0	1	1	?	0		
mixt1426	Mixtepec Zapotec	Otomanguean	0	North America	1	2	2	1	1	1	1	0	0	0	1
miya1266	Miya	Afro-Asiatic	0	Africa	2	2	3	1	0	0	0	0	1	0	0
mlab1235	Mlabri	Austroasiatic	0	Eurasia	2	1	2	0	0	0	0	0	0	0	0
mlah1239	Mlahsô	Afro-Asiatic	0	Eurasia	?	2	?	1	0	0	0	0	0	1	0
moba1244	Moba	Atlantic-Congo	0	Africa	2	3	2	0	0	1	1	0	0	0	0
moch1257	Mocho	Mayan	0	North America	1	2	1	0	0	0	0	0	0	0	1
moch1259	Mochica	Mochica	0	South America	1	3	1	0	0	0	0	0	0	0	0
moco1246	Mocoví	Guaicuruan	0	South America	1	3	3	1	0	0	0	0	0	0	1
mode1248	Modern Greek	Indo-European	0	Eurasia	1	2	1	1	0	0	0	1	1	0	0
moha1258	Mohawk	Iroquoian	0	North America	3	3	3	1	0	1	0	0	1	0	1
moii1235	Moi (Indonesia)	West Bird's Head	0	Papunesia	2	1	2	0	0	0	0	0	0	0	1
moke1242	Moken	Austronesian	0	Eurasia	2	2	2	0	0	0	0	0	0	0	0
moki1238	Mokilese	Austronesian	0	Papunesia	2	3	2	0	0	0	0	0	0	0	0
mokl1243	Moklen	Austronesian	0	Eurasia	2	1	2	0	0	0	0	0	0	0	0
mokp1239	Mokpwe	Atlantic-Congo	0	Africa	2	2	2	0	0	1	1	0	0	1	0
moks1248	Moksha	Uralic	0	Eurasia	1	1	1	0	0	0	0	0	0	0	0
mola1238	Molale	Molale	0	North America	1	3	1	0	0	0	0	0	0	0	0
molo1266	Moloko	Afro-Asiatic	0	Africa	?	2	?	?	?	?	?	?	?	0	0
moma1245	Moma Even	Tungusic	0	Eurasia	1	3	1	0	0	0	0	0	0	0	0
mong1338	Mongo	Atlantic-Congo	0	Africa	2	2	2	0	0	1	0	0	1		
moni1237	Mangue	Otomanguean	0	North America	1	2	2	0	0	0	0	0	0	0	1
monn1252	Mon	Austroasiatic	0	Eurasia	2			0	0	0	0	0	0		
mono1270	Mono (Democratic Republic of Congo)	Atlantic-Congo	0	Africa	2	2	1	0	0	0	0	0	0	0	0
mono1273	Mono-Alu	Austronesian	0	Papunesia	1	1	3	0	0	0	0	0	0	0	0
mono1275	Mono (USA)	Uto-Aztecan	0	North America	1	1	1	0	0	0	0	0	0	1	1
mont1268	Montagnais	Algic	0	North America	3	?	1	0	0	1	0	0	0		
monz1249	Monzombo	Atlantic-Congo	0	Africa	2	2	3	0	0	0	0	0	0		
mopa1243	Mopán Maya	Mayan	0	North America	1	2	1	0	0	0	0	0	0	0	1
more1259	Morelos Nahuatl	Uto-Aztecan	0	North America	?	?	2	0	0	?	0	0	0	0	1
mori1268	Mori Bawah	Austronesian	0	Papunesia	3	2		?	?	1	?				
mori1269	Mori Atas	Austronesian	0	Papunesia	?	?	2	0	0	0	0	0	?	0	0
morm1235	Mor (Mor Islands)	Austronesian	0	Papunesia	2	3	2	0	0	0	0	0	0	0	0
moro1285	Moro	Heibanic	0	Africa	2	2	2	0	1	1	1	1			
moro1287	Moronene	Austronesian	0	Papunesia	2	?	0	0	0	0	0	0	0	0	0
moro1289	Marori	Marori	0	Papunesia	?	?	?	1	0	0	0	?	?	?	?
mort1237	Mortlockese	Austronesian	0	Papunesia	1	2	2	0	0	0	0	0	0		
mose1249	Mosetén-Chimané	Mosetén-Chimané	0	South America	1	1	1	1	0	0	0	0	0	0	0
mosi1247	Akie	Nilotic	0	Africa	2	2	3	0	0	0	0	0	0		
mota1237	Mota	Austronesian	0	Papunesia	?	2	2	0	0	0	0	0	0	0	0
motl1237	Mwotlap	Austronesian	0	Papunesia	2	2	2	0	0	1	0	0	0	0	0
motu1246	Motu	Austronesian	0	Papunesia	2	1	2	0	0	0	0	0	0	0	0
mouk1239	Mouk-Aria	Austronesian	0	Papunesia	2	1	2	0	0	0	0	0	0	0	0
moun1252	Mountain Koiali	Koiarian	0	Papunesia	2	1	2	0	0	0	0	0	0	0	0
move1241	Move	Nuclear Trans New Guinea	0	Papunesia	3	1		?	?	?	?				
movi1243	Movima	Movima	0	South America	1	2	3	1	0	1	0	0	0	0	0
moyo1238	Moyon	Sino-Tibetan	0	Eurasia	2	2	3	0	0	1	0	0	0	0	1
mpad1242	Mpade	Afro-Asiatic	0	Africa	2	2	2	0	0	0	0	0	1	0	0
mpii1239	Mpi	Sino-Tibetan	0	Eurasia	3	3	2	0	0	0	0	0	0	0	0
mpot1240	Mpoto	Atlantic-Congo	0	Africa	2	2	2	0	0	1	1	0	?	1	0
mpur1239	Mpur	Mpur	0	Papunesia	2	1	2	0	0	0	0	0	0	0	0
mual1241	Mualang	Austronesian	0	Papunesia	3	2	2	0	0	0	0	0	0	0	0
mudu1239	Muduga	Dravidian	0	Eurasia	1	1	1	1	0	1	0	0	0	0	0
mudu1242	Muduapa	Austronesian	0	Papunesia	2	3	2	0	0	0	0	0	0	0	0
mull1237	Mullukmulluk	Northern Daly	0	Australia	2	3	2	0	0	0	1	0	1	0	0
muna1247	Muna	Austronesian	0	Papunesia	3	2		?	?	?	?				
munc1235	Mün Chin	Sino-Tibetan	0	Eurasia	2	1	3	0	0	0	0	0	0	0	0
mund1320	Mundari	Austroasiatic	0	Eurasia	1	1	1	0	0	1	0	0	0		
mund1325	Mundang	Atlantic-Congo	0	Africa	2	2	2	0	0	0	0	0	0	0	0
mund1326	Mündü	Atlantic-Congo	0	Africa	2	2	1	0	0	0	0	0	0	0	0
mund1328	Mundabli-Mufu	Atlantic-Congo	0	Africa	2	2	2	0	0	0	0	0	1	0	0
mund1330	Mundurukú	Tupian	0	South America	1	1	2	0	1	0	0	0	0	0	1
munu1238	Munumburru	Worrorran	0	Australia	2	3	?	1	0	1	1	?	0	?	?
murl1244	Murle	Surmic	0	Africa	2	2	2	0	0	0	0	0	1	0	0
murr1258	Murriny Patha	Southern Daly	0	Australia	2	2		1	0	1	0				
muru1266	Muruwari	Pama-Nyungan	0	Australia	?	3	3	0	0	0	0	0	0	0	0
muru1274	Murui Huitoto	Huitotoan	0	South America	1	1	1	0	0	0	0	0	0	0	0
musa1266	Aisi	Nuclear Trans New Guinea	0	Papunesia	2	3	2	0	0	0	0	0	0	1	1
musg1254	Musgu	Afro-Asiatic	0	Africa	?	2	2	1	0	0	0	0	?	0	0
muso1238	Musom	Austronesian	0	Papunesia	2	3	2	0	0	0	0	0	0	0	0
muss1246	Mussau-Emira	Austronesian	0	Papunesia	3	3		0	0	0	0				
muth1236	Muthuvan	Dravidian	0	Eurasia	1	?	1	1	0	1	0	0	0	0	0
muyu1244	Muyuw	Austronesian	0	Papunesia	3	3	2	0	0	0	0	0	0	0	1
mwag1236	Mwaghavul	Afro-Asiatic	0	Africa	2	2	2	0	0	0	0	0	0	0	0
mwan1247	Mwani	Atlantic-Congo	0	Africa	2	2	2	0	0	1	1	0	1	0	0
mwan1250	Mwan	Mande	0	Africa	2	1	2	0	0	0	0	0			
mwer1248	Mwera (Chimwera)	Atlantic-Congo	0	Africa	2	2	2	0	1	0	1	0	1	1	0
naas1242	Naasioi	South Bougainville	0	Papunesia				?	?	?					
naba1256	Nabak	Nuclear Trans New Guinea	0	Papunesia	2	1		?	?	?	?				
nade1244	Nadëb	Naduhup	0	South America	1	1	2		0		0	0		1	1
naka1262	Nakanai	Austronesian	0	Papunesia	3	2	2	0	0	1	?	0	?	0	0
nalc1240	Nalca	Nuclear Trans New Guinea	0	Papunesia	2	?	3	0	0	0	0	0	0	0	0
nali1244	Nalik	Austronesian	0	Papunesia	2	2	2	0	0	0	0	0	0	0	0
nalo1235	Nalögo	Austronesian	0	Papunesia	1	?	2	?	?	?	?	?	?	?	?
nama1264	Nama (Namibia)	Khoe-Kwadi	0	Africa	1	1	1	1	1	1	0				
nama1266	Nama (Papua New Guinea)	Yam	0	Papunesia	?	?		0	0	0	0				
nama1268	Namakura	Austronesian	0	Papunesia	2	3	2	?	?	?	?	?	?	0	0
namb1293	Nambo	Yam	0	Papunesia	3	1	3	0	0	0	0	0	0	0	0
nami1256	Namia	Sepik	0	Papunesia	2	1		?	?	?	?				
namu1246	Namuyi	Sino-Tibetan	0	Eurasia	2	1	3	0	0	0	0	0	0	0	0
nana1257	Nanai	Tungusic	0	Eurasia	1	3	1	0	0	0	0	0	0	0	0
nand1266	Nandi	Nilotic	0	Africa	2	2	2	0	0	0	0	0	0		
nang1262	Nanggu	Austronesian	0	Papunesia	2	2	2	0	0	0	0	0	0	0	0
nant1250	Nanti	Arawakan	0	South America	1	1	1		1					0	1
nara1262	Nara	Nara	0	Africa	?	1	2	0	0	0	0	0	0		
naro1251	Narom	Austronesian	0	Papunesia	1	2	2	0	0	0	0	0	0	0	0
narr1259	Narrinyeri	Pama-Nyungan	0	Australia	?	3		?	?	?	?				
naru1238	Narungga	Pama-Nyungan	0	Australia	1	1	3	0	0		0	0	0	1	0
natc1249	Natchez	Natchez	0	North America	?	2	2	0	0	0	0	0	0	0	1
nati1243	Natioro	Atlantic-Congo	0	Africa	2	1	2	0	0	1	?	1	?	?	?
nati1244	Nati	Austronesian	0	Papunesia	?	2	2	0	0	0	0	0	0	1	0
natu1246	Natügu	Austronesian	0	Papunesia	?	2	2	0	0	0	0	1	0	0	0
naue1237	Nauete	Austronesian	0	Papunesia	2	3	2	0	0	0	0	0	0	0	1
naur1243	Nauru	Austronesian	0	Papunesia	2	2	2	0	1	1	1	0	0	0	0
nava1243	Navajo	Athabaskan-Eyak-Tlingit	0	North America	3	1	0	0	0	0	0	0	0	0	1
nawu1242	Nawuri	Atlantic-Congo	0	Africa	2	1	2	0	0	0	0	0	0	0	0
naxi1245	Naxi	Sino-Tibetan	0	Eurasia	2	1	2	0	0	0	0	0	0	0	0
ncan1245	Ncane-Mungong	Atlantic-Congo	0	Africa	2	2	?	?	?	1	?	?	?	0	0
ndam1239	Ndamba	Atlantic-Congo	0	Africa	2	2	2	0	1	1	0	0	0	0	0
ndam1251	Ndam	Afro-Asiatic	0	Africa	2	2	2	?	?	?	?	?	?	0	0
nden1248	Ndengereko	Atlantic-Congo	0	Africa	2	2	2	?	?	?	?	0			
ndob1238	Ndobo	Atlantic-Congo	0	Africa	2	2	2	0	?	1	?	0	1		
ndog1248	Ndogo	Atlantic-Congo	0	Africa	2	2	3	0	0	0	0	0	1	0	0
ndom1245	Ndom	Kolopom	0	Papunesia	2	1	2	0	0	0	0	0	0	0	0
ndun1249	Ndunga	Atlantic-Congo	0	Africa	2	1	2	?	?	1	?	1	1	?	0
nege1240	Negeri Sembilan Malay	Austronesian	0	Eurasia	?	2	2	0	0	0	0	0	0	0	0
negi1245	Negidal	Tungusic	0	Eurasia	1	3	1	0	0	0	0	0	0	0	0
neha1247	Nehan	Austronesian	0	Papunesia	1	3	3	0	0	0	0	0	1	1	0
nend1239	Nend	Nuclear Trans New Guinea	0	Papunesia	2	3	2	0	0	1	0	0	0	0	0
nene1249	Tundra Nenets	Uralic	0	Eurasia	1	1	1	0	0	0	0	0	0	0	0
neng1238	Nengone	Austronesian	0	Papunesia	1	2	1	0	0	0	0	0	0	0	0
nenn1238	Nen	Yam	0	Papunesia	3	1	3	0	0	0	0	0	0	0	0
nepa1254	Nepali	Indo-European	1	Eurasia	1	1	1	1	0	0	0	1	0	0	0
nese1235	Nese	Austronesian	0	Papunesia	2	2	2	0	0	0	0	0	0	0	0
newa1246	Kathmandu Valley Newari	Sino-Tibetan	0	Eurasia	1	1	1	0	0	0	0	0	0	0	0
nezp1238	Nez Perce	Sahaptian	0	North America	1	1	1	0	0	0	0	0	0	0	0
ngaa1240	Ngaanyatjarra	Pama-Nyungan	0	Australia	2	1	2	0	0		0	1	0	0	0
ngab1239	Ngäbere	Chibchan	0	North America	2	3	2	0	0	0	0	0	0		
ngal1292	Ngalkbun	Gunwinyguan	0	Australia	3	3	3	0	0	0	0	0	0	0	0
ngal1296	Ngala-Santandrea	Atlantic-Congo	0	Africa	2	2	1	0	0	0	0	0			
ngam1268	Ngambay	Central Sudanic	0	Africa	2	2	2	0	0	0	0	0	0		
ngan1291	Nganasan	Uralic	0	Eurasia	1	1	1	0	0	0	0	0	0	0	0
ngan1295	Ngandi	Gunwinyguan	0	Australia	?	3		1	0	1	1				
ngar1283	Ngarnka	Mirndi	0	Australia	3	3	3	1	1	1	1	?	1	0	0
ngar1284	Ngarinyin	Worrorran	0	Australia	3	3	2	1	0	1	1	1	0	0	1
ngar1285	Ngarnawu	Worrorran	0	Australia	2	3	?	1	0	1	1	?	0	?	?
ngas1240	Ngas	Afro-Asiatic	0	Africa	2	2	2	0	0	0	0	0	0	0	0
ngba1284	Ngbaka Ma'bo	Atlantic-Congo	0	Africa	2	2	1	0	0	0	0	0	0	0	0
ngba1285	Ngbaka Minagende	Atlantic-Congo	0	Africa	2	2	2	0	0	1	0	0	0	0	0
ngeq1245	Kriang-Khlor	Austroasiatic	0	Eurasia	1	2	?	0	0	0	0	0	0	0	0
ngge1241	Nggem	Nuclear Trans New Guinea	0	Papunesia	2	1		?	?	?	?				
ngit1239	Ngiti	Central Sudanic	0	Africa	3	1	1	0	0	0	0	0	0	0	0
ngom1268	Ngombe (Democratic Republic of Congo)	Atlantic-Congo	0	Africa	2	2	2	0	1	1	1	0	1		
ngul1236	Nguluwan	Austronesian	0	Papunesia	?	3	?	0	0	0	0	0	0	0	0
ngur1261	Wilson River (Grey Range)	Pama-Nyungan	0	Australia	?	?	?								
nhan1238	Nhanda	Pama-Nyungan	0	Australia	?	3	3	0	0	0	0	0	0	0	0
nhen1239	Nhengatu	Tupian	0	South America	1	1	3	0	0	0	0	0	0	0	1
nica1252	Nicaragua Creole English	Indo-European	0	North America	1	1	1	0	0	0	0	0	0		
nige1253	Hausa States Fulfulde	Atlantic-Congo	0	Africa	2	2	2	0	1	1	1	1			
niha1238	Nihali	Nihali	0	Eurasia	1	1	1	0	0	0	0	0	0		
nila1242	Nilamba	Atlantic-Congo	0	Africa	2	2	2	0	?	1	?	?	0	1	0
nina1238	Ninam	Yanomamic	0	South America	2	3	3		0		0	0		0	0
ning1281	Ninglang	Sino-Tibetan	0	Eurasia	2	1	2	0	0	0	0	0	0	0	0
nisg1240	Nisga'a	Tsimshian	0	North America	1	2	1	0	0	0	0	0	0	0	0
niua1240	Niuafo'ou	Austronesian	0	Papunesia	2	1	2	0	0	0	0	0	0	0	0
niue1239	Niuean	Austronesian	0	Papunesia	3	3	2	0	0	0	0	0	0	0	0
niva1238	Nivaclé	Matacoan	0	South America	1	3	0	1	0	1	0	1	0	0	1
njan1240	Njanga	Atlantic-Congo	0	Africa	2	2	2	0	0	0	0	0	0	0	0
nkon1248	Nkonya	Atlantic-Congo	0	Africa	2	1	2	?	?	1	?	?	?	0	0
nkor1239	Nkoroo	Ijoid	0	Africa				0	0	0	0	0			
noct1238	Nocte Naga	Sino-Tibetan	0	Eurasia	1	1	2	0	0	0	0	0	0	0	0
noku1237	Nokuku	Austronesian	0	Papunesia	2	2	2	0	0	0	0	0	0	0	0
noma1260	Nomaande	Atlantic-Congo	0	Africa	2	?	3	0	0	1	1	0	0	0	0
noma1263	Nomatsiguenga	Arawakan	0	South America	3	3		1	0	1	0				
nonu1241	Nonuya	Huitotoan	0	South America	1	1	?	1	1	0	0	?	?	0	1
noon1242	Noon	Atlantic-Congo	0	Africa	2	2	2	1	1	1	1	0	1	0	0
noon1243	Noone	Atlantic-Congo	0	Africa	2	2	2	0	0	0	0	0	0	?	0
nopa1235	Nopala Chatino	Otomanguean	0	North America	1	2	2	0	0	1	0	0	0	0	0
nort2671	North Saami	Uralic	0	Eurasia	1	3	1	0	0	0	0	0	0		
nort2673	Northern Karelian	Uralic	0	Eurasia	1	1	1	0	0	0	0	0	0	0	0
nort2684	Northern Khmer	Austroasiatic	0	Eurasia	2	2	2	0	0	0	0	0	0	0	0
nort2690	Northern Uzbek	Turkic	0	Eurasia	1	1	1	0	0	0	0	0	0	0	0
nort2697	North Azerbaijani	Turkic	0	Eurasia	1	3	1	0	0	0	0	0	0	0	0
nort2699	Northwestern Kolami	Dravidian	0	Eurasia	1	1	1	1	0	0	0	0	0	?	?
nort2701	Kasaba	Dravidian	0	Eurasia	1	1	?	1	0	1	0	0	0	0	0
nort2722	Northern Qiang	Sino-Tibetan	0	Eurasia	2	1	2	0	0	0	0	0	0	0	0
nort2723	Northern Pumi	Sino-Tibetan	0	Eurasia	2	1	2	0	0	0	0	0	0	0	0
nort2724	Northern Bai	Sino-Tibetan	0	Eurasia	2	1	1	0	0	0	0	0	0	0	0
nort2732	Northern Tujia	Sino-Tibetan	0	Eurasia	2	1	2	0	0	0	0	0	0	0	0
nort2745	Northern Yukaghir	Yukaghir	0	Eurasia	1	1	1	0	0	1	0	0	0	0	0
nort2747	Northern Qiandong Miao	Hmong-Mien	0	Eurasia	1	1	2	0	0	0	0	0	0	0	0
nort2774	Northern Ngbandi	Atlantic-Congo	0	Africa	2	2	1	0	0	0	0	0	0		
nort2775	Northwest Gbaya	Atlantic-Congo	0	Africa	2	2	1	0	0	0	0	0			
nort2795	Zimbabwean Ndebele	Atlantic-Congo	0	Africa	2	2		0	0	0	0				
nort2828	North Moluccan Malay	Austronesian	0	Papunesia	3	1	3	0	0	0	0	0	0	0	1
nort2836	North Efate	Austronesian	0	Papunesia	2	1	2	?	?	?	?	?	?	0	1
nort2839	North Ambrym	Austronesian	0	Papunesia	2	2	2	?	?	?	?	0	?	0	0
nort2845	North Marquesan	Austronesian	0	Papunesia	1	3	3	0	0	0	0	0	?	0	0
nort2847	North Tanna	Austronesian	0	Papunesia	2	2	2	0	0	0	0	0	0	0	0
nort2864	Wemale	Austronesian	0	Papunesia	2	1	2	?	?	?	?	?	?	0	1
nort2877	Northern Kankanay	Austronesian	0	Papunesia	1	2	1	0	0	0	0	0	0	0	0
nort2885	Northern Subanen	Austronesian	0	Papunesia	?	2	1	0	0	0	0	0	0	1	0
nort2930	Northeast Kiwai	Kiwaian	0	Papunesia	3	1	3	0	0	0	0	0	0	0	0
nort2938	Northern Haida	Haida	0	North America	2	3	2	0	0	0	0	0	0	0	0
nort2942	North Slavey	Athabaskan-Eyak-Tlingit	0	North America	3	1	0	0	0	0	1	0	1	0	1
nort2951	Northwest Maidu	Maiduan	0	North America	?	1	?	0	0	1	0	?	0	0	1
nort2952	Northeast Maidu	Maiduan	0	North America	?	1	1	0	0	0	0	0	0	0	?
nort2954	Northern Paiute	Uto-Aztecan	0	North America	1	1	1	0	0	1	0	0	0	0	0
nort2957	Northern Puebla Nahuatl	Uto-Aztecan	0	North America	1	2	1	0	0	0	0	0	0	0	1
nort2959	Northern Tepehuan	Uto-Aztecan	0	North America	1	1	?	0	0	0	0	0	0	0	1
nort2961	Northwestern Ojibwa	Algic	0	North America	1	1	1	0	0	1	0	0	0	0	?
nort2972	Northern Emberá	Chocoan	0	South America	2	1	2	0	0	0	0	0	0		
nort2980	North Junín Quechua	Quechuan	0	South America	1	1	1	0	0	0	0	0	0	1	0
nort2994	Northern Roglai	Austronesian	0	Eurasia	1	2	2	0	0	0	0	0	0	0	0
nort3047	North Giziga	Afro-Asiatic	0	Africa	2	2	2	0	0	0	0	0	0	0	?
nort3139	North Levantine Arabic	Afro-Asiatic	0	Eurasia	3	2	2	1	0	0	0	1	0		
nort3298	Northern Lisu	Sino-Tibetan	0	Eurasia	2	1	2	0	0	0	0	0	0	0	0
nots1237	Notsi	Austronesian	0	Papunesia	3	1	3	0	0	0	0	0	0	0	1
nsen1242	Nsenga	Atlantic-Congo	0	Africa	2	2	2	0	0	1	1	1	0	1	0
nubi1253	Nubi	Afro-Asiatic	0	Africa	2	2	2	0	0	0	0	0	0		
nucl1235	Eastern Armenian	Indo-European	0	Eurasia	1	1	1	0	0	1	0	0	0	0	0
nucl1240	Mumuye	Atlantic-Congo	0	Africa	2	3	3	0	0	0	0	0	0	0	1
nucl1301	Turkish	Turkic	0	Eurasia	1	1	1	0	0	0	0	0	0	0	0
nucl1302	Georgian	Kartvelian	0	Eurasia	1	1	1	0	0	0	0	0	0	0	0
nucl1305	Kannada	Dravidian	0	Eurasia	1	1	1	1	0	1	0	0	0	0	0
nucl1310	Burmese	Sino-Tibetan	0	Eurasia	3	1	2	0	0	0	0	0	0	1	0
nucl1327	Limilngan	Limilngan-Wulna	0	Australia	2	2	2	0	0	1	1	0	0	0	0
nucl1347	Wolof	Atlantic-Congo	0	Africa	1	3	2	0	0	1	1	0			
nucl1417	Igbo	Atlantic-Congo	0	Africa	2	2	2	0	0	0	0	0	0	0	0
nucl1452	Mombum	Mombum-Koneraw	0	Papunesia	2	1	2	0	0	0	0	0	0	0	0
nucl1454	Yawa	Yawa-Saweru	0	Papunesia	2	2	2	0	0	0	0	0	0	?	?
nucl1458	Monumbo	Bogia	0	Papunesia	?	3	2	1	0	0	1	0	0	0	1
nucl1460	Madurese	Austronesian	0	Papunesia	3	2									
nucl1464	Nuclear Nias	Austronesian	0	Papunesia	3	2		?	?	?	?				
nucl1483	Kumak	Austronesian	0	Papunesia	1	3	2	1	0	1	0	0	0	0	0
nucl1487	Nuclear Western Fijian	Austronesian	0	Papunesia	1	3	2	0	0	0	0	0	0	0	1
nucl1593	Kwomtari	Kwomtari-Nai	0	Papunesia	2	1	3	0	0	0	0	0	0	0	0
nucl1594	Mairasi	Mairasic	0	Papunesia	2	1		?	?	1	?				
nucl1595	Kwerba	Greater Kwerba	0	Papunesia	2	1	2	0	0	0	0	0	0	0	0
nucl1622	Marind	Anim	0	Papunesia	1	1	1	1	0	1	0	0	0	0	1
nucl1630	Barai	Koiarian	0	Papunesia	2	3	2	0	0	0	0	0	0	0	0
nucl1632	Sentani	Sentanic	0	Papunesia	2	1	2	0	0	0	0	0	0	0	0
nucl1633	Nimboran	Nimboranic	0	Papunesia	2	1	2	0	0	0	0	0	0	0	0
nucl1643	Japanese	Japonic	0	Eurasia	1	1	1	0	0	0	0	0	0	0	0
nucl1706	Neo-Mandaic	Afro-Asiatic	0	Eurasia	1	2	2	1	0	0	0	0	0		
nuer1246	Nuer	Nilotic	0	Africa	2	2	2	0	0	0	0	0	0	0	0
nugu1242	Nugunu (Cameroon)	Atlantic-Congo	0	Africa	2	?	?	?	?	?	?	?	?	0	0
nukn1238	Nukna	Nuclear Trans New Guinea	0	Papunesia	2	3	2	0	0	0	0	0	0	0	0
nuku1260	Nukuoro	Austronesian	0	Papunesia	1	3	2	0	0	0	0	0	0	1	0
nung1282	Nung (Myanmar)	Sino-Tibetan	0	Eurasia	2	1	2	0	0	0	0	0	0	0	1
nupe1254	Nupe-Nupe-Tako	Atlantic-Congo	0	Africa	2	2	2	0	0	0	0	0	0	0	0
nusu1239	Nusu	Sino-Tibetan	0	Eurasia	2	1	2	0	0	0	0	0	0	0	1
nuuc1236	Nuu-chah-nulth	Wakashan	0	North America	?	2	?	0	0	0	0	0	0	0	0
nuuu1241	N||ng-Danster !Ui	Tuu	0	Africa	?	1	0	0	0	0	0	0	0		
nyah1249	Nyaheun	Austroasiatic	0	Eurasia	2	2	2	0	0	0	0	0	0	?	?
nyah1250	Nyahkur	Austroasiatic	0	Eurasia	2	2	2	0	0	0	0	0	0	0	0
nyak1260	Nyakyusa-Ngonde	Atlantic-Congo	0	Africa	2	2	2	0	0	1	1	0	1	0	0
nyal1250	Nyali	Atlantic-Congo	0	Africa	2	2	2	?	?	?	?	?	?	0	0
nyal1254	Belep	Austronesian	0	Papunesia	2	2	?	0	0	0	0	0	0	0	0
nyam1285	Nyam	Afro-Asiatic	0	Africa	3	2	3	0	0	0	0	0	0		
nyan1301	Nyangumarta	Pama-Nyungan	0	Australia	3	3	3		0	0	0	0		0	0
nyan1307	Nyankole	Atlantic-Congo	0	Africa	2	2	2	0	0	1	0	1	1	1	0
nyat1246	Nyaturu	Atlantic-Congo	0	Africa	2	2	2	0	?	1	1	0	0	1	0
nyaw1247	Nyawaygi	Pama-Nyungan	0	Australia	?	1	?	0	0	0	0	0	0	0	0
nyig1240	Nyigina	Nyulnyulan	0	Australia	?	3	1	0	0	0	0	0	0		
nyis1236	Nyishi-Hill Miri	Sino-Tibetan	0	Eurasia	2	1	2	0	0	0	0	0	0	0	0
nyor1246	Nyoro	Atlantic-Congo	0	Africa	2	2	2	0	0	1	0	1	1	1	0
nyul1247	Nyulnyul	Nyulnyulan	0	Australia	1	3	1	0	0	0	0	0	0	1	1
nyun1247	Nyunga	Pama-Nyungan	0	Australia	?	1	2			?	?		?	?	?
nzad1234	Nzadi	Atlantic-Congo	0	Africa	2	2	2	0	0	0	0	0			
nzak1246	Nzakambay	Atlantic-Congo	0	Africa	2	2	2	0	0	0	0	0	0		
nzak1247	Nzakara	Atlantic-Congo	0	Africa	2	3	1	0	0	0	0	0	0		
obok1239	Obokuitai	Lakes Plain	0	Papunesia	2	2	2	0	0	0	0	0	0	0	0
obom1235	Obo Manobo	Austronesian	0	Papunesia	?	2	?	?	?	?	?	?	?	?	?
occi1239	Occitan	Indo-European	0	Eurasia	1	3	3	1	0	0	0	1	0	0	0
ocea1241	Oceanic	Austronesian	0			3	2	0	0	0	0	0		0	0
ocot1244	Ocotlán Zapotec	Otomanguean	0	North America	1	2	2	?	0	?	0	0	?	0	1
ofay1240	Ofayé	Nuclear-Macro-Je	0	South America	1	1	2	1	0	1	0	0	0	0	1
ogam1239	Ogami	Japonic	0	Eurasia	3	1	1	0	0	0	0	0	0	0	0
okan1243	Okanagan	Salishan	0	North America	1	1	1	0	0	0	0	0	0	0	1
okin1246	Oki-No-Erabu	Japonic	0	Eurasia	3	1	1	0	0	0	0	0	0	0	0
okoe1238	Oko-Eni-Osayen	Atlantic-Congo	0	Africa	2	1	2	0	0	0	0	0			
oksa1245	Oksapmin	Nuclear Trans New Guinea	0	Papunesia	1	1	3	0	0	0	0	0	0	0	0
okuu1243	Oku	Atlantic-Congo	0	Africa	2	2	2	0	1	1	1	0	0	1	0
olde1238	Old English (ca. 450-1100)	Indo-European	0	Eurasia	3	1	1	1	0	0	0	0	1	0	0
oldk1249	Old Khmer	Austroasiatic	0	Eurasia	2	2	2	0	0	0	0	0	0	0	0
oldm1242	Old Mon	Austroasiatic	0	Eurasia	3	2	2	0	0	0	0	0	0	0	0
oldm1243	Old Malay	Austronesian	0	Papunesia	3	2	?	0	0	0	0	0	0	0	0
oloo1241	Olo	Nuclear Torricelli	0	Papunesia	2	2	2	1	1	1	0	0	1	0	0
olut1240	Oluta Popoluca	Mixe-Zoque	0	North America	1	3	1	0	0	0	0	0	0	0	1
omah1247	Omaha-Ponca	Siouan	0	North America	2	2	2	?	?	?	?	?	?	0	1
omba1241	Ombamba-Congo	Atlantic-Congo	0	Africa	?	?	?	0	0	1	1	0	1	?	?
omie1241	Ömie	Koiarian	0	Papunesia	2	1	3	0	0	0	0	0	0	0	0
omii1238	Omi	Central Sudanic	0	Africa	?	1	?	?	?	?	?	?	?	0	0
onaa1245	Selk'nam	Chonan	0	South America	1	1	0	1	0	1	0	0	1	0	1
onge1236	Önge	Jarawa-Onge	0	Eurasia	?	1									
onon1246	Onondaga	Iroquoian	0	North America	1	?	0	1	0	1	0	0	0	0	1
onto1237	Luangiua	Austronesian	0	Papunesia	2	3	2	0	0	0	0	0	0	0	0
opat1246	Teguima	Uto-Aztecan	0	North America	?	1	1	0	0	0	0	0	0	0	0
oriy1255	Odia	Indo-European	1	Eurasia	3	1	1	0	0	0	0	0	0	0	0
orma1241	Orma	Afro-Asiatic	0	Africa	2	2	2	1	0	0	0	0	?		
oroc1248	Oroch	Tungusic	0	Eurasia	1	3	1	0	0	0	0	0	0	0	0
oroh1237	Oroha	Austronesian	0	Papunesia	2	2	2	0	0	0	0	0	0	0	0
orok1265	Orok	Tungusic	0	Eurasia	1	3	1	0	0	0	0	0	0	0	0
orok1266	Oroko	Atlantic-Congo	0	Africa	2	2	3	0	0	1	1	0	0	0	0
orok1267	Orokolo	Eleman	0	Papunesia	2	2	2	0	0	0	0	0	0	0	0
orok1269	Orokaiva	Nuclear Trans New Guinea	0	Papunesia	2	3	2	0	0	0	0	0	0	0	0
orow1242	Orowe	Austronesian	0	Papunesia	1	2	2	0	0	0	0	0	0	0	0
orya1242	Orya	Tor-Orya	0	Papunesia	2	1		1	1	1	0				
osam1235	Osamayi	Atlantic-Congo	0	Africa	?	2	?	?	?	?	?	?	?	1	0
otor1240	Otoro	Heibanic	0	Africa	2	2	2	0	1	1	1	1			
otta1242	Ottawa	Algic	0	North America	1	1	3	0	0	1	0	0	0	0	1
owaa1237	Owa	Austronesian	0	Papunesia	2	2	3	0	0	0	0	0	0	0	0
paaa1242	Pa'a	Afro-Asiatic	0	Africa	3	2	1	1	0	0	0	1	1	?	0
paam1238	Paama	Austronesian	0	Papunesia	2	2	2	?	?	?	?	0	?	0	0
paas1238	Paasaal	Atlantic-Congo	0	Africa	2	1	2	0	0	1	0	1	?	0	0
paco1243	Pacoh	Austroasiatic	0	Eurasia	1	2	2	0	0	0	0	0	0	0	0
paez1247	Páez	Páez	0	South America	1	1								0	0
pagi1243	Pagibete	Atlantic-Congo	0	Africa	2	2	2	0	1	1	1	0	1	0	0
pagu1249	Pagu	North Halmahera	0	Papunesia	2	1	2	1	0	1	0	0	0	0	0
pahn1237	Pa-Hng	Hmong-Mien	0	Eurasia	1	1	2	0	0	0	0	0	0	0	0
pait1244	Paite Chin	Sino-Tibetan	0	Eurasia	?	1	2	0	0	0	0	0	0	0	1
paiw1248	Paiwan	Austronesian	0	Papunesia	3	3									
pala1344	Palauan	Austronesian	0	Papunesia	1	2	1	0	0	0	0	0	0	0	0
pali1279	Palikúr	Arawakan	0	South America	1	1	3	1	0	0	0			0	1
pamb1243	Pambia	Atlantic-Congo	0	Africa	2	3	1	0	0	0	0	0	0		
pamo1252	Pamona	Austronesian	0	Papunesia	1	2	2	0	0	0	0	0	0	0	0
pamp1243	Pampanga	Austronesian	0	Papunesia	1	1	1	?	?	?	?	0	0	0	0
pana1305	Panamint	Uto-Aztecan	0	North America	1	1	1				0	0		0	0
pana1307	Panará	Nuclear-Macro-Je	0	South America	1	1	2	0	0	0	0	0	0	0	1
pang1287	Pangwa	Atlantic-Congo	0	Africa	2	2	1	0	0	1	0	0	1	1	0
pang1290	Pangasinan	Austronesian	0	Papunesia	1	2	3	0	0	0	0	0	0	0	0
pang1291	Pangutaran Sama	Austronesian	0	Papunesia	?	2	3	0	0	0	0	0	0	0	0
panj1256	Eastern Panjabi	Indo-European	1	Eurasia	1	1	1	1	0	0	0	1	1	1	0
pano1254	Panoan Katukína	Pano-Tacanan	0	South America	2	1	2	0	0	1	0	0	0	0	0
pano1255	Panobo	Pano-Tacanan	0	South America	1	1	?	0	0	0	0	0	0	0	0
pany1241	Panytyima	Pama-Nyungan	0	Australia	1	1	3	0	0	0	0	0	0	0	0
papa1238	Papantla Totonac	Totonacan	0	North America	1	2	1	0	0	0	0	0	0	0	1
papa1265	Papapana	Austronesian	0	Papunesia	2	3	3	0	0	0	0	0	0	0	1
papa1268	Papar	Austronesian	0	Papunesia	?	?	3	?	?	?	?	?	?	?	?
papi1254	Papitalai	Austronesian	0	Papunesia	2	3	2	0	0	0	0	0	0	0	0
papu1250	Papuan Malay	Austronesian	0	Papunesia	3	1	2	0	0	0	0	0	0	0	0
para1301	South Wa	Austroasiatic	0	Eurasia	2	2	2	0	0	0	0	0	0	0	0
para1302	Para Naga	Sino-Tibetan	0	Eurasia	2	1	2	0	0	0	0	0	0	0	0
para1311	Paraguayan Guaraní	Tupian	0	South America		1	2		0		0	0		0	?
para1316	Paraujano	Arawakan	0	South America	?	?	1		0	0				0	1
pare1266	Gorum-Parenga	Austroasiatic	0	Eurasia	1	1	1	0	0	0	0	0	0		
pare1272	Parecís	Arawakan	0	South America	1	1	2	0	1	1	1	0	1	?	?
pate1247	Patep	Austronesian	0	Papunesia	2	1	3	?	?	?	?	?	?	0	0
patp1243	Patpatar	Austronesian	0	Papunesia	1	3	3	0	0	0	0	0	0	0	0
patt1248	Pattani	Sino-Tibetan	0	Eurasia	1	1	3	0	0	0	0	0	0	0	0
paul1238	Paulohi	Austronesian	0	Papunesia	2	3	2	0	0	1	0	0	0	0	1
paun1241	Paunaka	Arawakan	0	South America	1	2		0	0	0	0				
pawa1255	Pawaia	Pawaia	0	Papunesia	2	1	3	0	0	0	0	0	0	0	0
pawn1254	Pawnee	Caddoan	0	North America	1	1	2	0	0	0	0	0	0	?	0
payn1244	Manat	Nuclear Trans New Guinea	0	Papunesia	2	1	2	0	0	0	0	0	0	1	1
pech1241	Pech	Chibchan	0	North America	2	1	2	0	0	0	0	0	0		
peer1241	Peere	Atlantic-Congo	0	Africa	2	3	2	0	0	1	0	1	0		
pela1242	Pela	Sino-Tibetan	0	Eurasia	2	1	2	0	0	0	0	0	0	0	0
pele1245	Pele-Ata	Pele-Ata	0	Papunesia				1	0	0					
pemo1248	Pemon	Cariban	0	South America	3	1	2	0	0	1	0	0	0	0	1
pend1242	Pendau	Austronesian	0	Papunesia	3	2	2	0	0	0	0	0	0	1	0
peng1244	Pengo	Dravidian	0	Eurasia	1	1	1	1	0	1	0	0	0	0	0
penr1237	Māngarongaro	Austronesian	0	Papunesia	1	2	3	0	0	0	0	0	?	0	0
peri1253	Peripheral Mongolian	Mongolic-Khitan	0	Eurasia	1	1	1	0	0	0	0	0	0		
phai1238	Prai	Austroasiatic	0	Eurasia	2	2	2	0	0	0	0	0	0	0	0
phak1238	Phake	Tai-Kadai	0	Eurasia	3	2		0	0	0	0				
phoe1239	Phoenician	Afro-Asiatic	0	Eurasia	3	2	2	1	0	0	0	0	0	0	0
phom1236	Phom Naga	Sino-Tibetan	0	Eurasia	?	1	3	1	0	1	0	0	0	0	0
phon1246	Phong-Kniang	Austroasiatic	0	Eurasia	1	?	2	0	0	0	0	0	0	?	?
piap1246	Piapoco	Arawakan	0	South America	1	1	2		0					0	1
pich1237	Pichis Ashéninka	Arawakan	0	South America	1	?	3	1	0	1	0	0	0	?	1
piji1239	Pijin	Indo-European	0	Papunesia	1	2	1	0	0	0	0	0	0	0	0
pila1245	Pilagá	Guaicuruan	0	South America	3	3	2	1	0	0	0	0	0	0	1
pile1238	Vaeakau-Taumako	Austronesian	0	Papunesia	2	3	3	0	0	0	0	0	0	0	0
pima1248	Pima Bajo	Uto-Aztecan	0	North America	1	2	1	0	0	0	0	0	0	0	1
pina1252	Pinai-Hagahai	Piawi	0	Papunesia	2	1	1	0	0	0	0	0	0	0	0
ping1243	Pingelapese	Austronesian	0	Papunesia	2	3	2	0	0	0	0	0	?	0	0
pint1250	Pintupi-Luritja	Pama-Nyungan	0	Australia	?	?	?	0	0	0	0	0	0	0	0
pipi1250	Pipil	Uto-Aztecan	0	North America	1	3	1	0	0	0	0	0	0		
pite1240	Pite Saami	Uralic	0	Eurasia	1	1	1	0	0	0	0	0	0	0	0
pitt1247	Pitta Pitta	Pama-Nyungan	0	Australia	2	1	1	0	0	0	0	0	0	0	0
plai1258	Plains Cree	Algic	0	North America	3	1	1	0	0	1	0	0	0	0	1
plat1254	Plateau Malagasy	Austronesian	0	Africa		2		?	?	?	?				
plau1238	Plautdietsch	Indo-European	0	North America	1	1	1	1	0	0	0	?	1	0	0
pnar1238	Pnar	Austroasiatic	0	Eurasia	1	2	3	1	0	1	0	0	1	0	0
pohn1238	Pohnpeian	Austronesian	0	Papunesia	3	3	2	0	0	0	0	0	0	0	0
poko1263	Pökoot	Nilotic	0	Africa	2	2	3	0	0	0	0	0	0		
poli1260	Polish	Indo-European	0	Eurasia	1	1	2	1	0	1	0	1	0	0	0
poly1242	Polynesian	Austronesian	0				2								
popt1235	Popti'	Mayan	0	North America	1	2	2	1	0	1	1	0	0	0	1
port1283	Portuguese	Indo-European	0	Eurasia	1	3	3	1	0	0	0	1	0	0	0
port1285	Port Sandwich	Austronesian	0	Papunesia	2	2	2	0	0	0	0	0	0	0	0
pott1240	Pottangi Ollar Gadaba	Dravidian	0	Eurasia	1	1	?	1	0	0	0	0	0	?	?
poya1241	Poyanáwa	Pano-Tacanan	0	South America	?	1	2	?	?	?	?	?	?	?	?
pras1239	Prasun	Indo-European	0	Eurasia	1	1	?	0	0	0	0	0	0		
psik1239	Psikye	Afro-Asiatic	0	Africa	3	2	3	0	0	0	0	0	1	0	0
puel1244	Puelche	Puelche	0	South America	1	3	3	0	0	0	0	0	0	0	0
puin1248	Puinave	Puinave	0	South America		1	3							0	1
puka1242	Pukapuka	Austronesian	0	Papunesia	1	1	2	0	0	0	0	0	0	?	0
pula1262	Pular	Atlantic-Congo	0	Africa	2	2	2	0	1	1	1	1			
pula1263	Pulaar	Atlantic-Congo	0	Africa	2	2	2	0	?	1	1	1			
pulu1242	Puluwatese	Austronesian	0	Papunesia	1	3	2	0	0	0	0	0	0	0	0
puma1239	Puma	Sino-Tibetan	0	Eurasia	1	1	1	0	0	0	0	0	0	0	1
pume1238	Pumé	Pumé	0	South America	1	1	2	1	0	0	0	0	0	0	0
puni1241	Punic	Afro-Asiatic	0	Africa	3	2	2	1	0	0	0	0	0	0	0
puoc1238	Ksingmul	Austroasiatic	0	Eurasia	2	2	2	?	?	?	?	?	?	0	0
puqu1242	Puquina	Puquina	0	South America	1	1	1	0	0	0	0	0	0	0	1
pura1257	Purari	Purari	0	Papunesia	2	1	3	0	0	0	0	0	0	0	0
pure1242	Purepecha	Tarascan	0	North America	1	3	3	0	0	0	0	0	0	0	0
puri1258	Purik-Sham-Nubra	Sino-Tibetan	0	Eurasia	2	1	1	0	0	0	0	0	0	0	0
puyu1239	Puyuma	Austronesian	0	Papunesia	3	3		0	0	0	0				
qanj1241	Q'anjob'al	Mayan	0	North America	1	?	1	1	0	1	1	0	0	0	1
qaqe1238	Qaqet	Baining	0	Papunesia				1	0	1					
qaua1234	Central Gelao-Qau	Tai-Kadai	0	Eurasia	1	1		0	0	0	0				
qawa1238	Qawasqar	Kawesqar	0	South America	2	1	2	0	0	0	0	0	0	0	0
qima1242	Qimant	Afro-Asiatic	0	Africa	3	2	2	1	0	0	0	0	0	0	0
quap1242	Quapaw	Siouan	0	North America	2	1	0	0	0	0	0	0	0	0	1
quer1236	Querétaro Otomi	Otomanguean	0	North America	1	3	0	0	0	0	0	0	0	0	0
quey1238	Queyu	Sino-Tibetan	0	Eurasia	2	?	2	?	?	?	?	?	?	?	?
quil1240	Quileute	Chimakuan	0	North America	1	3	1	1	0	0	0	0	0	0	0
quio1240	Quiotepec Chinantec	Otomanguean	0	North America	1	2	2	0	0	1	0	0	0	0	0
rabh1238	Rabha	Sino-Tibetan	0	Eurasia	2	1	2	0	0	0	0	0	0	0	0
rade1240	Rade	Austronesian	0	Eurasia	1	2	2	0	0	1	0	0	?	0	0
raji1240	Raji	Sino-Tibetan	0	Eurasia	1	2	1	0	0	0	0	0	0	0	0
rama1270	Rama	Chibchan	0	North America	2	1	2	0	1	0	0	0	0		
ramo1244	Ramoaaina	Austronesian	0	Papunesia				0	0	0					
rapa1244	Rapanui	Austronesian	0	Papunesia	3	3	2	0	0	0	0	0	0	0	0
rapa1245	Mangaia-Old Rapa	Austronesian	0	Papunesia	1	2	2	0	0	0	0	0	0	0	0
rapo1238	Rapoisi	North Bougainville	0	Papunesia	1	1	1	1	0	?	0	0	?	0	0
raro1241	Southern Cook Island Maori	Austronesian	0	Papunesia	1	3	2	0	0	0	0	0	0	0	0
rata1244	Ratahan	Austronesian	0	Papunesia	1	3	2	0	0	0	0	0	0	0	0
raut1239	Raute	Sino-Tibetan	0	Eurasia	1	1	1	0	0	0	0	0	0	0	0
rawa1267	Rawa	Nuclear Trans New Guinea	0	Papunesia				?	?	?	?				
reja1241	Rejang Kayan	Austronesian	0	Papunesia	1	2	?	0	0	0	0	?	0	0	0
remb1250	Rembong-Wangka	Austronesian	0	Papunesia	2	?	2	0	0	0	0	0	0	0	0
remo1247	Hatang Kayi	Austronesian	0	Papunesia	?	3	1	0	0	0	0	0	0	?	?
rend1243	Rendille	Afro-Asiatic	0	Africa				1				1			
reng1252	Rengao	Austroasiatic	0	Eurasia	1	2	2	0	0	0	0	0	0	0	0
renn1242	Rennell-Bellona	Austronesian	0	Papunesia	1	2	2	0	0	0	0	0	?	0	0
rere1240	Rerep	Austronesian	0	Papunesia	?	2	?	0	0	0	0	0	0	0	0
resi1247	Resígaro	Arawakan	0	South America	1	1		1	0	1	0				
reye1240	Reyesano	Pano-Tacanan	0	South America	1	3	2	0	0	0	0	0	0	0	0
rian1263	Riantana	Kolopom	0	Papunesia	2	1	2	0	1	0	0	0	0	1	0
rikb1245	Rikbaktsa	Nuclear-Macro-Je	0	South America	2	1	2	1	0	0	0	0	0	0	1
rita1239	Ritarungo	Pama-Nyungan	0	Australia	?	3		?	?	?	?				
roma1326	Romansh	Indo-European	0	Eurasia	1	3	3	1	0	0	0	1	0	0	0
romb1245	Romblomanon	Austronesian	0	Papunesia	1	3	3	0	0	0	0	0	0	0	0
rong1264	Rongpo	Sino-Tibetan	0	Eurasia	1	1	1	0	0	0	0	0	0	0	0
rong1266	Rongmei Naga	Sino-Tibetan	0	Eurasia	2	1	0	0	0	0	0	0	0	0	1
ronn1241	Ron	Afro-Asiatic	0	Africa	2	3	2	1	0	0	0	0	1	0	0
roto1249	Rotokas	North Bougainville	0	Papunesia	1	3	1	1	0	1	0	0	0	0	0
rotu1241	Rotuman	Austronesian	0	Papunesia	2	3	2	0	0	0	0	0	0	0	0
rovi1238	Roviana	Austronesian	0	Papunesia	1	3	2	0	0	0	0	0	0	0	0
ruch1235	Ruching Palaung	Austroasiatic	0	Eurasia	2	2	2	0	0	0	0	0	0	0	0
ruka1240	Rukai	Austronesian	0	Papunesia	1	3	1	0	0	1	0	0	0	0	0
ruma1248	Rumai Palaung	Austroasiatic	0	Eurasia	2	2	2	0	0	0	0	0	0	0	0
rumu1243	Rumu	Turama-Kikori	0	Papunesia	?	?	2	?	?	?	?	?	?	?	?
rund1243	Rundum	Austronesian	0	Papunesia	3	2	?	0	0	0	0	0	0	?	?
rung1258	Runga	Maban	0	Africa	1	3	2	0	0	0	0	0	0	0	1
rung1259	Rungus	Austronesian	0	Papunesia	1	2	?	0	0	0	0	0	0	0	0
russ1263	Russian	Indo-European	0	Eurasia	1	1	1	1	0	1	0	0	1	0	0
russ1264	Russia Buriat	Mongolic-Khitan	0	Eurasia	1	3	1	0	0	0	0	0	0	0	0
rutu1240	Rutul	Nakh-Daghestanian	0	Eurasia	1	1	1	1	0	1	0	0	0		
saaa1240	Sa'a	Austronesian	0	Papunesia	1	2	2	0	0	0	0	0	0	0	0
saaa1241	Sa	Austronesian	0	Papunesia	2	3	1	0	0	0	0	0	0	0	0
saam1283	Saamia	Atlantic-Congo	0	Africa	2	1	2	?	?	?	?	?	?	1	0
saar1237	Saaroa	Austronesian	0	Papunesia	3	2	2	0	0	0	0	0	0	0	0
saba1263	Sabah Malay	Austronesian	0	Papunesia	1	1	1	0	0	0	0	0	0	0	0
saba1267	Sabah Bisaya	Austronesian	0	Papunesia	1	2	?	0	0	0	0	0	0	0	0
saba1268	Sabanê	Nambiquaran	0	South America	?	1	2	0	0	0	0	0	0	0	1
sabu1255	Hawu	Austronesian	0	Papunesia	3	2	?	0	0	0	0	0	0	0	0
safw1238	Safwa	Atlantic-Congo	0	Africa	2	2	?	?	?	?	?	?	?	0	0
saga1262	Sagalla	Atlantic-Congo	0	Africa	2	2	2	0	0	1	0	1	0	0	0
sais1237	Saisiyat	Austronesian	0	Papunesia	1	1	0	0	0	0	0	0	0	0	0
saka1289	Wanohe	Austronesian	0	Papunesia	2	2	2	0	0	0	0	0	0	1	0
saka1291	West Malagasy Sakalava	Austronesian	0	Africa	2	2	1	0	0	0	0	0	0	0	0
saki1247	Sakizaya	Austronesian	0	Papunesia	?	3	?	0	0	0	0	0	0	1	0
saki1248	Mekens	Tupian	0	South America	?	1	2	0	0	0	0	0	0	0	1
sali1253	Salinan	Salinan	0	North America	?	2	1	0	0	0	0	0	0	0	0
salt1242	Salt-Yui	Nuclear Trans New Guinea	0	Papunesia				0	0	0	0				
samb1305	Samba Leko	Atlantic-Congo	0	Africa	2	1	2	0	0	0	0	0	0	0	0
samb1311	Samba Daka	Atlantic-Congo	0	Africa	1	1	2	0	0	1	0	0	0	0	0
samo1303	Samo	East Strickland	0	Papunesia	?	?	2	?	?	?	?	?	?	?	?
samo1305	Samoan	Austronesian	0	Papunesia	2	2	2	0	0	0	0	0	0	1	0
sana1295	Sanaani Arabic	Afro-Asiatic	0	Eurasia	2	2	2	1	0	0	0	1	?		
sana1297	San Andres Creole English	Indo-European	0	North America	1	1	1	0	0	0	0	0	0		
sanb1241	San Baltazar Loxicha Zapotec	Otomanguean	0	North America	?	2	?	0	0	?	0	0	0	1	1
sanb1242	San Blas Kuna	Chibchan	0	South America	2	1	2	0	0	0	0	0	0		
sand1273	Sandawe	Sandawe	0	Africa	2		2	1	0	0	0	0			
sand1278	San Dionisio del Mar Huave	Huavean	0	North America	1	2	1	0	1	0	0	0	0	0	1
sang1321	Sangtam Naga	Sino-Tibetan	0	Eurasia	2	1	3	0	0	0	0	0	0	0	0
sang1330	Sangu (Tanzania)	Atlantic-Congo	0	Africa	2	2	2	0	1	1	1	0	?	0	0
sang1331	Sanga (Democratic Republic of Congo)	Atlantic-Congo	0	Africa	2	1	2	0	0	1	0	1	1	0	0
sani1269	Sani	Sino-Tibetan	0	Eurasia	2	1	2	0	0	0	0	0	0	0	0
sanj1284	Western Tlacolula Valley Zapotec	Otomanguean	0	North America	1	2	2	0	0	0	0	0	0	0	1
sanm1289	San Martín Quechua	Quechuan	0	South America	1	3	1	0	0	0	0	0	0	0	0
sanm1295	San Miguel El Grande Mixtec	Otomanguean	0	North America	1	1	2	0	0	0	0	0	0	0	0
sanm1301	San Marcos Tlalcoyalco Popoloca	Otomanguean	0	North America	1	2	2	1	1	1	1	0	0	0	0
sant1410	Santali	Austroasiatic	0	Eurasia	1	1	1	?	0	1	0	0	0		
sant1436	Santa María Zacatepec Mixtec	Otomanguean	0	North America	1	2	2	1	1	1	0	0	?	0	0
sant1451	Santa María Quiegolani Zapotec	Otomanguean	0	North America	1	2	2	0	0	0	0	0	0	0	1
sanu1240	Sanumá	Yanomamic	0	South America	?	1	2	0	1	?	0	0	0	?	?
sapo1253	Saposa	Austronesian	0	Papunesia	1	2	3	0	0	?	1	0	?	0	0
sapu1248	Sapuan	Austroasiatic	0	Eurasia	2	2	2	0	0	0	0	0	0	0	0
sara1321	Sara Kaba Náà	Central Sudanic	0	Africa	2	2	2	0	0	0	0	0	0		
sara1327	Sarangani Manobo	Austronesian	0	Papunesia	1	2	1	0	0	0	0	?	0	0	0
sara1331	Saraveca	Arawakan	0	South America	?	1		?	?	?	?				
sara1340	Saramaccan	Indo-European	0	South America	1	3	1	0	0	0	0	0	0	0	0
sars1236	Sarsi	Athabaskan-Eyak-Tlingit	0	North America	1	1	0	0	0	1	0	0	0	0	1
sasa1249	Sasak	Austronesian	0	Papunesia	1	2	2	0	0	0	0	0	0		
sata1237	Satawalese	Austronesian	0	Papunesia	1	1	2	0	0	0	0	0	0	0	0
sauk1252	Ma Manda	Nuclear Trans New Guinea	0	Papunesia	2	1	2	0	0	0	0	0	0	0	0
saur1249	Sauria Paharia	Dravidian	0	Eurasia	1	1	1	1	0	1	0	0	0	0	0
savo1255	Savosavo	Savosavo	0	Papunesia	1	1	1	1	0	1	0	0	0	0	0
saya1246	Saya	Afro-Asiatic	0	Africa	2	1	3	?	?	?	?	0	0	0	0
seco1242	Second Mesa	Uto-Aztecan	0	North America	1	3	1	0	0	1	1	0	0	0	1
seda1262	Sedang	Austroasiatic	0	Eurasia	1	2	2	0	0	0	0	0	0	0	0
seim1238	Seimat	Austronesian	0	Papunesia	1	2	2	0	1	1	0	0	0	0	0
seke1241	Seke (Vanuatu)	Austronesian	0	Papunesia	2	3	3	0	0	0	0	0	?	0	0
sekp1241	Sekpele	Atlantic-Congo	0	Africa	2	1	2								
sela1259	Selaru	Austronesian	0	Papunesia	2	1	2	0	0	0	0	0	0	0	0
sela1260	Selayar	Austronesian	0	Papunesia	3	2	2	?	?	?	?	0	0	0	0
sele1249	Selee	Atlantic-Congo	0	Africa	2	1	2	0	1	1	1	?			
sele1250	Selepet	Nuclear Trans New Guinea	0	Papunesia	2	3		0	0	0	0				
sema1265	Semaq Beri	Austroasiatic	0	Eurasia	1	2	2	0	0	0	0	0	0	0	0
sema1266	Semai	Austroasiatic	0	Eurasia	3	2	?	0	0	0	0	0	0	0	0
seme1247	Semelai	Austroasiatic	0	Eurasia	1	2	2	0	0	0	0	0	0	0	0
sene1264	Seneca	Iroquoian	0	North America	1	?	0	1	0	1	0	0	0	?	1
seng1281	Sengseng	Austronesian	0	Papunesia	?	1	2	0	?	?	?	0	?	0	1
seri1257	Seri	Seri	0	North America	2	1	2	0	0	0	0	0	0	0	1
serr1255	Serrano	Uto-Aztecan	0	North America	1	1	2	0	0	0	0	0	0	0	1
seve1240	Severn Ojibwa	Algic	0	North America	1	1	3	0	0	1	0	0	0	0	1
sgaw1245	S'gaw Karen	Sino-Tibetan	0	Eurasia	2	1	2	0	0	0	0	0	0	0	1
shab1252	Shabo	Shabo	0	Africa	1	1	1	1	0	1	0	0	0	0	0
sham1280	Shambala	Atlantic-Congo	0	Africa	2	2	2	?	?	?	?	?	?	0	0
shan1283	Shanenawa	Pano-Tacanan	0	South America	2	1	3	0	0	0	0	0	0	0	0
shas1239	Shasta	Shastan	0	North America	?	?	?	0	0	0	0	0	0	0	0
shaw1249	Shawnee	Algic	0	North America	1	1	0	0	0	1	0	0	0	0	1
shee1238	She	Hmong-Mien	0	Eurasia	1	1	3	0	0	0	0	0	0	?	?
shek1245	Sheko	Dizoid	0	Africa	2	1	2	1	0	?	0	1			
sher1257	Sherdukpen	Sino-Tibetan	0	Eurasia	2	?	2	0	0	1	0	0	0	?	?
sher1258	Sherbro	Atlantic-Congo	0	Africa	2	2	2	0	0	0	0	0	1	0	0
shil1265	Shilluk	Nilotic	0	Africa	2	2	2	0	0	0	0	0	0	0	0
ship1254	Shipibo-Conibo	Pano-Tacanan	0	South America	3	1	3	0	0	0	0	0	0	0	0
shix1238	Shixing	Sino-Tibetan	0	Eurasia	2	1	2	0	0	0	0	0	0	0	0
shol1240	Sholaga	Dravidian	0	Eurasia	1	1	3	1	0	0	0	0	0	0	0
shon1251	Shona	Atlantic-Congo	0	Africa	2	2	2	0	1	1	1	0	0	0	0
shor1247	Shor	Turkic	0	Eurasia	1	3	1	0	0	0	0	0	0	0	0
shos1248	Shoshoni	Uto-Aztecan	0	North America	1	1	1	0	0	0	0	0	0	0	0
shua1257	Shuar	Chicham	0	South America	1	3	2	0	0	0	0	0	0	0	0
shwe1236	Shwe Palaung	Austroasiatic	0	Eurasia	3	2	2	0	0	0	0	0	0	?	?
siam1242	Siamou	Siamou	0	Africa	2	1	2	0	0	0	0	0	0		
siar1238	Siar-Lak	Austronesian	0	Papunesia	1	3		0	0	0	?				
siaw1243	Siawi	Amto-Musan	0	Papunesia	3	1	3	0	0	0	0	0	0	0	0
sibe1251	Siberian Evenki	Tungusic	0	Eurasia	1	3	1	0	0	0	0	0	0	0	0
sich1238	Sichuan Yi	Sino-Tibetan	0	Eurasia	2	1	2	0	1	1	1	0	0	0	0
sici1248	Sicilian	Indo-European	0	Eurasia	1	3	3	1	0	0	0	1	0	0	0
sici1249	Sìcìté Sénoufo	Atlantic-Congo	0	Africa	2	1	2	?	?	?	?	?	?	0	0
sida1246	Sidamo	Afro-Asiatic	0	Africa	1	3	1	?	0	0	0	0			
siee1239	Sie	Austronesian	0	Papunesia	2	2	2	?	?	?	?	0	0	1	0
sier1248	Sierra Negra Nahuatl	Uto-Aztecan	0	North America	1	?	1	0	0	0	0	0	0	?	1
sier1250	Sierra de Juárez Zapotec	Otomanguean	0	North America	1	2	2	?	?	?	?	?	?	0	0
sika1261	Sikaiana	Austronesian	0	Papunesia	2	3	2	0	0	0	0	0	0	0	0
siks1238	Siksika	Algic	0	North America	1	1	1	0	0	1	0	0	0	0	1
siku1242	Sikule	Austronesian	0	Papunesia	3	2	2	0	0	0	0	0	0	0	0
sile1255	Sirva	Nuclear Trans New Guinea	0	Papunesia	2	1	2	0	0	0	0	0	0	0	1
simb1256	Simbo	Austronesian	0	Papunesia	1	2	2	0	0	0	0	0	0	0	0
sina1266	Sinaugoro	Austronesian	0	Papunesia	2	1	2	0	0	0	0	0	0	0	0
sing1264	Northern Jinghpaw	Sino-Tibetan	0	Eurasia	3	1	3	0	0	0	0	0	0	0	0
sini1242	Sininkere	Mande	0	Africa	2	1	2	0	0	0	0	0			
sion1247	Siona-Tetete	Tucanoan	0	South America	1	1	1		1					0	0
sioo1240	Sio	Austronesian	0	Papunesia	2	1	2	0	0	0	0	0	0	0	0
sira1267	Sirayaic	Austronesian	0	Papunesia	1	2	?	0	0	0	0	0	0	0	0
siri1273	Sirionó	Tupian	0	South America	?	1	2	0	0	0	0	0	0	0	1
siri1274	Siriano	Tucanoan	0	South America	1	1	2	1	1	1	0	1	1	?	?
siro1249	Siroi	Nuclear Trans New Guinea	0	Papunesia				0	0	0	0				
sirz1237	Amuzgu-Shiri	Nakh-Daghestanian	0	Eurasia	1	1	1	1	0	1	0	0	0		
sisi1250	Sisiqa	Austronesian	0	Papunesia	1	?		?	?	?	?				
situ1238	Situ	Sino-Tibetan	0	Eurasia	2	1	2	0	0	1	0	0	0	0	1
sius1254	Siuslaw	Siuslaw	0	North America	?	3	3	0	0	0	0	0	0	0	0
siwa1245	Siwai	South Bougainville	0	Papunesia				1	0	1	0				
siwi1239	Siwi	Afro-Asiatic	0	Africa	1	2	2	1	0	0	0	1	0		
siwu1238	Siwu	Atlantic-Congo	0	Africa	?	1	2								
siyi1240	Sizang Chin	Sino-Tibetan	0	Eurasia	2	1	2	0	0	0	0	0	0	0	1
skol1241	Skolt Saami	Uralic	0	Eurasia	1	1	1	0	0	0	0	0	0	0	0
slov1268	Slovenian	Indo-European	0	Eurasia	1	3	1	1	0	1	0	1	0	0	0
sobe1238	Sobei	Austronesian	0	Papunesia	2	3	2	0	0	0	0	0	0	0	0
soch1239	Sochiapam Chinantec	Otomanguean	0	North America	1	2	2	0	0	1	0	0	0	0	0
soga1242	Soga	Atlantic-Congo	0	Africa	2	2	2	0	0	1	0	0	1	1	0
soli1239	Soli	Atlantic-Congo	0	Africa	?	2	2	0	0	1	0	?	1	0	0
soma1255	Somali	Afro-Asiatic	0	Africa		2	2	1	0	1	0	?			
soni1259	Soninke	Mande	0	Africa	2	1	2	0	0	0	0	0			
sons1242	Sonsorol	Austronesian	0	Papunesia	1	3	2	0	0	0	0	0	0	0	0
sooo1254	Sô	Austroasiatic	0	Eurasia	2	2	2	0	0	0	0	0	0	0	0
sooo1256	Soo	Kuliak	0	Africa	2	2	2	0	0	0	0	0			
sora1254	Sora	Austroasiatic	0	Eurasia	1	1	1	0	0	0	0	0	0		
sout1528	Serbian-Croatian-Bosnian	Indo-European	0	Eurasia	1	3	1	1	0	1	0	1	0	0	0
sout1549	Southeastern Kolami	Dravidian	0	Eurasia	1	1	1	1	0	0	0	0	0	?	?
sout2649	Southern Pashto	Indo-European	0	Eurasia	1	3	1	1	0	1	0	1	0	0	0
sout2674	South Saami	Uralic	0	Eurasia	1	1	1	0	0	0	0	0	0	0	0
sout2715	Southern Ghale	Sino-Tibetan	0	Eurasia	2	1	?	0	0	0	0	0	0	0	0
sout2728	Southern Qiang	Sino-Tibetan	0	Eurasia	2	1	3	0	0	0	0	0	0	0	0
sout2729	Southern Pumi	Sino-Tibetan	0	Eurasia	2	1	2	0	0	1	0	0	0	0	0
sout2730	Southern Bai	Sino-Tibetan	0	Eurasia	2	1	1	0	0	0	0	0	0	0	0
sout2741	Southern Dong	Tai-Kadai	0	Eurasia	1	3		0	0	0	0				
sout2782	South Fali	Atlantic-Congo	0	Africa	2	2	2	0	0	0	0	0	0	0	0
sout2797	Southern Toussian	Atlantic-Congo	0	Africa	2	1	2	0	1	1	1	0	?	?	0
sout2807	Southern Sotho	Atlantic-Congo	0	Africa	2	2	1	0	0	1	0	0	1	1	0
sout2826	Southern Grebo	Kru	0	Africa	2	1	3	?	?	?	?	?	?	0	0
sout2856	South Efate	Austronesian	0	Papunesia	2	2	2	0	0	1	0	0	0	0	0
sout2857	Nahavaq	Austronesian	0	Papunesia	3	3	2	0	0	0	0	0	0	1	1
sout2859	Southeast Ambrym	Austronesian	0	Papunesia	2	2	2	0	0	0	0	0	0	0	0
sout2869	Southwest Tanna	Austronesian	0	Papunesia	2	2	2	0	0	0	0	0	0	1	0
sout2895	South Nuaulu	Austronesian	0	Papunesia	2	?	2	0	0	0	0	1	0	0	0
sout2896	Eastern Atadei	Austronesian	0	Papunesia	2	1	2	0	0	0	0	0	0	0	0
sout2912	Coastal-Virac Bikol	Austronesian	0	Papunesia	1	3	3	0	0	0	0	0	0	?	?
sout2918	Southern Sama	Austronesian	0	Papunesia	1	2	2	0	0	0	0	0	0	0	0
sout2949	Southern Kiwai	Kiwaian	0	Papunesia	3	1		?	?	?	?				
sout2954	Southern Amami-Oshima	Japonic	0	Eurasia	2	1	1	0	0	0	0	0	0	0	0
sout2956	Southern Haida	Haida	0	North America	2	1	2	0	0	0	0	0	0	0	0
sout2959	South Slavey	Athabaskan-Eyak-Tlingit	0	North America	3	1	0	0	0	0	1	0	1	0	1
sout2976	Southeastern Tepehuan	Uto-Aztecan	0	North America	1	2	2	0	0	0	0	0	0	0	1
sout2985	Southern Sierra Miwok	Miwok-Costanoan	0	North America	?	3	0	0	0	1	0	0	0	0	0
sout2989	Southern Lengua	Lengua-Mascoy	0	South America	1	3	2	1	0	0	0	0	0	0	1
sout2994	Southern Nambikuára	Nambiquaran	0	South America	2	1	2	0	0	0	0	0	0	0	1
sout2996	Southern Aymara	Aymaran	0	South America	1	1	1	0	0	0	0	0	0	0	0
sout3236	Southern Gumuz	Gumuz	0	Africa	2	1	2	1	0	1	0	0	0		
sout3262	Southern Selkup	Uralic	0	Eurasia	1	1	1	0	0	0	0	0	0	0	0
sril1245	Sri Lanka Malay	Austronesian	0	Eurasia	1	1	1	0	0	0	0	0	0	0	0
stan1289	Catalan	Indo-European	0	Eurasia	1	3	3	1	0	0	0	1	0	0	0
stan1290	French	Indo-European	0	Eurasia	1	2	3	1	0	0	0	1	0	0	0
stan1293	English	Indo-European	0	Eurasia	1	1	1	0	0	0	0	0	0	0	0
stan1306	Standard Malay	Austronesian	0	Eurasia	1	2	2	0	0	0	0	0	0	0	0
stan1318	Standard Arabic	Afro-Asiatic	0	Eurasia	3	2	2	1	0	0	0	1	0		
suab1238	Suabo	Inanwatan	0	Papunesia	2	1		1	0	0	0				
suba1238	Suba	Atlantic-Congo	0	Africa	2	2	2	0	0	1	0	1	1	1	0
suda1237	South Sudanese Creole Arabic	Afro-Asiatic	0	Africa	1	2	2	0	0	0	0	0	0		
sude1239	Sudest	Austronesian	0	Papunesia	2	3	2	0	0	0	0	0	0	0	1
suen1241	Suena	Nuclear Trans New Guinea	0	Papunesia				0	0	0	0				
suku1259	Suku	Atlantic-Congo	0	Africa	2	2	2	0	0	0	0	0	1	1	0
suku1261	Sukuma	Atlantic-Congo	0	Africa	2	2	2	0	1	1	1	0	1	1	0
suku1272	Sukur	Afro-Asiatic	0	Africa	2	3		0	0	0	0				
sulk1246	Sulka	Sulka	0	Papunesia	2	1		?	?	?	?				
sume1241	Sumerian	Sumerian	0	Eurasia	2	2	2	0	0	1	0	0	0	0	0
sumi1235	Sumi Naga	Sino-Tibetan	0	Eurasia	2	1	3	0	0	0	0	0	0	0	1
sund1252	Sundanese	Austronesian	0	Papunesia	1	3	2	0	0	0	0	0	0		
sunw1242	Sunwar	Sino-Tibetan	0	Eurasia	1	1	1	0	0	0	0	0	0	0	1
supy1237	Supyire Senoufo	Atlantic-Congo	0	Africa	2	1	2	0	1	1	1	0	1	0	1
surg1248	Surgut Khanty	Uralic	0	Eurasia	1	1	3	0	0	0	0	0	0	0	0
surs1246	Sursurunga	Austronesian	0	Papunesia	1	3	3	0	0	0	0	0	0	0	0
suru1261	Suruí Do Pará	Tupian	0	South America	?			0	0	0	?	?	?		
suru1262	Suruí	Tupian	0	South America		1	2							0	1
susu1250	Susu	Mande	0	Africa	2	1	2	0	0	0	0	0			
swah1253	Swahili	Atlantic-Congo	0	Africa	2	2	2	0	1	1	1	0	0	1	0
swed1254	Swedish	Indo-European	0	Eurasia	1	1	1	1	0	0	0	1	1	0	0
taba1263	Tabaru	North Halmahera	0	Papunesia	2	1	2	1	0	0	0	0	0	0	1
tabo1241	Tabo	Tabo	0	Papunesia	1	1	1	0	0	0	0	0	0		
tafi1243	Tafi	Atlantic-Congo	0	Africa	2	1	2	0	1	1					
taga1270	Tagalog	Austronesian	0	Papunesia	1	3		?	?	?	?				
taga1272	Tagabawa	Austronesian	0	Papunesia	1	2	2	0	0	0	0	0	0	0	0
tagb1258	Tagbanwa	Austronesian	0	Papunesia	?	2	?	?	?	?	?	?	?	?	?
tagi1241	Tagin	Sino-Tibetan	0	Eurasia	2	1	1	0	0	0	0	0	0	0	0
tago1246	Tagoi	Rashad	0	Africa	2	2	2	0	1	1	0	0	1	1	0
tagw1240	Tagwana Senoufo	Atlantic-Congo	0	Africa	2	1	2	0	0	0	0	0	0	?	?
taha1241	Tahaggart Tamahaq	Afro-Asiatic	0	Africa	3	2	2	1	0	0	0	0	0	0	0
tahi1242	Tahitian	Austronesian	0	Papunesia	1	1	2	0	0	0	0	0	0	0	0
taia1239	Taiap	Taiap	0	Papunesia	2	3	3	1	1	1	0	0	0	0	0
taib1242	Taibei Hokkien	Sino-Tibetan	0	Eurasia	1	1	1	0	1	0	0	0	0	0	0
tain1253	Tainae	Angan	0	Papunesia				1	1	1	0				
tain1254	Taino	Arawakan	0	North America	?	?		?	?	?	?				
taji1246	Tajio	Austronesian	0	Papunesia	3	2	2	0	0	0	0	0	0	1	0
take1257	Takelma	Takelma	0	North America	2	?	2	0	0	0	0	0	0	0	0
taki1248	Takia	Austronesian	0	Papunesia	2	1		?	?	?	?				
taku1257	Takuu	Austronesian	0	Papunesia	2	1	2	0	0	0	0	0	0	0	0
tali1259	Talise	Austronesian	0	Papunesia	1	2	2	0	0	0	0	0	0	0	0
tama1331	Tama (Chad)	Tamaic	0	Africa	1	1	2	0	0	0	0	0	0	0	0
tama1365	Tamasheq	Afro-Asiatic	0	Africa	3	2	2	1	0	0	0	0	1	0	0
tamb1254	Tambunan Dusun	Austronesian	0	Papunesia	1	2	?	0	0	0	0	0	0	0	0
tami1289	Tamil	Dravidian	0	Eurasia	1	1	1	1	0	0	0	0	0	0	0
tami1290	Tami	Austronesian	0	Papunesia	1	?	2	0	0	1	0	0	0	?	0
tane1237	Tanema	Austronesian	0	Papunesia	2	2	2	0	0	0	0	0	0	0	0
tang1334	Tangut	Sino-Tibetan	0	Eurasia	2	1	2	0	0	0	0	0	0	0	0
tang1336	East-Central Tangkhul Naga	Sino-Tibetan	0	Eurasia	2	1	3	0	0	0	0	0	0	0	0
tang1347	Movono	Austronesian	0	Papunesia	?	2	2	0	0	0	0	0	0	1	0
tang1348	Tangga	Austronesian	0	Papunesia	?	3	2	0	0	0	0	0	0	0	0
tang1373	Tangwang	Sino-Tibetan	0	Eurasia	1	2	1	0	0	0	0	0	0	0	0
tang1377	Tangam	Sino-Tibetan	0	Eurasia	2	1	2	0	0	0	0	0	0	0	0
tani1257	Tanimuca-Retuarã	Tucanoan	0	South America	1	1	1		1					0	0
tanz1241	Tanzanian Ngoni	Atlantic-Congo	0	Africa	2	2	2	0	0	1	1	0	0	1	0
tara1313	Tarao	Sino-Tibetan	0	Eurasia	2	1	2	0	0	0	0	0	0	0	1
tara1319	Tarama-Minna	Japonic	0	Eurasia	?	1	1	0	0	0	0	0	0	0	0
tari1256	Tariana	Arawakan	0	South America	3	1	3	1	1	1	1	0	1		
tari1263	Tarifiyt-Beni-Iznasen-Eastern Middle Atlas Berber	Afro-Asiatic	0	Africa	1	2	2	1	0	0	0	0	1	1	?
taro1264	Seediq	Austronesian	0	Papunesia	1	2									
tata1255	Tatar	Turkic	0	Eurasia	1	3	1	0	0	0	0	0	0	0	0
tata1257	Tatana	Austronesian	0	Papunesia	1	2	2	0	0	1	0	0	0	0	0
tata1258	Tataltepec Chatino	Otomanguean	0	North America	1	2	2	0	0	0	0	0	0	1	1
taul1251	Taulil	Taulil-Butam	0	Papunesia	2	3	2	1	1	1	0	0	1	0	1
taus1251	Tausug	Austronesian	0	Papunesia	1	2	2	0	0	0	0	0	0	0	0
taus1253	Taushiro	Taushiro	0	South America	3	1	1	0	0	0	0	0	0	0	1
tauy1241	Tauya	Nuclear Trans New Guinea	0	Papunesia	2	3		?	?	?	?				
tawa1275	Tawala	Austronesian	0	Papunesia	2	1		?	?	?	?				
tawa1286	Tawallammat Tamajaq	Afro-Asiatic	0	Africa	2	2	2	1	0	0	0	1	0	1	0
taya1257	Tayart Tamajeq	Afro-Asiatic	0	Africa	3	2	0	1	0	0	0	1	0		
tbol1240	Tboli	Austronesian	0	Papunesia	?	2	2	0	0	0	0	0	0	0	0
tean1237	Teanu	Austronesian	0	Papunesia	2	2	2	0	0	0	0	0	0	0	1
teda1241	Tedaga	Saharan	0	Africa	2	2	2	0	0	0	0	0	0	0	0
tedi1235	Tedim Chin	Sino-Tibetan	0	Eurasia	2	1	2	0	0	0	0	0	0	0	1
tega1236	Tegali	Rashad	0	Africa	2	2	2	0	0	0	0	0	0	1	0
tehu1242	Tehuelche	Chonan	0	South America	3	1	?	1	0	1	0	0	0	0	1
teiw1235	Teiwa	Timor-Alor-Pantar	0	Papunesia				?	?	?	?				
teke1275	Latege	Atlantic-Congo	0	Africa	2	2	2	1	0	1	0	0	?	0	0
tekt1235	Tektiteko	Mayan	0	North America	1	2	1	0	0	0	0	0	0	0	1
tele1256	Telefol	Nuclear Trans New Guinea	0	Papunesia	2	1		1	0	0	0				
telu1262	Telugu	Dravidian	0	Eurasia	1	1	1	1	0	0	0	0	0	0	0
tema1239	Temascaltepec Nahuatl	Uto-Aztecan	0	North America	?	?	?	0	0	0	0	0	0	0	1
temb1272	Motembo-Kunda	Atlantic-Congo	0	Africa	2	2	2	0	0	1	0	0	1		
temi1246	Temiar	Austroasiatic	0	Eurasia	1	2	2	0	0	0	0	0	0	0	0
temo1245	Temoaya Otomi	Otomanguean	0	North America	1	?	?	0	0	0	0	0	0	0	1
temp1235	Tempasuk Dusun	Austronesian	0	Papunesia	1	2	1	0	0	0	0	0	0	0	0
tene1248	Tengou-Togo Dogon	Dogon	0	Africa	2	3	2	0	0	0	0	?	?		
teng1272	Tengger	Austronesian	0	Papunesia	?	2	?	0	0	0	0	0	0	0	0
tenn1246	Tennet	Surmic	0	Africa	2	2	2	0	0	0	0	0	0	0	0
teop1238	Teop	Austronesian	0	Papunesia	1	2	2	0	0	0	1	0	0	0	0
tepe1278	Tepecano	Uto-Aztecan	0	North America	1	?	?	0	0	0	0	0	0	0	1
tera1251	Tera	Afro-Asiatic	0	Africa	2	2	2	0	0	0	0	0	0	0	0
tere1278	Terei	South Bougainville	0	Papunesia				1	0	1	0				
tere1281	Terena	Arawakan	0	South America	1	2		1	0	1	0				
teri1250	Teribe	Chibchan	0	North America	2	1	2	0	0	0	0	0	0		
term1237	Termanu	Austronesian	0	Papunesia	2	1	2	0	0	0	0	0	0	0	0
tern1247	Ternate	North Halmahera	0	Papunesia	2	1	2	1	0	1	0	0	0	0	1
tete1251	Tetelcingo Nahuatl	Uto-Aztecan	0	North America	1	2	2	0	0	0	0	0	0	0	1
tetu1245	Tetum	Austronesian	0	Papunesia	2	3		?	?	?	?				
tetu1246	Tetun Dili	Austronesian	0	Papunesia	2	3	2	0	0	0	0	0	0	0	0
teun1241	Te'un	Austronesian	0	Papunesia	2	1	2	?	?	?	?	?	?	?	?
tezo1238	Tezoatlán Mixtec	Otomanguean	0	North America	1	2	2	1	1	1	?	0	?	0	0
thad1238	Thado Chin	Sino-Tibetan	0	Eurasia	2	1	2	0	0	0	0	0	0	0	0
thai1261	Thai	Tai-Kadai	0	Eurasia	2	2		0	0	0	0				
thak1245	Thakali	Sino-Tibetan	0	Eurasia	3	1	3	0	0	0	0	0	1	0	0
than1259	Thangmi	Sino-Tibetan	0	Eurasia	1	1	1	0	0	0	0	0	0	0	0
thao1240	Thao	Austronesian	0	Papunesia	?	3	3	0	0	0	0	0	0	0	1
thar1283	Tharaka	Atlantic-Congo	0	Africa	2	1	?	?	?	?	?	?	?	0	0
thay1249	Thayore	Pama-Nyungan	0	Australia	2	2		?	?	?	?				
thir1234	Third Mesa	Uto-Aztecan	0	North America	1	3	1	0	0	0	0	0	0	0	1
thul1246	Thulung	Sino-Tibetan	0	Eurasia	1	1	1	0	0	0	0	0	0	0	1
thur1254	Thurawal	Pama-Nyungan	0	Australia	?	?	?	0	0	0	0	0	0	0	0
tibe1272	Tibetan	Sino-Tibetan	0	Eurasia	2	1	2	0	0	0	0	0	0	0	0
tibe1274	Tibea	Atlantic-Congo	0	Africa	2	2	3	?	?	?	?	0	0	0	0
ticu1245	Ticuna	Ticuna-Yuri	0	South America	1	1	?		1		0	?	0	0	0
tido1248	Tidore	North Halmahera	0	Papunesia	2	1		?	?	?	?				
tief1242	Tiefo-Daramandugu	Atlantic-Congo	0	Africa	2	1	2	0	0	1	0	0	0	0	0
tief1244	Tiefo-Nyafogo-Numudara	Atlantic-Congo	0	Africa	2	1	2	0	0	1	0	0	0	0	1
tien1242	Tiene	Atlantic-Congo	0	Africa	2	2	2	0	0	1	0	0	1	0	0
tiga1245	Tigak	Austronesian	0	Papunesia	2	3	2	0	0	0	0	0	0	0	0
tigo1236	Tigon Mbembe	Atlantic-Congo	0	Africa	2	2	3	0	0	0	0	0	0		
tika1246	Tikar	Atlantic-Congo	0	Africa	2	2	2	0	1	1	0	0	1	0	0
tiko1237	Tikopia	Austronesian	0	Papunesia	2	2	2	0	0	0	0	0	1	0	0
tilu1238	Tilung	Sino-Tibetan	0	Eurasia	1	1	2	1	0	1	1	0	0	0	0
tima1241	Tima	Katla-Tima	0	Africa	2	2	2					1			
timn1235	Timne	Atlantic-Congo	0	Africa	2	1	2	0	0	1	1	0	1	1	1
timu1262	Timugon Murut	Austronesian	0	Papunesia	1	2	2	0	0	0	0	0	0	0	0
tina1248	Tinà Sambal	Austronesian	0	Papunesia	1	2	1	0	0	1	0	0	0	0	0
tira1254	Tira	Heibanic	0	Africa	2	2	2	0	1	1	1	1			
tiri1258	Tiri-Mea	Austronesian	0	Papunesia	1	3	3	0	0	0	0	0	0	0	0
tiri1261	Tiri	Austronesian	0	Papunesia	1	3	3	0	0	0	0	0	0	1	0
tiru1241	Tiruray	Austronesian	0	Papunesia	1	2	?	0	0	0	0	0	0	0	0
tita1241	Titan	Austronesian	0	Papunesia	3	3	2	0	0	?	?	0	0	0	0
tivv1240	Tiv	Atlantic-Congo	0	Africa	2	2	3	0	0	1	0	1			
tiwi1244	Tiwi	Tiwi	0	Australia	3	3		1	1	0	1				
toab1237	To'abaita	Austronesian	0	Papunesia	1	2	3	0	0	0	0	0	0	0	0
toar1246	Toaripi	Eleman	0	Papunesia	2	1	2	0	0	0	0	0	0	0	0
toba1268	Toba-Maskoy	Lengua-Mascoy	0	South America	1	3	3	1	0	0	0	0	1	0	1
tobe1252	Tobelo	North Halmahera	0	Papunesia	2	1	2	1	0	0	0	0	0	0	1
toda1252	Toda	Dravidian	0	Eurasia	2	1	1	0	0	0	0	0	0	0	0
toho1245	Tohono O'odham	Uto-Aztecan	0	North America	3	3	1	0	0	0	0	0	0	0	1
tojo1241	Tojolabal	Mayan	0	North America	1	2	1	0	0	0	0	0	0	0	1
toke1240	Tokelau	Austronesian	0	Papunesia	3	2	3	0	0	0	0	0	0	1	0
tokp1240	Tok Pisin	Indo-European	0	Papunesia	1	2	3	0	0	0	0	0	0	0	0
toll1241	Tol	Jicaquean	0	North America	2	1	2	0	0	0	0	0	0		
tolo1255	Tolomako	Austronesian	0	Papunesia	?	2	2	0	0	0	0	0	0	0	0
toma1245	Toma	Mande	0	Africa	2	1	2	0	0	0	0	0			
tomb1244	Tombonuo	Austronesian	0	Papunesia	1	2	2	0	0	0	0	0	0	0	0
tomm1242	Tommo So Dogon	Dogon	0	Africa	2	3	2	0	0	0	0	0	0		
tond1249	Tondi Songway Kiini	Songhay	0	Africa	2	1	2	0	0	0	0	0	0		
tong1308	Maniq	Austroasiatic	0	Eurasia	1	2	2	0	0	0	0	0	0	0	0
tong1318	Tonga (Zambia)	Atlantic-Congo	0	Africa	2	2	2	0	0	0	0	0	?	1	0
tong1325	Tonga (Tonga Islands)	Austronesian	0	Papunesia	2	2	3	0	0	0	0	0	0	0	0
tong1329	Tongva	Uto-Aztecan	0	North America	1	1	3	0	0	0	0	0	0	0	1
tonk1249	Tonkawa	Tonkawa	0	North America	2	1	2	0	0	0	0	0	0	0	0
toor1238	Tooro	Atlantic-Congo	0	Africa	2	2	2	0	0	0	1	0	0	0	0
tora1259	Torau	Austronesian	0	Papunesia	?	3	2	?	?	?	?	?	?	0	0
torr1261	Torres Strait-Lockhart River Creole	Indo-European	0	Australia	1	1	1	0	0	0	0	0	0	0	0
tosk1239	Northern Tosk Albanian	Indo-European	0	Eurasia	1	3	2	1	0	0	0	1	0	0	0
tote1238	Totela	Atlantic-Congo	0	Africa	2	2	2	0	0	1	0	0	1	1	0
toto1302	Toto	Sino-Tibetan	0	Eurasia	1	1	1	0	0	0	0	0	0	0	0
touo1238	Touo	Touo	0	Papunesia	1	1	1	1	?	1	0	?	?	0	0
trin1274	Trinitario-Javeriano-Loretano	Arawakan	0	South America	1	2	1	1	1	1	0	0	?	0	1
trio1238	Trió	Cariban	0	South America	1	1	1	0	0	0	0	0	0	0	1
trum1247	Trumai	Trumai	0	South America	1	1	2	1	0	1	0	0	0	0	1
tsam1247	Tsamai	Afro-Asiatic	0	Africa	2	2	2	1	0	0	0	0	1	0	0
tsat1238	Tsat	Austronesian	0	Eurasia	1	1	2	0	0	0	0	0	0	0	0
tsha1245	Tshangla	Sino-Tibetan	0	Eurasia	2	1	3	0	0	0	0	0	0	0	0
tsis1238	Salka-Tsishingini	Atlantic-Congo	0	Africa	2	2	2	0	0	1	0	0	1	1	0
tsix1234	Ts'ixa	Khoe-Kwadi	0	Africa	1	1	3	1	1	1	0	0	1	0	0
tsog1243	Tsogo	Atlantic-Congo	0	Africa	2	2	2	0	0	1	?	0	0	1	0
tson1249	Tsonga	Atlantic-Congo	0	Africa	1	2	2	0	0	1	?	0	1	0	0
tsou1248	Tsou	Austronesian	0	Papunesia	?	2		0	0	0	0				
tswa1253	Tswana	Atlantic-Congo	0	Africa	2	2	2	0	0	1	0	0	1	0	0
tswa1255	Tswa	Atlantic-Congo	0	Africa	2	2	2	0	0	1	0	0	1	0	0
tuba1278	Tübatulabal	Uto-Aztecan	0	North America	?	2	1	0	0	0	0	1	0	0	0
tuca1252	Tucano	Tucanoan	0	South America	1	1	2		1					0	1
tuge1241	Tugen	Nilotic	0	Africa	?	2	1	0	0	0	0	0	0		
tugu1245	Tugun	Austronesian	0	Papunesia	2	1	2	0	0	0	0	0	0	0	1
tuka1248	Tukang Besi North	Austronesian	0	Papunesia	1	2	2	?	0	0	0	0	0	0	0
tuki1240	Tuki	Atlantic-Congo	0	Africa	2	2	3	0	0	1	0	1	1	1	0
tula1252	Tula	Atlantic-Congo	0	Africa	2	2	2	0	0	0	0	0	1	1	0
tule1245	Tule-Kaweah Yokuts	Yokutsan	0	North America	1	3	3	0	0	0	0	0	0	0	0
tulu1258	Tulu	Dravidian	0	Eurasia	1	1	1	1	0	1	0	0	0	0	0
tuml1238	Tumleo	Austronesian	0	Papunesia	2	1	?	0	0	0	0	0	0	0	0
tumu1242	Tumulung Sisaala	Atlantic-Congo	0	Africa	2	1	1	?	?	?	?	?	?		
tune1261	Tunen	Atlantic-Congo	0	Africa	?	2	2	0	0	1	0	0	1	0	0
tung1290	Tungag	Austronesian	0	Papunesia	1	3	2	0	0	0	0	0	0	0	0
tuni1252	Tunica	Tunica	0	North America	2	?	2	1	0	1	0	0	0	0	1
tunn1238	Tunni	Afro-Asiatic	0	Africa	1	3	2	1	0	0	0	1	0	0	0
tupi1273	Tupinambá	Tupian	0	South America	3	1	2	0	0	1	0	0	0	0	1
turk1303	Turkic Khalaj	Turkic	0	Eurasia	1	3	1	0	0	0	0	0	0	0	0
turk1304	Turkmen	Turkic	0	Eurasia	1	1	1	0	0	0	0	0	0	0	0
turk1308	Turkana	Nilotic	0	Africa	2	3	2	1	0	0	0				
tusc1257	Tuscarora	Iroquoian	0	North America	1	1	0	1	0	1	0	0	0	0	1
tutu1241	Tutuba	Austronesian	0	Papunesia	2	2	2	0	0	0	0	0	0	0	0
tuva1244	Tuvalu	Austronesian	0	Papunesia	?	3	3	0	0	0	0	0	0	0	0
tuvi1240	Tuvinian	Turkic	0	Eurasia	1	3	1	0	0	0	0	0	0	0	0
tuwa1243	Tuwali Ifugao	Austronesian	0	Papunesia	1	2	1	0	0	0	0	0	0	0	0
tuwu1238	Tuwuli	Atlantic-Congo	0	Africa	2	1	2	0	1	1	?	1	0	0	0
tver1240	Tver	Uralic	0	Eurasia	1	1	1	0	0	0	0	0	0	0	0
twan1247	Twana	Salishan	0	North America	?	2	?	0	0	0	0	0	0	0	1
ubir1237	Ubir	Austronesian	0	Papunesia	2	1	2	0	0	0	0	0	0	0	0
ubyk1235	Ubykh	Abkhaz-Adyge	0	Eurasia	1	1	2	0	0	0	0	0	0	0	1
udih1248	Udihe	Tungusic	0	Eurasia	1	1	1	0	0	0	0	0	0	0	0
udii1243	Udi	Nakh-Daghestanian	0	Eurasia	1	3	1	0	0	0	0	0	0		
uduk1239	Uduk	Koman	0	Africa	2	2	2	0	0	0	0	0			
ugar1238	Ugaritic	Afro-Asiatic	0	Eurasia	1	2	2	1	0	0	0	0	0	0	0
ughe1237	Ughele	Austronesian	0	Papunesia	2	2	2	0	0	0	0	0	0	0	0
ugon1239	Ugong	Sino-Tibetan	0	Eurasia	2	1	2	?	?	?	?	?	?	0	0
ukaa1243	Ukaan	Atlantic-Congo	0	Africa		2	2	0		1					
ukra1253	Ukrainian	Indo-European	0	Eurasia	1	3	3	1	0	0	0	1	0		
ulch1241	Ulch	Tungusic	0	Eurasia	1	3	1	0	0	0	0	0	0	0	0
ulit1238	Ulithian	Austronesian	0	Papunesia	1	2	2	0	0	0	0	0	0	0	0
ulwa1239	Ulwa	Misumalpan	0	North America	2	1	2	0	0	0	0	0	0		
umaa1242	Uma	Austronesian	0	Papunesia	2	1	1	?	?	?	?	?	?	0	0
uman1240	Umanakaina	Dagan	0	Papunesia	2	1		?	?	?	?				
umbu1235	Umbugarla	Umbugarla	0	Australia	1	3	3	1	0	1	1	0	?	0	1
umbu1257	Umbundu	Atlantic-Congo	0	Africa	2	2	2	0	0	1	?	0	1	1	0
umbu1258	Umbu-Ungu	Nuclear Trans New Guinea	0	Papunesia	2	1	2	0	0	0	0	0	0	1	0
umes1235	Ume Saami	Uralic	0	Eurasia	1	1	1	0	0	0	0	0	0	0	0
umii1235	Umiida-Unggarangu	Worrorran	0	Australia	2	3	?	1	?	1	?	?	?		
umot1240	Umotína	Bororoan	0	South America	2	2	2	0	0	0	0	0	0	0	1
unaa1239	Una	Nuclear Trans New Guinea	0	Papunesia	2	1		?	?	?	?				
unea1237	Uneapa	Austronesian	0	Papunesia	2	2		0	0	0	0				
unua1237	Unua	Austronesian	0	Papunesia	2	2	2	0	0	0	0	0	0	0	0
uppe1275	Upper Necaxa Totonac	Totonacan	0	North America	1	2	1	0	0	0	0	0	0	0	1
uppe1427	Upper Kinabatangan	Austronesian	0	Papunesia	1	2	?	0	0	0	0	0	0	0	0
uppe1439	Upper Chehalis	Salishan	0	North America	1	3	1	1	0	0	0	0	1	0	1
uraa1244	Ura	Sino-Tibetan	0	Eurasia	2	1	2	0	0	0	0	0	0	0	0
urak1238	Urak Lawoi'	Austronesian	0	Eurasia	2	2	2	0	0	0	0	0	0	0	0
urar1246	Urarina	Urarina	0	South America	1	1	2	0	0	0	0	0	0	0	1
urav1235	Ura (Vanuatu)	Austronesian	0	Papunesia	3	2	2	0	0	0	0	0	0	1	0
urim1252	Urim	Nuclear Torricelli	0	Papunesia	2	2	2	0	0	0	0	0	0	1	0
urip1239	Uripiv-Wala-Rano-Atchin	Austronesian	0	Papunesia	2	2	3	0	0	0	0	0	0	0	1
urni1239	Urningangg	Giimbiyu	0	Australia	3	3	3	1	0	0	0	0	0	0	0
urua1242	Uruava	Austronesian	0	Papunesia	?	3	2	0	0	1	0	?	0	0	0
uruu1244	Uru	Uru-Chipaya	0	South America	1	1	1	0	0	0	0	0	0	0	0
usan1239	Usan	Nuclear Trans New Guinea	0	Papunesia	2	1		0	0	0	0				
utes1238	Ute-Southern Paiute	Uto-Aztecan	0	North America	1	1	2	0	0	0	0	0	0	0	0
uuuu1243	U	Austroasiatic	0	Eurasia	2	2	2	0	0	0	0	0	0	0	0
vano1237	Lovono	Austronesian	0	Papunesia	2	2	2	0	0	0	0	0	0	0	0
veps1250	Veps	Uralic	0	Eurasia	1	3	1	0	0	0	0	0	0	0	0
vera1241	Vera'a	Austronesian	0	Papunesia	2	2	2	0	0	0	0	0	0	1	0
viem1243	Viemo	Atlantic-Congo	0	Africa	2	2	2	0	1	1	1	0	0	0	0
viet1252	Vietnamese	Austroasiatic	0	Eurasia	1	1	2	0	0	0	0	0	0	0	0
vinm1237	Neve'ei	Austronesian	0	Papunesia	2	2	2	0	0	0	0	0	0	0	0
voro1241	Võro-Mulgi-Tartu	Uralic	0	Eurasia	1	1	1	0	0	0	0	0	0	0	0
voti1245	Votic	Uralic	0	Eurasia	1	1	1	0	0	0	0	0	0		
vunj1238	Vunjo	Atlantic-Congo	0	Africa	2	2	2	0	0	1	0	0	0	0	0
vure1239	Vurës	Austronesian	0	Papunesia	2	3	3	0	0	0	0	0	0	0	0
vwan1235	Vwanji	Atlantic-Congo	0	Africa	2	1	2	0	?	1	?	0	1	1	0
wadj1254	Wadjiginy	Wadjiginy	0	Australia	?	1	3	1	0	1	1	0	0	0	0
waga1260	Wagaya	Pama-Nyungan	0	Australia	?	3	3	?	0		0	0	0	0	0
wage1238	Wageman	Wageman	0	Australia	?	3	2	0	0	0	0	0	0	0	0
waig1244	Waigeo	Austronesian	0	Papunesia	2	1	2	0	0	1	0	0	0	0	1
waim1251	Waima	Austronesian	0	Papunesia	2	1	2	0	0	1	0	0	0	0	0
waim1252	Waima'a	Austronesian	0	Papunesia	2	3	2	0	0	0	0	0	0	0	0
waim1253	Waimiri-Atroari	Cariban	0	South America	1	1	1	0	0	?	0	0	0	0	1
waiw1244	Waiwai	Cariban	0	South America	?	1	3	0	0	0	0	0	0	0	1
waja1257	Wajarri	Pama-Nyungan	0	Australia	2	2	2		0					0	0
waja1259	Waja	Atlantic-Congo	0	Africa	2	2	2	0	0	0	0	0	1	0	0
wala1266	Wala	Austronesian	0	Papunesia	1	2	2	0	0	0	0	0	0	0	0
wall1257	East Uvean	Austronesian	0	Papunesia	2	1	3	0	0	0	0	0	0	0	0
walm1241	Walmajarri	Pama-Nyungan	0	Australia	?	3	3		0	0	0	0		0	0
wamb1257	Wambule	Sino-Tibetan	0	Eurasia	1	1	1	1	0	0	0	0	0	0	0
wamb1258	Wambayan	Mirndi	0	Australia	3	3		1	0	1	0				
wamb1259	Wambon	Nuclear Trans New Guinea	0	Papunesia				0	0	0	0				
wand1267	Wandamen	Austronesian	0	Papunesia	1	1	1	0	0	0	0	0	0	0	0
wand1278	Wandala	Afro-Asiatic	0	Africa	2	2	3	1	0	0	0	0	1	0	0
wang1291	Ngiyambaa	Pama-Nyungan	0	Australia	?	1	?	0	0	0	0	0	0	0	0
wanm1242	Wanman	Pama-Nyungan	0	Australia	?	1	?	0	0		0	0	0	0	0
wann1242	Wan	Mande	0	Africa	2	1	2	0	0	0	0	0			
waor1240	Waorani	Waorani	0	South America	?	1	3	1	0	1	1	0	0	?	?
wapi1253	Wapishana	Arawakan	0	South America	3	1		1	0	1	0				
wapp1239	Wappo	Yuki-Wappo	0	North America	2	1	2	0	0	1	0	0	0	0	0
wara1292	Samue	Atlantic-Congo	0	Africa	2	1	2	0	0	1	0	0	0	?	?
wara1294	Anta-Komnzo-Wára-Wérè-Kémä	Yam	0	Papunesia	1	1	1	1	1	0	1	0	0	0	1
wara1300	Waray (Philippines)	Austronesian	0	Papunesia	?	3	2	1	0	0	0	0	0	0	0
wara1303	Warao	Warao	0	South America	2	1	2	0	0	0	0	0	0	0	1
ward1246	Wardaman	Yangmanic	0	Australia	1	3	1	0	0	1	?	0	0	0	0
ware1253	Warembori	Austronesian	0	Papunesia	2	1	2	0	0	0	0	0	0	0	1
ware1255	Warekena do San Miguel	Arawakan	0	South America	1	1	3	1	0	0	0	0	0	0	1
wari1268	Wari'	Chapacuran	0	South America	1	2	1	1	0	1	0	0	0	0	0
warj1242	War-Jaintia	Austroasiatic	0	Eurasia	1	2	2	1	0	?	0	0	0	0	0
warl1254	Warlpiri	Pama-Nyungan	0	Australia	3	3		?	?	?	?				
warl1255	Warlmanpa	Pama-Nyungan	0	Australia				0	0	0	0		0		
warl1256	Warluwara	Pama-Nyungan	0	Australia	2	2		?	?	?	?				
waro1242	Waropen	Austronesian	0	Papunesia	2	1	3	0	0	?	0	0	0	0	0
warr1255	Warrgamay	Pama-Nyungan	0	Australia	3	3	3		0		0	0		0	0
warr1258	Warrwa	Nyulnyulan	0	Australia	1	3	1	0	0	0	0	0	0		
waru1264	Warrongo	Pama-Nyungan	0	Australia	2	3	3		0	0				0	0
waru1265	Warumungu	Pama-Nyungan	0	Australia	3	3	3	0	0		0	0	0	0	0
wash1253	Washo	Washo	0	North America	?	1	1	0	0	0	0	0	0	0	1
wask1241	Waskia	Nuclear Trans New Guinea	0	Papunesia	2	1		?	?	?	?				
wath1238	Wathawurrung	Pama-Nyungan	0	Australia	2	1	1		0	0	0	0		0	0
waur1244	Waurá	Arawakan	0	South America	?	1		0	0	0	0				
wawa1246	Wawa	Atlantic-Congo	0	Africa	1	3	2	0	0	0	0	0	0	0	0
waya1268	Waya (Western Fijian)	Austronesian	0	Papunesia	1	3	2	0	0	0	0	0	0	0	1
waya1269	Wayana	Cariban	0	South America	1	1	2	0	0	0	0	0	0	0	1
wayu1241	Wayu	Sino-Tibetan	0	Eurasia	1	1	1	0	0	0	0	0	0	0	0
wayu1243	Wayuu	Arawakan	0	South America	1	2	1	1	0	1	0			0	1
weda1241	Wedau	Austronesian	0	Papunesia	?	?	2	0	0	0	0	0	0	0	0
wels1247	Welsh	Indo-European	0	Eurasia	1	2	3	1	0	1	0	1	0	0	0
weri1253	Weri	Goilalan	0	Papunesia	2	1	2	0	1	1	1	0	0	0	0
west2354	Western Frisian	Indo-European	0	Eurasia	1	3	1	0	0	0	0	0	1	0	0
west2369	Western Farsi	Indo-European	0	Eurasia	1	2	2	0	0	?	0	0	0	0	0
west2386	Western Panjabi	Indo-European	1	Eurasia	1	1	1	1	0	0	0	1	0	0	0
west2392	Western Mari	Uralic	0	Eurasia	1	3	1	0	0	0	0	0	0	0	0
west2396	Western Lawa	Austroasiatic	0	Eurasia	2	2	2	0	0	0	0	0	0	0	0
west2397	Western Bru	Austroasiatic	0	Eurasia	2	2	2	0	0	0	0	0	0	0	0
west2415	Western Tamang	Sino-Tibetan	0	Eurasia	2	1	3	0	0	0	0	0	0	0	0
west2417	Western Muya	Sino-Tibetan	0	Eurasia	2	1	2	0	0	0	0	0	0		
west2418	Western Magar	Sino-Tibetan	0	Eurasia	1	1	1	0	0	0	0	0	0	0	1
west2430	Western Xiangxi Miao	Hmong-Mien	0	Eurasia	1	1	?	0	0	0	0	0	0	0	0
west2441	Western Arrarnta	Pama-Nyungan	0	Australia	?	2	2	0	0	0	0	0	0	0	0
west2466	Western Karaboro	Atlantic-Congo	0	Africa	2	1	2	0	1	1	1	0	1	0	0
west2516	West Uvean	Austronesian	0	Papunesia	3	2	2	0	0	0	0	0	0	0	0
west2538	West Tarangan	Austronesian	0	Papunesia	3	3	?	?	?	?	?	?	?	0	0
west2548	West Damar	Austronesian	0	Papunesia	2	1	2	0	0	0	0	0	0	0	0
west2555	Western Bukidnon Manobo	Austronesian	0	Papunesia	1	2	1	0	0	0	0	0	0	0	0
west2557	Western Subanon	Austronesian	0	Papunesia	1	2	3	0	0	0	0	0	0	0	0
west2560	West Coast Bajau	Austronesian	0	Papunesia	1	2	2	0	0	0	0	0	0	0	0
west2564	West Berawan	Austronesian	0	Papunesia	?	2	2	?	?	?	?	?	?	?	?
west2594	Western Dani	Nuclear Trans New Guinea	0	Papunesia	2	1	3	0	0	0	0	0	0	0	1
west2599	West Kewa	Nuclear Trans New Guinea	0	Papunesia	2	1		0	0	0	0				
west2600	West Makian	North Halmahera	0	Papunesia	2	1	2	0	0	1	0	0	0	0	0
west2615	Western Apache	Athabaskan-Eyak-Tlingit	0	North America	2	1	0	0	0	1	0	0	0	0	1
west2618	Western Canadian Inuktitut	Eskimo-Aleut	0	North America	?	3	2	0	0	0	0	0	0	0	0
west2624	Western Huasteca Nahuatl	Uto-Aztecan	0	North America	1	?	2	0	0	1	0	0	0	0	1
west2632	Western Keres	Keresan	0	North America	3	2	3	0	0	1	0	0	0	0	1
west2635	Akateko	Mayan	0	North America	1	2	1	1	1	1	1	0	0	0	1
west2644	Western Highland Chatino	Otomanguean	0	North America	1	2	2	0	0	0	0	0	0	0	1
west2650	Western Cham	Austronesian	0	Eurasia	2	2	2	0	0	0	0	0	0	0	0
west2763	Western Neo-Aramaic	Afro-Asiatic	0	Eurasia	1	3	2	1	0	0	0	0	0	0	0
west2778	Western Durango Nahuatl	Uto-Aztecan	0	North America	1	2	2	0	0	0	0	0	0	0	1
whit1269	Whitesands	Austronesian	0	Papunesia	2	3	2	0	0	0	0	0	0	0	0
wikm1247	Wik-Mungkan	Pama-Nyungan	0	Australia	2	2	2	0	0	0	0	0	0		
wila1240	Wilawila	Worrorran	0	Australia	2	3	?	0	0	1	1	?	0		
winj1235	Winjarumi	Worrorran	0	Australia	2	3	?	1	1	?	1	0	0		
wint1259	Wintu	Wintuan	0	North America	?	1	2	0	0	0	0	0	1	0	1
wira1262	Wiradhuri	Pama-Nyungan	0	Australia	?	?	?								
wira1265	Wirangu	Pama-Nyungan	0	Australia	?	1	2		0	0	0	0		0	0
wiru1244	Wiru	Wiru	0	Papunesia	2	1	3	0	0	0	0	0	0	0	0
woii1237	Woi	Austronesian	0	Papunesia	2	1	2	0	0	0	0	0	0	0	0
woiw1237	Woiwurrung-Thagungwurrung	Pama-Nyungan	0	Australia	2	1	2	0	0	0	0	0	0	0	0
wola1242	Wolaytta	Ta-Ne-Omotic	0	Africa	2	1	1	1	0	0	0	0	0	0	0
wola1253	Wolane	Afro-Asiatic	0	Africa	1	3	1	1	0	1	0	0	0		
wole1240	Woleaian	Austronesian	0	Papunesia	1	2	2	0	0	0	0	0	0	0	0
woli1241	Wolio	Austronesian	0	Papunesia	1	1	2	0	0	0	0	0	0	0	0
woly1239	Wolyamidi	Worrorran	0	Australia	2	3	?	1	0	1	1	?	0	?	?
wood1236	Woods Cree	Algic	0	North America	1	1	1	0	0	1	0	0	0	0	1
worr1237	Worrorra	Worrorran	0	Australia	?	3	2	1	1	1	1	1	0		
wotu1240	Wotu	Austronesian	0	Papunesia	1	2	1	0	0	0	0	0	0	0	0
woun1238	Woun Meu	Chocoan	0	South America	2	1	2	0	0	0	0	0	0		
wuch1236	Wu Chinese	Sino-Tibetan	0	Eurasia	1	1	1	0	0	0	0	0	0	0	0
wudi1238	Wuding-Luquan Yi	Sino-Tibetan	0	Eurasia	2	1	2	1	0	1	0	0	?	0	0
wuna1249	Wunambal	Worrorran	0	Australia	?	3	3	0	1	1	1	0	0		
wurl1240	Wurla	Worrorran	0	Australia	2	3	?	1	0	1	1	?	?	?	?
wusa1235	Wusa Nasu	Sino-Tibetan	0	Eurasia	2	1	2	0	0	0	0	0	0	0	0
wutu1241	Wutunhua	Sino-Tibetan	0	Eurasia	3	1	3	0	0	0	0	0	0	0	0
wuvu1239	Wuvulu-Aua	Austronesian	0	Papunesia	1	2	3	0	0	0	0	0	0	0	0
wyan1247	Huron-Wyandot	Iroquoian	0	North America	1	1	2	0	0	0	0	0	0	0	1
xamt1239	Xamtanga	Afro-Asiatic	0	Africa	1	1	1	1	0	0	0	0	0	0	0
xara1244	Xârâcùù	Austronesian	0	Papunesia	1	3	3	0	0	0	0	0	0	0	0
xava1240	Xavánte	Nuclear-Macro-Je	0	South America	3	1	2	0	0	0	0	0	0	0	1
xhos1239	Xhosa	Atlantic-Congo	0	Africa	3	2	3	0	0	1	?	1	0	1	0
xinc1242	Xinca-Chiquimulilla	Xincan	0	North America	1	2	2	0	0	0	0	0	0		
xinc1243	Xinca-Yupiltepeque	Xincan	0	North America	1	2	2	0	0	0	0	0	0		
xinc1246	Xinca-Guazacapan	Xincan	0	North America	1	2	2	0	0	0	0	0	0		
xink1235	Xinka-Jumaytepeque	Xincan	0	North America	1	2	2	0	0	0	0	0	0		
xish1235	Xishanba Lalo	Sino-Tibetan	0	Eurasia	2	1	2	0	0	0	0	0	0	0	0
xokl1240	Xokleng	Nuclear-Macro-Je	0	South America	2	1	2	1	0	1	0	0	0	0	1
yaak1241	Yaaku	Afro-Asiatic	0	Africa	2	2	2	1	0	0	0	0	1	0	0
yabe1254	Yabem	Austronesian	0	Papunesia	2	1		?	?	?	?				
yaey1239	Yaeyama	Japonic	0	Eurasia	3	1	1	0	0	0	0	0	0	0	1
yagu1244	Yagua	Peba-Yagua	0	South America	1	1	2	0	0	0	0	0	0	0	1
yaka1269	Yaka-Pelende-Lonzo	Atlantic-Congo	0	Africa	2	1	3	0	0	1	0	?	?	0	1
yaka1272	Yaka (Central African Republic)	Atlantic-Congo	0	Africa	2	2	2	0	1	1	0	0	1		
yaka1277	Yakan	Austronesian	0	Papunesia	3	2	2	0	0	0	0	0	0	0	0
yaki1237	Northwest Sahaptin	Sahaptian	0	North America	1	1	2	0	0	0	0	0	0	0	0
yakk1236	Yakkha	Sino-Tibetan	0	Eurasia	1	1	1	0	0	0	0	0	0		
yako1252	Yakoma	Atlantic-Congo	0	Africa	2	2	3	0	0	0	0	0	0	0	0
yaku1245	Sakha	Turkic	0	Eurasia	1	3	1	0	0	0	0	0	0	0	0
yala1262	Yalarnnga	Pama-Nyungan	0	Australia	1	1	3	0	0	0	0	0	0	0	0
yala1266	Yalahatan-Haruru-Awaiya	Austronesian	0	Papunesia	?	1	2	0	0	1	0	0	?	0	1
yale1246	Yale	Yale	0	Papunesia	2	2	3	0	0	0	0	0	0	0	0
yama1264	Yámana	Yámana	0	South America	?	1	1	0	0	0	0	0	0	0	1
yami1254	Yami	Austronesian	0	Papunesia	1	2	2	0	0	0	0	0	0	0	0
yami1256	Yaminahua	Pano-Tacanan	0	South America	2	1	2	0	0	0	0	0	0	0	0
yamp1242	Yamphu	Sino-Tibetan	0	Eurasia	1	1	?	0	0	0	0	0	0	0	0
yana1271	Yana	Yana	0	North America	?	?	?	0	0	0	0	0	0	?	?
yand1253	Yandruwandha	Pama-Nyungan	0	Australia	1	2	2		0	0	0	0		0	0
yane1238	Yanesha'	Arawakan	0	South America	1	1	3	?	1	?	0	0		0	1
yank1247	Yankunytjatjara	Pama-Nyungan	0	Australia	2	1	2		0		0	0	0	0	0
yano1261	Yanomamö	Yanomamic	0	South America	?	3	2	0	1	0	0	0	0	0	0
yano1262	Yanomám	Yanomamic	0	South America	?	1	0		1		0	0		0	0
yany1243	Yanyuwa	Pama-Nyungan	0	Australia	1	1		1	0	1	1				
yaoo1241	Yao	Atlantic-Congo	0	Africa	2	2	2	0	0	1	0	0	1	0	0
yaou1238	Yaouré	Mande	0	Africa	2	1	2	0	0	0	0	0			
yape1248	Yapese	Austronesian	0	Papunesia	1	2	1	0	0	1	1	0	?	0	0
yapu1240	Yeri	Nuclear Torricelli	0	Papunesia	2	3	2	1	0	0	0	1	0	0	0
yaqu1251	Yaqui	Uto-Aztecan	0	North America	1	1	1	0	0	0	0	0	0	0	1
yare1248	Yareba	Yareban	0	Papunesia	2	1	1	0	0	0	0	0	0	0	0
yasa1242	Yasa	Atlantic-Congo	0	Africa	3	2	3	0	0	1	0	0	1	1	0
yatz1235	Yatzachi Zapotec	Otomanguean	0	North America	1	2	2	0	0	1	1	0	0	0	1
yaul1241	Ulwa (Papua New Guinea)	Keram	0	Papunesia	2	1	3	0	0	0	0	0	0	0	0
yaum1237	Yau (Morobe Province)	Nuclear Trans New Guinea	0	Papunesia	2	2	2	0	0	0	0	0	0	0	0
yavi1244	Yavitero-Pareni	Arawakan	0	South America	1	2	2	0	0	0	0			0	1
yawa1260	Yawanawa	Pano-Tacanan	0	South America	2	?	2	0	0	0	0	0	0	0	0
yawa1261	Yawalapití	Arawakan	0	South America	1	1	3	?	1	0	0	0	?	0	1
yawi1239	Yawijibaya	Worrorran	0	Australia	2	3	?	1	0	1	1	1	0		
yawu1244	Yawuru	Nyulnyulan	0	Australia	1	1	3	0	0	0	0	0	0	0	0
yayg1236	Yaygir	Pama-Nyungan	0	Australia	1	1	1	0	0	0	0	0	0	0	0
yecu1235	Yecuatla Totonac	Totonacan	0	North America	1	1	3	0	0	0	0	0	0	0	1
yele1255	Yele	Yele	0	Papunesia	2	1	2	0	0	1	0	0	0	0	0
yems1235	Yemsa	Ta-Ne-Omotic	0	Africa	1	1	1	1	0	0	0	0	0	0	0
yess1239	Yessan-Mayo	Sepik	0	Papunesia	2	1		1	0	0	0				
yeyi1239	Yeyi	Atlantic-Congo	0	Africa	2	?		0	?	1	?	1			
yidi1250	Yidiñ	Pama-Nyungan	0	Australia	3	3	2	0	0	0	0	0	0		
yima1243	Yimas	Lower Sepik-Ramu	0	Papunesia	3	3		1	0	1	0				
yinc1238	Yinchia	Austroasiatic	0	Eurasia	2	2	2	?	?	?	?	?	?	0	0
yind1247	Yindjibarndi	Pama-Nyungan	0	Australia	1	3	0	0	0		0	0	0	0	0
yind1248	Yindjilandji	Pama-Nyungan	0	Australia	?	3	?	0	0		0	0	0	0	0
yine1238	Yine	Arawakan	0	South America	1	1		1	0	0	0				
ying1247	Yinggarda	Pama-Nyungan	0	Australia	1	3	1		0	0	0	0		0	0
yoga1237	Yogad	Austronesian	0	Papunesia	1	2	3	0	0	0	0	0	0	0	0
yoku1256	Northern Yokuts	Yokutsan	0	North America	1	1	1	0	0	0	0	0	0	0	0
yona1241	Yonaguni	Japonic	0	Eurasia	?	1	1	0	0	0	0	0	0	0	0
yong1270	Narua	Sino-Tibetan	0	Eurasia	2	1	2	0	0	0	0	0	0		
yong1276	Yongbei Zhuang	Tai-Kadai	0	Eurasia	3	2		0	0	0	0				
yong1280	Yonggom	Nuclear Trans New Guinea	0	Papunesia	2	1	2	1	0	1	0	0	0	0	1
yora1241	Yora	Pano-Tacanan	0	South America	2	1	2	0	0	0	0	?	0	0	0
yort1237	Yorta Yorta	Pama-Nyungan	0	Australia	1	3	3		0		0	0		0	0
youl1235	Youle Jinuo	Sino-Tibetan	0	Eurasia	2	1	2	0	0	0	0	0	0	0	0
youn1235	Younuo Bunu	Hmong-Mien	0	Eurasia	1	1	1	0	0	0	0	0	0	0	0
yuca1254	Yucatec Maya	Mayan	0	North America	1	2	1	0	0	0	0	0	0	0	1
yuch1247	Yuchi	Yuchi	0	North America	2	1	1	1	0	1	0	0	0	0	1
yucu1253	Yucuna	Arawakan	0	South America	1	1	1		1					1	1
yuec1235	Yue Chinese	Sino-Tibetan	0	Eurasia	1	1	1	0	1	1	1	0	0	0	0
yuki1243	Northern Yukian	Yuki-Wappo	0	North America	1	1	3	0	0	1	0	0	0	0	1
yukp1241	Yukpa	Cariban	0	South America	1	1	2	0	0	0	0	0	0	0	1
yulp1239	Yulparija	Pama-Nyungan	0	Australia	2	2	1	0	0		0	0	0	0	0
yulu1243	Yulu-Binga	Central Sudanic	0	Africa	2	2	2	0	0	0	0	0	0		
yuqu1240	Yuqui	Tupian	0	South America	2	1	2	?	0	0	0	0	0	0	1
yura1255	Yuracaré	Yuracaré	0	South America	1	3	3	0	0	1	0	0	0	0	1
yuro1248	Yurok	Algic	0	North America	2	1	0	0	0	0	0	0	0	0	1
yuwa1242	Yuwaalaraay	Pama-Nyungan	0	Australia	1	2	1	0	0		0	0	0	0	0
zaba1237	Zabana	Austronesian	0	Papunesia	1	2	3	0	0	0	0	0	0	0	0
zaca1241	Zacatlán-Ahuacatlán-Tepetzintla Nahuatl	Uto-Aztecan	0	North America	1	2	2	0	0	0	0	0	0	0	1
zaca1242	Zacatepec Chatino	Otomanguean	0	North America	1	2	2	0	0	0	0	0	0	0	0
zagh1240	Beria	Saharan	0	Africa	2	2	2	0	0	0	0	0	0	?	0
zaiw1241	Zaiwa	Sino-Tibetan	0	Eurasia	3	1	2	0	0	0	0	0	0	0	0
zakh1243	Zakhring	Sino-Tibetan	0	Eurasia	2	1	3	0	0	0	0	0	0	0	0
zamb1245	Zamba	Atlantic-Congo	0	Africa	2	2	2	0	?	1	0	0	?	0	0
zand1248	Zande	Atlantic-Congo	0	Africa	2	3	1	0	0	0	0	0			
zani1235	Zaniza Zapotec	Otomanguean	0	North America	1	2	2	1	0	1	0	0	0	0	0
zapa1253	Záparo	Zaparoan	0	South America	1	1	1	1	0	0	0	0	0	0	0
zarm1239	Zarma	Songhay	0	Africa	2	1	2	0	0	0	0	0	0	0	0
zaye1235	Lahta-Zayein Karen	Sino-Tibetan	0	Eurasia	2	1	2	0	0	0	0	0	0	0	0
zays1235	Zayse-Zergulla	Ta-Ne-Omotic	0	Africa	1	1	1	1	0	0	0	0	0	0	0
zeme1240	Zeme Naga	Sino-Tibetan	0	Eurasia	2	1	2	0	0	0	0	0	0	0	0
zenz1235	Zenzontepec Chatino	Otomanguean	0	North America	1	2	2	0	0	0	0	0	0	0	0
zhab1238	Zhaba	Sino-Tibetan	0	Eurasia	2	1	3	0	0	0	0	0	0	0	0
zigu1244	Zigula-Mushungulu	Atlantic-Congo	0	Africa	2	1	2	0	0	0	0	0	1	0	1
zinz1238	Zinza	Atlantic-Congo	0	Africa	2	2	2	0	?	1	?	?	?	1	0
zoog1238	Zoogocho Zapotec	Otomanguean	0	North America	1	2	2	0	0	0	0	0	0	0	1
zulg1242	Zulgo-Gemzek	Afro-Asiatic	0	Africa	2	2	3	?	?	?	?	?	?	0	0
zulu1248	Zulu	Atlantic-Congo	0	Africa		2		0	0	1	0				
zuni1245	Zuni	Zuni	0	North America	1	1	2	0	1	0	0	1	1	0	0
